"dataset_id","domain","family_hint","empirical_profile","specialist_id","specialist_family","mode","n_condition_rows","n_profile_rows","n_countable_primary_wins","n_uncapped_primary_strong_wins","dataset_saturated","dataset_stop_reason","any_primary_strong_win","any_primary_strong_point_signal","any_primary_pareto_signal","best_condition_id","best_benchmark_joint","best_gain_mean","best_gain_q95","best_ci_low","best_ci_high","best_bootstrap_p_one_sided","best_bootstrap_q_profile","best_evidence_layer","best_ci_layer","best_final_evidence_label","dataset_level_p_one_sided","dataset_level_fdr_scope","dataset_level_fdr_policy","dataset_level_q_value_bh","dataset_level_fdr_pass_primary","dataset_level_fdr_pass_secondary","primary_countable_after_fdr","secondary_countable_after_fdr_10","preregistration_version","profile_gate_policy","benchmark_policy_primary","output_layout_policy"
"RD_admiral_admiral_adlb_auto__depth_body_10_90","rdatasets_admiral","empirical_public","weibull_like","TAX-Q1R011","weibull","locked_unseen_similar",3,3,0,0,FALSE,"",TRUE,TRUE,TRUE,1,"huber_k1.345",0.000247583928691342,0.000229740185762918,0.000228964950952431,0.000231235963663547,0,NA,"strong_win","ci_confirmed","eligible / in_regime / primary_preregistered / strong_win / ci_confirmed",0,"primary eligible in-regime dataset-level rows only","Benjamini-Hochberg FDR is computed at dataset level on external_dataset_level_decisions.csv for primary eligible in-regime rows only. Primary alpha=0.05; secondary sensitivity alpha=0.1.",0,TRUE,TRUE,TRUE,TRUE,"V5_audit_ready","Pre-registered empirical profile gate: bounded/proportion by hint/domain; zero-inflated/count by hint/domain; normal_like when abs(skew)<=0.50 and excess_kurtosis<=1.00; heavy_tail_symmetric when abs(skew)<=1.00 and excess_kurtosis>3.00; lognormal_like when skew>1.00 with positive support; weibull_like when skew>0.50 with positive support; otherwise empirical_unknown.","profile_preregistered","01_results_basic contains compact final results; 02_reports contains generated report files; 03_audit_ready contains full provenance, decisions, oracle audit, and split CSVs; 98_discarded_nonfinal is reserved for obsolete or nonfinal byproducts; 99_recovery_logs contains downloads, checkpoints, temporary recovery outputs, and logs."
"RD_admiral_admiral_adlb_auto__depth_body_10_90","rdatasets_admiral","empirical_public","weibull_like","TAX-Q1R011","weibull","original_regime",6,6,0,0,FALSE,"",TRUE,TRUE,TRUE,4,"huber_k1.345",0.000228015982742847,0.000262702830716009,0.00025704551944726,0.000263632766166036,0,NA,"strong_win","ci_confirmed","eligible / in_regime / primary_preregistered / strong_win / ci_confirmed",0,"primary eligible in-regime dataset-level rows only","Benjamini-Hochberg FDR is computed at dataset level on external_dataset_level_decisions.csv for primary eligible in-regime rows only. Primary alpha=0.05; secondary sensitivity alpha=0.1.",0,TRUE,TRUE,TRUE,TRUE,"V5_audit_ready","Pre-registered empirical profile gate: bounded/proportion by hint/domain; zero-inflated/count by hint/domain; normal_like when abs(skew)<=0.50 and excess_kurtosis<=1.00; heavy_tail_symmetric when abs(skew)<=1.00 and excess_kurtosis>3.00; lognormal_like when skew>1.00 with positive support; weibull_like when skew>0.50 with positive support; otherwise empirical_unknown.","profile_preregistered","01_results_basic contains compact final results; 02_reports contains generated report files; 03_audit_ready contains full provenance, decisions, oracle audit, and split CSVs; 98_discarded_nonfinal is reserved for obsolete or nonfinal byproducts; 99_recovery_logs contains downloads, checkpoints, temporary recovery outputs, and logs."
"RD_admiral_admiral_adlb_auto__depth_body_10_90","rdatasets_admiral","empirical_public","weibull_like","TAX-Q1R018","weibull","locked_unseen_similar",3,3,0,0,FALSE,"",TRUE,TRUE,TRUE,3,"huber_k1.345",0.000352723927235088,0.000389697424269722,0.000387087746939702,0.000391401072299853,0,NA,"strong_win","ci_confirmed","eligible / in_regime / primary_preregistered / strong_win / ci_confirmed",0,"primary eligible in-regime dataset-level rows only","Benjamini-Hochberg FDR is computed at dataset level on external_dataset_level_decisions.csv for primary eligible in-regime rows only. Primary alpha=0.05; secondary sensitivity alpha=0.1.",0,TRUE,TRUE,TRUE,TRUE,"V5_audit_ready","Pre-registered empirical profile gate: bounded/proportion by hint/domain; zero-inflated/count by hint/domain; normal_like when abs(skew)<=0.50 and excess_kurtosis<=1.00; heavy_tail_symmetric when abs(skew)<=1.00 and excess_kurtosis>3.00; lognormal_like when skew>1.00 with positive support; weibull_like when skew>0.50 with positive support; otherwise empirical_unknown.","profile_preregistered","01_results_basic contains compact final results; 02_reports contains generated report files; 03_audit_ready contains full provenance, decisions, oracle audit, and split CSVs; 98_discarded_nonfinal is reserved for obsolete or nonfinal byproducts; 99_recovery_logs contains downloads, checkpoints, temporary recovery outputs, and logs."
"RD_admiral_admiral_adlb_auto__depth_body_10_90","rdatasets_admiral","empirical_public","weibull_like","TAX-Q1R018","weibull","original_regime",3,3,0,0,FALSE,"",TRUE,TRUE,TRUE,1,"huber_k1.345",0.000352432472926535,0.000388348948901069,0.000386154750777342,0.000392259299580642,0,NA,"strong_win","ci_confirmed","eligible / in_regime / primary_preregistered / strong_win / ci_confirmed",0,"primary eligible in-regime dataset-level rows only","Benjamini-Hochberg FDR is computed at dataset level on external_dataset_level_decisions.csv for primary eligible in-regime rows only. Primary alpha=0.05; secondary sensitivity alpha=0.1.",0,TRUE,TRUE,TRUE,TRUE,"V5_audit_ready","Pre-registered empirical profile gate: bounded/proportion by hint/domain; zero-inflated/count by hint/domain; normal_like when abs(skew)<=0.50 and excess_kurtosis<=1.00; heavy_tail_symmetric when abs(skew)<=1.00 and excess_kurtosis>3.00; lognormal_like when skew>1.00 with positive support; weibull_like when skew>0.50 with positive support; otherwise empirical_unknown.","profile_preregistered","01_results_basic contains compact final results; 02_reports contains generated report files; 03_audit_ready contains full provenance, decisions, oracle audit, and split CSVs; 98_discarded_nonfinal is reserved for obsolete or nonfinal byproducts; 99_recovery_logs contains downloads, checkpoints, temporary recovery outputs, and logs."
"RD_admiral_admiral_adlb_auto__depth_body_10_90","rdatasets_admiral","empirical_public","weibull_like","TAX-Q1R019","weibull","locked_unseen_similar",3,3,0,0,FALSE,"",TRUE,TRUE,TRUE,2,"huber_k1.345",0.000327196924580674,0.000376606989611476,0.0003733410975858,0.000378282021071598,0,NA,"strong_win","ci_confirmed","eligible / in_regime / primary_preregistered / strong_win / ci_confirmed",0,"primary eligible in-regime dataset-level rows only","Benjamini-Hochberg FDR is computed at dataset level on external_dataset_level_decisions.csv for primary eligible in-regime rows only. Primary alpha=0.05; secondary sensitivity alpha=0.1.",0,TRUE,TRUE,TRUE,TRUE,"V5_audit_ready","Pre-registered empirical profile gate: bounded/proportion by hint/domain; zero-inflated/count by hint/domain; normal_like when abs(skew)<=0.50 and excess_kurtosis<=1.00; heavy_tail_symmetric when abs(skew)<=1.00 and excess_kurtosis>3.00; lognormal_like when skew>1.00 with positive support; weibull_like when skew>0.50 with positive support; otherwise empirical_unknown.","profile_preregistered","01_results_basic contains compact final results; 02_reports contains generated report files; 03_audit_ready contains full provenance, decisions, oracle audit, and split CSVs; 98_discarded_nonfinal is reserved for obsolete or nonfinal byproducts; 99_recovery_logs contains downloads, checkpoints, temporary recovery outputs, and logs."
"RD_admiral_admiral_adlb_auto__depth_body_10_90","rdatasets_admiral","empirical_public","weibull_like","TAX-Q1R019","weibull","original_regime",36,36,0,0,FALSE,"",TRUE,TRUE,TRUE,11,"huber_k1.345",0.000326027650519873,0.000375002526357883,0.000373912004553934,0.000378869655950859,0,NA,"strong_win","ci_confirmed","eligible / in_regime / primary_preregistered / strong_win / ci_confirmed",0,"primary eligible in-regime dataset-level rows only","Benjamini-Hochberg FDR is computed at dataset level on external_dataset_level_decisions.csv for primary eligible in-regime rows only. Primary alpha=0.05; secondary sensitivity alpha=0.1.",0,TRUE,TRUE,TRUE,TRUE,"V5_audit_ready","Pre-registered empirical profile gate: bounded/proportion by hint/domain; zero-inflated/count by hint/domain; normal_like when abs(skew)<=0.50 and excess_kurtosis<=1.00; heavy_tail_symmetric when abs(skew)<=1.00 and excess_kurtosis>3.00; lognormal_like when skew>1.00 with positive support; weibull_like when skew>0.50 with positive support; otherwise empirical_unknown.","profile_preregistered","01_results_basic contains compact final results; 02_reports contains generated report files; 03_audit_ready contains full provenance, decisions, oracle audit, and split CSVs; 98_discarded_nonfinal is reserved for obsolete or nonfinal byproducts; 99_recovery_logs contains downloads, checkpoints, temporary recovery outputs, and logs."
"RD_admiral_admiral_adlb_auto__depth_bootstrap_full","rdatasets_admiral","empirical_public","lognormal_like","TAX-Q1R008","lognormal","locked_unseen_similar",3,3,0,0,FALSE,"",TRUE,TRUE,TRUE,2,"huber_k1.345",0.000824947411046759,0.00120012963655923,0.00115580051090111,0.00135517142297234,0,NA,"strong_win","ci_confirmed","eligible / in_regime / primary_preregistered / strong_win / ci_confirmed",0,"primary eligible in-regime dataset-level rows only","Benjamini-Hochberg FDR is computed at dataset level on external_dataset_level_decisions.csv for primary eligible in-regime rows only. Primary alpha=0.05; secondary sensitivity alpha=0.1.",0,TRUE,TRUE,TRUE,TRUE,"V5_audit_ready","Pre-registered empirical profile gate: bounded/proportion by hint/domain; zero-inflated/count by hint/domain; normal_like when abs(skew)<=0.50 and excess_kurtosis<=1.00; heavy_tail_symmetric when abs(skew)<=1.00 and excess_kurtosis>3.00; lognormal_like when skew>1.00 with positive support; weibull_like when skew>0.50 with positive support; otherwise empirical_unknown.","profile_preregistered","01_results_basic contains compact final results; 02_reports contains generated report files; 03_audit_ready contains full provenance, decisions, oracle audit, and split CSVs; 98_discarded_nonfinal is reserved for obsolete or nonfinal byproducts; 99_recovery_logs contains downloads, checkpoints, temporary recovery outputs, and logs."
"RD_admiral_admiral_adlb_auto__depth_bootstrap_full","rdatasets_admiral","empirical_public","lognormal_like","TAX-Q1R008","lognormal","original_regime",6,6,0,0,FALSE,"",TRUE,TRUE,TRUE,4,"huber_k1.345",0.000849283725409494,0.00135833248740615,0.00120042008906457,0.00145955537532316,0,NA,"strong_win","ci_confirmed","eligible / in_regime / primary_preregistered / strong_win / ci_confirmed",0,"primary eligible in-regime dataset-level rows only","Benjamini-Hochberg FDR is computed at dataset level on external_dataset_level_decisions.csv for primary eligible in-regime rows only. Primary alpha=0.05; secondary sensitivity alpha=0.1.",0,TRUE,TRUE,TRUE,TRUE,"V5_audit_ready","Pre-registered empirical profile gate: bounded/proportion by hint/domain; zero-inflated/count by hint/domain; normal_like when abs(skew)<=0.50 and excess_kurtosis<=1.00; heavy_tail_symmetric when abs(skew)<=1.00 and excess_kurtosis>3.00; lognormal_like when skew>1.00 with positive support; weibull_like when skew>0.50 with positive support; otherwise empirical_unknown.","profile_preregistered","01_results_basic contains compact final results; 02_reports contains generated report files; 03_audit_ready contains full provenance, decisions, oracle audit, and split CSVs; 98_discarded_nonfinal is reserved for obsolete or nonfinal byproducts; 99_recovery_logs contains downloads, checkpoints, temporary recovery outputs, and logs."
"RD_admiral_admiral_adlb_auto","rdatasets_admiral","empirical_public","lognormal_like","TAX-Q1R008","lognormal","locked_unseen_similar",3,3,3,3,FALSE,"",TRUE,TRUE,TRUE,1,"huber_k1.345",0.0066336398870415,0.00693935121989858,0.00674304670052542,0.00708399737193189,0,0,"strong_win","ci_confirmed","eligible / in_regime / primary_preregistered / strong_win / ci_confirmed",0,"primary eligible in-regime dataset-level rows only","Benjamini-Hochberg FDR is computed at dataset level on external_dataset_level_decisions.csv for primary eligible in-regime rows only. Primary alpha=0.05; secondary sensitivity alpha=0.1.",0,TRUE,TRUE,TRUE,TRUE,"V5_audit_ready","Pre-registered empirical profile gate: bounded/proportion by hint/domain; zero-inflated/count by hint/domain; normal_like when abs(skew)<=0.50 and excess_kurtosis<=1.00; heavy_tail_symmetric when abs(skew)<=1.00 and excess_kurtosis>3.00; lognormal_like when skew>1.00 with positive support; weibull_like when skew>0.50 with positive support; otherwise empirical_unknown.","profile_preregistered","01_results_basic contains compact final results; 02_reports contains generated report files; 03_audit_ready contains full provenance, decisions, oracle audit, and split CSVs; 98_discarded_nonfinal is reserved for obsolete or nonfinal byproducts; 99_recovery_logs contains downloads, checkpoints, temporary recovery outputs, and logs."
"RD_admiral_admiral_adlb_auto","rdatasets_admiral","empirical_public","lognormal_like","TAX-Q1R008","lognormal","original_regime",6,6,6,6,FALSE,"",TRUE,TRUE,TRUE,2,"huber_k1.345",0.00662724914833208,0.00682901762615354,0.00665519324969508,0.0070466535126012,0,0,"strong_win","ci_confirmed","eligible / in_regime / primary_preregistered / strong_win / ci_confirmed",0,"primary eligible in-regime dataset-level rows only","Benjamini-Hochberg FDR is computed at dataset level on external_dataset_level_decisions.csv for primary eligible in-regime rows only. Primary alpha=0.05; secondary sensitivity alpha=0.1.",0,TRUE,TRUE,TRUE,TRUE,"V5_audit_ready","Pre-registered empirical profile gate: bounded/proportion by hint/domain; zero-inflated/count by hint/domain; normal_like when abs(skew)<=0.50 and excess_kurtosis<=1.00; heavy_tail_symmetric when abs(skew)<=1.00 and excess_kurtosis>3.00; lognormal_like when skew>1.00 with positive support; weibull_like when skew>0.50 with positive support; otherwise empirical_unknown.","profile_preregistered","01_results_basic contains compact final results; 02_reports contains generated report files; 03_audit_ready contains full provenance, decisions, oracle audit, and split CSVs; 98_discarded_nonfinal is reserved for obsolete or nonfinal byproducts; 99_recovery_logs contains downloads, checkpoints, temporary recovery outputs, and logs."
"RD_alone_loadouts_auto","rdatasets_alone","empirical_public","normal_like","TAX-Q1R017","normal","locked_unseen_similar",2,2,1,1,FALSE,"",TRUE,TRUE,TRUE,2,"mean",0.000186097414310269,0.000817062594063594,0.000369221609729723,0.00176335735303623,0,0,"strong_win","ci_confirmed","eligible / in_regime / primary_preregistered / strong_win / ci_confirmed",0,"primary eligible in-regime dataset-level rows only","Benjamini-Hochberg FDR is computed at dataset level on external_dataset_level_decisions.csv for primary eligible in-regime rows only. Primary alpha=0.05; secondary sensitivity alpha=0.1.",0,TRUE,TRUE,TRUE,TRUE,"V5_audit_ready","Pre-registered empirical profile gate: bounded/proportion by hint/domain; zero-inflated/count by hint/domain; normal_like when abs(skew)<=0.50 and excess_kurtosis<=1.00; heavy_tail_symmetric when abs(skew)<=1.00 and excess_kurtosis>3.00; lognormal_like when skew>1.00 with positive support; weibull_like when skew>0.50 with positive support; otherwise empirical_unknown.","profile_preregistered","01_results_basic contains compact final results; 02_reports contains generated report files; 03_audit_ready contains full provenance, decisions, oracle audit, and split CSVs; 98_discarded_nonfinal is reserved for obsolete or nonfinal byproducts; 99_recovery_logs contains downloads, checkpoints, temporary recovery outputs, and logs."
"RD_alone_loadouts_auto","rdatasets_alone","empirical_public","normal_like","TAX-Q1R017","normal","original_regime",2,2,0,0,FALSE,"",FALSE,TRUE,TRUE,2,"mean",0.000160988734447381,0.000434085328362531,-3.25201192226803e-05,0.00172018471318369,0.0313333333333333,0.184329149232915,"strong_point_signal","near_ci","eligible / in_regime / primary_preregistered / strong_point_signal / near_ci",0.0313333333333333,"primary eligible in-regime dataset-level rows only","Benjamini-Hochberg FDR is computed at dataset level on external_dataset_level_decisions.csv for primary eligible in-regime rows only. Primary alpha=0.05; secondary sensitivity alpha=0.1.",0.098632944228275,FALSE,TRUE,FALSE,FALSE,"V5_audit_ready","Pre-registered empirical profile gate: bounded/proportion by hint/domain; zero-inflated/count by hint/domain; normal_like when abs(skew)<=0.50 and excess_kurtosis<=1.00; heavy_tail_symmetric when abs(skew)<=1.00 and excess_kurtosis>3.00; lognormal_like when skew>1.00 with positive support; weibull_like when skew>0.50 with positive support; otherwise empirical_unknown.","profile_preregistered","01_results_basic contains compact final results; 02_reports contains generated report files; 03_audit_ready contains full provenance, decisions, oracle audit, and split CSVs; 98_discarded_nonfinal is reserved for obsolete or nonfinal byproducts; 99_recovery_logs contains downloads, checkpoints, temporary recovery outputs, and logs."
"RD_alone_loadouts_auto","rdatasets_alone","empirical_public","normal_like","TAX-Q1R024","normal","locked_unseen_similar",2,2,1,1,FALSE,"",TRUE,TRUE,TRUE,2,"mean",0.000387369871617094,0.0011757369247322,0.000765931283970743,0.00207106589283775,0,0,"strong_win","ci_confirmed","eligible / in_regime / primary_preregistered / strong_win / ci_confirmed",0,"primary eligible in-regime dataset-level rows only","Benjamini-Hochberg FDR is computed at dataset level on external_dataset_level_decisions.csv for primary eligible in-regime rows only. Primary alpha=0.05; secondary sensitivity alpha=0.1.",0,TRUE,TRUE,TRUE,TRUE,"V5_audit_ready","Pre-registered empirical profile gate: bounded/proportion by hint/domain; zero-inflated/count by hint/domain; normal_like when abs(skew)<=0.50 and excess_kurtosis<=1.00; heavy_tail_symmetric when abs(skew)<=1.00 and excess_kurtosis>3.00; lognormal_like when skew>1.00 with positive support; weibull_like when skew>0.50 with positive support; otherwise empirical_unknown.","profile_preregistered","01_results_basic contains compact final results; 02_reports contains generated report files; 03_audit_ready contains full provenance, decisions, oracle audit, and split CSVs; 98_discarded_nonfinal is reserved for obsolete or nonfinal byproducts; 99_recovery_logs contains downloads, checkpoints, temporary recovery outputs, and logs."
"RD_alone_loadouts_auto","rdatasets_alone","empirical_public","normal_like","TAX-Q1R024","normal","original_regime",2,2,1,1,FALSE,"",TRUE,TRUE,TRUE,2,"mean",0.000411975379787406,0.00152243461842912,0.000941910902942053,0.00213621543083536,0,0,"strong_win","ci_confirmed","eligible / in_regime / primary_preregistered / strong_win / ci_confirmed",0,"primary eligible in-regime dataset-level rows only","Benjamini-Hochberg FDR is computed at dataset level on external_dataset_level_decisions.csv for primary eligible in-regime rows only. Primary alpha=0.05; secondary sensitivity alpha=0.1.",0,TRUE,TRUE,TRUE,TRUE,"V5_audit_ready","Pre-registered empirical profile gate: bounded/proportion by hint/domain; zero-inflated/count by hint/domain; normal_like when abs(skew)<=0.50 and excess_kurtosis<=1.00; heavy_tail_symmetric when abs(skew)<=1.00 and excess_kurtosis>3.00; lognormal_like when skew>1.00 with positive support; weibull_like when skew>0.50 with positive support; otherwise empirical_unknown.","profile_preregistered","01_results_basic contains compact final results; 02_reports contains generated report files; 03_audit_ready contains full provenance, decisions, oracle audit, and split CSVs; 98_discarded_nonfinal is reserved for obsolete or nonfinal byproducts; 99_recovery_logs contains downloads, checkpoints, temporary recovery outputs, and logs."
"RD_archdata_Handaxes_auto__depth_bootstrap_full","rdatasets_archdata","empirical_public","weibull_like","TAX-Q1R011","weibull","original_regime",6,6,0,0,FALSE,"",TRUE,TRUE,TRUE,2,"huber_k1.345",0.188005493915507,0.581494487009282,0.415498041009523,0.749872738036956,0,NA,"strong_win","ci_confirmed","eligible / in_regime / primary_preregistered / strong_win / ci_confirmed",0,"primary eligible in-regime dataset-level rows only","Benjamini-Hochberg FDR is computed at dataset level on external_dataset_level_decisions.csv for primary eligible in-regime rows only. Primary alpha=0.05; secondary sensitivity alpha=0.1.",0,TRUE,TRUE,TRUE,TRUE,"V5_audit_ready","Pre-registered empirical profile gate: bounded/proportion by hint/domain; zero-inflated/count by hint/domain; normal_like when abs(skew)<=0.50 and excess_kurtosis<=1.00; heavy_tail_symmetric when abs(skew)<=1.00 and excess_kurtosis>3.00; lognormal_like when skew>1.00 with positive support; weibull_like when skew>0.50 with positive support; otherwise empirical_unknown.","profile_preregistered","01_results_basic contains compact final results; 02_reports contains generated report files; 03_audit_ready contains full provenance, decisions, oracle audit, and split CSVs; 98_discarded_nonfinal is reserved for obsolete or nonfinal byproducts; 99_recovery_logs contains downloads, checkpoints, temporary recovery outputs, and logs."
"RD_archdata_Handaxes_auto__depth_bootstrap_full","rdatasets_archdata","empirical_public","weibull_like","TAX-Q1R012","weibull","original_regime",6,6,0,0,FALSE,"",TRUE,TRUE,TRUE,2,"huber_k1.345",0.175365149146055,0.468690716509666,0.299708993889308,0.583330223840042,0,NA,"strong_win","ci_confirmed","eligible / in_regime / primary_preregistered / strong_win / ci_confirmed",0,"primary eligible in-regime dataset-level rows only","Benjamini-Hochberg FDR is computed at dataset level on external_dataset_level_decisions.csv for primary eligible in-regime rows only. Primary alpha=0.05; secondary sensitivity alpha=0.1.",0,TRUE,TRUE,TRUE,TRUE,"V5_audit_ready","Pre-registered empirical profile gate: bounded/proportion by hint/domain; zero-inflated/count by hint/domain; normal_like when abs(skew)<=0.50 and excess_kurtosis<=1.00; heavy_tail_symmetric when abs(skew)<=1.00 and excess_kurtosis>3.00; lognormal_like when skew>1.00 with positive support; weibull_like when skew>0.50 with positive support; otherwise empirical_unknown.","profile_preregistered","01_results_basic contains compact final results; 02_reports contains generated report files; 03_audit_ready contains full provenance, decisions, oracle audit, and split CSVs; 98_discarded_nonfinal is reserved for obsolete or nonfinal byproducts; 99_recovery_logs contains downloads, checkpoints, temporary recovery outputs, and logs."
"RD_archdata_Handaxes_auto__depth_bootstrap_full","rdatasets_archdata","empirical_public","weibull_like","TAX-Q1R018","weibull","locked_unseen_similar",3,3,0,0,FALSE,"",TRUE,TRUE,TRUE,1,"huber_k1.345",0.147861165145197,0.363920406213209,0.0863897015189387,0.471020560086588,0.006,NA,"strong_win","ci_confirmed","eligible / in_regime / primary_preregistered / strong_win / ci_confirmed",0.006,"primary eligible in-regime dataset-level rows only","Benjamini-Hochberg FDR is computed at dataset level on external_dataset_level_decisions.csv for primary eligible in-regime rows only. Primary alpha=0.05; secondary sensitivity alpha=0.1.",0.0191857707509881,TRUE,TRUE,TRUE,TRUE,"V5_audit_ready","Pre-registered empirical profile gate: bounded/proportion by hint/domain; zero-inflated/count by hint/domain; normal_like when abs(skew)<=0.50 and excess_kurtosis<=1.00; heavy_tail_symmetric when abs(skew)<=1.00 and excess_kurtosis>3.00; lognormal_like when skew>1.00 with positive support; weibull_like when skew>0.50 with positive support; otherwise empirical_unknown.","profile_preregistered","01_results_basic contains compact final results; 02_reports contains generated report files; 03_audit_ready contains full provenance, decisions, oracle audit, and split CSVs; 98_discarded_nonfinal is reserved for obsolete or nonfinal byproducts; 99_recovery_logs contains downloads, checkpoints, temporary recovery outputs, and logs."
"RD_archdata_Handaxes_auto__depth_bootstrap_full","rdatasets_archdata","empirical_public","weibull_like","TAX-Q1R018","weibull","original_regime",3,3,0,0,FALSE,"",TRUE,TRUE,TRUE,1,"huber_k1.345",0.114672320265689,0.26064538322943,0.142580697979005,0.455676488821157,0.002,NA,"strong_win","ci_confirmed","eligible / in_regime / primary_preregistered / strong_win / ci_confirmed",0.002,"primary eligible in-regime dataset-level rows only","Benjamini-Hochberg FDR is computed at dataset level on external_dataset_level_decisions.csv for primary eligible in-regime rows only. Primary alpha=0.05; secondary sensitivity alpha=0.1.",0.00644621513944223,TRUE,TRUE,TRUE,TRUE,"V5_audit_ready","Pre-registered empirical profile gate: bounded/proportion by hint/domain; zero-inflated/count by hint/domain; normal_like when abs(skew)<=0.50 and excess_kurtosis<=1.00; heavy_tail_symmetric when abs(skew)<=1.00 and excess_kurtosis>3.00; lognormal_like when skew>1.00 with positive support; weibull_like when skew>0.50 with positive support; otherwise empirical_unknown.","profile_preregistered","01_results_basic contains compact final results; 02_reports contains generated report files; 03_audit_ready contains full provenance, decisions, oracle audit, and split CSVs; 98_discarded_nonfinal is reserved for obsolete or nonfinal byproducts; 99_recovery_logs contains downloads, checkpoints, temporary recovery outputs, and logs."
"RD_archdata_Handaxes_auto__depth_bootstrap_full","rdatasets_archdata","empirical_public","weibull_like","TAX-Q1R019","weibull","locked_unseen_similar",3,3,0,0,FALSE,"",TRUE,TRUE,TRUE,1,"huber_k1.345",0.206062960952634,0.439428769562398,0.265932594878576,0.606011615770805,0,NA,"strong_win","ci_confirmed","eligible / in_regime / primary_preregistered / strong_win / ci_confirmed",0,"primary eligible in-regime dataset-level rows only","Benjamini-Hochberg FDR is computed at dataset level on external_dataset_level_decisions.csv for primary eligible in-regime rows only. Primary alpha=0.05; secondary sensitivity alpha=0.1.",0,TRUE,TRUE,TRUE,TRUE,"V5_audit_ready","Pre-registered empirical profile gate: bounded/proportion by hint/domain; zero-inflated/count by hint/domain; normal_like when abs(skew)<=0.50 and excess_kurtosis<=1.00; heavy_tail_symmetric when abs(skew)<=1.00 and excess_kurtosis>3.00; lognormal_like when skew>1.00 with positive support; weibull_like when skew>0.50 with positive support; otherwise empirical_unknown.","profile_preregistered","01_results_basic contains compact final results; 02_reports contains generated report files; 03_audit_ready contains full provenance, decisions, oracle audit, and split CSVs; 98_discarded_nonfinal is reserved for obsolete or nonfinal byproducts; 99_recovery_logs contains downloads, checkpoints, temporary recovery outputs, and logs."
"RD_archdata_Handaxes_auto__depth_bootstrap_full","rdatasets_archdata","empirical_public","weibull_like","TAX-Q1R019","weibull","original_regime",36,36,0,0,FALSE,"",TRUE,TRUE,TRUE,11,"huber_k1.345",0.279114376999273,0.655661200054903,0.514768287794811,0.827908461664718,0,NA,"strong_win","ci_confirmed","eligible / in_regime / primary_preregistered / strong_win / ci_confirmed",0,"primary eligible in-regime dataset-level rows only","Benjamini-Hochberg FDR is computed at dataset level on external_dataset_level_decisions.csv for primary eligible in-regime rows only. Primary alpha=0.05; secondary sensitivity alpha=0.1.",0,TRUE,TRUE,TRUE,TRUE,"V5_audit_ready","Pre-registered empirical profile gate: bounded/proportion by hint/domain; zero-inflated/count by hint/domain; normal_like when abs(skew)<=0.50 and excess_kurtosis<=1.00; heavy_tail_symmetric when abs(skew)<=1.00 and excess_kurtosis>3.00; lognormal_like when skew>1.00 with positive support; weibull_like when skew>0.50 with positive support; otherwise empirical_unknown.","profile_preregistered","01_results_basic contains compact final results; 02_reports contains generated report files; 03_audit_ready contains full provenance, decisions, oracle audit, and split CSVs; 98_discarded_nonfinal is reserved for obsolete or nonfinal byproducts; 99_recovery_logs contains downloads, checkpoints, temporary recovery outputs, and logs."
"RD_archdata_Handaxes_auto","rdatasets_archdata","empirical_public","lognormal_like","TAX-Q1R008","lognormal","locked_unseen_similar",3,3,1,1,FALSE,"",TRUE,TRUE,TRUE,1,"huber_k1.345",1.38394776243007,2.61652277166766,2.50649369527839,2.81954997440898,0,0,"strong_win","ci_confirmed","eligible / in_regime / primary_preregistered / strong_win / ci_confirmed",0,"primary eligible in-regime dataset-level rows only","Benjamini-Hochberg FDR is computed at dataset level on external_dataset_level_decisions.csv for primary eligible in-regime rows only. Primary alpha=0.05; secondary sensitivity alpha=0.1.",0,TRUE,TRUE,TRUE,TRUE,"V5_audit_ready","Pre-registered empirical profile gate: bounded/proportion by hint/domain; zero-inflated/count by hint/domain; normal_like when abs(skew)<=0.50 and excess_kurtosis<=1.00; heavy_tail_symmetric when abs(skew)<=1.00 and excess_kurtosis>3.00; lognormal_like when skew>1.00 with positive support; weibull_like when skew>0.50 with positive support; otherwise empirical_unknown.","profile_preregistered","01_results_basic contains compact final results; 02_reports contains generated report files; 03_audit_ready contains full provenance, decisions, oracle audit, and split CSVs; 98_discarded_nonfinal is reserved for obsolete or nonfinal byproducts; 99_recovery_logs contains downloads, checkpoints, temporary recovery outputs, and logs."
"RD_archdata_Handaxes_auto","rdatasets_archdata","empirical_public","lognormal_like","TAX-Q1R008","lognormal","original_regime",6,6,2,2,FALSE,"",TRUE,TRUE,TRUE,2,"huber_k1.345",1.37585714448997,2.69969116136473,2.52226227051838,2.84909293257716,0,0,"strong_win","ci_confirmed","eligible / in_regime / primary_preregistered / strong_win / ci_confirmed",0,"primary eligible in-regime dataset-level rows only","Benjamini-Hochberg FDR is computed at dataset level on external_dataset_level_decisions.csv for primary eligible in-regime rows only. Primary alpha=0.05; secondary sensitivity alpha=0.1.",0,TRUE,TRUE,TRUE,TRUE,"V5_audit_ready","Pre-registered empirical profile gate: bounded/proportion by hint/domain; zero-inflated/count by hint/domain; normal_like when abs(skew)<=0.50 and excess_kurtosis<=1.00; heavy_tail_symmetric when abs(skew)<=1.00 and excess_kurtosis>3.00; lognormal_like when skew>1.00 with positive support; weibull_like when skew>0.50 with positive support; otherwise empirical_unknown.","profile_preregistered","01_results_basic contains compact final results; 02_reports contains generated report files; 03_audit_ready contains full provenance, decisions, oracle audit, and split CSVs; 98_discarded_nonfinal is reserved for obsolete or nonfinal byproducts; 99_recovery_logs contains downloads, checkpoints, temporary recovery outputs, and logs."
"RD_archdata_Handaxes_auto","rdatasets_archdata","empirical_public","lognormal_like","TAX-Q1R009","lognormal","original_regime",7,7,7,7,TRUE,"",TRUE,TRUE,TRUE,4,"huber_k1.345",1.15700974399026,2.14871813724682,2.01379788135106,2.35551040505907,0,0,"strong_win","ci_confirmed","eligible / in_regime / primary_preregistered / strong_win / ci_confirmed",0,"primary eligible in-regime dataset-level rows only","Benjamini-Hochberg FDR is computed at dataset level on external_dataset_level_decisions.csv for primary eligible in-regime rows only. Primary alpha=0.05; secondary sensitivity alpha=0.1.",0,TRUE,TRUE,TRUE,TRUE,"V5_audit_ready","Pre-registered empirical profile gate: bounded/proportion by hint/domain; zero-inflated/count by hint/domain; normal_like when abs(skew)<=0.50 and excess_kurtosis<=1.00; heavy_tail_symmetric when abs(skew)<=1.00 and excess_kurtosis>3.00; lognormal_like when skew>1.00 with positive support; weibull_like when skew>0.50 with positive support; otherwise empirical_unknown.","profile_preregistered","01_results_basic contains compact final results; 02_reports contains generated report files; 03_audit_ready contains full provenance, decisions, oracle audit, and split CSVs; 98_discarded_nonfinal is reserved for obsolete or nonfinal byproducts; 99_recovery_logs contains downloads, checkpoints, temporary recovery outputs, and logs."
"RD_asaur_prostateSurvival_auto__depth_body_10_90","rdatasets_asaur","empirical_public","normal_like","TAX-Q1R010","normal","locked_unseen_similar",3,3,0,0,FALSE,"",TRUE,TRUE,TRUE,2,"mean",4.75089611185474,6.5896778093476,6.2948880412498,6.9651324413717,0,NA,"strong_win","ci_confirmed","eligible / in_regime / primary_preregistered / strong_win / ci_confirmed",0,"primary eligible in-regime dataset-level rows only","Benjamini-Hochberg FDR is computed at dataset level on external_dataset_level_decisions.csv for primary eligible in-regime rows only. Primary alpha=0.05; secondary sensitivity alpha=0.1.",0,TRUE,TRUE,TRUE,TRUE,"V5_audit_ready","Pre-registered empirical profile gate: bounded/proportion by hint/domain; zero-inflated/count by hint/domain; normal_like when abs(skew)<=0.50 and excess_kurtosis<=1.00; heavy_tail_symmetric when abs(skew)<=1.00 and excess_kurtosis>3.00; lognormal_like when skew>1.00 with positive support; weibull_like when skew>0.50 with positive support; otherwise empirical_unknown.","profile_preregistered","01_results_basic contains compact final results; 02_reports contains generated report files; 03_audit_ready contains full provenance, decisions, oracle audit, and split CSVs; 98_discarded_nonfinal is reserved for obsolete or nonfinal byproducts; 99_recovery_logs contains downloads, checkpoints, temporary recovery outputs, and logs."
"RD_asaur_prostateSurvival_auto__depth_body_10_90","rdatasets_asaur","empirical_public","normal_like","TAX-Q1R010","normal","original_regime",36,36,0,0,FALSE,"",TRUE,TRUE,TRUE,35,"mean",7.52064926676695,7.67586082565995,7.08800303333068,8.08869390990823,0,NA,"strong_win","ci_confirmed","eligible / in_regime / primary_preregistered / strong_win / ci_confirmed",0,"primary eligible in-regime dataset-level rows only","Benjamini-Hochberg FDR is computed at dataset level on external_dataset_level_decisions.csv for primary eligible in-regime rows only. Primary alpha=0.05; secondary sensitivity alpha=0.1.",0,TRUE,TRUE,TRUE,TRUE,"V5_audit_ready","Pre-registered empirical profile gate: bounded/proportion by hint/domain; zero-inflated/count by hint/domain; normal_like when abs(skew)<=0.50 and excess_kurtosis<=1.00; heavy_tail_symmetric when abs(skew)<=1.00 and excess_kurtosis>3.00; lognormal_like when skew>1.00 with positive support; weibull_like when skew>0.50 with positive support; otherwise empirical_unknown.","profile_preregistered","01_results_basic contains compact final results; 02_reports contains generated report files; 03_audit_ready contains full provenance, decisions, oracle audit, and split CSVs; 98_discarded_nonfinal is reserved for obsolete or nonfinal byproducts; 99_recovery_logs contains downloads, checkpoints, temporary recovery outputs, and logs."
"RD_asaur_prostateSurvival_auto__depth_body_10_90","rdatasets_asaur","empirical_public","normal_like","TAX-Q1R023","normal","original_regime",6,6,0,0,FALSE,"",TRUE,TRUE,TRUE,4,"mean",3.78731696269461,4.94743106601384,4.54121003129029,5.30859514853565,0,NA,"strong_win","ci_confirmed","eligible / in_regime / primary_preregistered / strong_win / ci_confirmed",0,"primary eligible in-regime dataset-level rows only","Benjamini-Hochberg FDR is computed at dataset level on external_dataset_level_decisions.csv for primary eligible in-regime rows only. Primary alpha=0.05; secondary sensitivity alpha=0.1.",0,TRUE,TRUE,TRUE,TRUE,"V5_audit_ready","Pre-registered empirical profile gate: bounded/proportion by hint/domain; zero-inflated/count by hint/domain; normal_like when abs(skew)<=0.50 and excess_kurtosis<=1.00; heavy_tail_symmetric when abs(skew)<=1.00 and excess_kurtosis>3.00; lognormal_like when skew>1.00 with positive support; weibull_like when skew>0.50 with positive support; otherwise empirical_unknown.","profile_preregistered","01_results_basic contains compact final results; 02_reports contains generated report files; 03_audit_ready contains full provenance, decisions, oracle audit, and split CSVs; 98_discarded_nonfinal is reserved for obsolete or nonfinal byproducts; 99_recovery_logs contains downloads, checkpoints, temporary recovery outputs, and logs."
"RD_asaur_prostateSurvival_auto__depth_body_10_90","rdatasets_asaur","empirical_public","normal_like","TAX-Q1R025","normal","original_regime",6,6,0,0,FALSE,"",TRUE,TRUE,TRUE,4,"mean",3.71432109503922,4.90866347637952,4.60139909771608,5.23158369196324,0,NA,"strong_win","ci_confirmed","eligible / in_regime / primary_preregistered / strong_win / ci_confirmed",0,"primary eligible in-regime dataset-level rows only","Benjamini-Hochberg FDR is computed at dataset level on external_dataset_level_decisions.csv for primary eligible in-regime rows only. Primary alpha=0.05; secondary sensitivity alpha=0.1.",0,TRUE,TRUE,TRUE,TRUE,"V5_audit_ready","Pre-registered empirical profile gate: bounded/proportion by hint/domain; zero-inflated/count by hint/domain; normal_like when abs(skew)<=0.50 and excess_kurtosis<=1.00; heavy_tail_symmetric when abs(skew)<=1.00 and excess_kurtosis>3.00; lognormal_like when skew>1.00 with positive support; weibull_like when skew>0.50 with positive support; otherwise empirical_unknown.","profile_preregistered","01_results_basic contains compact final results; 02_reports contains generated report files; 03_audit_ready contains full provenance, decisions, oracle audit, and split CSVs; 98_discarded_nonfinal is reserved for obsolete or nonfinal byproducts; 99_recovery_logs contains downloads, checkpoints, temporary recovery outputs, and logs."
"RD_asaur_prostateSurvival_auto__depth_bootstrap_full","rdatasets_asaur","empirical_public","weibull_like","TAX-Q1R018","weibull","locked_unseen_similar",3,3,0,0,FALSE,"",TRUE,TRUE,TRUE,2,"huber_k1.345",14.7374061367188,27.3039160485404,24.7518364156504,29.2579739253113,0,NA,"strong_win","ci_confirmed","eligible / in_regime / primary_preregistered / strong_win / ci_confirmed",0,"primary eligible in-regime dataset-level rows only","Benjamini-Hochberg FDR is computed at dataset level on external_dataset_level_decisions.csv for primary eligible in-regime rows only. Primary alpha=0.05; secondary sensitivity alpha=0.1.",0,TRUE,TRUE,TRUE,TRUE,"V5_audit_ready","Pre-registered empirical profile gate: bounded/proportion by hint/domain; zero-inflated/count by hint/domain; normal_like when abs(skew)<=0.50 and excess_kurtosis<=1.00; heavy_tail_symmetric when abs(skew)<=1.00 and excess_kurtosis>3.00; lognormal_like when skew>1.00 with positive support; weibull_like when skew>0.50 with positive support; otherwise empirical_unknown.","profile_preregistered","01_results_basic contains compact final results; 02_reports contains generated report files; 03_audit_ready contains full provenance, decisions, oracle audit, and split CSVs; 98_discarded_nonfinal is reserved for obsolete or nonfinal byproducts; 99_recovery_logs contains downloads, checkpoints, temporary recovery outputs, and logs."
"RD_asaur_prostateSurvival_auto__depth_bootstrap_full","rdatasets_asaur","empirical_public","weibull_like","TAX-Q1R019","weibull","original_regime",36,36,0,0,FALSE,"",TRUE,TRUE,TRUE,18,"huber_k1.345",59.6080888575723,72.3434556403143,69.63417024376,74.2341321733405,0,NA,"strong_win","ci_confirmed","eligible / in_regime / primary_preregistered / strong_win / ci_confirmed",0,"primary eligible in-regime dataset-level rows only","Benjamini-Hochberg FDR is computed at dataset level on external_dataset_level_decisions.csv for primary eligible in-regime rows only. Primary alpha=0.05; secondary sensitivity alpha=0.1.",0,TRUE,TRUE,TRUE,TRUE,"V5_audit_ready","Pre-registered empirical profile gate: bounded/proportion by hint/domain; zero-inflated/count by hint/domain; normal_like when abs(skew)<=0.50 and excess_kurtosis<=1.00; heavy_tail_symmetric when abs(skew)<=1.00 and excess_kurtosis>3.00; lognormal_like when skew>1.00 with positive support; weibull_like when skew>0.50 with positive support; otherwise empirical_unknown.","profile_preregistered","01_results_basic contains compact final results; 02_reports contains generated report files; 03_audit_ready contains full provenance, decisions, oracle audit, and split CSVs; 98_discarded_nonfinal is reserved for obsolete or nonfinal byproducts; 99_recovery_logs contains downloads, checkpoints, temporary recovery outputs, and logs."
"RD_asaur_prostateSurvival_auto","rdatasets_asaur","empirical_public","weibull_like","TAX-Q1R018","weibull","locked_unseen_similar",3,3,3,3,FALSE,"",TRUE,TRUE,TRUE,1,"huber_k1.345",13.9858517508835,30.6843487388138,28.1439659464856,33.6588927096547,0,0,"strong_win","ci_confirmed","eligible / in_regime / primary_preregistered / strong_win / ci_confirmed",0,"primary eligible in-regime dataset-level rows only","Benjamini-Hochberg FDR is computed at dataset level on external_dataset_level_decisions.csv for primary eligible in-regime rows only. Primary alpha=0.05; secondary sensitivity alpha=0.1.",0,TRUE,TRUE,TRUE,TRUE,"V5_audit_ready","Pre-registered empirical profile gate: bounded/proportion by hint/domain; zero-inflated/count by hint/domain; normal_like when abs(skew)<=0.50 and excess_kurtosis<=1.00; heavy_tail_symmetric when abs(skew)<=1.00 and excess_kurtosis>3.00; lognormal_like when skew>1.00 with positive support; weibull_like when skew>0.50 with positive support; otherwise empirical_unknown.","profile_preregistered","01_results_basic contains compact final results; 02_reports contains generated report files; 03_audit_ready contains full provenance, decisions, oracle audit, and split CSVs; 98_discarded_nonfinal is reserved for obsolete or nonfinal byproducts; 99_recovery_logs contains downloads, checkpoints, temporary recovery outputs, and logs."
"RD_asaur_prostateSurvival_auto","rdatasets_asaur","empirical_public","weibull_like","TAX-Q1R019","weibull","original_regime",7,7,7,7,TRUE,"",TRUE,TRUE,TRUE,4,"huber_k1.345",57.7086093936541,70.9676652821196,67.968876733128,73.4055962712179,0,0,"strong_win","ci_confirmed","eligible / in_regime / primary_preregistered / strong_win / ci_confirmed",0,"primary eligible in-regime dataset-level rows only","Benjamini-Hochberg FDR is computed at dataset level on external_dataset_level_decisions.csv for primary eligible in-regime rows only. Primary alpha=0.05; secondary sensitivity alpha=0.1.",0,TRUE,TRUE,TRUE,TRUE,"V5_audit_ready","Pre-registered empirical profile gate: bounded/proportion by hint/domain; zero-inflated/count by hint/domain; normal_like when abs(skew)<=0.50 and excess_kurtosis<=1.00; heavy_tail_symmetric when abs(skew)<=1.00 and excess_kurtosis>3.00; lognormal_like when skew>1.00 with positive support; weibull_like when skew>0.50 with positive support; otherwise empirical_unknown.","profile_preregistered","01_results_basic contains compact final results; 02_reports contains generated report files; 03_audit_ready contains full provenance, decisions, oracle audit, and split CSVs; 98_discarded_nonfinal is reserved for obsolete or nonfinal byproducts; 99_recovery_logs contains downloads, checkpoints, temporary recovery outputs, and logs."
"RD_bakeoff_challenges_data__auto__depth_bootstrap_full","rdatasets_bakeoff","empirical_public","normal_like","TAX-Q1R010","normal","locked_unseen_similar",3,3,0,0,FALSE,"",TRUE,TRUE,TRUE,1,"mean",0.0705556539321704,0.105857081988165,0.0982123642268007,0.113846252480115,0,NA,"strong_win","ci_confirmed","eligible / in_regime / primary_preregistered / strong_win / ci_confirmed",0,"primary eligible in-regime dataset-level rows only","Benjamini-Hochberg FDR is computed at dataset level on external_dataset_level_decisions.csv for primary eligible in-regime rows only. Primary alpha=0.05; secondary sensitivity alpha=0.1.",0,TRUE,TRUE,TRUE,TRUE,"V5_audit_ready","Pre-registered empirical profile gate: bounded/proportion by hint/domain; zero-inflated/count by hint/domain; normal_like when abs(skew)<=0.50 and excess_kurtosis<=1.00; heavy_tail_symmetric when abs(skew)<=1.00 and excess_kurtosis>3.00; lognormal_like when skew>1.00 with positive support; weibull_like when skew>0.50 with positive support; otherwise empirical_unknown.","profile_preregistered","01_results_basic contains compact final results; 02_reports contains generated report files; 03_audit_ready contains full provenance, decisions, oracle audit, and split CSVs; 98_discarded_nonfinal is reserved for obsolete or nonfinal byproducts; 99_recovery_logs contains downloads, checkpoints, temporary recovery outputs, and logs."
"RD_bakeoff_challenges_data__auto__depth_bootstrap_full","rdatasets_bakeoff","empirical_public","normal_like","TAX-Q1R010","normal","original_regime",36,36,0,0,FALSE,"",TRUE,TRUE,TRUE,1,"mean",0.118299565989651,0.163599351345501,0.155107989395376,0.172490005016423,0,NA,"strong_win","ci_confirmed","eligible / in_regime / primary_preregistered / strong_win / ci_confirmed",0,"primary eligible in-regime dataset-level rows only","Benjamini-Hochberg FDR is computed at dataset level on external_dataset_level_decisions.csv for primary eligible in-regime rows only. Primary alpha=0.05; secondary sensitivity alpha=0.1.",0,TRUE,TRUE,TRUE,TRUE,"V5_audit_ready","Pre-registered empirical profile gate: bounded/proportion by hint/domain; zero-inflated/count by hint/domain; normal_like when abs(skew)<=0.50 and excess_kurtosis<=1.00; heavy_tail_symmetric when abs(skew)<=1.00 and excess_kurtosis>3.00; lognormal_like when skew>1.00 with positive support; weibull_like when skew>0.50 with positive support; otherwise empirical_unknown.","profile_preregistered","01_results_basic contains compact final results; 02_reports contains generated report files; 03_audit_ready contains full provenance, decisions, oracle audit, and split CSVs; 98_discarded_nonfinal is reserved for obsolete or nonfinal byproducts; 99_recovery_logs contains downloads, checkpoints, temporary recovery outputs, and logs."
"RD_bakeoff_challenges_data__auto__depth_bootstrap_full","rdatasets_bakeoff","empirical_public","normal_like","TAX-Q1R023","normal","original_regime",6,6,0,0,FALSE,"",TRUE,TRUE,TRUE,2,"mean",0.0607375250842697,0.0907640585431513,0.0805847950666661,0.100298062981986,0,NA,"strong_win","ci_confirmed","eligible / in_regime / primary_preregistered / strong_win / ci_confirmed",0,"primary eligible in-regime dataset-level rows only","Benjamini-Hochberg FDR is computed at dataset level on external_dataset_level_decisions.csv for primary eligible in-regime rows only. Primary alpha=0.05; secondary sensitivity alpha=0.1.",0,TRUE,TRUE,TRUE,TRUE,"V5_audit_ready","Pre-registered empirical profile gate: bounded/proportion by hint/domain; zero-inflated/count by hint/domain; normal_like when abs(skew)<=0.50 and excess_kurtosis<=1.00; heavy_tail_symmetric when abs(skew)<=1.00 and excess_kurtosis>3.00; lognormal_like when skew>1.00 with positive support; weibull_like when skew>0.50 with positive support; otherwise empirical_unknown.","profile_preregistered","01_results_basic contains compact final results; 02_reports contains generated report files; 03_audit_ready contains full provenance, decisions, oracle audit, and split CSVs; 98_discarded_nonfinal is reserved for obsolete or nonfinal byproducts; 99_recovery_logs contains downloads, checkpoints, temporary recovery outputs, and logs."
"RD_bakeoff_challenges_data__auto__depth_bootstrap_full","rdatasets_bakeoff","empirical_public","normal_like","TAX-Q1R025","normal","original_regime",6,6,0,0,FALSE,"",TRUE,TRUE,TRUE,2,"mean",0.0597398088653764,0.0862935288215465,0.0814161254752024,0.0969624581238351,0,NA,"strong_win","ci_confirmed","eligible / in_regime / primary_preregistered / strong_win / ci_confirmed",0,"primary eligible in-regime dataset-level rows only","Benjamini-Hochberg FDR is computed at dataset level on external_dataset_level_decisions.csv for primary eligible in-regime rows only. Primary alpha=0.05; secondary sensitivity alpha=0.1.",0,TRUE,TRUE,TRUE,TRUE,"V5_audit_ready","Pre-registered empirical profile gate: bounded/proportion by hint/domain; zero-inflated/count by hint/domain; normal_like when abs(skew)<=0.50 and excess_kurtosis<=1.00; heavy_tail_symmetric when abs(skew)<=1.00 and excess_kurtosis>3.00; lognormal_like when skew>1.00 with positive support; weibull_like when skew>0.50 with positive support; otherwise empirical_unknown.","profile_preregistered","01_results_basic contains compact final results; 02_reports contains generated report files; 03_audit_ready contains full provenance, decisions, oracle audit, and split CSVs; 98_discarded_nonfinal is reserved for obsolete or nonfinal byproducts; 99_recovery_logs contains downloads, checkpoints, temporary recovery outputs, and logs."
"RD_bakeoff_challenges_data__auto","rdatasets_bakeoff","empirical_public","normal_like","TAX-Q1R010","normal","original_regime",10,10,10,10,TRUE,"",TRUE,TRUE,TRUE,6,"mean",0.135007463172386,0.157827553760505,0.136555104913313,0.163763190366468,0,0,"strong_win","ci_confirmed","eligible / in_regime / primary_preregistered / strong_win / ci_confirmed",0,"primary eligible in-regime dataset-level rows only","Benjamini-Hochberg FDR is computed at dataset level on external_dataset_level_decisions.csv for primary eligible in-regime rows only. Primary alpha=0.05; secondary sensitivity alpha=0.1.",0,TRUE,TRUE,TRUE,TRUE,"V5_audit_ready","Pre-registered empirical profile gate: bounded/proportion by hint/domain; zero-inflated/count by hint/domain; normal_like when abs(skew)<=0.50 and excess_kurtosis<=1.00; heavy_tail_symmetric when abs(skew)<=1.00 and excess_kurtosis>3.00; lognormal_like when skew>1.00 with positive support; weibull_like when skew>0.50 with positive support; otherwise empirical_unknown.","profile_preregistered","01_results_basic contains compact final results; 02_reports contains generated report files; 03_audit_ready contains full provenance, decisions, oracle audit, and split CSVs; 98_discarded_nonfinal is reserved for obsolete or nonfinal byproducts; 99_recovery_logs contains downloads, checkpoints, temporary recovery outputs, and logs."
"RD_bayesrules_bird_counts_auto__depth_body_10_90","rdatasets_bayesrules","empirical_public","lognormal_like","TAX-Q1R008","lognormal","locked_unseen_similar",3,3,0,0,FALSE,"",TRUE,TRUE,TRUE,3,"huber_k1.345",4.58240095452037,3.77864297584606,3.70775591080996,3.84960843660652,0,NA,"strong_win","ci_confirmed","eligible / in_regime / primary_preregistered / strong_win / ci_confirmed",0,"primary eligible in-regime dataset-level rows only","Benjamini-Hochberg FDR is computed at dataset level on external_dataset_level_decisions.csv for primary eligible in-regime rows only. Primary alpha=0.05; secondary sensitivity alpha=0.1.",0,TRUE,TRUE,TRUE,TRUE,"V5_audit_ready","Pre-registered empirical profile gate: bounded/proportion by hint/domain; zero-inflated/count by hint/domain; normal_like when abs(skew)<=0.50 and excess_kurtosis<=1.00; heavy_tail_symmetric when abs(skew)<=1.00 and excess_kurtosis>3.00; lognormal_like when skew>1.00 with positive support; weibull_like when skew>0.50 with positive support; otherwise empirical_unknown.","profile_preregistered","01_results_basic contains compact final results; 02_reports contains generated report files; 03_audit_ready contains full provenance, decisions, oracle audit, and split CSVs; 98_discarded_nonfinal is reserved for obsolete or nonfinal byproducts; 99_recovery_logs contains downloads, checkpoints, temporary recovery outputs, and logs."
"RD_bayesrules_bird_counts_auto__depth_body_10_90","rdatasets_bayesrules","empirical_public","lognormal_like","TAX-Q1R009","lognormal","locked_unseen_similar",3,3,0,0,FALSE,"",TRUE,TRUE,TRUE,3,"huber_k1.345",1.09305482260163,0.443993056949736,0.437767166844563,0.451068988779642,0,NA,"strong_win","ci_confirmed","eligible / in_regime / primary_preregistered / strong_win / ci_confirmed",0,"primary eligible in-regime dataset-level rows only","Benjamini-Hochberg FDR is computed at dataset level on external_dataset_level_decisions.csv for primary eligible in-regime rows only. Primary alpha=0.05; secondary sensitivity alpha=0.1.",0,TRUE,TRUE,TRUE,TRUE,"V5_audit_ready","Pre-registered empirical profile gate: bounded/proportion by hint/domain; zero-inflated/count by hint/domain; normal_like when abs(skew)<=0.50 and excess_kurtosis<=1.00; heavy_tail_symmetric when abs(skew)<=1.00 and excess_kurtosis>3.00; lognormal_like when skew>1.00 with positive support; weibull_like when skew>0.50 with positive support; otherwise empirical_unknown.","profile_preregistered","01_results_basic contains compact final results; 02_reports contains generated report files; 03_audit_ready contains full provenance, decisions, oracle audit, and split CSVs; 98_discarded_nonfinal is reserved for obsolete or nonfinal byproducts; 99_recovery_logs contains downloads, checkpoints, temporary recovery outputs, and logs."
"RD_bayesrules_bird_counts_auto__depth_body_10_90","rdatasets_bayesrules","empirical_public","lognormal_like","TAX-Q1R009","lognormal","original_regime",36,36,0,0,FALSE,"",TRUE,TRUE,TRUE,22,"huber_k1.345",2.28695864368459,1.45801375249192,1.40342558026357,1.55276591211271,0,NA,"strong_win","ci_confirmed","eligible / in_regime / primary_preregistered / strong_win / ci_confirmed",0,"primary eligible in-regime dataset-level rows only","Benjamini-Hochberg FDR is computed at dataset level on external_dataset_level_decisions.csv for primary eligible in-regime rows only. Primary alpha=0.05; secondary sensitivity alpha=0.1.",0,TRUE,TRUE,TRUE,TRUE,"V5_audit_ready","Pre-registered empirical profile gate: bounded/proportion by hint/domain; zero-inflated/count by hint/domain; normal_like when abs(skew)<=0.50 and excess_kurtosis<=1.00; heavy_tail_symmetric when abs(skew)<=1.00 and excess_kurtosis>3.00; lognormal_like when skew>1.00 with positive support; weibull_like when skew>0.50 with positive support; otherwise empirical_unknown.","profile_preregistered","01_results_basic contains compact final results; 02_reports contains generated report files; 03_audit_ready contains full provenance, decisions, oracle audit, and split CSVs; 98_discarded_nonfinal is reserved for obsolete or nonfinal byproducts; 99_recovery_logs contains downloads, checkpoints, temporary recovery outputs, and logs."
"RD_bayesrules_bird_counts_auto__depth_bootstrap_full","rdatasets_bayesrules","empirical_public","lognormal_like","TAX-Q1R008","lognormal","locked_unseen_similar",3,3,0,0,FALSE,"",TRUE,TRUE,TRUE,3,"huber_k1.345",14175.4452376484,2785.65236283441,2322.84867385279,3359.89590650784,0,NA,"strong_win","ci_confirmed","eligible / in_regime / primary_preregistered / strong_win / ci_confirmed",0,"primary eligible in-regime dataset-level rows only","Benjamini-Hochberg FDR is computed at dataset level on external_dataset_level_decisions.csv for primary eligible in-regime rows only. Primary alpha=0.05; secondary sensitivity alpha=0.1.",0,TRUE,TRUE,TRUE,TRUE,"V5_audit_ready","Pre-registered empirical profile gate: bounded/proportion by hint/domain; zero-inflated/count by hint/domain; normal_like when abs(skew)<=0.50 and excess_kurtosis<=1.00; heavy_tail_symmetric when abs(skew)<=1.00 and excess_kurtosis>3.00; lognormal_like when skew>1.00 with positive support; weibull_like when skew>0.50 with positive support; otherwise empirical_unknown.","profile_preregistered","01_results_basic contains compact final results; 02_reports contains generated report files; 03_audit_ready contains full provenance, decisions, oracle audit, and split CSVs; 98_discarded_nonfinal is reserved for obsolete or nonfinal byproducts; 99_recovery_logs contains downloads, checkpoints, temporary recovery outputs, and logs."
"RD_bayesrules_bird_counts_auto__depth_bootstrap_full","rdatasets_bayesrules","empirical_public","lognormal_like","TAX-Q1R008","lognormal","original_regime",6,6,0,0,FALSE,"",TRUE,TRUE,TRUE,5,"huber_k1.345",14877.1332645388,3239.00476843706,2742.45171052215,3791.42945040592,0,NA,"strong_win","ci_confirmed","eligible / in_regime / primary_preregistered / strong_win / ci_confirmed",0,"primary eligible in-regime dataset-level rows only","Benjamini-Hochberg FDR is computed at dataset level on external_dataset_level_decisions.csv for primary eligible in-regime rows only. Primary alpha=0.05; secondary sensitivity alpha=0.1.",0,TRUE,TRUE,TRUE,TRUE,"V5_audit_ready","Pre-registered empirical profile gate: bounded/proportion by hint/domain; zero-inflated/count by hint/domain; normal_like when abs(skew)<=0.50 and excess_kurtosis<=1.00; heavy_tail_symmetric when abs(skew)<=1.00 and excess_kurtosis>3.00; lognormal_like when skew>1.00 with positive support; weibull_like when skew>0.50 with positive support; otherwise empirical_unknown.","profile_preregistered","01_results_basic contains compact final results; 02_reports contains generated report files; 03_audit_ready contains full provenance, decisions, oracle audit, and split CSVs; 98_discarded_nonfinal is reserved for obsolete or nonfinal byproducts; 99_recovery_logs contains downloads, checkpoints, temporary recovery outputs, and logs."
"RD_bayesrules_bird_counts_auto__depth_bootstrap_full","rdatasets_bayesrules","empirical_public","lognormal_like","TAX-Q1R009","lognormal","locked_unseen_similar",3,3,0,0,FALSE,"",TRUE,TRUE,TRUE,3,"huber_k1.345",10377.2143940891,1160.80635678473,1075.6858283901,1399.1461897053,0,NA,"strong_win","ci_confirmed","eligible / in_regime / primary_preregistered / strong_win / ci_confirmed",0,"primary eligible in-regime dataset-level rows only","Benjamini-Hochberg FDR is computed at dataset level on external_dataset_level_decisions.csv for primary eligible in-regime rows only. Primary alpha=0.05; secondary sensitivity alpha=0.1.",0,TRUE,TRUE,TRUE,TRUE,"V5_audit_ready","Pre-registered empirical profile gate: bounded/proportion by hint/domain; zero-inflated/count by hint/domain; normal_like when abs(skew)<=0.50 and excess_kurtosis<=1.00; heavy_tail_symmetric when abs(skew)<=1.00 and excess_kurtosis>3.00; lognormal_like when skew>1.00 with positive support; weibull_like when skew>0.50 with positive support; otherwise empirical_unknown.","profile_preregistered","01_results_basic contains compact final results; 02_reports contains generated report files; 03_audit_ready contains full provenance, decisions, oracle audit, and split CSVs; 98_discarded_nonfinal is reserved for obsolete or nonfinal byproducts; 99_recovery_logs contains downloads, checkpoints, temporary recovery outputs, and logs."
"RD_bayesrules_bird_counts_auto__depth_bootstrap_full","rdatasets_bayesrules","empirical_public","lognormal_like","TAX-Q1R009","lognormal","original_regime",36,36,0,0,FALSE,"",TRUE,TRUE,TRUE,26,"huber_k1.345",14295.4064522184,2281.95890604176,2031.70163321907,2786.11911031791,0,NA,"strong_win","ci_confirmed","eligible / in_regime / primary_preregistered / strong_win / ci_confirmed",0,"primary eligible in-regime dataset-level rows only","Benjamini-Hochberg FDR is computed at dataset level on external_dataset_level_decisions.csv for primary eligible in-regime rows only. Primary alpha=0.05; secondary sensitivity alpha=0.1.",0,TRUE,TRUE,TRUE,TRUE,"V5_audit_ready","Pre-registered empirical profile gate: bounded/proportion by hint/domain; zero-inflated/count by hint/domain; normal_like when abs(skew)<=0.50 and excess_kurtosis<=1.00; heavy_tail_symmetric when abs(skew)<=1.00 and excess_kurtosis>3.00; lognormal_like when skew>1.00 with positive support; weibull_like when skew>0.50 with positive support; otherwise empirical_unknown.","profile_preregistered","01_results_basic contains compact final results; 02_reports contains generated report files; 03_audit_ready contains full provenance, decisions, oracle audit, and split CSVs; 98_discarded_nonfinal is reserved for obsolete or nonfinal byproducts; 99_recovery_logs contains downloads, checkpoints, temporary recovery outputs, and logs."
"RD_bayesrules_bird_counts_auto__depth_upper_tail_enriched","rdatasets_bayesrules","empirical_public","lognormal_like","TAX-Q1R008","lognormal","locked_unseen_similar",3,3,0,0,FALSE,"",TRUE,TRUE,TRUE,3,"huber_k1.345",23291.1876751215,4177.8610730927,3702.71418663481,4900.3708486206,0,NA,"strong_win","ci_confirmed","eligible / in_regime / primary_preregistered / strong_win / ci_confirmed",0,"primary eligible in-regime dataset-level rows only","Benjamini-Hochberg FDR is computed at dataset level on external_dataset_level_decisions.csv for primary eligible in-regime rows only. Primary alpha=0.05; secondary sensitivity alpha=0.1.",0,TRUE,TRUE,TRUE,TRUE,"V5_audit_ready","Pre-registered empirical profile gate: bounded/proportion by hint/domain; zero-inflated/count by hint/domain; normal_like when abs(skew)<=0.50 and excess_kurtosis<=1.00; heavy_tail_symmetric when abs(skew)<=1.00 and excess_kurtosis>3.00; lognormal_like when skew>1.00 with positive support; weibull_like when skew>0.50 with positive support; otherwise empirical_unknown.","profile_preregistered","01_results_basic contains compact final results; 02_reports contains generated report files; 03_audit_ready contains full provenance, decisions, oracle audit, and split CSVs; 98_discarded_nonfinal is reserved for obsolete or nonfinal byproducts; 99_recovery_logs contains downloads, checkpoints, temporary recovery outputs, and logs."
"RD_bayesrules_bird_counts_auto__depth_upper_tail_enriched","rdatasets_bayesrules","empirical_public","lognormal_like","TAX-Q1R008","lognormal","original_regime",6,6,0,0,FALSE,"",TRUE,TRUE,TRUE,5,"huber_k1.345",27189.7075257439,5085.90979594456,4674.12392231865,6564.58600611226,0,NA,"strong_win","ci_confirmed","eligible / in_regime / primary_preregistered / strong_win / ci_confirmed",0,"primary eligible in-regime dataset-level rows only","Benjamini-Hochberg FDR is computed at dataset level on external_dataset_level_decisions.csv for primary eligible in-regime rows only. Primary alpha=0.05; secondary sensitivity alpha=0.1.",0,TRUE,TRUE,TRUE,TRUE,"V5_audit_ready","Pre-registered empirical profile gate: bounded/proportion by hint/domain; zero-inflated/count by hint/domain; normal_like when abs(skew)<=0.50 and excess_kurtosis<=1.00; heavy_tail_symmetric when abs(skew)<=1.00 and excess_kurtosis>3.00; lognormal_like when skew>1.00 with positive support; weibull_like when skew>0.50 with positive support; otherwise empirical_unknown.","profile_preregistered","01_results_basic contains compact final results; 02_reports contains generated report files; 03_audit_ready contains full provenance, decisions, oracle audit, and split CSVs; 98_discarded_nonfinal is reserved for obsolete or nonfinal byproducts; 99_recovery_logs contains downloads, checkpoints, temporary recovery outputs, and logs."
"RD_bayesrules_bird_counts_auto__depth_upper_tail_enriched","rdatasets_bayesrules","empirical_public","lognormal_like","TAX-Q1R009","lognormal","locked_unseen_similar",3,3,0,0,FALSE,"",TRUE,TRUE,TRUE,2,"huber_k1.345",11694.6529627339,172.713448782684,147.933423080107,522.035303243391,0,NA,"strong_win","ci_confirmed","eligible / in_regime / primary_preregistered / strong_win / ci_confirmed",0,"primary eligible in-regime dataset-level rows only","Benjamini-Hochberg FDR is computed at dataset level on external_dataset_level_decisions.csv for primary eligible in-regime rows only. Primary alpha=0.05; secondary sensitivity alpha=0.1.",0,TRUE,TRUE,TRUE,TRUE,"V5_audit_ready","Pre-registered empirical profile gate: bounded/proportion by hint/domain; zero-inflated/count by hint/domain; normal_like when abs(skew)<=0.50 and excess_kurtosis<=1.00; heavy_tail_symmetric when abs(skew)<=1.00 and excess_kurtosis>3.00; lognormal_like when skew>1.00 with positive support; weibull_like when skew>0.50 with positive support; otherwise empirical_unknown.","profile_preregistered","01_results_basic contains compact final results; 02_reports contains generated report files; 03_audit_ready contains full provenance, decisions, oracle audit, and split CSVs; 98_discarded_nonfinal is reserved for obsolete or nonfinal byproducts; 99_recovery_logs contains downloads, checkpoints, temporary recovery outputs, and logs."
"RD_bayesrules_bird_counts_auto__depth_upper_tail_enriched","rdatasets_bayesrules","empirical_public","lognormal_like","TAX-Q1R009","lognormal","original_regime",36,36,0,0,FALSE,"",TRUE,TRUE,TRUE,34,"huber_k1.345",24833.3040649954,3757.8789727277,3302.67482158507,4487.55339278797,0,NA,"strong_win","ci_confirmed","eligible / in_regime / primary_preregistered / strong_win / ci_confirmed",0,"primary eligible in-regime dataset-level rows only","Benjamini-Hochberg FDR is computed at dataset level on external_dataset_level_decisions.csv for primary eligible in-regime rows only. Primary alpha=0.05; secondary sensitivity alpha=0.1.",0,TRUE,TRUE,TRUE,TRUE,"V5_audit_ready","Pre-registered empirical profile gate: bounded/proportion by hint/domain; zero-inflated/count by hint/domain; normal_like when abs(skew)<=0.50 and excess_kurtosis<=1.00; heavy_tail_symmetric when abs(skew)<=1.00 and excess_kurtosis>3.00; lognormal_like when skew>1.00 with positive support; weibull_like when skew>0.50 with positive support; otherwise empirical_unknown.","profile_preregistered","01_results_basic contains compact final results; 02_reports contains generated report files; 03_audit_ready contains full provenance, decisions, oracle audit, and split CSVs; 98_discarded_nonfinal is reserved for obsolete or nonfinal byproducts; 99_recovery_logs contains downloads, checkpoints, temporary recovery outputs, and logs."
"RD_bayesrules_bird_counts_auto","rdatasets_bayesrules","empirical_public","lognormal_like","TAX-Q1R008","lognormal","locked_unseen_similar",3,3,3,3,FALSE,"",TRUE,TRUE,TRUE,3,"huber_k1.345",14347.3780489475,2886.38647213516,2503.80177882901,3277.92506932436,0,0,"strong_win","ci_confirmed","eligible / in_regime / primary_preregistered / strong_win / ci_confirmed",0,"primary eligible in-regime dataset-level rows only","Benjamini-Hochberg FDR is computed at dataset level on external_dataset_level_decisions.csv for primary eligible in-regime rows only. Primary alpha=0.05; secondary sensitivity alpha=0.1.",0,TRUE,TRUE,TRUE,TRUE,"V5_audit_ready","Pre-registered empirical profile gate: bounded/proportion by hint/domain; zero-inflated/count by hint/domain; normal_like when abs(skew)<=0.50 and excess_kurtosis<=1.00; heavy_tail_symmetric when abs(skew)<=1.00 and excess_kurtosis>3.00; lognormal_like when skew>1.00 with positive support; weibull_like when skew>0.50 with positive support; otherwise empirical_unknown.","profile_preregistered","01_results_basic contains compact final results; 02_reports contains generated report files; 03_audit_ready contains full provenance, decisions, oracle audit, and split CSVs; 98_discarded_nonfinal is reserved for obsolete or nonfinal byproducts; 99_recovery_logs contains downloads, checkpoints, temporary recovery outputs, and logs."
"RD_bayesrules_bird_counts_auto","rdatasets_bayesrules","empirical_public","lognormal_like","TAX-Q1R008","lognormal","original_regime",6,6,6,6,FALSE,"",TRUE,TRUE,TRUE,6,"huber_k1.345",15494.7484129877,3366.20473895292,2834.58964224456,3868.95862646428,0,0,"strong_win","ci_confirmed","eligible / in_regime / primary_preregistered / strong_win / ci_confirmed",0,"primary eligible in-regime dataset-level rows only","Benjamini-Hochberg FDR is computed at dataset level on external_dataset_level_decisions.csv for primary eligible in-regime rows only. Primary alpha=0.05; secondary sensitivity alpha=0.1.",0,TRUE,TRUE,TRUE,TRUE,"V5_audit_ready","Pre-registered empirical profile gate: bounded/proportion by hint/domain; zero-inflated/count by hint/domain; normal_like when abs(skew)<=0.50 and excess_kurtosis<=1.00; heavy_tail_symmetric when abs(skew)<=1.00 and excess_kurtosis>3.00; lognormal_like when skew>1.00 with positive support; weibull_like when skew>0.50 with positive support; otherwise empirical_unknown.","profile_preregistered","01_results_basic contains compact final results; 02_reports contains generated report files; 03_audit_ready contains full provenance, decisions, oracle audit, and split CSVs; 98_discarded_nonfinal is reserved for obsolete or nonfinal byproducts; 99_recovery_logs contains downloads, checkpoints, temporary recovery outputs, and logs."
"RD_bayesrules_bird_counts_auto","rdatasets_bayesrules","empirical_public","lognormal_like","TAX-Q1R009","lognormal","original_regime",1,1,1,1,TRUE,"",TRUE,TRUE,TRUE,1,"huber_k1.345",7436.93498373273,744.43724855117,657.64484016603,857.280715733374,0,0,"strong_win","ci_confirmed","eligible / in_regime / primary_preregistered / strong_win / ci_confirmed",0,"primary eligible in-regime dataset-level rows only","Benjamini-Hochberg FDR is computed at dataset level on external_dataset_level_decisions.csv for primary eligible in-regime rows only. Primary alpha=0.05; secondary sensitivity alpha=0.1.",0,TRUE,TRUE,TRUE,TRUE,"V5_audit_ready","Pre-registered empirical profile gate: bounded/proportion by hint/domain; zero-inflated/count by hint/domain; normal_like when abs(skew)<=0.50 and excess_kurtosis<=1.00; heavy_tail_symmetric when abs(skew)<=1.00 and excess_kurtosis>3.00; lognormal_like when skew>1.00 with positive support; weibull_like when skew>0.50 with positive support; otherwise empirical_unknown.","profile_preregistered","01_results_basic contains compact final results; 02_reports contains generated report files; 03_audit_ready contains full provenance, decisions, oracle audit, and split CSVs; 98_discarded_nonfinal is reserved for obsolete or nonfinal byproducts; 99_recovery_logs contains downloads, checkpoints, temporary recovery outputs, and logs."
"RD_boot_amis_auto__depth_body_10_90","rdatasets_boot","empirical_public","normal_like","TAX-Q1R023","normal","original_regime",6,6,0,0,FALSE,"",TRUE,TRUE,TRUE,6,"mean",0.0375677505352224,0.0340852476915569,0.0203821815522665,0.03849471413946,0,NA,"strong_win","ci_confirmed","eligible / in_regime / primary_preregistered / strong_win / ci_confirmed",0,"primary eligible in-regime dataset-level rows only","Benjamini-Hochberg FDR is computed at dataset level on external_dataset_level_decisions.csv for primary eligible in-regime rows only. Primary alpha=0.05; secondary sensitivity alpha=0.1.",0,TRUE,TRUE,TRUE,TRUE,"V5_audit_ready","Pre-registered empirical profile gate: bounded/proportion by hint/domain; zero-inflated/count by hint/domain; normal_like when abs(skew)<=0.50 and excess_kurtosis<=1.00; heavy_tail_symmetric when abs(skew)<=1.00 and excess_kurtosis>3.00; lognormal_like when skew>1.00 with positive support; weibull_like when skew>0.50 with positive support; otherwise empirical_unknown.","profile_preregistered","01_results_basic contains compact final results; 02_reports contains generated report files; 03_audit_ready contains full provenance, decisions, oracle audit, and split CSVs; 98_discarded_nonfinal is reserved for obsolete or nonfinal byproducts; 99_recovery_logs contains downloads, checkpoints, temporary recovery outputs, and logs."
"RD_boot_amis_auto__depth_body_10_90","rdatasets_boot","empirical_public","normal_like","TAX-Q1R025","normal","original_regime",6,6,0,0,FALSE,"",TRUE,TRUE,TRUE,6,"mean",0.0369236673243449,0.0340753028863711,0.0151782359503231,0.0385422959939171,0,NA,"strong_win","ci_confirmed","eligible / in_regime / primary_preregistered / strong_win / ci_confirmed",0,"primary eligible in-regime dataset-level rows only","Benjamini-Hochberg FDR is computed at dataset level on external_dataset_level_decisions.csv for primary eligible in-regime rows only. Primary alpha=0.05; secondary sensitivity alpha=0.1.",0,TRUE,TRUE,TRUE,TRUE,"V5_audit_ready","Pre-registered empirical profile gate: bounded/proportion by hint/domain; zero-inflated/count by hint/domain; normal_like when abs(skew)<=0.50 and excess_kurtosis<=1.00; heavy_tail_symmetric when abs(skew)<=1.00 and excess_kurtosis>3.00; lognormal_like when skew>1.00 with positive support; weibull_like when skew>0.50 with positive support; otherwise empirical_unknown.","profile_preregistered","01_results_basic contains compact final results; 02_reports contains generated report files; 03_audit_ready contains full provenance, decisions, oracle audit, and split CSVs; 98_discarded_nonfinal is reserved for obsolete or nonfinal byproducts; 99_recovery_logs contains downloads, checkpoints, temporary recovery outputs, and logs."
"RD_boot_amis_auto__depth_bootstrap_full","rdatasets_boot","empirical_public","normal_like","TAX-Q1R010","normal","locked_unseen_similar",3,3,0,0,FALSE,"",TRUE,TRUE,TRUE,3,"mean",0.0503119863183515,0.139094352814234,0.0943725086219805,0.188757588615468,0,NA,"strong_win","ci_confirmed","eligible / in_regime / primary_preregistered / strong_win / ci_confirmed",0,"primary eligible in-regime dataset-level rows only","Benjamini-Hochberg FDR is computed at dataset level on external_dataset_level_decisions.csv for primary eligible in-regime rows only. Primary alpha=0.05; secondary sensitivity alpha=0.1.",0,TRUE,TRUE,TRUE,TRUE,"V5_audit_ready","Pre-registered empirical profile gate: bounded/proportion by hint/domain; zero-inflated/count by hint/domain; normal_like when abs(skew)<=0.50 and excess_kurtosis<=1.00; heavy_tail_symmetric when abs(skew)<=1.00 and excess_kurtosis>3.00; lognormal_like when skew>1.00 with positive support; weibull_like when skew>0.50 with positive support; otherwise empirical_unknown.","profile_preregistered","01_results_basic contains compact final results; 02_reports contains generated report files; 03_audit_ready contains full provenance, decisions, oracle audit, and split CSVs; 98_discarded_nonfinal is reserved for obsolete or nonfinal byproducts; 99_recovery_logs contains downloads, checkpoints, temporary recovery outputs, and logs."
"RD_boot_amis_auto__depth_bootstrap_full","rdatasets_boot","empirical_public","normal_like","TAX-Q1R010","normal","original_regime",36,36,0,0,FALSE,"",TRUE,TRUE,TRUE,26,"mean",0.477188964432372,0.62604507053583,0.574611319119156,0.687642698578693,0,NA,"strong_win","ci_confirmed","eligible / in_regime / primary_preregistered / strong_win / ci_confirmed",0,"primary eligible in-regime dataset-level rows only","Benjamini-Hochberg FDR is computed at dataset level on external_dataset_level_decisions.csv for primary eligible in-regime rows only. Primary alpha=0.05; secondary sensitivity alpha=0.1.",0,TRUE,TRUE,TRUE,TRUE,"V5_audit_ready","Pre-registered empirical profile gate: bounded/proportion by hint/domain; zero-inflated/count by hint/domain; normal_like when abs(skew)<=0.50 and excess_kurtosis<=1.00; heavy_tail_symmetric when abs(skew)<=1.00 and excess_kurtosis>3.00; lognormal_like when skew>1.00 with positive support; weibull_like when skew>0.50 with positive support; otherwise empirical_unknown.","profile_preregistered","01_results_basic contains compact final results; 02_reports contains generated report files; 03_audit_ready contains full provenance, decisions, oracle audit, and split CSVs; 98_discarded_nonfinal is reserved for obsolete or nonfinal byproducts; 99_recovery_logs contains downloads, checkpoints, temporary recovery outputs, and logs."
"RD_boot_amis_auto__depth_bootstrap_full","rdatasets_boot","empirical_public","normal_like","TAX-Q1R023","normal","original_regime",6,6,0,0,FALSE,"",TRUE,TRUE,TRUE,4,"mean",0.0501013215829476,0.161624819250085,0.102403782366148,0.228288391790505,0,NA,"strong_win","ci_confirmed","eligible / in_regime / primary_preregistered / strong_win / ci_confirmed",0,"primary eligible in-regime dataset-level rows only","Benjamini-Hochberg FDR is computed at dataset level on external_dataset_level_decisions.csv for primary eligible in-regime rows only. Primary alpha=0.05; secondary sensitivity alpha=0.1.",0,TRUE,TRUE,TRUE,TRUE,"V5_audit_ready","Pre-registered empirical profile gate: bounded/proportion by hint/domain; zero-inflated/count by hint/domain; normal_like when abs(skew)<=0.50 and excess_kurtosis<=1.00; heavy_tail_symmetric when abs(skew)<=1.00 and excess_kurtosis>3.00; lognormal_like when skew>1.00 with positive support; weibull_like when skew>0.50 with positive support; otherwise empirical_unknown.","profile_preregistered","01_results_basic contains compact final results; 02_reports contains generated report files; 03_audit_ready contains full provenance, decisions, oracle audit, and split CSVs; 98_discarded_nonfinal is reserved for obsolete or nonfinal byproducts; 99_recovery_logs contains downloads, checkpoints, temporary recovery outputs, and logs."
"RD_boot_amis_auto__depth_bootstrap_full","rdatasets_boot","empirical_public","normal_like","TAX-Q1R025","normal","original_regime",6,6,0,0,FALSE,"",TRUE,TRUE,TRUE,6,"mean",0.0524127907701756,0.127671489521156,0.100404252601567,0.166346704276999,0,NA,"strong_win","ci_confirmed","eligible / in_regime / primary_preregistered / strong_win / ci_confirmed",0,"primary eligible in-regime dataset-level rows only","Benjamini-Hochberg FDR is computed at dataset level on external_dataset_level_decisions.csv for primary eligible in-regime rows only. Primary alpha=0.05; secondary sensitivity alpha=0.1.",0,TRUE,TRUE,TRUE,TRUE,"V5_audit_ready","Pre-registered empirical profile gate: bounded/proportion by hint/domain; zero-inflated/count by hint/domain; normal_like when abs(skew)<=0.50 and excess_kurtosis<=1.00; heavy_tail_symmetric when abs(skew)<=1.00 and excess_kurtosis>3.00; lognormal_like when skew>1.00 with positive support; weibull_like when skew>0.50 with positive support; otherwise empirical_unknown.","profile_preregistered","01_results_basic contains compact final results; 02_reports contains generated report files; 03_audit_ready contains full provenance, decisions, oracle audit, and split CSVs; 98_discarded_nonfinal is reserved for obsolete or nonfinal byproducts; 99_recovery_logs contains downloads, checkpoints, temporary recovery outputs, and logs."
"RD_boot_amis_auto__depth_upper_tail_enriched","rdatasets_boot","empirical_public","normal_like","TAX-Q1R010","normal","locked_unseen_similar",3,3,0,0,FALSE,"",TRUE,TRUE,TRUE,2,"mean",0.044228966915956,0.146212201554433,0.0789912992568591,0.237304221259797,0,NA,"strong_win","ci_confirmed","eligible / in_regime / primary_preregistered / strong_win / ci_confirmed",0,"primary eligible in-regime dataset-level rows only","Benjamini-Hochberg FDR is computed at dataset level on external_dataset_level_decisions.csv for primary eligible in-regime rows only. Primary alpha=0.05; secondary sensitivity alpha=0.1.",0,TRUE,TRUE,TRUE,TRUE,"V5_audit_ready","Pre-registered empirical profile gate: bounded/proportion by hint/domain; zero-inflated/count by hint/domain; normal_like when abs(skew)<=0.50 and excess_kurtosis<=1.00; heavy_tail_symmetric when abs(skew)<=1.00 and excess_kurtosis>3.00; lognormal_like when skew>1.00 with positive support; weibull_like when skew>0.50 with positive support; otherwise empirical_unknown.","profile_preregistered","01_results_basic contains compact final results; 02_reports contains generated report files; 03_audit_ready contains full provenance, decisions, oracle audit, and split CSVs; 98_discarded_nonfinal is reserved for obsolete or nonfinal byproducts; 99_recovery_logs contains downloads, checkpoints, temporary recovery outputs, and logs."
"RD_boot_amis_auto__depth_upper_tail_enriched","rdatasets_boot","empirical_public","normal_like","TAX-Q1R010","normal","original_regime",36,36,0,0,FALSE,"",TRUE,TRUE,TRUE,8,"mean",0.15478039656068,0.532004392890402,0.433205218348358,0.669032713200224,0,NA,"strong_win","ci_confirmed","eligible / in_regime / primary_preregistered / strong_win / ci_confirmed",0,"primary eligible in-regime dataset-level rows only","Benjamini-Hochberg FDR is computed at dataset level on external_dataset_level_decisions.csv for primary eligible in-regime rows only. Primary alpha=0.05; secondary sensitivity alpha=0.1.",0,TRUE,TRUE,TRUE,TRUE,"V5_audit_ready","Pre-registered empirical profile gate: bounded/proportion by hint/domain; zero-inflated/count by hint/domain; normal_like when abs(skew)<=0.50 and excess_kurtosis<=1.00; heavy_tail_symmetric when abs(skew)<=1.00 and excess_kurtosis>3.00; lognormal_like when skew>1.00 with positive support; weibull_like when skew>0.50 with positive support; otherwise empirical_unknown.","profile_preregistered","01_results_basic contains compact final results; 02_reports contains generated report files; 03_audit_ready contains full provenance, decisions, oracle audit, and split CSVs; 98_discarded_nonfinal is reserved for obsolete or nonfinal byproducts; 99_recovery_logs contains downloads, checkpoints, temporary recovery outputs, and logs."
"RD_boot_amis_auto__depth_upper_tail_enriched","rdatasets_boot","empirical_public","normal_like","TAX-Q1R023","normal","original_regime",6,6,0,0,FALSE,"",TRUE,TRUE,TRUE,6,"mean",0.0469631186639457,0.134859959153017,0.107962443385912,0.171949249553503,0,NA,"strong_win","ci_confirmed","eligible / in_regime / primary_preregistered / strong_win / ci_confirmed",0,"primary eligible in-regime dataset-level rows only","Benjamini-Hochberg FDR is computed at dataset level on external_dataset_level_decisions.csv for primary eligible in-regime rows only. Primary alpha=0.05; secondary sensitivity alpha=0.1.",0,TRUE,TRUE,TRUE,TRUE,"V5_audit_ready","Pre-registered empirical profile gate: bounded/proportion by hint/domain; zero-inflated/count by hint/domain; normal_like when abs(skew)<=0.50 and excess_kurtosis<=1.00; heavy_tail_symmetric when abs(skew)<=1.00 and excess_kurtosis>3.00; lognormal_like when skew>1.00 with positive support; weibull_like when skew>0.50 with positive support; otherwise empirical_unknown.","profile_preregistered","01_results_basic contains compact final results; 02_reports contains generated report files; 03_audit_ready contains full provenance, decisions, oracle audit, and split CSVs; 98_discarded_nonfinal is reserved for obsolete or nonfinal byproducts; 99_recovery_logs contains downloads, checkpoints, temporary recovery outputs, and logs."
"RD_boot_amis_auto__depth_upper_tail_enriched","rdatasets_boot","empirical_public","normal_like","TAX-Q1R025","normal","original_regime",6,6,0,0,FALSE,"",TRUE,TRUE,TRUE,6,"mean",0.0441249252652784,0.128535020293241,0.100280455203957,0.154622097115307,0,NA,"strong_win","ci_confirmed","eligible / in_regime / primary_preregistered / strong_win / ci_confirmed",0,"primary eligible in-regime dataset-level rows only","Benjamini-Hochberg FDR is computed at dataset level on external_dataset_level_decisions.csv for primary eligible in-regime rows only. Primary alpha=0.05; secondary sensitivity alpha=0.1.",0,TRUE,TRUE,TRUE,TRUE,"V5_audit_ready","Pre-registered empirical profile gate: bounded/proportion by hint/domain; zero-inflated/count by hint/domain; normal_like when abs(skew)<=0.50 and excess_kurtosis<=1.00; heavy_tail_symmetric when abs(skew)<=1.00 and excess_kurtosis>3.00; lognormal_like when skew>1.00 with positive support; weibull_like when skew>0.50 with positive support; otherwise empirical_unknown.","profile_preregistered","01_results_basic contains compact final results; 02_reports contains generated report files; 03_audit_ready contains full provenance, decisions, oracle audit, and split CSVs; 98_discarded_nonfinal is reserved for obsolete or nonfinal byproducts; 99_recovery_logs contains downloads, checkpoints, temporary recovery outputs, and logs."
"RD_boot_amis_auto","rdatasets_boot","empirical_public","normal_like","TAX-Q1R010","normal","original_regime",10,10,10,10,TRUE,"",TRUE,TRUE,TRUE,2,"mean",0.549674936451332,0.82484060684063,0.706901822831019,0.94300300178933,0,0,"strong_win","ci_confirmed","eligible / in_regime / primary_preregistered / strong_win / ci_confirmed",0,"primary eligible in-regime dataset-level rows only","Benjamini-Hochberg FDR is computed at dataset level on external_dataset_level_decisions.csv for primary eligible in-regime rows only. Primary alpha=0.05; secondary sensitivity alpha=0.1.",0,TRUE,TRUE,TRUE,TRUE,"V5_audit_ready","Pre-registered empirical profile gate: bounded/proportion by hint/domain; zero-inflated/count by hint/domain; normal_like when abs(skew)<=0.50 and excess_kurtosis<=1.00; heavy_tail_symmetric when abs(skew)<=1.00 and excess_kurtosis>3.00; lognormal_like when skew>1.00 with positive support; weibull_like when skew>0.50 with positive support; otherwise empirical_unknown.","profile_preregistered","01_results_basic contains compact final results; 02_reports contains generated report files; 03_audit_ready contains full provenance, decisions, oracle audit, and split CSVs; 98_discarded_nonfinal is reserved for obsolete or nonfinal byproducts; 99_recovery_logs contains downloads, checkpoints, temporary recovery outputs, and logs."
"RD_camerondata_vietnam_ind_auto__depth_bootstrap_full","rdatasets_camerondata","empirical_public","lognormal_like","TAX-Q1R009","lognormal","locked_unseen_similar",3,3,0,0,FALSE,"",TRUE,TRUE,TRUE,3,"huber_k1.345",0.00525551311692542,0.00510146431438652,0.00413713338277241,0.00513162820395421,0,NA,"strong_win","ci_confirmed","eligible / in_regime / primary_preregistered / strong_win / ci_confirmed",0,"primary eligible in-regime dataset-level rows only","Benjamini-Hochberg FDR is computed at dataset level on external_dataset_level_decisions.csv for primary eligible in-regime rows only. Primary alpha=0.05; secondary sensitivity alpha=0.1.",0,TRUE,TRUE,TRUE,TRUE,"V5_audit_ready","Pre-registered empirical profile gate: bounded/proportion by hint/domain; zero-inflated/count by hint/domain; normal_like when abs(skew)<=0.50 and excess_kurtosis<=1.00; heavy_tail_symmetric when abs(skew)<=1.00 and excess_kurtosis>3.00; lognormal_like when skew>1.00 with positive support; weibull_like when skew>0.50 with positive support; otherwise empirical_unknown.","profile_preregistered","01_results_basic contains compact final results; 02_reports contains generated report files; 03_audit_ready contains full provenance, decisions, oracle audit, and split CSVs; 98_discarded_nonfinal is reserved for obsolete or nonfinal byproducts; 99_recovery_logs contains downloads, checkpoints, temporary recovery outputs, and logs."
"RD_camerondata_vietnam_ind_auto__depth_bootstrap_full","rdatasets_camerondata","empirical_public","lognormal_like","TAX-Q1R009","lognormal","original_regime",36,36,0,0,FALSE,"",TRUE,TRUE,TRUE,28,"huber_k1.345",0.00520957538903572,0.00520684938091056,0.00520624884567445,0.00520744608698147,0,NA,"strong_win","ci_confirmed","eligible / in_regime / primary_preregistered / strong_win / ci_confirmed",0,"primary eligible in-regime dataset-level rows only","Benjamini-Hochberg FDR is computed at dataset level on external_dataset_level_decisions.csv for primary eligible in-regime rows only. Primary alpha=0.05; secondary sensitivity alpha=0.1.",0,TRUE,TRUE,TRUE,TRUE,"V5_audit_ready","Pre-registered empirical profile gate: bounded/proportion by hint/domain; zero-inflated/count by hint/domain; normal_like when abs(skew)<=0.50 and excess_kurtosis<=1.00; heavy_tail_symmetric when abs(skew)<=1.00 and excess_kurtosis>3.00; lognormal_like when skew>1.00 with positive support; weibull_like when skew>0.50 with positive support; otherwise empirical_unknown.","profile_preregistered","01_results_basic contains compact final results; 02_reports contains generated report files; 03_audit_ready contains full provenance, decisions, oracle audit, and split CSVs; 98_discarded_nonfinal is reserved for obsolete or nonfinal byproducts; 99_recovery_logs contains downloads, checkpoints, temporary recovery outputs, and logs."
"RD_camerondata_vietnam_ind_auto__depth_upper_tail_enriched","rdatasets_camerondata","empirical_public","lognormal_like","TAX-Q1R009","lognormal","locked_unseen_similar",3,3,0,0,FALSE,"",TRUE,TRUE,TRUE,3,"huber_k1.345",0.00404960078488714,0.0040266671959055,0.00402483081940876,0.00402958013889462,0,NA,"strong_win","ci_confirmed","eligible / in_regime / primary_preregistered / strong_win / ci_confirmed",0,"primary eligible in-regime dataset-level rows only","Benjamini-Hochberg FDR is computed at dataset level on external_dataset_level_decisions.csv for primary eligible in-regime rows only. Primary alpha=0.05; secondary sensitivity alpha=0.1.",0,TRUE,TRUE,TRUE,TRUE,"V5_audit_ready","Pre-registered empirical profile gate: bounded/proportion by hint/domain; zero-inflated/count by hint/domain; normal_like when abs(skew)<=0.50 and excess_kurtosis<=1.00; heavy_tail_symmetric when abs(skew)<=1.00 and excess_kurtosis>3.00; lognormal_like when skew>1.00 with positive support; weibull_like when skew>0.50 with positive support; otherwise empirical_unknown.","profile_preregistered","01_results_basic contains compact final results; 02_reports contains generated report files; 03_audit_ready contains full provenance, decisions, oracle audit, and split CSVs; 98_discarded_nonfinal is reserved for obsolete or nonfinal byproducts; 99_recovery_logs contains downloads, checkpoints, temporary recovery outputs, and logs."
"RD_camerondata_vietnam_ind_auto__depth_upper_tail_enriched","rdatasets_camerondata","empirical_public","lognormal_like","TAX-Q1R009","lognormal","original_regime",36,36,0,0,FALSE,"",TRUE,TRUE,TRUE,29,"huber_k1.345",0.00391315866312155,0.00392226920074204,0.00392158242720288,0.00392248726349533,0,NA,"strong_win","ci_confirmed","eligible / in_regime / primary_preregistered / strong_win / ci_confirmed",0,"primary eligible in-regime dataset-level rows only","Benjamini-Hochberg FDR is computed at dataset level on external_dataset_level_decisions.csv for primary eligible in-regime rows only. Primary alpha=0.05; secondary sensitivity alpha=0.1.",0,TRUE,TRUE,TRUE,TRUE,"V5_audit_ready","Pre-registered empirical profile gate: bounded/proportion by hint/domain; zero-inflated/count by hint/domain; normal_like when abs(skew)<=0.50 and excess_kurtosis<=1.00; heavy_tail_symmetric when abs(skew)<=1.00 and excess_kurtosis>3.00; lognormal_like when skew>1.00 with positive support; weibull_like when skew>0.50 with positive support; otherwise empirical_unknown.","profile_preregistered","01_results_basic contains compact final results; 02_reports contains generated report files; 03_audit_ready contains full provenance, decisions, oracle audit, and split CSVs; 98_discarded_nonfinal is reserved for obsolete or nonfinal byproducts; 99_recovery_logs contains downloads, checkpoints, temporary recovery outputs, and logs."
"RD_camerondata_vietnam_ind_auto","rdatasets_camerondata","empirical_public","lognormal_like","TAX-Q1R008","lognormal","locked_unseen_similar",3,3,1,1,FALSE,"",TRUE,TRUE,TRUE,3,"huber_k1.345",0.0013987910984396,0.00131458617179114,0.00130836181516368,0.00131712547366278,0,0,"strong_win","ci_confirmed","eligible / in_regime / primary_preregistered / strong_win / ci_confirmed",0,"primary eligible in-regime dataset-level rows only","Benjamini-Hochberg FDR is computed at dataset level on external_dataset_level_decisions.csv for primary eligible in-regime rows only. Primary alpha=0.05; secondary sensitivity alpha=0.1.",0,TRUE,TRUE,TRUE,TRUE,"V5_audit_ready","Pre-registered empirical profile gate: bounded/proportion by hint/domain; zero-inflated/count by hint/domain; normal_like when abs(skew)<=0.50 and excess_kurtosis<=1.00; heavy_tail_symmetric when abs(skew)<=1.00 and excess_kurtosis>3.00; lognormal_like when skew>1.00 with positive support; weibull_like when skew>0.50 with positive support; otherwise empirical_unknown.","profile_preregistered","01_results_basic contains compact final results; 02_reports contains generated report files; 03_audit_ready contains full provenance, decisions, oracle audit, and split CSVs; 98_discarded_nonfinal is reserved for obsolete or nonfinal byproducts; 99_recovery_logs contains downloads, checkpoints, temporary recovery outputs, and logs."
"RD_camerondata_vietnam_ind_auto","rdatasets_camerondata","empirical_public","lognormal_like","TAX-Q1R008","lognormal","original_regime",6,6,2,2,FALSE,"",TRUE,TRUE,TRUE,5,"huber_k1.345",0.00140079073816037,0.00131458617179114,0.00129953083954576,0.00132359146429738,0,0,"strong_win","ci_confirmed","eligible / in_regime / primary_preregistered / strong_win / ci_confirmed",0,"primary eligible in-regime dataset-level rows only","Benjamini-Hochberg FDR is computed at dataset level on external_dataset_level_decisions.csv for primary eligible in-regime rows only. Primary alpha=0.05; secondary sensitivity alpha=0.1.",0,TRUE,TRUE,TRUE,TRUE,"V5_audit_ready","Pre-registered empirical profile gate: bounded/proportion by hint/domain; zero-inflated/count by hint/domain; normal_like when abs(skew)<=0.50 and excess_kurtosis<=1.00; heavy_tail_symmetric when abs(skew)<=1.00 and excess_kurtosis>3.00; lognormal_like when skew>1.00 with positive support; weibull_like when skew>0.50 with positive support; otherwise empirical_unknown.","profile_preregistered","01_results_basic contains compact final results; 02_reports contains generated report files; 03_audit_ready contains full provenance, decisions, oracle audit, and split CSVs; 98_discarded_nonfinal is reserved for obsolete or nonfinal byproducts; 99_recovery_logs contains downloads, checkpoints, temporary recovery outputs, and logs."
"RD_camerondata_vietnam_ind_auto","rdatasets_camerondata","empirical_public","lognormal_like","TAX-Q1R009","lognormal","original_regime",7,7,7,7,TRUE,"",TRUE,TRUE,TRUE,5,"huber_k1.345",0.00380090062290929,0.00355739762816164,0.0035374747160113,0.00357727030919643,0,0,"strong_win","ci_confirmed","eligible / in_regime / primary_preregistered / strong_win / ci_confirmed",0,"primary eligible in-regime dataset-level rows only","Benjamini-Hochberg FDR is computed at dataset level on external_dataset_level_decisions.csv for primary eligible in-regime rows only. Primary alpha=0.05; secondary sensitivity alpha=0.1.",0,TRUE,TRUE,TRUE,TRUE,"V5_audit_ready","Pre-registered empirical profile gate: bounded/proportion by hint/domain; zero-inflated/count by hint/domain; normal_like when abs(skew)<=0.50 and excess_kurtosis<=1.00; heavy_tail_symmetric when abs(skew)<=1.00 and excess_kurtosis>3.00; lognormal_like when skew>1.00 with positive support; weibull_like when skew>0.50 with positive support; otherwise empirical_unknown.","profile_preregistered","01_results_basic contains compact final results; 02_reports contains generated report files; 03_audit_ready contains full provenance, decisions, oracle audit, and split CSVs; 98_discarded_nonfinal is reserved for obsolete or nonfinal byproducts; 99_recovery_logs contains downloads, checkpoints, temporary recovery outputs, and logs."
"RD_dragracer_rpdr_contep_auto__depth_bootstrap_full","rdatasets_dragracer","empirical_public","normal_like","TAX-Q1R010","normal","locked_unseen_similar",3,3,0,0,FALSE,"",TRUE,TRUE,TRUE,2,"mean",0.0809098091671077,0.136237457021506,0.128454672158699,0.15576527358076,0,NA,"strong_win","ci_confirmed","eligible / in_regime / primary_preregistered / strong_win / ci_confirmed",0,"primary eligible in-regime dataset-level rows only","Benjamini-Hochberg FDR is computed at dataset level on external_dataset_level_decisions.csv for primary eligible in-regime rows only. Primary alpha=0.05; secondary sensitivity alpha=0.1.",0,TRUE,TRUE,TRUE,TRUE,"V5_audit_ready","Pre-registered empirical profile gate: bounded/proportion by hint/domain; zero-inflated/count by hint/domain; normal_like when abs(skew)<=0.50 and excess_kurtosis<=1.00; heavy_tail_symmetric when abs(skew)<=1.00 and excess_kurtosis>3.00; lognormal_like when skew>1.00 with positive support; weibull_like when skew>0.50 with positive support; otherwise empirical_unknown.","profile_preregistered","01_results_basic contains compact final results; 02_reports contains generated report files; 03_audit_ready contains full provenance, decisions, oracle audit, and split CSVs; 98_discarded_nonfinal is reserved for obsolete or nonfinal byproducts; 99_recovery_logs contains downloads, checkpoints, temporary recovery outputs, and logs."
"RD_dragracer_rpdr_contep_auto__depth_bootstrap_full","rdatasets_dragracer","empirical_public","normal_like","TAX-Q1R010","normal","original_regime",36,36,0,0,FALSE,"",TRUE,TRUE,TRUE,5,"mean",0.152757485950579,0.163315704663968,0.130078260382669,0.184400077387168,0,NA,"strong_win","ci_confirmed","eligible / in_regime / primary_preregistered / strong_win / ci_confirmed",0,"primary eligible in-regime dataset-level rows only","Benjamini-Hochberg FDR is computed at dataset level on external_dataset_level_decisions.csv for primary eligible in-regime rows only. Primary alpha=0.05; secondary sensitivity alpha=0.1.",0,TRUE,TRUE,TRUE,TRUE,"V5_audit_ready","Pre-registered empirical profile gate: bounded/proportion by hint/domain; zero-inflated/count by hint/domain; normal_like when abs(skew)<=0.50 and excess_kurtosis<=1.00; heavy_tail_symmetric when abs(skew)<=1.00 and excess_kurtosis>3.00; lognormal_like when skew>1.00 with positive support; weibull_like when skew>0.50 with positive support; otherwise empirical_unknown.","profile_preregistered","01_results_basic contains compact final results; 02_reports contains generated report files; 03_audit_ready contains full provenance, decisions, oracle audit, and split CSVs; 98_discarded_nonfinal is reserved for obsolete or nonfinal byproducts; 99_recovery_logs contains downloads, checkpoints, temporary recovery outputs, and logs."
"RD_dragracer_rpdr_contep_auto__depth_bootstrap_full","rdatasets_dragracer","empirical_public","normal_like","TAX-Q1R016","normal","original_regime",2,2,0,0,FALSE,"",TRUE,TRUE,TRUE,2,"mean",0.00446552740352288,0.0115505761234282,0.00958835171180846,0.0160139131220317,0,NA,"strong_win","ci_confirmed","eligible / in_regime / primary_preregistered / strong_win / ci_confirmed",0,"primary eligible in-regime dataset-level rows only","Benjamini-Hochberg FDR is computed at dataset level on external_dataset_level_decisions.csv for primary eligible in-regime rows only. Primary alpha=0.05; secondary sensitivity alpha=0.1.",0,TRUE,TRUE,TRUE,TRUE,"V5_audit_ready","Pre-registered empirical profile gate: bounded/proportion by hint/domain; zero-inflated/count by hint/domain; normal_like when abs(skew)<=0.50 and excess_kurtosis<=1.00; heavy_tail_symmetric when abs(skew)<=1.00 and excess_kurtosis>3.00; lognormal_like when skew>1.00 with positive support; weibull_like when skew>0.50 with positive support; otherwise empirical_unknown.","profile_preregistered","01_results_basic contains compact final results; 02_reports contains generated report files; 03_audit_ready contains full provenance, decisions, oracle audit, and split CSVs; 98_discarded_nonfinal is reserved for obsolete or nonfinal byproducts; 99_recovery_logs contains downloads, checkpoints, temporary recovery outputs, and logs."
"RD_dragracer_rpdr_contep_auto__depth_bootstrap_full","rdatasets_dragracer","empirical_public","normal_like","TAX-Q1R023","normal","original_regime",6,6,0,0,FALSE,"",TRUE,TRUE,TRUE,2,"mean",0.10844541601415,0.12076741640272,0.0914594041074726,0.145515413766098,0,NA,"strong_win","ci_confirmed","eligible / in_regime / primary_preregistered / strong_win / ci_confirmed",0,"primary eligible in-regime dataset-level rows only","Benjamini-Hochberg FDR is computed at dataset level on external_dataset_level_decisions.csv for primary eligible in-regime rows only. Primary alpha=0.05; secondary sensitivity alpha=0.1.",0,TRUE,TRUE,TRUE,TRUE,"V5_audit_ready","Pre-registered empirical profile gate: bounded/proportion by hint/domain; zero-inflated/count by hint/domain; normal_like when abs(skew)<=0.50 and excess_kurtosis<=1.00; heavy_tail_symmetric when abs(skew)<=1.00 and excess_kurtosis>3.00; lognormal_like when skew>1.00 with positive support; weibull_like when skew>0.50 with positive support; otherwise empirical_unknown.","profile_preregistered","01_results_basic contains compact final results; 02_reports contains generated report files; 03_audit_ready contains full provenance, decisions, oracle audit, and split CSVs; 98_discarded_nonfinal is reserved for obsolete or nonfinal byproducts; 99_recovery_logs contains downloads, checkpoints, temporary recovery outputs, and logs."
"RD_dragracer_rpdr_contep_auto__depth_bootstrap_full","rdatasets_dragracer","empirical_public","normal_like","TAX-Q1R024","normal","original_regime",2,2,0,0,FALSE,"",TRUE,TRUE,TRUE,2,"mean",0.00785213586097257,0.0222384124914565,0.014722179021761,0.0281575220154167,0,NA,"strong_win","ci_confirmed","eligible / in_regime / primary_preregistered / strong_win / ci_confirmed",0,"primary eligible in-regime dataset-level rows only","Benjamini-Hochberg FDR is computed at dataset level on external_dataset_level_decisions.csv for primary eligible in-regime rows only. Primary alpha=0.05; secondary sensitivity alpha=0.1.",0,TRUE,TRUE,TRUE,TRUE,"V5_audit_ready","Pre-registered empirical profile gate: bounded/proportion by hint/domain; zero-inflated/count by hint/domain; normal_like when abs(skew)<=0.50 and excess_kurtosis<=1.00; heavy_tail_symmetric when abs(skew)<=1.00 and excess_kurtosis>3.00; lognormal_like when skew>1.00 with positive support; weibull_like when skew>0.50 with positive support; otherwise empirical_unknown.","profile_preregistered","01_results_basic contains compact final results; 02_reports contains generated report files; 03_audit_ready contains full provenance, decisions, oracle audit, and split CSVs; 98_discarded_nonfinal is reserved for obsolete or nonfinal byproducts; 99_recovery_logs contains downloads, checkpoints, temporary recovery outputs, and logs."
"RD_dragracer_rpdr_contep_auto__depth_bootstrap_full","rdatasets_dragracer","empirical_public","normal_like","TAX-Q1R025","normal","locked_unseen_similar",3,3,0,0,FALSE,"",TRUE,TRUE,TRUE,3,"mean",0.00333315967662754,0.0116322076821736,0.00415901276090001,0.0169414375338376,0,NA,"strong_win","ci_confirmed","eligible / in_regime / primary_preregistered / strong_win / ci_confirmed",0,"primary eligible in-regime dataset-level rows only","Benjamini-Hochberg FDR is computed at dataset level on external_dataset_level_decisions.csv for primary eligible in-regime rows only. Primary alpha=0.05; secondary sensitivity alpha=0.1.",0,TRUE,TRUE,TRUE,TRUE,"V5_audit_ready","Pre-registered empirical profile gate: bounded/proportion by hint/domain; zero-inflated/count by hint/domain; normal_like when abs(skew)<=0.50 and excess_kurtosis<=1.00; heavy_tail_symmetric when abs(skew)<=1.00 and excess_kurtosis>3.00; lognormal_like when skew>1.00 with positive support; weibull_like when skew>0.50 with positive support; otherwise empirical_unknown.","profile_preregistered","01_results_basic contains compact final results; 02_reports contains generated report files; 03_audit_ready contains full provenance, decisions, oracle audit, and split CSVs; 98_discarded_nonfinal is reserved for obsolete or nonfinal byproducts; 99_recovery_logs contains downloads, checkpoints, temporary recovery outputs, and logs."
"RD_dragracer_rpdr_contep_auto__depth_bootstrap_full","rdatasets_dragracer","empirical_public","normal_like","TAX-Q1R025","normal","original_regime",6,6,0,0,FALSE,"",TRUE,TRUE,TRUE,2,"mean",0.1090466571095,0.120747342881466,0.094567390604731,0.147834525283249,0,NA,"strong_win","ci_confirmed","eligible / in_regime / primary_preregistered / strong_win / ci_confirmed",0,"primary eligible in-regime dataset-level rows only","Benjamini-Hochberg FDR is computed at dataset level on external_dataset_level_decisions.csv for primary eligible in-regime rows only. Primary alpha=0.05; secondary sensitivity alpha=0.1.",0,TRUE,TRUE,TRUE,TRUE,"V5_audit_ready","Pre-registered empirical profile gate: bounded/proportion by hint/domain; zero-inflated/count by hint/domain; normal_like when abs(skew)<=0.50 and excess_kurtosis<=1.00; heavy_tail_symmetric when abs(skew)<=1.00 and excess_kurtosis>3.00; lognormal_like when skew>1.00 with positive support; weibull_like when skew>0.50 with positive support; otherwise empirical_unknown.","profile_preregistered","01_results_basic contains compact final results; 02_reports contains generated report files; 03_audit_ready contains full provenance, decisions, oracle audit, and split CSVs; 98_discarded_nonfinal is reserved for obsolete or nonfinal byproducts; 99_recovery_logs contains downloads, checkpoints, temporary recovery outputs, and logs."
"RD_dragracer_rpdr_contep_auto__depth_upper_tail_enriched","rdatasets_dragracer","empirical_public","normal_like","TAX-Q1R010","normal","original_regime",36,36,0,0,FALSE,"",TRUE,TRUE,TRUE,31,"mean",0.000182497999782168,0.00225154386008641,2.9996734377751e-05,0.00441986087305727,0.024,NA,"strong_win","ci_confirmed","eligible / in_regime / primary_preregistered / strong_win / ci_confirmed",0.024,"primary eligible in-regime dataset-level rows only","Benjamini-Hochberg FDR is computed at dataset level on external_dataset_level_decisions.csv for primary eligible in-regime rows only. Primary alpha=0.05; secondary sensitivity alpha=0.1.",0.07584375,FALSE,TRUE,FALSE,TRUE,"V5_audit_ready","Pre-registered empirical profile gate: bounded/proportion by hint/domain; zero-inflated/count by hint/domain; normal_like when abs(skew)<=0.50 and excess_kurtosis<=1.00; heavy_tail_symmetric when abs(skew)<=1.00 and excess_kurtosis>3.00; lognormal_like when skew>1.00 with positive support; weibull_like when skew>0.50 with positive support; otherwise empirical_unknown.","profile_preregistered","01_results_basic contains compact final results; 02_reports contains generated report files; 03_audit_ready contains full provenance, decisions, oracle audit, and split CSVs; 98_discarded_nonfinal is reserved for obsolete or nonfinal byproducts; 99_recovery_logs contains downloads, checkpoints, temporary recovery outputs, and logs."
"RD_dragracer_rpdr_contep_auto","rdatasets_dragracer","empirical_public","normal_like","TAX-Q1R010","normal","original_regime",10,10,10,10,TRUE,"",TRUE,TRUE,TRUE,5,"mean",0.169902667049486,0.184308999692429,0.153887179609793,0.215415216163213,0,0,"strong_win","ci_confirmed","eligible / in_regime / primary_preregistered / strong_win / ci_confirmed",0,"primary eligible in-regime dataset-level rows only","Benjamini-Hochberg FDR is computed at dataset level on external_dataset_level_decisions.csv for primary eligible in-regime rows only. Primary alpha=0.05; secondary sensitivity alpha=0.1.",0,TRUE,TRUE,TRUE,TRUE,"V5_audit_ready","Pre-registered empirical profile gate: bounded/proportion by hint/domain; zero-inflated/count by hint/domain; normal_like when abs(skew)<=0.50 and excess_kurtosis<=1.00; heavy_tail_symmetric when abs(skew)<=1.00 and excess_kurtosis>3.00; lognormal_like when skew>1.00 with positive support; weibull_like when skew>0.50 with positive support; otherwise empirical_unknown.","profile_preregistered","01_results_basic contains compact final results; 02_reports contains generated report files; 03_audit_ready contains full provenance, decisions, oracle audit, and split CSVs; 98_discarded_nonfinal is reserved for obsolete or nonfinal byproducts; 99_recovery_logs contains downloads, checkpoints, temporary recovery outputs, and logs."
"RD_fpp2_calls_auto__depth_bootstrap_full","rdatasets_fpp2","empirical_public","normal_like","TAX-Q1R010","normal","locked_unseen_similar",3,3,0,0,FALSE,"",TRUE,TRUE,TRUE,1,"mean",47.5976956853687,74.4934679544913,69.7772751792534,83.8160251969024,0,NA,"strong_win","ci_confirmed","eligible / in_regime / primary_preregistered / strong_win / ci_confirmed",0,"primary eligible in-regime dataset-level rows only","Benjamini-Hochberg FDR is computed at dataset level on external_dataset_level_decisions.csv for primary eligible in-regime rows only. Primary alpha=0.05; secondary sensitivity alpha=0.1.",0,TRUE,TRUE,TRUE,TRUE,"V5_audit_ready","Pre-registered empirical profile gate: bounded/proportion by hint/domain; zero-inflated/count by hint/domain; normal_like when abs(skew)<=0.50 and excess_kurtosis<=1.00; heavy_tail_symmetric when abs(skew)<=1.00 and excess_kurtosis>3.00; lognormal_like when skew>1.00 with positive support; weibull_like when skew>0.50 with positive support; otherwise empirical_unknown.","profile_preregistered","01_results_basic contains compact final results; 02_reports contains generated report files; 03_audit_ready contains full provenance, decisions, oracle audit, and split CSVs; 98_discarded_nonfinal is reserved for obsolete or nonfinal byproducts; 99_recovery_logs contains downloads, checkpoints, temporary recovery outputs, and logs."
"RD_fpp2_calls_auto__depth_bootstrap_full","rdatasets_fpp2","empirical_public","normal_like","TAX-Q1R010","normal","original_regime",36,36,0,0,FALSE,"",TRUE,TRUE,TRUE,2,"mean",50.6571196449555,82.4663618425955,77.9136451898366,89.9230898572133,0,NA,"strong_win","ci_confirmed","eligible / in_regime / primary_preregistered / strong_win / ci_confirmed",0,"primary eligible in-regime dataset-level rows only","Benjamini-Hochberg FDR is computed at dataset level on external_dataset_level_decisions.csv for primary eligible in-regime rows only. Primary alpha=0.05; secondary sensitivity alpha=0.1.",0,TRUE,TRUE,TRUE,TRUE,"V5_audit_ready","Pre-registered empirical profile gate: bounded/proportion by hint/domain; zero-inflated/count by hint/domain; normal_like when abs(skew)<=0.50 and excess_kurtosis<=1.00; heavy_tail_symmetric when abs(skew)<=1.00 and excess_kurtosis>3.00; lognormal_like when skew>1.00 with positive support; weibull_like when skew>0.50 with positive support; otherwise empirical_unknown.","profile_preregistered","01_results_basic contains compact final results; 02_reports contains generated report files; 03_audit_ready contains full provenance, decisions, oracle audit, and split CSVs; 98_discarded_nonfinal is reserved for obsolete or nonfinal byproducts; 99_recovery_logs contains downloads, checkpoints, temporary recovery outputs, and logs."
"RD_fpp2_calls_auto__depth_bootstrap_full","rdatasets_fpp2","empirical_public","normal_like","TAX-Q1R017","normal","original_regime",2,2,0,0,FALSE,"",TRUE,TRUE,TRUE,2,"mean",2.60522342076365,8.84325036147376,5.22360389847602,12.0256948984502,0,NA,"strong_win","ci_confirmed","eligible / in_regime / primary_preregistered / strong_win / ci_confirmed",0,"primary eligible in-regime dataset-level rows only","Benjamini-Hochberg FDR is computed at dataset level on external_dataset_level_decisions.csv for primary eligible in-regime rows only. Primary alpha=0.05; secondary sensitivity alpha=0.1.",0,TRUE,TRUE,TRUE,TRUE,"V5_audit_ready","Pre-registered empirical profile gate: bounded/proportion by hint/domain; zero-inflated/count by hint/domain; normal_like when abs(skew)<=0.50 and excess_kurtosis<=1.00; heavy_tail_symmetric when abs(skew)<=1.00 and excess_kurtosis>3.00; lognormal_like when skew>1.00 with positive support; weibull_like when skew>0.50 with positive support; otherwise empirical_unknown.","profile_preregistered","01_results_basic contains compact final results; 02_reports contains generated report files; 03_audit_ready contains full provenance, decisions, oracle audit, and split CSVs; 98_discarded_nonfinal is reserved for obsolete or nonfinal byproducts; 99_recovery_logs contains downloads, checkpoints, temporary recovery outputs, and logs."
"RD_fpp2_calls_auto__depth_bootstrap_full","rdatasets_fpp2","empirical_public","normal_like","TAX-Q1R023","normal","original_regime",6,6,0,0,FALSE,"",TRUE,TRUE,TRUE,2,"mean",31.2840472630934,45.183467749564,36.228895507782,50.5608707384256,0,NA,"strong_win","ci_confirmed","eligible / in_regime / primary_preregistered / strong_win / ci_confirmed",0,"primary eligible in-regime dataset-level rows only","Benjamini-Hochberg FDR is computed at dataset level on external_dataset_level_decisions.csv for primary eligible in-regime rows only. Primary alpha=0.05; secondary sensitivity alpha=0.1.",0,TRUE,TRUE,TRUE,TRUE,"V5_audit_ready","Pre-registered empirical profile gate: bounded/proportion by hint/domain; zero-inflated/count by hint/domain; normal_like when abs(skew)<=0.50 and excess_kurtosis<=1.00; heavy_tail_symmetric when abs(skew)<=1.00 and excess_kurtosis>3.00; lognormal_like when skew>1.00 with positive support; weibull_like when skew>0.50 with positive support; otherwise empirical_unknown.","profile_preregistered","01_results_basic contains compact final results; 02_reports contains generated report files; 03_audit_ready contains full provenance, decisions, oracle audit, and split CSVs; 98_discarded_nonfinal is reserved for obsolete or nonfinal byproducts; 99_recovery_logs contains downloads, checkpoints, temporary recovery outputs, and logs."
"RD_fpp2_calls_auto__depth_bootstrap_full","rdatasets_fpp2","empirical_public","normal_like","TAX-Q1R024","normal","original_regime",2,2,0,0,FALSE,"",TRUE,TRUE,TRUE,2,"mean",2.75393351982317,9.86456034678032,5.05004273879277,14.3599180955469,0,NA,"strong_win","ci_confirmed","eligible / in_regime / primary_preregistered / strong_win / ci_confirmed",0,"primary eligible in-regime dataset-level rows only","Benjamini-Hochberg FDR is computed at dataset level on external_dataset_level_decisions.csv for primary eligible in-regime rows only. Primary alpha=0.05; secondary sensitivity alpha=0.1.",0,TRUE,TRUE,TRUE,TRUE,"V5_audit_ready","Pre-registered empirical profile gate: bounded/proportion by hint/domain; zero-inflated/count by hint/domain; normal_like when abs(skew)<=0.50 and excess_kurtosis<=1.00; heavy_tail_symmetric when abs(skew)<=1.00 and excess_kurtosis>3.00; lognormal_like when skew>1.00 with positive support; weibull_like when skew>0.50 with positive support; otherwise empirical_unknown.","profile_preregistered","01_results_basic contains compact final results; 02_reports contains generated report files; 03_audit_ready contains full provenance, decisions, oracle audit, and split CSVs; 98_discarded_nonfinal is reserved for obsolete or nonfinal byproducts; 99_recovery_logs contains downloads, checkpoints, temporary recovery outputs, and logs."
"RD_fpp2_calls_auto__depth_bootstrap_full","rdatasets_fpp2","empirical_public","normal_like","TAX-Q1R025","normal","original_regime",6,6,0,0,FALSE,"",TRUE,TRUE,TRUE,2,"mean",31.3693043077408,42.9538373477072,37.4699129614786,50.8226364993204,0,NA,"strong_win","ci_confirmed","eligible / in_regime / primary_preregistered / strong_win / ci_confirmed",0,"primary eligible in-regime dataset-level rows only","Benjamini-Hochberg FDR is computed at dataset level on external_dataset_level_decisions.csv for primary eligible in-regime rows only. Primary alpha=0.05; secondary sensitivity alpha=0.1.",0,TRUE,TRUE,TRUE,TRUE,"V5_audit_ready","Pre-registered empirical profile gate: bounded/proportion by hint/domain; zero-inflated/count by hint/domain; normal_like when abs(skew)<=0.50 and excess_kurtosis<=1.00; heavy_tail_symmetric when abs(skew)<=1.00 and excess_kurtosis>3.00; lognormal_like when skew>1.00 with positive support; weibull_like when skew>0.50 with positive support; otherwise empirical_unknown.","profile_preregistered","01_results_basic contains compact final results; 02_reports contains generated report files; 03_audit_ready contains full provenance, decisions, oracle audit, and split CSVs; 98_discarded_nonfinal is reserved for obsolete or nonfinal byproducts; 99_recovery_logs contains downloads, checkpoints, temporary recovery outputs, and logs."
"RD_fpp2_calls_auto__depth_upper_tail_enriched","rdatasets_fpp2","empirical_public","normal_like","TAX-Q1R010","normal","locked_unseen_similar",3,3,0,0,FALSE,"",TRUE,TRUE,TRUE,2,"mean",9.57587025855071,10.4538554568365,5.76319583176412,16.5505703025492,0,NA,"strong_win","ci_confirmed","eligible / in_regime / primary_preregistered / strong_win / ci_confirmed",0,"primary eligible in-regime dataset-level rows only","Benjamini-Hochberg FDR is computed at dataset level on external_dataset_level_decisions.csv for primary eligible in-regime rows only. Primary alpha=0.05; secondary sensitivity alpha=0.1.",0,TRUE,TRUE,TRUE,TRUE,"V5_audit_ready","Pre-registered empirical profile gate: bounded/proportion by hint/domain; zero-inflated/count by hint/domain; normal_like when abs(skew)<=0.50 and excess_kurtosis<=1.00; heavy_tail_symmetric when abs(skew)<=1.00 and excess_kurtosis>3.00; lognormal_like when skew>1.00 with positive support; weibull_like when skew>0.50 with positive support; otherwise empirical_unknown.","profile_preregistered","01_results_basic contains compact final results; 02_reports contains generated report files; 03_audit_ready contains full provenance, decisions, oracle audit, and split CSVs; 98_discarded_nonfinal is reserved for obsolete or nonfinal byproducts; 99_recovery_logs contains downloads, checkpoints, temporary recovery outputs, and logs."
"RD_fpp2_calls_auto__depth_upper_tail_enriched","rdatasets_fpp2","empirical_public","normal_like","TAX-Q1R023","normal","original_regime",6,6,0,0,FALSE,"",TRUE,TRUE,TRUE,6,"mean",16.6235800245678,21.4984159212332,17.0504395744133,23.173484188845,0,NA,"strong_win","ci_confirmed","eligible / in_regime / primary_preregistered / strong_win / ci_confirmed",0,"primary eligible in-regime dataset-level rows only","Benjamini-Hochberg FDR is computed at dataset level on external_dataset_level_decisions.csv for primary eligible in-regime rows only. Primary alpha=0.05; secondary sensitivity alpha=0.1.",0,TRUE,TRUE,TRUE,TRUE,"V5_audit_ready","Pre-registered empirical profile gate: bounded/proportion by hint/domain; zero-inflated/count by hint/domain; normal_like when abs(skew)<=0.50 and excess_kurtosis<=1.00; heavy_tail_symmetric when abs(skew)<=1.00 and excess_kurtosis>3.00; lognormal_like when skew>1.00 with positive support; weibull_like when skew>0.50 with positive support; otherwise empirical_unknown.","profile_preregistered","01_results_basic contains compact final results; 02_reports contains generated report files; 03_audit_ready contains full provenance, decisions, oracle audit, and split CSVs; 98_discarded_nonfinal is reserved for obsolete or nonfinal byproducts; 99_recovery_logs contains downloads, checkpoints, temporary recovery outputs, and logs."
"RD_fpp2_calls_auto__depth_upper_tail_enriched","rdatasets_fpp2","empirical_public","normal_like","TAX-Q1R025","normal","original_regime",6,6,0,0,FALSE,"",TRUE,TRUE,TRUE,6,"mean",16.6329744287092,20.1318004075435,17.6746892436386,23.3799913422201,0,NA,"strong_win","ci_confirmed","eligible / in_regime / primary_preregistered / strong_win / ci_confirmed",0,"primary eligible in-regime dataset-level rows only","Benjamini-Hochberg FDR is computed at dataset level on external_dataset_level_decisions.csv for primary eligible in-regime rows only. Primary alpha=0.05; secondary sensitivity alpha=0.1.",0,TRUE,TRUE,TRUE,TRUE,"V5_audit_ready","Pre-registered empirical profile gate: bounded/proportion by hint/domain; zero-inflated/count by hint/domain; normal_like when abs(skew)<=0.50 and excess_kurtosis<=1.00; heavy_tail_symmetric when abs(skew)<=1.00 and excess_kurtosis>3.00; lognormal_like when skew>1.00 with positive support; weibull_like when skew>0.50 with positive support; otherwise empirical_unknown.","profile_preregistered","01_results_basic contains compact final results; 02_reports contains generated report files; 03_audit_ready contains full provenance, decisions, oracle audit, and split CSVs; 98_discarded_nonfinal is reserved for obsolete or nonfinal byproducts; 99_recovery_logs contains downloads, checkpoints, temporary recovery outputs, and logs."
"RD_fpp2_calls_auto","rdatasets_fpp2","empirical_public","normal_like","TAX-Q1R010","normal","original_regime",10,10,10,10,TRUE,"",TRUE,TRUE,TRUE,8,"mean",77.1754996571174,116.200336061005,108.623008438992,121.170516817133,0,0,"strong_win","ci_confirmed","eligible / in_regime / primary_preregistered / strong_win / ci_confirmed",0,"primary eligible in-regime dataset-level rows only","Benjamini-Hochberg FDR is computed at dataset level on external_dataset_level_decisions.csv for primary eligible in-regime rows only. Primary alpha=0.05; secondary sensitivity alpha=0.1.",0,TRUE,TRUE,TRUE,TRUE,"V5_audit_ready","Pre-registered empirical profile gate: bounded/proportion by hint/domain; zero-inflated/count by hint/domain; normal_like when abs(skew)<=0.50 and excess_kurtosis<=1.00; heavy_tail_symmetric when abs(skew)<=1.00 and excess_kurtosis>3.00; lognormal_like when skew>1.00 with positive support; weibull_like when skew>0.50 with positive support; otherwise empirical_unknown.","profile_preregistered","01_results_basic contains compact final results; 02_reports contains generated report files; 03_audit_ready contains full provenance, decisions, oracle audit, and split CSVs; 98_discarded_nonfinal is reserved for obsolete or nonfinal byproducts; 99_recovery_logs contains downloads, checkpoints, temporary recovery outputs, and logs."
"RD_gt_pizzaplace_auto__depth_bootstrap_full","rdatasets_gt","empirical_public","normal_like","TAX-Q1R010","normal","locked_unseen_similar",3,3,0,0,FALSE,"",TRUE,TRUE,TRUE,1,"mean",2.22534805406064,3.02851433224148,2.93131539178605,3.06146805888053,0,NA,"strong_win","ci_confirmed","eligible / in_regime / primary_preregistered / strong_win / ci_confirmed",0,"primary eligible in-regime dataset-level rows only","Benjamini-Hochberg FDR is computed at dataset level on external_dataset_level_decisions.csv for primary eligible in-regime rows only. Primary alpha=0.05; secondary sensitivity alpha=0.1.",0,TRUE,TRUE,TRUE,TRUE,"V5_audit_ready","Pre-registered empirical profile gate: bounded/proportion by hint/domain; zero-inflated/count by hint/domain; normal_like when abs(skew)<=0.50 and excess_kurtosis<=1.00; heavy_tail_symmetric when abs(skew)<=1.00 and excess_kurtosis>3.00; lognormal_like when skew>1.00 with positive support; weibull_like when skew>0.50 with positive support; otherwise empirical_unknown.","profile_preregistered","01_results_basic contains compact final results; 02_reports contains generated report files; 03_audit_ready contains full provenance, decisions, oracle audit, and split CSVs; 98_discarded_nonfinal is reserved for obsolete or nonfinal byproducts; 99_recovery_logs contains downloads, checkpoints, temporary recovery outputs, and logs."
"RD_gt_pizzaplace_auto__depth_bootstrap_full","rdatasets_gt","empirical_public","normal_like","TAX-Q1R010","normal","original_regime",36,36,0,0,FALSE,"",TRUE,TRUE,TRUE,10,"mean",2.24089584513488,3.03258515393056,2.94438330304457,3.07187004045391,0,NA,"strong_win","ci_confirmed","eligible / in_regime / primary_preregistered / strong_win / ci_confirmed",0,"primary eligible in-regime dataset-level rows only","Benjamini-Hochberg FDR is computed at dataset level on external_dataset_level_decisions.csv for primary eligible in-regime rows only. Primary alpha=0.05; secondary sensitivity alpha=0.1.",0,TRUE,TRUE,TRUE,TRUE,"V5_audit_ready","Pre-registered empirical profile gate: bounded/proportion by hint/domain; zero-inflated/count by hint/domain; normal_like when abs(skew)<=0.50 and excess_kurtosis<=1.00; heavy_tail_symmetric when abs(skew)<=1.00 and excess_kurtosis>3.00; lognormal_like when skew>1.00 with positive support; weibull_like when skew>0.50 with positive support; otherwise empirical_unknown.","profile_preregistered","01_results_basic contains compact final results; 02_reports contains generated report files; 03_audit_ready contains full provenance, decisions, oracle audit, and split CSVs; 98_discarded_nonfinal is reserved for obsolete or nonfinal byproducts; 99_recovery_logs contains downloads, checkpoints, temporary recovery outputs, and logs."
"RD_gt_pizzaplace_auto__depth_bootstrap_full","rdatasets_gt","empirical_public","normal_like","TAX-Q1R016","normal","locked_unseen_similar",2,2,0,0,FALSE,"",TRUE,TRUE,TRUE,2,"mean",0.0247419087029601,0.0534866611355556,0.0517149369764045,0.0588116780748493,0,NA,"strong_win","ci_confirmed","eligible / in_regime / primary_preregistered / strong_win / ci_confirmed",0,"primary eligible in-regime dataset-level rows only","Benjamini-Hochberg FDR is computed at dataset level on external_dataset_level_decisions.csv for primary eligible in-regime rows only. Primary alpha=0.05; secondary sensitivity alpha=0.1.",0,TRUE,TRUE,TRUE,TRUE,"V5_audit_ready","Pre-registered empirical profile gate: bounded/proportion by hint/domain; zero-inflated/count by hint/domain; normal_like when abs(skew)<=0.50 and excess_kurtosis<=1.00; heavy_tail_symmetric when abs(skew)<=1.00 and excess_kurtosis>3.00; lognormal_like when skew>1.00 with positive support; weibull_like when skew>0.50 with positive support; otherwise empirical_unknown.","profile_preregistered","01_results_basic contains compact final results; 02_reports contains generated report files; 03_audit_ready contains full provenance, decisions, oracle audit, and split CSVs; 98_discarded_nonfinal is reserved for obsolete or nonfinal byproducts; 99_recovery_logs contains downloads, checkpoints, temporary recovery outputs, and logs."
"RD_gt_pizzaplace_auto__depth_bootstrap_full","rdatasets_gt","empirical_public","normal_like","TAX-Q1R016","normal","original_regime",2,2,0,0,FALSE,"",TRUE,TRUE,TRUE,1,"mean",0.10459117559176,0.227150671036034,0.21094503597946,0.240832401796722,0,NA,"strong_win","ci_confirmed","eligible / in_regime / primary_preregistered / strong_win / ci_confirmed",0,"primary eligible in-regime dataset-level rows only","Benjamini-Hochberg FDR is computed at dataset level on external_dataset_level_decisions.csv for primary eligible in-regime rows only. Primary alpha=0.05; secondary sensitivity alpha=0.1.",0,TRUE,TRUE,TRUE,TRUE,"V5_audit_ready","Pre-registered empirical profile gate: bounded/proportion by hint/domain; zero-inflated/count by hint/domain; normal_like when abs(skew)<=0.50 and excess_kurtosis<=1.00; heavy_tail_symmetric when abs(skew)<=1.00 and excess_kurtosis>3.00; lognormal_like when skew>1.00 with positive support; weibull_like when skew>0.50 with positive support; otherwise empirical_unknown.","profile_preregistered","01_results_basic contains compact final results; 02_reports contains generated report files; 03_audit_ready contains full provenance, decisions, oracle audit, and split CSVs; 98_discarded_nonfinal is reserved for obsolete or nonfinal byproducts; 99_recovery_logs contains downloads, checkpoints, temporary recovery outputs, and logs."
"RD_gt_pizzaplace_auto__depth_bootstrap_full","rdatasets_gt","empirical_public","normal_like","TAX-Q1R017","normal","locked_unseen_similar",2,2,0,0,FALSE,"",TRUE,TRUE,TRUE,1,"mean",0.0413271362998534,0.126289373834617,0.102526193906285,0.140616707975408,0,NA,"strong_win","ci_confirmed","eligible / in_regime / primary_preregistered / strong_win / ci_confirmed",0,"primary eligible in-regime dataset-level rows only","Benjamini-Hochberg FDR is computed at dataset level on external_dataset_level_decisions.csv for primary eligible in-regime rows only. Primary alpha=0.05; secondary sensitivity alpha=0.1.",0,TRUE,TRUE,TRUE,TRUE,"V5_audit_ready","Pre-registered empirical profile gate: bounded/proportion by hint/domain; zero-inflated/count by hint/domain; normal_like when abs(skew)<=0.50 and excess_kurtosis<=1.00; heavy_tail_symmetric when abs(skew)<=1.00 and excess_kurtosis>3.00; lognormal_like when skew>1.00 with positive support; weibull_like when skew>0.50 with positive support; otherwise empirical_unknown.","profile_preregistered","01_results_basic contains compact final results; 02_reports contains generated report files; 03_audit_ready contains full provenance, decisions, oracle audit, and split CSVs; 98_discarded_nonfinal is reserved for obsolete or nonfinal byproducts; 99_recovery_logs contains downloads, checkpoints, temporary recovery outputs, and logs."
"RD_gt_pizzaplace_auto__depth_bootstrap_full","rdatasets_gt","empirical_public","normal_like","TAX-Q1R017","normal","original_regime",2,2,0,0,FALSE,"",TRUE,TRUE,TRUE,1,"mean",0.140173684434646,0.34748981367435,0.311572554443874,0.380461954145036,0,NA,"strong_win","ci_confirmed","eligible / in_regime / primary_preregistered / strong_win / ci_confirmed",0,"primary eligible in-regime dataset-level rows only","Benjamini-Hochberg FDR is computed at dataset level on external_dataset_level_decisions.csv for primary eligible in-regime rows only. Primary alpha=0.05; secondary sensitivity alpha=0.1.",0,TRUE,TRUE,TRUE,TRUE,"V5_audit_ready","Pre-registered empirical profile gate: bounded/proportion by hint/domain; zero-inflated/count by hint/domain; normal_like when abs(skew)<=0.50 and excess_kurtosis<=1.00; heavy_tail_symmetric when abs(skew)<=1.00 and excess_kurtosis>3.00; lognormal_like when skew>1.00 with positive support; weibull_like when skew>0.50 with positive support; otherwise empirical_unknown.","profile_preregistered","01_results_basic contains compact final results; 02_reports contains generated report files; 03_audit_ready contains full provenance, decisions, oracle audit, and split CSVs; 98_discarded_nonfinal is reserved for obsolete or nonfinal byproducts; 99_recovery_logs contains downloads, checkpoints, temporary recovery outputs, and logs."
"RD_gt_pizzaplace_auto__depth_bootstrap_full","rdatasets_gt","empirical_public","normal_like","TAX-Q1R023","normal","locked_unseen_similar",3,3,0,0,FALSE,"",TRUE,TRUE,TRUE,1,"mean",0.136803966986527,0.320798415364346,0.298232356072001,0.355962422409843,0,NA,"strong_win","ci_confirmed","eligible / in_regime / primary_preregistered / strong_win / ci_confirmed",0,"primary eligible in-regime dataset-level rows only","Benjamini-Hochberg FDR is computed at dataset level on external_dataset_level_decisions.csv for primary eligible in-regime rows only. Primary alpha=0.05; secondary sensitivity alpha=0.1.",0,TRUE,TRUE,TRUE,TRUE,"V5_audit_ready","Pre-registered empirical profile gate: bounded/proportion by hint/domain; zero-inflated/count by hint/domain; normal_like when abs(skew)<=0.50 and excess_kurtosis<=1.00; heavy_tail_symmetric when abs(skew)<=1.00 and excess_kurtosis>3.00; lognormal_like when skew>1.00 with positive support; weibull_like when skew>0.50 with positive support; otherwise empirical_unknown.","profile_preregistered","01_results_basic contains compact final results; 02_reports contains generated report files; 03_audit_ready contains full provenance, decisions, oracle audit, and split CSVs; 98_discarded_nonfinal is reserved for obsolete or nonfinal byproducts; 99_recovery_logs contains downloads, checkpoints, temporary recovery outputs, and logs."
"RD_gt_pizzaplace_auto__depth_bootstrap_full","rdatasets_gt","empirical_public","normal_like","TAX-Q1R023","normal","original_regime",6,6,0,0,FALSE,"",TRUE,TRUE,TRUE,2,"mean",2.19491598440264,3.0179960583551,2.93390018189893,3.13105548427506,0,NA,"strong_win","ci_confirmed","eligible / in_regime / primary_preregistered / strong_win / ci_confirmed",0,"primary eligible in-regime dataset-level rows only","Benjamini-Hochberg FDR is computed at dataset level on external_dataset_level_decisions.csv for primary eligible in-regime rows only. Primary alpha=0.05; secondary sensitivity alpha=0.1.",0,TRUE,TRUE,TRUE,TRUE,"V5_audit_ready","Pre-registered empirical profile gate: bounded/proportion by hint/domain; zero-inflated/count by hint/domain; normal_like when abs(skew)<=0.50 and excess_kurtosis<=1.00; heavy_tail_symmetric when abs(skew)<=1.00 and excess_kurtosis>3.00; lognormal_like when skew>1.00 with positive support; weibull_like when skew>0.50 with positive support; otherwise empirical_unknown.","profile_preregistered","01_results_basic contains compact final results; 02_reports contains generated report files; 03_audit_ready contains full provenance, decisions, oracle audit, and split CSVs; 98_discarded_nonfinal is reserved for obsolete or nonfinal byproducts; 99_recovery_logs contains downloads, checkpoints, temporary recovery outputs, and logs."
"RD_gt_pizzaplace_auto__depth_bootstrap_full","rdatasets_gt","empirical_public","normal_like","TAX-Q1R024","normal","locked_unseen_similar",2,2,0,0,FALSE,"",TRUE,TRUE,TRUE,1,"mean",0.0339994184312302,0.125241773083805,0.098889524247636,0.140030934276956,0,NA,"strong_win","ci_confirmed","eligible / in_regime / primary_preregistered / strong_win / ci_confirmed",0,"primary eligible in-regime dataset-level rows only","Benjamini-Hochberg FDR is computed at dataset level on external_dataset_level_decisions.csv for primary eligible in-regime rows only. Primary alpha=0.05; secondary sensitivity alpha=0.1.",0,TRUE,TRUE,TRUE,TRUE,"V5_audit_ready","Pre-registered empirical profile gate: bounded/proportion by hint/domain; zero-inflated/count by hint/domain; normal_like when abs(skew)<=0.50 and excess_kurtosis<=1.00; heavy_tail_symmetric when abs(skew)<=1.00 and excess_kurtosis>3.00; lognormal_like when skew>1.00 with positive support; weibull_like when skew>0.50 with positive support; otherwise empirical_unknown.","profile_preregistered","01_results_basic contains compact final results; 02_reports contains generated report files; 03_audit_ready contains full provenance, decisions, oracle audit, and split CSVs; 98_discarded_nonfinal is reserved for obsolete or nonfinal byproducts; 99_recovery_logs contains downloads, checkpoints, temporary recovery outputs, and logs."
"RD_gt_pizzaplace_auto__depth_bootstrap_full","rdatasets_gt","empirical_public","normal_like","TAX-Q1R024","normal","original_regime",2,2,0,0,FALSE,"",TRUE,TRUE,TRUE,1,"mean",0.143902382669692,0.34238013510204,0.315115416478875,0.371462611880474,0,NA,"strong_win","ci_confirmed","eligible / in_regime / primary_preregistered / strong_win / ci_confirmed",0,"primary eligible in-regime dataset-level rows only","Benjamini-Hochberg FDR is computed at dataset level on external_dataset_level_decisions.csv for primary eligible in-regime rows only. Primary alpha=0.05; secondary sensitivity alpha=0.1.",0,TRUE,TRUE,TRUE,TRUE,"V5_audit_ready","Pre-registered empirical profile gate: bounded/proportion by hint/domain; zero-inflated/count by hint/domain; normal_like when abs(skew)<=0.50 and excess_kurtosis<=1.00; heavy_tail_symmetric when abs(skew)<=1.00 and excess_kurtosis>3.00; lognormal_like when skew>1.00 with positive support; weibull_like when skew>0.50 with positive support; otherwise empirical_unknown.","profile_preregistered","01_results_basic contains compact final results; 02_reports contains generated report files; 03_audit_ready contains full provenance, decisions, oracle audit, and split CSVs; 98_discarded_nonfinal is reserved for obsolete or nonfinal byproducts; 99_recovery_logs contains downloads, checkpoints, temporary recovery outputs, and logs."
"RD_gt_pizzaplace_auto__depth_bootstrap_full","rdatasets_gt","empirical_public","normal_like","TAX-Q1R025","normal","locked_unseen_similar",3,3,0,0,FALSE,"",TRUE,TRUE,TRUE,1,"mean",0.132946634218398,0.310923699540273,0.286167058101758,0.336442955178806,0,NA,"strong_win","ci_confirmed","eligible / in_regime / primary_preregistered / strong_win / ci_confirmed",0,"primary eligible in-regime dataset-level rows only","Benjamini-Hochberg FDR is computed at dataset level on external_dataset_level_decisions.csv for primary eligible in-regime rows only. Primary alpha=0.05; secondary sensitivity alpha=0.1.",0,TRUE,TRUE,TRUE,TRUE,"V5_audit_ready","Pre-registered empirical profile gate: bounded/proportion by hint/domain; zero-inflated/count by hint/domain; normal_like when abs(skew)<=0.50 and excess_kurtosis<=1.00; heavy_tail_symmetric when abs(skew)<=1.00 and excess_kurtosis>3.00; lognormal_like when skew>1.00 with positive support; weibull_like when skew>0.50 with positive support; otherwise empirical_unknown.","profile_preregistered","01_results_basic contains compact final results; 02_reports contains generated report files; 03_audit_ready contains full provenance, decisions, oracle audit, and split CSVs; 98_discarded_nonfinal is reserved for obsolete or nonfinal byproducts; 99_recovery_logs contains downloads, checkpoints, temporary recovery outputs, and logs."
"RD_gt_pizzaplace_auto__depth_bootstrap_full","rdatasets_gt","empirical_public","normal_like","TAX-Q1R025","normal","original_regime",6,6,0,0,FALSE,"",TRUE,TRUE,TRUE,2,"mean",2.19083559515947,2.95097958003067,2.90528981773592,3.01931561925897,0,NA,"strong_win","ci_confirmed","eligible / in_regime / primary_preregistered / strong_win / ci_confirmed",0,"primary eligible in-regime dataset-level rows only","Benjamini-Hochberg FDR is computed at dataset level on external_dataset_level_decisions.csv for primary eligible in-regime rows only. Primary alpha=0.05; secondary sensitivity alpha=0.1.",0,TRUE,TRUE,TRUE,TRUE,"V5_audit_ready","Pre-registered empirical profile gate: bounded/proportion by hint/domain; zero-inflated/count by hint/domain; normal_like when abs(skew)<=0.50 and excess_kurtosis<=1.00; heavy_tail_symmetric when abs(skew)<=1.00 and excess_kurtosis>3.00; lognormal_like when skew>1.00 with positive support; weibull_like when skew>0.50 with positive support; otherwise empirical_unknown.","profile_preregistered","01_results_basic contains compact final results; 02_reports contains generated report files; 03_audit_ready contains full provenance, decisions, oracle audit, and split CSVs; 98_discarded_nonfinal is reserved for obsolete or nonfinal byproducts; 99_recovery_logs contains downloads, checkpoints, temporary recovery outputs, and logs."
"RD_gt_pizzaplace_auto__depth_upper_tail_enriched","rdatasets_gt","empirical_public","normal_like","TAX-Q1R010","normal","locked_unseen_similar",3,3,0,0,FALSE,"",TRUE,TRUE,TRUE,1,"mean",3.17238098445456,4.02311669514609,3.92760463379583,4.05678693269059,0,NA,"strong_win","ci_confirmed","eligible / in_regime / primary_preregistered / strong_win / ci_confirmed",0,"primary eligible in-regime dataset-level rows only","Benjamini-Hochberg FDR is computed at dataset level on external_dataset_level_decisions.csv for primary eligible in-regime rows only. Primary alpha=0.05; secondary sensitivity alpha=0.1.",0,TRUE,TRUE,TRUE,TRUE,"V5_audit_ready","Pre-registered empirical profile gate: bounded/proportion by hint/domain; zero-inflated/count by hint/domain; normal_like when abs(skew)<=0.50 and excess_kurtosis<=1.00; heavy_tail_symmetric when abs(skew)<=1.00 and excess_kurtosis>3.00; lognormal_like when skew>1.00 with positive support; weibull_like when skew>0.50 with positive support; otherwise empirical_unknown.","profile_preregistered","01_results_basic contains compact final results; 02_reports contains generated report files; 03_audit_ready contains full provenance, decisions, oracle audit, and split CSVs; 98_discarded_nonfinal is reserved for obsolete or nonfinal byproducts; 99_recovery_logs contains downloads, checkpoints, temporary recovery outputs, and logs."
"RD_gt_pizzaplace_auto__depth_upper_tail_enriched","rdatasets_gt","empirical_public","normal_like","TAX-Q1R010","normal","original_regime",36,36,0,0,FALSE,"",TRUE,TRUE,TRUE,6,"mean",4.68797258043968,5.72217039809772,5.65854869525764,5.83229480608731,0,NA,"strong_win","ci_confirmed","eligible / in_regime / primary_preregistered / strong_win / ci_confirmed",0,"primary eligible in-regime dataset-level rows only","Benjamini-Hochberg FDR is computed at dataset level on external_dataset_level_decisions.csv for primary eligible in-regime rows only. Primary alpha=0.05; secondary sensitivity alpha=0.1.",0,TRUE,TRUE,TRUE,TRUE,"V5_audit_ready","Pre-registered empirical profile gate: bounded/proportion by hint/domain; zero-inflated/count by hint/domain; normal_like when abs(skew)<=0.50 and excess_kurtosis<=1.00; heavy_tail_symmetric when abs(skew)<=1.00 and excess_kurtosis>3.00; lognormal_like when skew>1.00 with positive support; weibull_like when skew>0.50 with positive support; otherwise empirical_unknown.","profile_preregistered","01_results_basic contains compact final results; 02_reports contains generated report files; 03_audit_ready contains full provenance, decisions, oracle audit, and split CSVs; 98_discarded_nonfinal is reserved for obsolete or nonfinal byproducts; 99_recovery_logs contains downloads, checkpoints, temporary recovery outputs, and logs."
"RD_gt_pizzaplace_auto__depth_upper_tail_enriched","rdatasets_gt","empirical_public","normal_like","TAX-Q1R016","normal","locked_unseen_similar",2,2,0,0,FALSE,"",TRUE,TRUE,TRUE,2,"mean",0.0157737263166138,0.0324695102186751,0.027620480681678,0.0412081160378744,0,NA,"strong_win","ci_confirmed","eligible / in_regime / primary_preregistered / strong_win / ci_confirmed",0,"primary eligible in-regime dataset-level rows only","Benjamini-Hochberg FDR is computed at dataset level on external_dataset_level_decisions.csv for primary eligible in-regime rows only. Primary alpha=0.05; secondary sensitivity alpha=0.1.",0,TRUE,TRUE,TRUE,TRUE,"V5_audit_ready","Pre-registered empirical profile gate: bounded/proportion by hint/domain; zero-inflated/count by hint/domain; normal_like when abs(skew)<=0.50 and excess_kurtosis<=1.00; heavy_tail_symmetric when abs(skew)<=1.00 and excess_kurtosis>3.00; lognormal_like when skew>1.00 with positive support; weibull_like when skew>0.50 with positive support; otherwise empirical_unknown.","profile_preregistered","01_results_basic contains compact final results; 02_reports contains generated report files; 03_audit_ready contains full provenance, decisions, oracle audit, and split CSVs; 98_discarded_nonfinal is reserved for obsolete or nonfinal byproducts; 99_recovery_logs contains downloads, checkpoints, temporary recovery outputs, and logs."
"RD_gt_pizzaplace_auto__depth_upper_tail_enriched","rdatasets_gt","empirical_public","normal_like","TAX-Q1R016","normal","original_regime",2,2,0,0,FALSE,"",TRUE,TRUE,TRUE,1,"mean",0.0846972963909056,0.185254493151835,0.158346514794353,0.19300060125262,0,NA,"strong_win","ci_confirmed","eligible / in_regime / primary_preregistered / strong_win / ci_confirmed",0,"primary eligible in-regime dataset-level rows only","Benjamini-Hochberg FDR is computed at dataset level on external_dataset_level_decisions.csv for primary eligible in-regime rows only. Primary alpha=0.05; secondary sensitivity alpha=0.1.",0,TRUE,TRUE,TRUE,TRUE,"V5_audit_ready","Pre-registered empirical profile gate: bounded/proportion by hint/domain; zero-inflated/count by hint/domain; normal_like when abs(skew)<=0.50 and excess_kurtosis<=1.00; heavy_tail_symmetric when abs(skew)<=1.00 and excess_kurtosis>3.00; lognormal_like when skew>1.00 with positive support; weibull_like when skew>0.50 with positive support; otherwise empirical_unknown.","profile_preregistered","01_results_basic contains compact final results; 02_reports contains generated report files; 03_audit_ready contains full provenance, decisions, oracle audit, and split CSVs; 98_discarded_nonfinal is reserved for obsolete or nonfinal byproducts; 99_recovery_logs contains downloads, checkpoints, temporary recovery outputs, and logs."
"RD_gt_pizzaplace_auto__depth_upper_tail_enriched","rdatasets_gt","empirical_public","normal_like","TAX-Q1R017","normal","locked_unseen_similar",2,2,0,0,FALSE,"",TRUE,TRUE,TRUE,2,"mean",0.0315021569491678,0.0864183104536744,0.0738543269850012,0.0939707100239757,0,NA,"strong_win","ci_confirmed","eligible / in_regime / primary_preregistered / strong_win / ci_confirmed",0,"primary eligible in-regime dataset-level rows only","Benjamini-Hochberg FDR is computed at dataset level on external_dataset_level_decisions.csv for primary eligible in-regime rows only. Primary alpha=0.05; secondary sensitivity alpha=0.1.",0,TRUE,TRUE,TRUE,TRUE,"V5_audit_ready","Pre-registered empirical profile gate: bounded/proportion by hint/domain; zero-inflated/count by hint/domain; normal_like when abs(skew)<=0.50 and excess_kurtosis<=1.00; heavy_tail_symmetric when abs(skew)<=1.00 and excess_kurtosis>3.00; lognormal_like when skew>1.00 with positive support; weibull_like when skew>0.50 with positive support; otherwise empirical_unknown.","profile_preregistered","01_results_basic contains compact final results; 02_reports contains generated report files; 03_audit_ready contains full provenance, decisions, oracle audit, and split CSVs; 98_discarded_nonfinal is reserved for obsolete or nonfinal byproducts; 99_recovery_logs contains downloads, checkpoints, temporary recovery outputs, and logs."
"RD_gt_pizzaplace_auto__depth_upper_tail_enriched","rdatasets_gt","empirical_public","normal_like","TAX-Q1R017","normal","original_regime",2,2,0,0,FALSE,"",TRUE,TRUE,TRUE,1,"mean",0.12889954006539,0.329734531391026,0.288668922576554,0.347514495362976,0,NA,"strong_win","ci_confirmed","eligible / in_regime / primary_preregistered / strong_win / ci_confirmed",0,"primary eligible in-regime dataset-level rows only","Benjamini-Hochberg FDR is computed at dataset level on external_dataset_level_decisions.csv for primary eligible in-regime rows only. Primary alpha=0.05; secondary sensitivity alpha=0.1.",0,TRUE,TRUE,TRUE,TRUE,"V5_audit_ready","Pre-registered empirical profile gate: bounded/proportion by hint/domain; zero-inflated/count by hint/domain; normal_like when abs(skew)<=0.50 and excess_kurtosis<=1.00; heavy_tail_symmetric when abs(skew)<=1.00 and excess_kurtosis>3.00; lognormal_like when skew>1.00 with positive support; weibull_like when skew>0.50 with positive support; otherwise empirical_unknown.","profile_preregistered","01_results_basic contains compact final results; 02_reports contains generated report files; 03_audit_ready contains full provenance, decisions, oracle audit, and split CSVs; 98_discarded_nonfinal is reserved for obsolete or nonfinal byproducts; 99_recovery_logs contains downloads, checkpoints, temporary recovery outputs, and logs."
"RD_gt_pizzaplace_auto__depth_upper_tail_enriched","rdatasets_gt","empirical_public","normal_like","TAX-Q1R023","normal","locked_unseen_similar",3,3,0,0,FALSE,"",TRUE,TRUE,TRUE,1,"mean",0.106522400188742,0.260539231401129,0.231695892102807,0.28472003770831,0,NA,"strong_win","ci_confirmed","eligible / in_regime / primary_preregistered / strong_win / ci_confirmed",0,"primary eligible in-regime dataset-level rows only","Benjamini-Hochberg FDR is computed at dataset level on external_dataset_level_decisions.csv for primary eligible in-regime rows only. Primary alpha=0.05; secondary sensitivity alpha=0.1.",0,TRUE,TRUE,TRUE,TRUE,"V5_audit_ready","Pre-registered empirical profile gate: bounded/proportion by hint/domain; zero-inflated/count by hint/domain; normal_like when abs(skew)<=0.50 and excess_kurtosis<=1.00; heavy_tail_symmetric when abs(skew)<=1.00 and excess_kurtosis>3.00; lognormal_like when skew>1.00 with positive support; weibull_like when skew>0.50 with positive support; otherwise empirical_unknown.","profile_preregistered","01_results_basic contains compact final results; 02_reports contains generated report files; 03_audit_ready contains full provenance, decisions, oracle audit, and split CSVs; 98_discarded_nonfinal is reserved for obsolete or nonfinal byproducts; 99_recovery_logs contains downloads, checkpoints, temporary recovery outputs, and logs."
"RD_gt_pizzaplace_auto__depth_upper_tail_enriched","rdatasets_gt","empirical_public","normal_like","TAX-Q1R023","normal","original_regime",6,6,0,0,FALSE,"",TRUE,TRUE,TRUE,2,"mean",3.27897570465425,4.2686670548093,4.16439690643819,4.35015156303794,0,NA,"strong_win","ci_confirmed","eligible / in_regime / primary_preregistered / strong_win / ci_confirmed",0,"primary eligible in-regime dataset-level rows only","Benjamini-Hochberg FDR is computed at dataset level on external_dataset_level_decisions.csv for primary eligible in-regime rows only. Primary alpha=0.05; secondary sensitivity alpha=0.1.",0,TRUE,TRUE,TRUE,TRUE,"V5_audit_ready","Pre-registered empirical profile gate: bounded/proportion by hint/domain; zero-inflated/count by hint/domain; normal_like when abs(skew)<=0.50 and excess_kurtosis<=1.00; heavy_tail_symmetric when abs(skew)<=1.00 and excess_kurtosis>3.00; lognormal_like when skew>1.00 with positive support; weibull_like when skew>0.50 with positive support; otherwise empirical_unknown.","profile_preregistered","01_results_basic contains compact final results; 02_reports contains generated report files; 03_audit_ready contains full provenance, decisions, oracle audit, and split CSVs; 98_discarded_nonfinal is reserved for obsolete or nonfinal byproducts; 99_recovery_logs contains downloads, checkpoints, temporary recovery outputs, and logs."
"RD_gt_pizzaplace_auto__depth_upper_tail_enriched","rdatasets_gt","empirical_public","normal_like","TAX-Q1R024","normal","locked_unseen_similar",2,2,0,0,FALSE,"",TRUE,TRUE,TRUE,1,"mean",0.0292213653752908,0.0898253246388991,0.0723650741719565,0.11262987599127,0,NA,"strong_win","ci_confirmed","eligible / in_regime / primary_preregistered / strong_win / ci_confirmed",0,"primary eligible in-regime dataset-level rows only","Benjamini-Hochberg FDR is computed at dataset level on external_dataset_level_decisions.csv for primary eligible in-regime rows only. Primary alpha=0.05; secondary sensitivity alpha=0.1.",0,TRUE,TRUE,TRUE,TRUE,"V5_audit_ready","Pre-registered empirical profile gate: bounded/proportion by hint/domain; zero-inflated/count by hint/domain; normal_like when abs(skew)<=0.50 and excess_kurtosis<=1.00; heavy_tail_symmetric when abs(skew)<=1.00 and excess_kurtosis>3.00; lognormal_like when skew>1.00 with positive support; weibull_like when skew>0.50 with positive support; otherwise empirical_unknown.","profile_preregistered","01_results_basic contains compact final results; 02_reports contains generated report files; 03_audit_ready contains full provenance, decisions, oracle audit, and split CSVs; 98_discarded_nonfinal is reserved for obsolete or nonfinal byproducts; 99_recovery_logs contains downloads, checkpoints, temporary recovery outputs, and logs."
"RD_gt_pizzaplace_auto__depth_upper_tail_enriched","rdatasets_gt","empirical_public","normal_like","TAX-Q1R024","normal","original_regime",2,2,0,0,FALSE,"",TRUE,TRUE,TRUE,1,"mean",0.118157079936046,0.283867063779669,0.238321900976391,0.308560123423117,0,NA,"strong_win","ci_confirmed","eligible / in_regime / primary_preregistered / strong_win / ci_confirmed",0,"primary eligible in-regime dataset-level rows only","Benjamini-Hochberg FDR is computed at dataset level on external_dataset_level_decisions.csv for primary eligible in-regime rows only. Primary alpha=0.05; secondary sensitivity alpha=0.1.",0,TRUE,TRUE,TRUE,TRUE,"V5_audit_ready","Pre-registered empirical profile gate: bounded/proportion by hint/domain; zero-inflated/count by hint/domain; normal_like when abs(skew)<=0.50 and excess_kurtosis<=1.00; heavy_tail_symmetric when abs(skew)<=1.00 and excess_kurtosis>3.00; lognormal_like when skew>1.00 with positive support; weibull_like when skew>0.50 with positive support; otherwise empirical_unknown.","profile_preregistered","01_results_basic contains compact final results; 02_reports contains generated report files; 03_audit_ready contains full provenance, decisions, oracle audit, and split CSVs; 98_discarded_nonfinal is reserved for obsolete or nonfinal byproducts; 99_recovery_logs contains downloads, checkpoints, temporary recovery outputs, and logs."
"RD_gt_pizzaplace_auto__depth_upper_tail_enriched","rdatasets_gt","empirical_public","normal_like","TAX-Q1R025","normal","locked_unseen_similar",3,3,0,0,FALSE,"",TRUE,TRUE,TRUE,1,"mean",0.103436073961547,0.23830818677142,0.210513587323449,0.258225664028979,0,NA,"strong_win","ci_confirmed","eligible / in_regime / primary_preregistered / strong_win / ci_confirmed",0,"primary eligible in-regime dataset-level rows only","Benjamini-Hochberg FDR is computed at dataset level on external_dataset_level_decisions.csv for primary eligible in-regime rows only. Primary alpha=0.05; secondary sensitivity alpha=0.1.",0,TRUE,TRUE,TRUE,TRUE,"V5_audit_ready","Pre-registered empirical profile gate: bounded/proportion by hint/domain; zero-inflated/count by hint/domain; normal_like when abs(skew)<=0.50 and excess_kurtosis<=1.00; heavy_tail_symmetric when abs(skew)<=1.00 and excess_kurtosis>3.00; lognormal_like when skew>1.00 with positive support; weibull_like when skew>0.50 with positive support; otherwise empirical_unknown.","profile_preregistered","01_results_basic contains compact final results; 02_reports contains generated report files; 03_audit_ready contains full provenance, decisions, oracle audit, and split CSVs; 98_discarded_nonfinal is reserved for obsolete or nonfinal byproducts; 99_recovery_logs contains downloads, checkpoints, temporary recovery outputs, and logs."
"RD_gt_pizzaplace_auto__depth_upper_tail_enriched","rdatasets_gt","empirical_public","normal_like","TAX-Q1R025","normal","original_regime",6,6,0,0,FALSE,"",TRUE,TRUE,TRUE,2,"mean",3.23709468097678,4.29760745713489,4.17070085255232,4.4024849916997,0,NA,"strong_win","ci_confirmed","eligible / in_regime / primary_preregistered / strong_win / ci_confirmed",0,"primary eligible in-regime dataset-level rows only","Benjamini-Hochberg FDR is computed at dataset level on external_dataset_level_decisions.csv for primary eligible in-regime rows only. Primary alpha=0.05; secondary sensitivity alpha=0.1.",0,TRUE,TRUE,TRUE,TRUE,"V5_audit_ready","Pre-registered empirical profile gate: bounded/proportion by hint/domain; zero-inflated/count by hint/domain; normal_like when abs(skew)<=0.50 and excess_kurtosis<=1.00; heavy_tail_symmetric when abs(skew)<=1.00 and excess_kurtosis>3.00; lognormal_like when skew>1.00 with positive support; weibull_like when skew>0.50 with positive support; otherwise empirical_unknown.","profile_preregistered","01_results_basic contains compact final results; 02_reports contains generated report files; 03_audit_ready contains full provenance, decisions, oracle audit, and split CSVs; 98_discarded_nonfinal is reserved for obsolete or nonfinal byproducts; 99_recovery_logs contains downloads, checkpoints, temporary recovery outputs, and logs."
"RD_gt_pizzaplace_auto","rdatasets_gt","empirical_public","normal_like","TAX-Q1R010","normal","original_regime",10,10,10,10,TRUE,"",TRUE,TRUE,TRUE,3,"mean",3.04596170659651,3.9849163349125,3.9092954212741,4.08967647396386,0,0,"strong_win","ci_confirmed","eligible / in_regime / primary_preregistered / strong_win / ci_confirmed",0,"primary eligible in-regime dataset-level rows only","Benjamini-Hochberg FDR is computed at dataset level on external_dataset_level_decisions.csv for primary eligible in-regime rows only. Primary alpha=0.05; secondary sensitivity alpha=0.1.",0,TRUE,TRUE,TRUE,TRUE,"V5_audit_ready","Pre-registered empirical profile gate: bounded/proportion by hint/domain; zero-inflated/count by hint/domain; normal_like when abs(skew)<=0.50 and excess_kurtosis<=1.00; heavy_tail_symmetric when abs(skew)<=1.00 and excess_kurtosis>3.00; lognormal_like when skew>1.00 with positive support; weibull_like when skew>0.50 with positive support; otherwise empirical_unknown.","profile_preregistered","01_results_basic contains compact final results; 02_reports contains generated report files; 03_audit_ready contains full provenance, decisions, oracle audit, and split CSVs; 98_discarded_nonfinal is reserved for obsolete or nonfinal byproducts; 99_recovery_logs contains downloads, checkpoints, temporary recovery outputs, and logs."
"RD_HistData_Pollen_auto__depth_bootstrap_full","rdatasets_HistData","empirical_public","normal_like","TAX-Q1R010","normal","locked_unseen_similar",3,3,0,0,FALSE,"",TRUE,TRUE,TRUE,3,"mean",0.0171800024998351,0.0634078778559811,0.027888219738013,0.0849998717340128,0,NA,"strong_win","ci_confirmed","eligible / in_regime / primary_preregistered / strong_win / ci_confirmed",0,"primary eligible in-regime dataset-level rows only","Benjamini-Hochberg FDR is computed at dataset level on external_dataset_level_decisions.csv for primary eligible in-regime rows only. Primary alpha=0.05; secondary sensitivity alpha=0.1.",0,TRUE,TRUE,TRUE,TRUE,"V5_audit_ready","Pre-registered empirical profile gate: bounded/proportion by hint/domain; zero-inflated/count by hint/domain; normal_like when abs(skew)<=0.50 and excess_kurtosis<=1.00; heavy_tail_symmetric when abs(skew)<=1.00 and excess_kurtosis>3.00; lognormal_like when skew>1.00 with positive support; weibull_like when skew>0.50 with positive support; otherwise empirical_unknown.","profile_preregistered","01_results_basic contains compact final results; 02_reports contains generated report files; 03_audit_ready contains full provenance, decisions, oracle audit, and split CSVs; 98_discarded_nonfinal is reserved for obsolete or nonfinal byproducts; 99_recovery_logs contains downloads, checkpoints, temporary recovery outputs, and logs."
"RD_HistData_Pollen_auto__depth_bootstrap_full","rdatasets_HistData","empirical_public","normal_like","TAX-Q1R010","normal","original_regime",36,36,0,0,FALSE,"",TRUE,TRUE,TRUE,22,"mean",0.0811884714560119,0.19561541790971,0.148617071299043,0.233438628346078,0,NA,"strong_win","ci_confirmed","eligible / in_regime / primary_preregistered / strong_win / ci_confirmed",0,"primary eligible in-regime dataset-level rows only","Benjamini-Hochberg FDR is computed at dataset level on external_dataset_level_decisions.csv for primary eligible in-regime rows only. Primary alpha=0.05; secondary sensitivity alpha=0.1.",0,TRUE,TRUE,TRUE,TRUE,"V5_audit_ready","Pre-registered empirical profile gate: bounded/proportion by hint/domain; zero-inflated/count by hint/domain; normal_like when abs(skew)<=0.50 and excess_kurtosis<=1.00; heavy_tail_symmetric when abs(skew)<=1.00 and excess_kurtosis>3.00; lognormal_like when skew>1.00 with positive support; weibull_like when skew>0.50 with positive support; otherwise empirical_unknown.","profile_preregistered","01_results_basic contains compact final results; 02_reports contains generated report files; 03_audit_ready contains full provenance, decisions, oracle audit, and split CSVs; 98_discarded_nonfinal is reserved for obsolete or nonfinal byproducts; 99_recovery_logs contains downloads, checkpoints, temporary recovery outputs, and logs."
"RD_HistData_Pollen_auto__depth_bootstrap_full","rdatasets_HistData","empirical_public","normal_like","TAX-Q1R023","normal","original_regime",6,6,0,0,FALSE,"",TRUE,TRUE,TRUE,6,"mean",0.0127551740723695,0.0405252883885373,0.0163503050830876,0.0570248816555618,0.006,NA,"strong_win","ci_confirmed","eligible / in_regime / primary_preregistered / strong_win / ci_confirmed",0.006,"primary eligible in-regime dataset-level rows only","Benjamini-Hochberg FDR is computed at dataset level on external_dataset_level_decisions.csv for primary eligible in-regime rows only. Primary alpha=0.05; secondary sensitivity alpha=0.1.",0.0191857707509881,TRUE,TRUE,TRUE,TRUE,"V5_audit_ready","Pre-registered empirical profile gate: bounded/proportion by hint/domain; zero-inflated/count by hint/domain; normal_like when abs(skew)<=0.50 and excess_kurtosis<=1.00; heavy_tail_symmetric when abs(skew)<=1.00 and excess_kurtosis>3.00; lognormal_like when skew>1.00 with positive support; weibull_like when skew>0.50 with positive support; otherwise empirical_unknown.","profile_preregistered","01_results_basic contains compact final results; 02_reports contains generated report files; 03_audit_ready contains full provenance, decisions, oracle audit, and split CSVs; 98_discarded_nonfinal is reserved for obsolete or nonfinal byproducts; 99_recovery_logs contains downloads, checkpoints, temporary recovery outputs, and logs."
"RD_HistData_Pollen_auto__depth_bootstrap_full","rdatasets_HistData","empirical_public","normal_like","TAX-Q1R025","normal","original_regime",6,6,0,0,FALSE,"",TRUE,TRUE,TRUE,6,"mean",0.0147926586871345,0.0647436753192572,0.0483743214739478,0.0823894156717695,0,NA,"strong_win","ci_confirmed","eligible / in_regime / primary_preregistered / strong_win / ci_confirmed",0,"primary eligible in-regime dataset-level rows only","Benjamini-Hochberg FDR is computed at dataset level on external_dataset_level_decisions.csv for primary eligible in-regime rows only. Primary alpha=0.05; secondary sensitivity alpha=0.1.",0,TRUE,TRUE,TRUE,TRUE,"V5_audit_ready","Pre-registered empirical profile gate: bounded/proportion by hint/domain; zero-inflated/count by hint/domain; normal_like when abs(skew)<=0.50 and excess_kurtosis<=1.00; heavy_tail_symmetric when abs(skew)<=1.00 and excess_kurtosis>3.00; lognormal_like when skew>1.00 with positive support; weibull_like when skew>0.50 with positive support; otherwise empirical_unknown.","profile_preregistered","01_results_basic contains compact final results; 02_reports contains generated report files; 03_audit_ready contains full provenance, decisions, oracle audit, and split CSVs; 98_discarded_nonfinal is reserved for obsolete or nonfinal byproducts; 99_recovery_logs contains downloads, checkpoints, temporary recovery outputs, and logs."
"RD_HistData_Pollen_auto__depth_upper_tail_enriched","rdatasets_HistData","empirical_public","normal_like","TAX-Q1R010","normal","locked_unseen_similar",3,3,0,0,FALSE,"",TRUE,TRUE,TRUE,1,"mean",0.378673806329906,0.739679562580216,0.634235384441881,0.847985317299215,0,NA,"strong_win","ci_confirmed","eligible / in_regime / primary_preregistered / strong_win / ci_confirmed",0,"primary eligible in-regime dataset-level rows only","Benjamini-Hochberg FDR is computed at dataset level on external_dataset_level_decisions.csv for primary eligible in-regime rows only. Primary alpha=0.05; secondary sensitivity alpha=0.1.",0,TRUE,TRUE,TRUE,TRUE,"V5_audit_ready","Pre-registered empirical profile gate: bounded/proportion by hint/domain; zero-inflated/count by hint/domain; normal_like when abs(skew)<=0.50 and excess_kurtosis<=1.00; heavy_tail_symmetric when abs(skew)<=1.00 and excess_kurtosis>3.00; lognormal_like when skew>1.00 with positive support; weibull_like when skew>0.50 with positive support; otherwise empirical_unknown.","profile_preregistered","01_results_basic contains compact final results; 02_reports contains generated report files; 03_audit_ready contains full provenance, decisions, oracle audit, and split CSVs; 98_discarded_nonfinal is reserved for obsolete or nonfinal byproducts; 99_recovery_logs contains downloads, checkpoints, temporary recovery outputs, and logs."
"RD_HistData_Pollen_auto__depth_upper_tail_enriched","rdatasets_HistData","empirical_public","normal_like","TAX-Q1R010","normal","original_regime",36,36,0,0,FALSE,"",TRUE,TRUE,TRUE,13,"mean",0.704770943285208,0.802821038832555,0.748911877557417,0.880121406457097,0,NA,"strong_win","ci_confirmed","eligible / in_regime / primary_preregistered / strong_win / ci_confirmed",0,"primary eligible in-regime dataset-level rows only","Benjamini-Hochberg FDR is computed at dataset level on external_dataset_level_decisions.csv for primary eligible in-regime rows only. Primary alpha=0.05; secondary sensitivity alpha=0.1.",0,TRUE,TRUE,TRUE,TRUE,"V5_audit_ready","Pre-registered empirical profile gate: bounded/proportion by hint/domain; zero-inflated/count by hint/domain; normal_like when abs(skew)<=0.50 and excess_kurtosis<=1.00; heavy_tail_symmetric when abs(skew)<=1.00 and excess_kurtosis>3.00; lognormal_like when skew>1.00 with positive support; weibull_like when skew>0.50 with positive support; otherwise empirical_unknown.","profile_preregistered","01_results_basic contains compact final results; 02_reports contains generated report files; 03_audit_ready contains full provenance, decisions, oracle audit, and split CSVs; 98_discarded_nonfinal is reserved for obsolete or nonfinal byproducts; 99_recovery_logs contains downloads, checkpoints, temporary recovery outputs, and logs."
"RD_HistData_Pollen_auto__depth_upper_tail_enriched","rdatasets_HistData","empirical_public","normal_like","TAX-Q1R023","normal","original_regime",6,6,0,0,FALSE,"",TRUE,TRUE,TRUE,2,"mean",0.324806958725047,0.601782116595174,0.512741411500642,0.687943244265198,0,NA,"strong_win","ci_confirmed","eligible / in_regime / primary_preregistered / strong_win / ci_confirmed",0,"primary eligible in-regime dataset-level rows only","Benjamini-Hochberg FDR is computed at dataset level on external_dataset_level_decisions.csv for primary eligible in-regime rows only. Primary alpha=0.05; secondary sensitivity alpha=0.1.",0,TRUE,TRUE,TRUE,TRUE,"V5_audit_ready","Pre-registered empirical profile gate: bounded/proportion by hint/domain; zero-inflated/count by hint/domain; normal_like when abs(skew)<=0.50 and excess_kurtosis<=1.00; heavy_tail_symmetric when abs(skew)<=1.00 and excess_kurtosis>3.00; lognormal_like when skew>1.00 with positive support; weibull_like when skew>0.50 with positive support; otherwise empirical_unknown.","profile_preregistered","01_results_basic contains compact final results; 02_reports contains generated report files; 03_audit_ready contains full provenance, decisions, oracle audit, and split CSVs; 98_discarded_nonfinal is reserved for obsolete or nonfinal byproducts; 99_recovery_logs contains downloads, checkpoints, temporary recovery outputs, and logs."
"RD_HistData_Pollen_auto__depth_upper_tail_enriched","rdatasets_HistData","empirical_public","normal_like","TAX-Q1R025","normal","original_regime",6,6,0,0,FALSE,"",TRUE,TRUE,TRUE,2,"mean",0.333542632785229,0.535729877396435,0.460240260485679,0.654052226089134,0,NA,"strong_win","ci_confirmed","eligible / in_regime / primary_preregistered / strong_win / ci_confirmed",0,"primary eligible in-regime dataset-level rows only","Benjamini-Hochberg FDR is computed at dataset level on external_dataset_level_decisions.csv for primary eligible in-regime rows only. Primary alpha=0.05; secondary sensitivity alpha=0.1.",0,TRUE,TRUE,TRUE,TRUE,"V5_audit_ready","Pre-registered empirical profile gate: bounded/proportion by hint/domain; zero-inflated/count by hint/domain; normal_like when abs(skew)<=0.50 and excess_kurtosis<=1.00; heavy_tail_symmetric when abs(skew)<=1.00 and excess_kurtosis>3.00; lognormal_like when skew>1.00 with positive support; weibull_like when skew>0.50 with positive support; otherwise empirical_unknown.","profile_preregistered","01_results_basic contains compact final results; 02_reports contains generated report files; 03_audit_ready contains full provenance, decisions, oracle audit, and split CSVs; 98_discarded_nonfinal is reserved for obsolete or nonfinal byproducts; 99_recovery_logs contains downloads, checkpoints, temporary recovery outputs, and logs."
"RD_HistData_Pollen_auto","rdatasets_HistData","empirical_public","normal_like","TAX-Q1R010","normal","original_regime",16,16,10,10,TRUE,"",TRUE,TRUE,TRUE,13,"mean",0.0405669692181079,0.13115545232235,0.0855316975587011,0.154937904336678,0,0,"strong_win","ci_confirmed","eligible / in_regime / primary_preregistered / strong_win / ci_confirmed",0,"primary eligible in-regime dataset-level rows only","Benjamini-Hochberg FDR is computed at dataset level on external_dataset_level_decisions.csv for primary eligible in-regime rows only. Primary alpha=0.05; secondary sensitivity alpha=0.1.",0,TRUE,TRUE,TRUE,TRUE,"V5_audit_ready","Pre-registered empirical profile gate: bounded/proportion by hint/domain; zero-inflated/count by hint/domain; normal_like when abs(skew)<=0.50 and excess_kurtosis<=1.00; heavy_tail_symmetric when abs(skew)<=1.00 and excess_kurtosis>3.00; lognormal_like when skew>1.00 with positive support; weibull_like when skew>0.50 with positive support; otherwise empirical_unknown.","profile_preregistered","01_results_basic contains compact final results; 02_reports contains generated report files; 03_audit_ready contains full provenance, decisions, oracle audit, and split CSVs; 98_discarded_nonfinal is reserved for obsolete or nonfinal byproducts; 99_recovery_logs contains downloads, checkpoints, temporary recovery outputs, and logs."
"RD_ISLR_Default_auto__depth_bootstrap_full","rdatasets_ISLR","empirical_public","normal_like","TAX-Q1R010","normal","locked_unseen_similar",3,3,0,0,FALSE,"",TRUE,TRUE,TRUE,3,"mean",4479.36101104565,4918.35360386581,4685.19489377988,5689.08270871872,0,NA,"strong_win","ci_confirmed","eligible / in_regime / primary_preregistered / strong_win / ci_confirmed",0,"primary eligible in-regime dataset-level rows only","Benjamini-Hochberg FDR is computed at dataset level on external_dataset_level_decisions.csv for primary eligible in-regime rows only. Primary alpha=0.05; secondary sensitivity alpha=0.1.",0,TRUE,TRUE,TRUE,TRUE,"V5_audit_ready","Pre-registered empirical profile gate: bounded/proportion by hint/domain; zero-inflated/count by hint/domain; normal_like when abs(skew)<=0.50 and excess_kurtosis<=1.00; heavy_tail_symmetric when abs(skew)<=1.00 and excess_kurtosis>3.00; lognormal_like when skew>1.00 with positive support; weibull_like when skew>0.50 with positive support; otherwise empirical_unknown.","profile_preregistered","01_results_basic contains compact final results; 02_reports contains generated report files; 03_audit_ready contains full provenance, decisions, oracle audit, and split CSVs; 98_discarded_nonfinal is reserved for obsolete or nonfinal byproducts; 99_recovery_logs contains downloads, checkpoints, temporary recovery outputs, and logs."
"RD_ISLR_Default_auto__depth_bootstrap_full","rdatasets_ISLR","empirical_public","normal_like","TAX-Q1R010","normal","original_regime",36,36,0,0,FALSE,"",TRUE,TRUE,TRUE,29,"mean",7187.50460145545,7206.27059703691,6838.96605378919,7672.82474516985,0,NA,"strong_win","ci_confirmed","eligible / in_regime / primary_preregistered / strong_win / ci_confirmed",0,"primary eligible in-regime dataset-level rows only","Benjamini-Hochberg FDR is computed at dataset level on external_dataset_level_decisions.csv for primary eligible in-regime rows only. Primary alpha=0.05; secondary sensitivity alpha=0.1.",0,TRUE,TRUE,TRUE,TRUE,"V5_audit_ready","Pre-registered empirical profile gate: bounded/proportion by hint/domain; zero-inflated/count by hint/domain; normal_like when abs(skew)<=0.50 and excess_kurtosis<=1.00; heavy_tail_symmetric when abs(skew)<=1.00 and excess_kurtosis>3.00; lognormal_like when skew>1.00 with positive support; weibull_like when skew>0.50 with positive support; otherwise empirical_unknown.","profile_preregistered","01_results_basic contains compact final results; 02_reports contains generated report files; 03_audit_ready contains full provenance, decisions, oracle audit, and split CSVs; 98_discarded_nonfinal is reserved for obsolete or nonfinal byproducts; 99_recovery_logs contains downloads, checkpoints, temporary recovery outputs, and logs."
"RD_ISLR_Default_auto__depth_bootstrap_full","rdatasets_ISLR","empirical_public","normal_like","TAX-Q1R023","normal","original_regime",6,6,0,0,FALSE,"",TRUE,TRUE,TRUE,6,"mean",4076.24230492717,4730.45522628493,4447.13155618559,4942.76370913023,0,NA,"strong_win","ci_confirmed","eligible / in_regime / primary_preregistered / strong_win / ci_confirmed",0,"primary eligible in-regime dataset-level rows only","Benjamini-Hochberg FDR is computed at dataset level on external_dataset_level_decisions.csv for primary eligible in-regime rows only. Primary alpha=0.05; secondary sensitivity alpha=0.1.",0,TRUE,TRUE,TRUE,TRUE,"V5_audit_ready","Pre-registered empirical profile gate: bounded/proportion by hint/domain; zero-inflated/count by hint/domain; normal_like when abs(skew)<=0.50 and excess_kurtosis<=1.00; heavy_tail_symmetric when abs(skew)<=1.00 and excess_kurtosis>3.00; lognormal_like when skew>1.00 with positive support; weibull_like when skew>0.50 with positive support; otherwise empirical_unknown.","profile_preregistered","01_results_basic contains compact final results; 02_reports contains generated report files; 03_audit_ready contains full provenance, decisions, oracle audit, and split CSVs; 98_discarded_nonfinal is reserved for obsolete or nonfinal byproducts; 99_recovery_logs contains downloads, checkpoints, temporary recovery outputs, and logs."
"RD_ISLR_Default_auto__depth_bootstrap_full","rdatasets_ISLR","empirical_public","normal_like","TAX-Q1R025","normal","original_regime",6,6,0,0,FALSE,"",TRUE,TRUE,TRUE,4,"mean",3989.25477354703,4679.93251784955,4429.09562319823,5041.66472823376,0,NA,"strong_win","ci_confirmed","eligible / in_regime / primary_preregistered / strong_win / ci_confirmed",0,"primary eligible in-regime dataset-level rows only","Benjamini-Hochberg FDR is computed at dataset level on external_dataset_level_decisions.csv for primary eligible in-regime rows only. Primary alpha=0.05; secondary sensitivity alpha=0.1.",0,TRUE,TRUE,TRUE,TRUE,"V5_audit_ready","Pre-registered empirical profile gate: bounded/proportion by hint/domain; zero-inflated/count by hint/domain; normal_like when abs(skew)<=0.50 and excess_kurtosis<=1.00; heavy_tail_symmetric when abs(skew)<=1.00 and excess_kurtosis>3.00; lognormal_like when skew>1.00 with positive support; weibull_like when skew>0.50 with positive support; otherwise empirical_unknown.","profile_preregistered","01_results_basic contains compact final results; 02_reports contains generated report files; 03_audit_ready contains full provenance, decisions, oracle audit, and split CSVs; 98_discarded_nonfinal is reserved for obsolete or nonfinal byproducts; 99_recovery_logs contains downloads, checkpoints, temporary recovery outputs, and logs."
"RD_ISLR_Default_auto__depth_upper_tail_enriched","rdatasets_ISLR","empirical_public","normal_like","TAX-Q1R010","normal","locked_unseen_similar",3,3,0,0,FALSE,"",TRUE,TRUE,TRUE,2,"mean",4618.52743685423,4861.08524292888,4421.26787091141,5393.84674580125,0,NA,"strong_win","ci_confirmed","eligible / in_regime / primary_preregistered / strong_win / ci_confirmed",0,"primary eligible in-regime dataset-level rows only","Benjamini-Hochberg FDR is computed at dataset level on external_dataset_level_decisions.csv for primary eligible in-regime rows only. Primary alpha=0.05; secondary sensitivity alpha=0.1.",0,TRUE,TRUE,TRUE,TRUE,"V5_audit_ready","Pre-registered empirical profile gate: bounded/proportion by hint/domain; zero-inflated/count by hint/domain; normal_like when abs(skew)<=0.50 and excess_kurtosis<=1.00; heavy_tail_symmetric when abs(skew)<=1.00 and excess_kurtosis>3.00; lognormal_like when skew>1.00 with positive support; weibull_like when skew>0.50 with positive support; otherwise empirical_unknown.","profile_preregistered","01_results_basic contains compact final results; 02_reports contains generated report files; 03_audit_ready contains full provenance, decisions, oracle audit, and split CSVs; 98_discarded_nonfinal is reserved for obsolete or nonfinal byproducts; 99_recovery_logs contains downloads, checkpoints, temporary recovery outputs, and logs."
"RD_ISLR_Default_auto__depth_upper_tail_enriched","rdatasets_ISLR","empirical_public","normal_like","TAX-Q1R010","normal","original_regime",36,36,0,0,FALSE,"",TRUE,TRUE,TRUE,21,"mean",7091.44640356547,6811.08711259654,6011.66165369961,7487.78172026024,0,NA,"strong_win","ci_confirmed","eligible / in_regime / primary_preregistered / strong_win / ci_confirmed",0,"primary eligible in-regime dataset-level rows only","Benjamini-Hochberg FDR is computed at dataset level on external_dataset_level_decisions.csv for primary eligible in-regime rows only. Primary alpha=0.05; secondary sensitivity alpha=0.1.",0,TRUE,TRUE,TRUE,TRUE,"V5_audit_ready","Pre-registered empirical profile gate: bounded/proportion by hint/domain; zero-inflated/count by hint/domain; normal_like when abs(skew)<=0.50 and excess_kurtosis<=1.00; heavy_tail_symmetric when abs(skew)<=1.00 and excess_kurtosis>3.00; lognormal_like when skew>1.00 with positive support; weibull_like when skew>0.50 with positive support; otherwise empirical_unknown.","profile_preregistered","01_results_basic contains compact final results; 02_reports contains generated report files; 03_audit_ready contains full provenance, decisions, oracle audit, and split CSVs; 98_discarded_nonfinal is reserved for obsolete or nonfinal byproducts; 99_recovery_logs contains downloads, checkpoints, temporary recovery outputs, and logs."
"RD_ISLR_Default_auto__depth_upper_tail_enriched","rdatasets_ISLR","empirical_public","normal_like","TAX-Q1R017","normal","original_regime",2,2,0,0,FALSE,"",TRUE,TRUE,TRUE,2,"mean",119.41132084477,341.089965847508,264.183717417471,444.909145577835,0,NA,"strong_win","ci_confirmed","eligible / in_regime / primary_preregistered / strong_win / ci_confirmed",0,"primary eligible in-regime dataset-level rows only","Benjamini-Hochberg FDR is computed at dataset level on external_dataset_level_decisions.csv for primary eligible in-regime rows only. Primary alpha=0.05; secondary sensitivity alpha=0.1.",0,TRUE,TRUE,TRUE,TRUE,"V5_audit_ready","Pre-registered empirical profile gate: bounded/proportion by hint/domain; zero-inflated/count by hint/domain; normal_like when abs(skew)<=0.50 and excess_kurtosis<=1.00; heavy_tail_symmetric when abs(skew)<=1.00 and excess_kurtosis>3.00; lognormal_like when skew>1.00 with positive support; weibull_like when skew>0.50 with positive support; otherwise empirical_unknown.","profile_preregistered","01_results_basic contains compact final results; 02_reports contains generated report files; 03_audit_ready contains full provenance, decisions, oracle audit, and split CSVs; 98_discarded_nonfinal is reserved for obsolete or nonfinal byproducts; 99_recovery_logs contains downloads, checkpoints, temporary recovery outputs, and logs."
"RD_ISLR_Default_auto__depth_upper_tail_enriched","rdatasets_ISLR","empirical_public","normal_like","TAX-Q1R023","normal","original_regime",6,6,0,0,FALSE,"",TRUE,TRUE,TRUE,4,"mean",3854.31498730586,3962.84257574065,3517.50323737586,4394.4172099331,0,NA,"strong_win","ci_confirmed","eligible / in_regime / primary_preregistered / strong_win / ci_confirmed",0,"primary eligible in-regime dataset-level rows only","Benjamini-Hochberg FDR is computed at dataset level on external_dataset_level_decisions.csv for primary eligible in-regime rows only. Primary alpha=0.05; secondary sensitivity alpha=0.1.",0,TRUE,TRUE,TRUE,TRUE,"V5_audit_ready","Pre-registered empirical profile gate: bounded/proportion by hint/domain; zero-inflated/count by hint/domain; normal_like when abs(skew)<=0.50 and excess_kurtosis<=1.00; heavy_tail_symmetric when abs(skew)<=1.00 and excess_kurtosis>3.00; lognormal_like when skew>1.00 with positive support; weibull_like when skew>0.50 with positive support; otherwise empirical_unknown.","profile_preregistered","01_results_basic contains compact final results; 02_reports contains generated report files; 03_audit_ready contains full provenance, decisions, oracle audit, and split CSVs; 98_discarded_nonfinal is reserved for obsolete or nonfinal byproducts; 99_recovery_logs contains downloads, checkpoints, temporary recovery outputs, and logs."
"RD_ISLR_Default_auto__depth_upper_tail_enriched","rdatasets_ISLR","empirical_public","normal_like","TAX-Q1R024","normal","original_regime",2,2,0,0,FALSE,"",TRUE,TRUE,TRUE,2,"mean",107.783436490975,316.264349247572,221.636832001849,378.218165189684,0,NA,"strong_win","ci_confirmed","eligible / in_regime / primary_preregistered / strong_win / ci_confirmed",0,"primary eligible in-regime dataset-level rows only","Benjamini-Hochberg FDR is computed at dataset level on external_dataset_level_decisions.csv for primary eligible in-regime rows only. Primary alpha=0.05; secondary sensitivity alpha=0.1.",0,TRUE,TRUE,TRUE,TRUE,"V5_audit_ready","Pre-registered empirical profile gate: bounded/proportion by hint/domain; zero-inflated/count by hint/domain; normal_like when abs(skew)<=0.50 and excess_kurtosis<=1.00; heavy_tail_symmetric when abs(skew)<=1.00 and excess_kurtosis>3.00; lognormal_like when skew>1.00 with positive support; weibull_like when skew>0.50 with positive support; otherwise empirical_unknown.","profile_preregistered","01_results_basic contains compact final results; 02_reports contains generated report files; 03_audit_ready contains full provenance, decisions, oracle audit, and split CSVs; 98_discarded_nonfinal is reserved for obsolete or nonfinal byproducts; 99_recovery_logs contains downloads, checkpoints, temporary recovery outputs, and logs."
"RD_ISLR_Default_auto__depth_upper_tail_enriched","rdatasets_ISLR","empirical_public","normal_like","TAX-Q1R025","normal","original_regime",6,6,0,0,FALSE,"",TRUE,TRUE,TRUE,4,"mean",3768.07740931943,3585.66738748994,3364.51487602981,4426.11009671367,0,NA,"strong_win","ci_confirmed","eligible / in_regime / primary_preregistered / strong_win / ci_confirmed",0,"primary eligible in-regime dataset-level rows only","Benjamini-Hochberg FDR is computed at dataset level on external_dataset_level_decisions.csv for primary eligible in-regime rows only. Primary alpha=0.05; secondary sensitivity alpha=0.1.",0,TRUE,TRUE,TRUE,TRUE,"V5_audit_ready","Pre-registered empirical profile gate: bounded/proportion by hint/domain; zero-inflated/count by hint/domain; normal_like when abs(skew)<=0.50 and excess_kurtosis<=1.00; heavy_tail_symmetric when abs(skew)<=1.00 and excess_kurtosis>3.00; lognormal_like when skew>1.00 with positive support; weibull_like when skew>0.50 with positive support; otherwise empirical_unknown.","profile_preregistered","01_results_basic contains compact final results; 02_reports contains generated report files; 03_audit_ready contains full provenance, decisions, oracle audit, and split CSVs; 98_discarded_nonfinal is reserved for obsolete or nonfinal byproducts; 99_recovery_logs contains downloads, checkpoints, temporary recovery outputs, and logs."
"RD_ISLR_Default_auto","rdatasets_ISLR","empirical_public","normal_like","TAX-Q1R010","normal","original_regime",10,10,10,10,TRUE,"",TRUE,TRUE,TRUE,1,"mean",7526.86802677496,7554.69883276416,6954.21863768991,8428.23827539878,0,0,"strong_win","ci_confirmed","eligible / in_regime / primary_preregistered / strong_win / ci_confirmed",0,"primary eligible in-regime dataset-level rows only","Benjamini-Hochberg FDR is computed at dataset level on external_dataset_level_decisions.csv for primary eligible in-regime rows only. Primary alpha=0.05; secondary sensitivity alpha=0.1.",0,TRUE,TRUE,TRUE,TRUE,"V5_audit_ready","Pre-registered empirical profile gate: bounded/proportion by hint/domain; zero-inflated/count by hint/domain; normal_like when abs(skew)<=0.50 and excess_kurtosis<=1.00; heavy_tail_symmetric when abs(skew)<=1.00 and excess_kurtosis>3.00; lognormal_like when skew>1.00 with positive support; weibull_like when skew>0.50 with positive support; otherwise empirical_unknown.","profile_preregistered","01_results_basic contains compact final results; 02_reports contains generated report files; 03_audit_ready contains full provenance, decisions, oracle audit, and split CSVs; 98_discarded_nonfinal is reserved for obsolete or nonfinal byproducts; 99_recovery_logs contains downloads, checkpoints, temporary recovery outputs, and logs."
"RD_OncoDataSets_ProstateSurvival_df_auto__depth_body_10_90","rdatasets_OncoDataSets","empirical_public","normal_like","TAX-Q1R010","normal","locked_unseen_similar",3,3,0,0,FALSE,"",TRUE,TRUE,TRUE,3,"mean",5.02693095741495,6.35716204735227,6.19217313451733,6.95151147523686,0,NA,"strong_win","ci_confirmed","eligible / in_regime / primary_preregistered / strong_win / ci_confirmed",0,"primary eligible in-regime dataset-level rows only","Benjamini-Hochberg FDR is computed at dataset level on external_dataset_level_decisions.csv for primary eligible in-regime rows only. Primary alpha=0.05; secondary sensitivity alpha=0.1.",0,TRUE,TRUE,TRUE,TRUE,"V5_audit_ready","Pre-registered empirical profile gate: bounded/proportion by hint/domain; zero-inflated/count by hint/domain; normal_like when abs(skew)<=0.50 and excess_kurtosis<=1.00; heavy_tail_symmetric when abs(skew)<=1.00 and excess_kurtosis>3.00; lognormal_like when skew>1.00 with positive support; weibull_like when skew>0.50 with positive support; otherwise empirical_unknown.","profile_preregistered","01_results_basic contains compact final results; 02_reports contains generated report files; 03_audit_ready contains full provenance, decisions, oracle audit, and split CSVs; 98_discarded_nonfinal is reserved for obsolete or nonfinal byproducts; 99_recovery_logs contains downloads, checkpoints, temporary recovery outputs, and logs."
"RD_OncoDataSets_ProstateSurvival_df_auto__depth_body_10_90","rdatasets_OncoDataSets","empirical_public","normal_like","TAX-Q1R010","normal","original_regime",36,36,0,0,FALSE,"",TRUE,TRUE,TRUE,27,"mean",7.66281110384076,8.04767647786493,7.32942792220057,8.41724849596241,0,NA,"strong_win","ci_confirmed","eligible / in_regime / primary_preregistered / strong_win / ci_confirmed",0,"primary eligible in-regime dataset-level rows only","Benjamini-Hochberg FDR is computed at dataset level on external_dataset_level_decisions.csv for primary eligible in-regime rows only. Primary alpha=0.05; secondary sensitivity alpha=0.1.",0,TRUE,TRUE,TRUE,TRUE,"V5_audit_ready","Pre-registered empirical profile gate: bounded/proportion by hint/domain; zero-inflated/count by hint/domain; normal_like when abs(skew)<=0.50 and excess_kurtosis<=1.00; heavy_tail_symmetric when abs(skew)<=1.00 and excess_kurtosis>3.00; lognormal_like when skew>1.00 with positive support; weibull_like when skew>0.50 with positive support; otherwise empirical_unknown.","profile_preregistered","01_results_basic contains compact final results; 02_reports contains generated report files; 03_audit_ready contains full provenance, decisions, oracle audit, and split CSVs; 98_discarded_nonfinal is reserved for obsolete or nonfinal byproducts; 99_recovery_logs contains downloads, checkpoints, temporary recovery outputs, and logs."
"RD_OncoDataSets_ProstateSurvival_df_auto__depth_body_10_90","rdatasets_OncoDataSets","empirical_public","normal_like","TAX-Q1R023","normal","original_regime",6,6,0,0,FALSE,"",TRUE,TRUE,TRUE,4,"mean",3.90645652261927,5.41835867918753,4.90265997286528,5.98647417473562,0,NA,"strong_win","ci_confirmed","eligible / in_regime / primary_preregistered / strong_win / ci_confirmed",0,"primary eligible in-regime dataset-level rows only","Benjamini-Hochberg FDR is computed at dataset level on external_dataset_level_decisions.csv for primary eligible in-regime rows only. Primary alpha=0.05; secondary sensitivity alpha=0.1.",0,TRUE,TRUE,TRUE,TRUE,"V5_audit_ready","Pre-registered empirical profile gate: bounded/proportion by hint/domain; zero-inflated/count by hint/domain; normal_like when abs(skew)<=0.50 and excess_kurtosis<=1.00; heavy_tail_symmetric when abs(skew)<=1.00 and excess_kurtosis>3.00; lognormal_like when skew>1.00 with positive support; weibull_like when skew>0.50 with positive support; otherwise empirical_unknown.","profile_preregistered","01_results_basic contains compact final results; 02_reports contains generated report files; 03_audit_ready contains full provenance, decisions, oracle audit, and split CSVs; 98_discarded_nonfinal is reserved for obsolete or nonfinal byproducts; 99_recovery_logs contains downloads, checkpoints, temporary recovery outputs, and logs."
"RD_OncoDataSets_ProstateSurvival_df_auto__depth_body_10_90","rdatasets_OncoDataSets","empirical_public","normal_like","TAX-Q1R025","normal","original_regime",6,6,0,0,FALSE,"",TRUE,TRUE,TRUE,4,"mean",3.86291558628755,5.31882452127885,4.71472508118336,5.71174978926372,0,NA,"strong_win","ci_confirmed","eligible / in_regime / primary_preregistered / strong_win / ci_confirmed",0,"primary eligible in-regime dataset-level rows only","Benjamini-Hochberg FDR is computed at dataset level on external_dataset_level_decisions.csv for primary eligible in-regime rows only. Primary alpha=0.05; secondary sensitivity alpha=0.1.",0,TRUE,TRUE,TRUE,TRUE,"V5_audit_ready","Pre-registered empirical profile gate: bounded/proportion by hint/domain; zero-inflated/count by hint/domain; normal_like when abs(skew)<=0.50 and excess_kurtosis<=1.00; heavy_tail_symmetric when abs(skew)<=1.00 and excess_kurtosis>3.00; lognormal_like when skew>1.00 with positive support; weibull_like when skew>0.50 with positive support; otherwise empirical_unknown.","profile_preregistered","01_results_basic contains compact final results; 02_reports contains generated report files; 03_audit_ready contains full provenance, decisions, oracle audit, and split CSVs; 98_discarded_nonfinal is reserved for obsolete or nonfinal byproducts; 99_recovery_logs contains downloads, checkpoints, temporary recovery outputs, and logs."
"RD_OncoDataSets_ProstateSurvival_df_auto__depth_bootstrap_full","rdatasets_OncoDataSets","empirical_public","weibull_like","TAX-Q1R018","weibull","locked_unseen_similar",3,3,0,0,FALSE,"",TRUE,TRUE,TRUE,2,"huber_k1.345",13.1760980722886,24.4018625036995,22.6187262854406,26.1912841357034,0,NA,"strong_win","ci_confirmed","eligible / in_regime / primary_preregistered / strong_win / ci_confirmed",0,"primary eligible in-regime dataset-level rows only","Benjamini-Hochberg FDR is computed at dataset level on external_dataset_level_decisions.csv for primary eligible in-regime rows only. Primary alpha=0.05; secondary sensitivity alpha=0.1.",0,TRUE,TRUE,TRUE,TRUE,"V5_audit_ready","Pre-registered empirical profile gate: bounded/proportion by hint/domain; zero-inflated/count by hint/domain; normal_like when abs(skew)<=0.50 and excess_kurtosis<=1.00; heavy_tail_symmetric when abs(skew)<=1.00 and excess_kurtosis>3.00; lognormal_like when skew>1.00 with positive support; weibull_like when skew>0.50 with positive support; otherwise empirical_unknown.","profile_preregistered","01_results_basic contains compact final results; 02_reports contains generated report files; 03_audit_ready contains full provenance, decisions, oracle audit, and split CSVs; 98_discarded_nonfinal is reserved for obsolete or nonfinal byproducts; 99_recovery_logs contains downloads, checkpoints, temporary recovery outputs, and logs."
"RD_OncoDataSets_ProstateSurvival_df_auto__depth_bootstrap_full","rdatasets_OncoDataSets","empirical_public","weibull_like","TAX-Q1R019","weibull","original_regime",36,36,0,0,FALSE,"",TRUE,TRUE,TRUE,24,"huber_k1.345",57.2036239354343,67.755437078586,65.5092028568898,69.8320960596836,0,NA,"strong_win","ci_confirmed","eligible / in_regime / primary_preregistered / strong_win / ci_confirmed",0,"primary eligible in-regime dataset-level rows only","Benjamini-Hochberg FDR is computed at dataset level on external_dataset_level_decisions.csv for primary eligible in-regime rows only. Primary alpha=0.05; secondary sensitivity alpha=0.1.",0,TRUE,TRUE,TRUE,TRUE,"V5_audit_ready","Pre-registered empirical profile gate: bounded/proportion by hint/domain; zero-inflated/count by hint/domain; normal_like when abs(skew)<=0.50 and excess_kurtosis<=1.00; heavy_tail_symmetric when abs(skew)<=1.00 and excess_kurtosis>3.00; lognormal_like when skew>1.00 with positive support; weibull_like when skew>0.50 with positive support; otherwise empirical_unknown.","profile_preregistered","01_results_basic contains compact final results; 02_reports contains generated report files; 03_audit_ready contains full provenance, decisions, oracle audit, and split CSVs; 98_discarded_nonfinal is reserved for obsolete or nonfinal byproducts; 99_recovery_logs contains downloads, checkpoints, temporary recovery outputs, and logs."
"RD_OncoDataSets_ProstateSurvival_df_auto","rdatasets_OncoDataSets","empirical_public","weibull_like","TAX-Q1R018","weibull","locked_unseen_similar",3,3,3,3,FALSE,"",TRUE,TRUE,TRUE,2,"huber_k1.345",14.6643709752711,27.2624294689908,24.6901511530755,28.0594826790584,0,0,"strong_win","ci_confirmed","eligible / in_regime / primary_preregistered / strong_win / ci_confirmed",0,"primary eligible in-regime dataset-level rows only","Benjamini-Hochberg FDR is computed at dataset level on external_dataset_level_decisions.csv for primary eligible in-regime rows only. Primary alpha=0.05; secondary sensitivity alpha=0.1.",0,TRUE,TRUE,TRUE,TRUE,"V5_audit_ready","Pre-registered empirical profile gate: bounded/proportion by hint/domain; zero-inflated/count by hint/domain; normal_like when abs(skew)<=0.50 and excess_kurtosis<=1.00; heavy_tail_symmetric when abs(skew)<=1.00 and excess_kurtosis>3.00; lognormal_like when skew>1.00 with positive support; weibull_like when skew>0.50 with positive support; otherwise empirical_unknown.","profile_preregistered","01_results_basic contains compact final results; 02_reports contains generated report files; 03_audit_ready contains full provenance, decisions, oracle audit, and split CSVs; 98_discarded_nonfinal is reserved for obsolete or nonfinal byproducts; 99_recovery_logs contains downloads, checkpoints, temporary recovery outputs, and logs."
"RD_OncoDataSets_ProstateSurvival_df_auto","rdatasets_OncoDataSets","empirical_public","weibull_like","TAX-Q1R019","weibull","original_regime",7,7,7,7,TRUE,"",TRUE,TRUE,TRUE,4,"huber_k1.345",58.6409769976226,67.6856237774478,63.5146283599678,70.7867704884499,0,0,"strong_win","ci_confirmed","eligible / in_regime / primary_preregistered / strong_win / ci_confirmed",0,"primary eligible in-regime dataset-level rows only","Benjamini-Hochberg FDR is computed at dataset level on external_dataset_level_decisions.csv for primary eligible in-regime rows only. Primary alpha=0.05; secondary sensitivity alpha=0.1.",0,TRUE,TRUE,TRUE,TRUE,"V5_audit_ready","Pre-registered empirical profile gate: bounded/proportion by hint/domain; zero-inflated/count by hint/domain; normal_like when abs(skew)<=0.50 and excess_kurtosis<=1.00; heavy_tail_symmetric when abs(skew)<=1.00 and excess_kurtosis>3.00; lognormal_like when skew>1.00 with positive support; weibull_like when skew>0.50 with positive support; otherwise empirical_unknown.","profile_preregistered","01_results_basic contains compact final results; 02_reports contains generated report files; 03_audit_ready contains full provenance, decisions, oracle audit, and split CSVs; 98_discarded_nonfinal is reserved for obsolete or nonfinal byproducts; 99_recovery_logs contains downloads, checkpoints, temporary recovery outputs, and logs."
"RD_psych_bfi_auto__depth_body_10_90","rdatasets_psych","empirical_public","weibull_like","TAX-Q1R018","weibull","locked_unseen_similar",3,3,0,0,FALSE,"",TRUE,TRUE,TRUE,3,"huber_k1.345",0.236742394205801,0.415255671556155,0.380815691292232,0.472570068761264,0,NA,"strong_win","ci_confirmed","eligible / in_regime / primary_preregistered / strong_win / ci_confirmed",0,"primary eligible in-regime dataset-level rows only","Benjamini-Hochberg FDR is computed at dataset level on external_dataset_level_decisions.csv for primary eligible in-regime rows only. Primary alpha=0.05; secondary sensitivity alpha=0.1.",0,TRUE,TRUE,TRUE,TRUE,"V5_audit_ready","Pre-registered empirical profile gate: bounded/proportion by hint/domain; zero-inflated/count by hint/domain; normal_like when abs(skew)<=0.50 and excess_kurtosis<=1.00; heavy_tail_symmetric when abs(skew)<=1.00 and excess_kurtosis>3.00; lognormal_like when skew>1.00 with positive support; weibull_like when skew>0.50 with positive support; otherwise empirical_unknown.","profile_preregistered","01_results_basic contains compact final results; 02_reports contains generated report files; 03_audit_ready contains full provenance, decisions, oracle audit, and split CSVs; 98_discarded_nonfinal is reserved for obsolete or nonfinal byproducts; 99_recovery_logs contains downloads, checkpoints, temporary recovery outputs, and logs."
"RD_psych_bfi_auto__depth_body_10_90","rdatasets_psych","empirical_public","weibull_like","TAX-Q1R019","weibull","original_regime",36,36,0,0,FALSE,"",TRUE,TRUE,TRUE,16,"huber_k1.345",2.23300212996168,3.18200985360563,3.08777751026539,3.27127639798244,0,NA,"strong_win","ci_confirmed","eligible / in_regime / primary_preregistered / strong_win / ci_confirmed",0,"primary eligible in-regime dataset-level rows only","Benjamini-Hochberg FDR is computed at dataset level on external_dataset_level_decisions.csv for primary eligible in-regime rows only. Primary alpha=0.05; secondary sensitivity alpha=0.1.",0,TRUE,TRUE,TRUE,TRUE,"V5_audit_ready","Pre-registered empirical profile gate: bounded/proportion by hint/domain; zero-inflated/count by hint/domain; normal_like when abs(skew)<=0.50 and excess_kurtosis<=1.00; heavy_tail_symmetric when abs(skew)<=1.00 and excess_kurtosis>3.00; lognormal_like when skew>1.00 with positive support; weibull_like when skew>0.50 with positive support; otherwise empirical_unknown.","profile_preregistered","01_results_basic contains compact final results; 02_reports contains generated report files; 03_audit_ready contains full provenance, decisions, oracle audit, and split CSVs; 98_discarded_nonfinal is reserved for obsolete or nonfinal byproducts; 99_recovery_logs contains downloads, checkpoints, temporary recovery outputs, and logs."
"RD_psych_bfi_auto__depth_bootstrap_full","rdatasets_psych","empirical_public","weibull_like","TAX-Q1R018","weibull","locked_unseen_similar",3,3,0,0,FALSE,"",TRUE,TRUE,TRUE,1,"huber_k1.345",0.31472940774127,0.909774716117142,0.582595270673959,1.21412878484727,0,NA,"strong_win","ci_confirmed","eligible / in_regime / primary_preregistered / strong_win / ci_confirmed",0,"primary eligible in-regime dataset-level rows only","Benjamini-Hochberg FDR is computed at dataset level on external_dataset_level_decisions.csv for primary eligible in-regime rows only. Primary alpha=0.05; secondary sensitivity alpha=0.1.",0,TRUE,TRUE,TRUE,TRUE,"V5_audit_ready","Pre-registered empirical profile gate: bounded/proportion by hint/domain; zero-inflated/count by hint/domain; normal_like when abs(skew)<=0.50 and excess_kurtosis<=1.00; heavy_tail_symmetric when abs(skew)<=1.00 and excess_kurtosis>3.00; lognormal_like when skew>1.00 with positive support; weibull_like when skew>0.50 with positive support; otherwise empirical_unknown.","profile_preregistered","01_results_basic contains compact final results; 02_reports contains generated report files; 03_audit_ready contains full provenance, decisions, oracle audit, and split CSVs; 98_discarded_nonfinal is reserved for obsolete or nonfinal byproducts; 99_recovery_logs contains downloads, checkpoints, temporary recovery outputs, and logs."
"RD_psych_bfi_auto__depth_bootstrap_full","rdatasets_psych","empirical_public","weibull_like","TAX-Q1R019","weibull","original_regime",36,36,0,0,FALSE,"",TRUE,TRUE,TRUE,6,"huber_k1.345",5.31773360069742,7.84227945785356,7.48339210576877,8.14583013036324,0,NA,"strong_win","ci_confirmed","eligible / in_regime / primary_preregistered / strong_win / ci_confirmed",0,"primary eligible in-regime dataset-level rows only","Benjamini-Hochberg FDR is computed at dataset level on external_dataset_level_decisions.csv for primary eligible in-regime rows only. Primary alpha=0.05; secondary sensitivity alpha=0.1.",0,TRUE,TRUE,TRUE,TRUE,"V5_audit_ready","Pre-registered empirical profile gate: bounded/proportion by hint/domain; zero-inflated/count by hint/domain; normal_like when abs(skew)<=0.50 and excess_kurtosis<=1.00; heavy_tail_symmetric when abs(skew)<=1.00 and excess_kurtosis>3.00; lognormal_like when skew>1.00 with positive support; weibull_like when skew>0.50 with positive support; otherwise empirical_unknown.","profile_preregistered","01_results_basic contains compact final results; 02_reports contains generated report files; 03_audit_ready contains full provenance, decisions, oracle audit, and split CSVs; 98_discarded_nonfinal is reserved for obsolete or nonfinal byproducts; 99_recovery_logs contains downloads, checkpoints, temporary recovery outputs, and logs."
"RD_psych_bfi_auto__depth_upper_tail_enriched","rdatasets_psych","empirical_public","normal_like","TAX-Q1R010","normal","locked_unseen_similar",3,3,0,0,FALSE,"",TRUE,TRUE,TRUE,2,"mean",2.39739250263185,3.24191571049121,2.96537005760189,3.46296791265817,0,NA,"strong_win","ci_confirmed","eligible / in_regime / primary_preregistered / strong_win / ci_confirmed",0,"primary eligible in-regime dataset-level rows only","Benjamini-Hochberg FDR is computed at dataset level on external_dataset_level_decisions.csv for primary eligible in-regime rows only. Primary alpha=0.05; secondary sensitivity alpha=0.1.",0,TRUE,TRUE,TRUE,TRUE,"V5_audit_ready","Pre-registered empirical profile gate: bounded/proportion by hint/domain; zero-inflated/count by hint/domain; normal_like when abs(skew)<=0.50 and excess_kurtosis<=1.00; heavy_tail_symmetric when abs(skew)<=1.00 and excess_kurtosis>3.00; lognormal_like when skew>1.00 with positive support; weibull_like when skew>0.50 with positive support; otherwise empirical_unknown.","profile_preregistered","01_results_basic contains compact final results; 02_reports contains generated report files; 03_audit_ready contains full provenance, decisions, oracle audit, and split CSVs; 98_discarded_nonfinal is reserved for obsolete or nonfinal byproducts; 99_recovery_logs contains downloads, checkpoints, temporary recovery outputs, and logs."
"RD_psych_bfi_auto__depth_upper_tail_enriched","rdatasets_psych","empirical_public","normal_like","TAX-Q1R010","normal","original_regime",36,36,0,0,FALSE,"",TRUE,TRUE,TRUE,15,"mean",4.13230339999606,4.50627627964587,4.21192309543459,4.8824081168866,0,NA,"strong_win","ci_confirmed","eligible / in_regime / primary_preregistered / strong_win / ci_confirmed",0,"primary eligible in-regime dataset-level rows only","Benjamini-Hochberg FDR is computed at dataset level on external_dataset_level_decisions.csv for primary eligible in-regime rows only. Primary alpha=0.05; secondary sensitivity alpha=0.1.",0,TRUE,TRUE,TRUE,TRUE,"V5_audit_ready","Pre-registered empirical profile gate: bounded/proportion by hint/domain; zero-inflated/count by hint/domain; normal_like when abs(skew)<=0.50 and excess_kurtosis<=1.00; heavy_tail_symmetric when abs(skew)<=1.00 and excess_kurtosis>3.00; lognormal_like when skew>1.00 with positive support; weibull_like when skew>0.50 with positive support; otherwise empirical_unknown.","profile_preregistered","01_results_basic contains compact final results; 02_reports contains generated report files; 03_audit_ready contains full provenance, decisions, oracle audit, and split CSVs; 98_discarded_nonfinal is reserved for obsolete or nonfinal byproducts; 99_recovery_logs contains downloads, checkpoints, temporary recovery outputs, and logs."
"RD_psych_bfi_auto__depth_upper_tail_enriched","rdatasets_psych","empirical_public","normal_like","TAX-Q1R023","normal","original_regime",6,6,0,0,FALSE,"",TRUE,TRUE,TRUE,4,"mean",1.9194672433031,2.45127167692407,2.2955842852512,2.65163502675407,0,NA,"strong_win","ci_confirmed","eligible / in_regime / primary_preregistered / strong_win / ci_confirmed",0,"primary eligible in-regime dataset-level rows only","Benjamini-Hochberg FDR is computed at dataset level on external_dataset_level_decisions.csv for primary eligible in-regime rows only. Primary alpha=0.05; secondary sensitivity alpha=0.1.",0,TRUE,TRUE,TRUE,TRUE,"V5_audit_ready","Pre-registered empirical profile gate: bounded/proportion by hint/domain; zero-inflated/count by hint/domain; normal_like when abs(skew)<=0.50 and excess_kurtosis<=1.00; heavy_tail_symmetric when abs(skew)<=1.00 and excess_kurtosis>3.00; lognormal_like when skew>1.00 with positive support; weibull_like when skew>0.50 with positive support; otherwise empirical_unknown.","profile_preregistered","01_results_basic contains compact final results; 02_reports contains generated report files; 03_audit_ready contains full provenance, decisions, oracle audit, and split CSVs; 98_discarded_nonfinal is reserved for obsolete or nonfinal byproducts; 99_recovery_logs contains downloads, checkpoints, temporary recovery outputs, and logs."
"RD_psych_bfi_auto__depth_upper_tail_enriched","rdatasets_psych","empirical_public","normal_like","TAX-Q1R025","normal","original_regime",6,6,0,0,FALSE,"",TRUE,TRUE,TRUE,2,"mean",1.84012386697239,2.54690949443489,2.25671409913791,2.79365401402796,0,NA,"strong_win","ci_confirmed","eligible / in_regime / primary_preregistered / strong_win / ci_confirmed",0,"primary eligible in-regime dataset-level rows only","Benjamini-Hochberg FDR is computed at dataset level on external_dataset_level_decisions.csv for primary eligible in-regime rows only. Primary alpha=0.05; secondary sensitivity alpha=0.1.",0,TRUE,TRUE,TRUE,TRUE,"V5_audit_ready","Pre-registered empirical profile gate: bounded/proportion by hint/domain; zero-inflated/count by hint/domain; normal_like when abs(skew)<=0.50 and excess_kurtosis<=1.00; heavy_tail_symmetric when abs(skew)<=1.00 and excess_kurtosis>3.00; lognormal_like when skew>1.00 with positive support; weibull_like when skew>0.50 with positive support; otherwise empirical_unknown.","profile_preregistered","01_results_basic contains compact final results; 02_reports contains generated report files; 03_audit_ready contains full provenance, decisions, oracle audit, and split CSVs; 98_discarded_nonfinal is reserved for obsolete or nonfinal byproducts; 99_recovery_logs contains downloads, checkpoints, temporary recovery outputs, and logs."
"RD_psych_bfi_auto","rdatasets_psych","empirical_public","weibull_like","TAX-Q1R018","weibull","locked_unseen_similar",3,3,2,2,FALSE,"",TRUE,TRUE,TRUE,3,"huber_k1.345",0.164435424624664,0.267896999593233,0.202720471450089,0.358711233178105,0,0,"strong_win","ci_confirmed","eligible / in_regime / primary_preregistered / strong_win / ci_confirmed",0,"primary eligible in-regime dataset-level rows only","Benjamini-Hochberg FDR is computed at dataset level on external_dataset_level_decisions.csv for primary eligible in-regime rows only. Primary alpha=0.05; secondary sensitivity alpha=0.1.",0,TRUE,TRUE,TRUE,TRUE,"V5_audit_ready","Pre-registered empirical profile gate: bounded/proportion by hint/domain; zero-inflated/count by hint/domain; normal_like when abs(skew)<=0.50 and excess_kurtosis<=1.00; heavy_tail_symmetric when abs(skew)<=1.00 and excess_kurtosis>3.00; lognormal_like when skew>1.00 with positive support; weibull_like when skew>0.50 with positive support; otherwise empirical_unknown.","profile_preregistered","01_results_basic contains compact final results; 02_reports contains generated report files; 03_audit_ready contains full provenance, decisions, oracle audit, and split CSVs; 98_discarded_nonfinal is reserved for obsolete or nonfinal byproducts; 99_recovery_logs contains downloads, checkpoints, temporary recovery outputs, and logs."
"RD_psych_bfi_auto","rdatasets_psych","empirical_public","weibull_like","TAX-Q1R019","weibull","original_regime",16,16,8,8,TRUE,"",TRUE,TRUE,TRUE,2,"huber_k1.345",5.09934798519858,7.55825491648463,7.25368056180583,7.96312446368618,0,0,"strong_win","ci_confirmed","eligible / in_regime / primary_preregistered / strong_win / ci_confirmed",0,"primary eligible in-regime dataset-level rows only","Benjamini-Hochberg FDR is computed at dataset level on external_dataset_level_decisions.csv for primary eligible in-regime rows only. Primary alpha=0.05; secondary sensitivity alpha=0.1.",0,TRUE,TRUE,TRUE,TRUE,"V5_audit_ready","Pre-registered empirical profile gate: bounded/proportion by hint/domain; zero-inflated/count by hint/domain; normal_like when abs(skew)<=0.50 and excess_kurtosis<=1.00; heavy_tail_symmetric when abs(skew)<=1.00 and excess_kurtosis>3.00; lognormal_like when skew>1.00 with positive support; weibull_like when skew>0.50 with positive support; otherwise empirical_unknown.","profile_preregistered","01_results_basic contains compact final results; 02_reports contains generated report files; 03_audit_ready contains full provenance, decisions, oracle audit, and split CSVs; 98_discarded_nonfinal is reserved for obsolete or nonfinal byproducts; 99_recovery_logs contains downloads, checkpoints, temporary recovery outputs, and logs."
"UCI_abalone_whole_weight__depth_bootstrap_full","biological_positive","lognormal","lognormal_like","TAX-Q1R008","lognormal","locked_unseen_similar",3,3,0,0,FALSE,"",TRUE,TRUE,TRUE,2,"huber_k1.345",0.0144358449940832,0.0145208467739431,0.0136860498072897,0.0155411450977616,0,NA,"strong_win","ci_confirmed","eligible / in_regime / primary_preregistered / strong_win / ci_confirmed",0,"primary eligible in-regime dataset-level rows only","Benjamini-Hochberg FDR is computed at dataset level on external_dataset_level_decisions.csv for primary eligible in-regime rows only. Primary alpha=0.05; secondary sensitivity alpha=0.1.",0,TRUE,TRUE,TRUE,TRUE,"V5_audit_ready","Pre-registered empirical profile gate: bounded/proportion by hint/domain; zero-inflated/count by hint/domain; normal_like when abs(skew)<=0.50 and excess_kurtosis<=1.00; heavy_tail_symmetric when abs(skew)<=1.00 and excess_kurtosis>3.00; lognormal_like when skew>1.00 with positive support; weibull_like when skew>0.50 with positive support; otherwise empirical_unknown.","profile_preregistered","01_results_basic contains compact final results; 02_reports contains generated report files; 03_audit_ready contains full provenance, decisions, oracle audit, and split CSVs; 98_discarded_nonfinal is reserved for obsolete or nonfinal byproducts; 99_recovery_logs contains downloads, checkpoints, temporary recovery outputs, and logs."
"UCI_abalone_whole_weight__depth_bootstrap_full","biological_positive","lognormal","lognormal_like","TAX-Q1R008","lognormal","original_regime",6,6,0,0,FALSE,"",TRUE,TRUE,TRUE,2,"huber_k1.345",0.0310915617759807,0.0290624502549072,0.02737682248982,0.030107831702131,0,NA,"strong_win","ci_confirmed","eligible / in_regime / primary_preregistered / strong_win / ci_confirmed",0,"primary eligible in-regime dataset-level rows only","Benjamini-Hochberg FDR is computed at dataset level on external_dataset_level_decisions.csv for primary eligible in-regime rows only. Primary alpha=0.05; secondary sensitivity alpha=0.1.",0,TRUE,TRUE,TRUE,TRUE,"V5_audit_ready","Pre-registered empirical profile gate: bounded/proportion by hint/domain; zero-inflated/count by hint/domain; normal_like when abs(skew)<=0.50 and excess_kurtosis<=1.00; heavy_tail_symmetric when abs(skew)<=1.00 and excess_kurtosis>3.00; lognormal_like when skew>1.00 with positive support; weibull_like when skew>0.50 with positive support; otherwise empirical_unknown.","profile_preregistered","01_results_basic contains compact final results; 02_reports contains generated report files; 03_audit_ready contains full provenance, decisions, oracle audit, and split CSVs; 98_discarded_nonfinal is reserved for obsolete or nonfinal byproducts; 99_recovery_logs contains downloads, checkpoints, temporary recovery outputs, and logs."
"UCI_abalone_whole_weight__depth_bootstrap_full","biological_positive","lognormal","lognormal_like","TAX-Q1R009","lognormal","locked_unseen_similar",3,3,0,0,FALSE,"",TRUE,TRUE,TRUE,1,"huber_k1.345",0.000982793105775968,0.00162528742010944,0.00133541575891856,0.0021507585151602,0,NA,"strong_win","ci_confirmed","eligible / in_regime / primary_preregistered / strong_win / ci_confirmed",0,"primary eligible in-regime dataset-level rows only","Benjamini-Hochberg FDR is computed at dataset level on external_dataset_level_decisions.csv for primary eligible in-regime rows only. Primary alpha=0.05; secondary sensitivity alpha=0.1.",0,TRUE,TRUE,TRUE,TRUE,"V5_audit_ready","Pre-registered empirical profile gate: bounded/proportion by hint/domain; zero-inflated/count by hint/domain; normal_like when abs(skew)<=0.50 and excess_kurtosis<=1.00; heavy_tail_symmetric when abs(skew)<=1.00 and excess_kurtosis>3.00; lognormal_like when skew>1.00 with positive support; weibull_like when skew>0.50 with positive support; otherwise empirical_unknown.","profile_preregistered","01_results_basic contains compact final results; 02_reports contains generated report files; 03_audit_ready contains full provenance, decisions, oracle audit, and split CSVs; 98_discarded_nonfinal is reserved for obsolete or nonfinal byproducts; 99_recovery_logs contains downloads, checkpoints, temporary recovery outputs, and logs."
"UCI_abalone_whole_weight__depth_bootstrap_full","biological_positive","lognormal","lognormal_like","TAX-Q1R009","lognormal","original_regime",36,36,0,0,FALSE,"",TRUE,TRUE,TRUE,2,"huber_k1.345",0.00994183227238632,0.0109484574589579,0.0100136174109301,0.0116329133154614,0,NA,"strong_win","ci_confirmed","eligible / in_regime / primary_preregistered / strong_win / ci_confirmed",0,"primary eligible in-regime dataset-level rows only","Benjamini-Hochberg FDR is computed at dataset level on external_dataset_level_decisions.csv for primary eligible in-regime rows only. Primary alpha=0.05; secondary sensitivity alpha=0.1.",0,TRUE,TRUE,TRUE,TRUE,"V5_audit_ready","Pre-registered empirical profile gate: bounded/proportion by hint/domain; zero-inflated/count by hint/domain; normal_like when abs(skew)<=0.50 and excess_kurtosis<=1.00; heavy_tail_symmetric when abs(skew)<=1.00 and excess_kurtosis>3.00; lognormal_like when skew>1.00 with positive support; weibull_like when skew>0.50 with positive support; otherwise empirical_unknown.","profile_preregistered","01_results_basic contains compact final results; 02_reports contains generated report files; 03_audit_ready contains full provenance, decisions, oracle audit, and split CSVs; 98_discarded_nonfinal is reserved for obsolete or nonfinal byproducts; 99_recovery_logs contains downloads, checkpoints, temporary recovery outputs, and logs."
"UCI_abalone_whole_weight__depth_upper_tail_enriched","biological_positive","lognormal","lognormal_like","TAX-Q1R008","lognormal","locked_unseen_similar",3,3,0,0,FALSE,"",TRUE,TRUE,TRUE,1,"huber_k1.345",0.0137397011223677,0.0150205687789336,0.0135446250658544,0.016323886990275,0,NA,"strong_win","ci_confirmed","eligible / in_regime / primary_preregistered / strong_win / ci_confirmed",0,"primary eligible in-regime dataset-level rows only","Benjamini-Hochberg FDR is computed at dataset level on external_dataset_level_decisions.csv for primary eligible in-regime rows only. Primary alpha=0.05; secondary sensitivity alpha=0.1.",0,TRUE,TRUE,TRUE,TRUE,"V5_audit_ready","Pre-registered empirical profile gate: bounded/proportion by hint/domain; zero-inflated/count by hint/domain; normal_like when abs(skew)<=0.50 and excess_kurtosis<=1.00; heavy_tail_symmetric when abs(skew)<=1.00 and excess_kurtosis>3.00; lognormal_like when skew>1.00 with positive support; weibull_like when skew>0.50 with positive support; otherwise empirical_unknown.","profile_preregistered","01_results_basic contains compact final results; 02_reports contains generated report files; 03_audit_ready contains full provenance, decisions, oracle audit, and split CSVs; 98_discarded_nonfinal is reserved for obsolete or nonfinal byproducts; 99_recovery_logs contains downloads, checkpoints, temporary recovery outputs, and logs."
"UCI_abalone_whole_weight__depth_upper_tail_enriched","biological_positive","lognormal","lognormal_like","TAX-Q1R008","lognormal","original_regime",6,6,0,0,FALSE,"",TRUE,TRUE,TRUE,1,"huber_k1.345",0.0258058332866573,0.0262583825675192,0.0246481799631514,0.0274288104479491,0,NA,"strong_win","ci_confirmed","eligible / in_regime / primary_preregistered / strong_win / ci_confirmed",0,"primary eligible in-regime dataset-level rows only","Benjamini-Hochberg FDR is computed at dataset level on external_dataset_level_decisions.csv for primary eligible in-regime rows only. Primary alpha=0.05; secondary sensitivity alpha=0.1.",0,TRUE,TRUE,TRUE,TRUE,"V5_audit_ready","Pre-registered empirical profile gate: bounded/proportion by hint/domain; zero-inflated/count by hint/domain; normal_like when abs(skew)<=0.50 and excess_kurtosis<=1.00; heavy_tail_symmetric when abs(skew)<=1.00 and excess_kurtosis>3.00; lognormal_like when skew>1.00 with positive support; weibull_like when skew>0.50 with positive support; otherwise empirical_unknown.","profile_preregistered","01_results_basic contains compact final results; 02_reports contains generated report files; 03_audit_ready contains full provenance, decisions, oracle audit, and split CSVs; 98_discarded_nonfinal is reserved for obsolete or nonfinal byproducts; 99_recovery_logs contains downloads, checkpoints, temporary recovery outputs, and logs."
"UCI_abalone_whole_weight__depth_upper_tail_enriched","biological_positive","lognormal","lognormal_like","TAX-Q1R009","lognormal","original_regime",36,36,0,0,FALSE,"",TRUE,TRUE,TRUE,2,"huber_k1.345",0.00991714363865009,0.0103489787199022,0.00873436692946819,0.0108716893422583,0,NA,"strong_win","ci_confirmed","eligible / in_regime / primary_preregistered / strong_win / ci_confirmed",0,"primary eligible in-regime dataset-level rows only","Benjamini-Hochberg FDR is computed at dataset level on external_dataset_level_decisions.csv for primary eligible in-regime rows only. Primary alpha=0.05; secondary sensitivity alpha=0.1.",0,TRUE,TRUE,TRUE,TRUE,"V5_audit_ready","Pre-registered empirical profile gate: bounded/proportion by hint/domain; zero-inflated/count by hint/domain; normal_like when abs(skew)<=0.50 and excess_kurtosis<=1.00; heavy_tail_symmetric when abs(skew)<=1.00 and excess_kurtosis>3.00; lognormal_like when skew>1.00 with positive support; weibull_like when skew>0.50 with positive support; otherwise empirical_unknown.","profile_preregistered","01_results_basic contains compact final results; 02_reports contains generated report files; 03_audit_ready contains full provenance, decisions, oracle audit, and split CSVs; 98_discarded_nonfinal is reserved for obsolete or nonfinal byproducts; 99_recovery_logs contains downloads, checkpoints, temporary recovery outputs, and logs."
"UCI_abalone_whole_weight","biological_positive","lognormal","lognormal_like","TAX-Q1R008","lognormal","locked_unseen_similar",3,3,3,3,FALSE,"",TRUE,TRUE,TRUE,1,"huber_k1.345",0.0156603885768315,0.0180271700653285,0.0161272547429321,0.0188921662814029,0,0,"strong_win","ci_confirmed","eligible / in_regime / primary_preregistered / strong_win / ci_confirmed",0,"primary eligible in-regime dataset-level rows only","Benjamini-Hochberg FDR is computed at dataset level on external_dataset_level_decisions.csv for primary eligible in-regime rows only. Primary alpha=0.05; secondary sensitivity alpha=0.1.",0,TRUE,TRUE,TRUE,TRUE,"V5_audit_ready","Pre-registered empirical profile gate: bounded/proportion by hint/domain; zero-inflated/count by hint/domain; normal_like when abs(skew)<=0.50 and excess_kurtosis<=1.00; heavy_tail_symmetric when abs(skew)<=1.00 and excess_kurtosis>3.00; lognormal_like when skew>1.00 with positive support; weibull_like when skew>0.50 with positive support; otherwise empirical_unknown.","profile_preregistered","01_results_basic contains compact final results; 02_reports contains generated report files; 03_audit_ready contains full provenance, decisions, oracle audit, and split CSVs; 98_discarded_nonfinal is reserved for obsolete or nonfinal byproducts; 99_recovery_logs contains downloads, checkpoints, temporary recovery outputs, and logs."
"UCI_abalone_whole_weight","biological_positive","lognormal","lognormal_like","TAX-Q1R008","lognormal","original_regime",6,6,6,6,FALSE,"",TRUE,TRUE,TRUE,1,"huber_k1.345",0.0351583696469227,0.0326460327731496,0.031967964075464,0.0347719319147673,0,0,"strong_win","ci_confirmed","eligible / in_regime / primary_preregistered / strong_win / ci_confirmed",0,"primary eligible in-regime dataset-level rows only","Benjamini-Hochberg FDR is computed at dataset level on external_dataset_level_decisions.csv for primary eligible in-regime rows only. Primary alpha=0.05; secondary sensitivity alpha=0.1.",0,TRUE,TRUE,TRUE,TRUE,"V5_audit_ready","Pre-registered empirical profile gate: bounded/proportion by hint/domain; zero-inflated/count by hint/domain; normal_like when abs(skew)<=0.50 and excess_kurtosis<=1.00; heavy_tail_symmetric when abs(skew)<=1.00 and excess_kurtosis>3.00; lognormal_like when skew>1.00 with positive support; weibull_like when skew>0.50 with positive support; otherwise empirical_unknown.","profile_preregistered","01_results_basic contains compact final results; 02_reports contains generated report files; 03_audit_ready contains full provenance, decisions, oracle audit, and split CSVs; 98_discarded_nonfinal is reserved for obsolete or nonfinal byproducts; 99_recovery_logs contains downloads, checkpoints, temporary recovery outputs, and logs."
"UCI_abalone_whole_weight","biological_positive","lognormal","lognormal_like","TAX-Q1R009","lognormal","original_regime",1,1,1,1,TRUE,"",TRUE,TRUE,TRUE,1,"huber_k1.345",0.00367584999416987,0.00529346156324922,0.00409993517113283,0.00592106691640282,0,0,"strong_win","ci_confirmed","eligible / in_regime / primary_preregistered / strong_win / ci_confirmed",0,"primary eligible in-regime dataset-level rows only","Benjamini-Hochberg FDR is computed at dataset level on external_dataset_level_decisions.csv for primary eligible in-regime rows only. Primary alpha=0.05; secondary sensitivity alpha=0.1.",0,TRUE,TRUE,TRUE,TRUE,"V5_audit_ready","Pre-registered empirical profile gate: bounded/proportion by hint/domain; zero-inflated/count by hint/domain; normal_like when abs(skew)<=0.50 and excess_kurtosis<=1.00; heavy_tail_symmetric when abs(skew)<=1.00 and excess_kurtosis>3.00; lognormal_like when skew>1.00 with positive support; weibull_like when skew>0.50 with positive support; otherwise empirical_unknown.","profile_preregistered","01_results_basic contains compact final results; 02_reports contains generated report files; 03_audit_ready contains full provenance, decisions, oracle audit, and split CSVs; 98_discarded_nonfinal is reserved for obsolete or nonfinal byproducts; 99_recovery_logs contains downloads, checkpoints, temporary recovery outputs, and logs."
"UCI_bike_hour_casual__depth_body_10_90","mobility_demand","lognormal","lognormal_like","TAX-Q1R008","lognormal","original_regime",6,6,0,0,FALSE,"",TRUE,TRUE,TRUE,1,"huber_k1.345",43.8865281059863,49.4023373487395,48.0557737571009,51.1832191870118,0,NA,"strong_win","ci_confirmed","eligible / in_regime / primary_preregistered / strong_win / ci_confirmed",0,"primary eligible in-regime dataset-level rows only","Benjamini-Hochberg FDR is computed at dataset level on external_dataset_level_decisions.csv for primary eligible in-regime rows only. Primary alpha=0.05; secondary sensitivity alpha=0.1.",0,TRUE,TRUE,TRUE,TRUE,"V5_audit_ready","Pre-registered empirical profile gate: bounded/proportion by hint/domain; zero-inflated/count by hint/domain; normal_like when abs(skew)<=0.50 and excess_kurtosis<=1.00; heavy_tail_symmetric when abs(skew)<=1.00 and excess_kurtosis>3.00; lognormal_like when skew>1.00 with positive support; weibull_like when skew>0.50 with positive support; otherwise empirical_unknown.","profile_preregistered","01_results_basic contains compact final results; 02_reports contains generated report files; 03_audit_ready contains full provenance, decisions, oracle audit, and split CSVs; 98_discarded_nonfinal is reserved for obsolete or nonfinal byproducts; 99_recovery_logs contains downloads, checkpoints, temporary recovery outputs, and logs."
"UCI_bike_hour_casual__depth_body_10_90","mobility_demand","lognormal","lognormal_like","TAX-Q1R009","lognormal","original_regime",36,36,0,0,FALSE,"",TRUE,TRUE,TRUE,28,"huber_k1.345",2.41711978706088,4.27867523744188,3.80067347566501,4.74214727030138,0,NA,"strong_win","ci_confirmed","eligible / in_regime / primary_preregistered / strong_win / ci_confirmed",0,"primary eligible in-regime dataset-level rows only","Benjamini-Hochberg FDR is computed at dataset level on external_dataset_level_decisions.csv for primary eligible in-regime rows only. Primary alpha=0.05; secondary sensitivity alpha=0.1.",0,TRUE,TRUE,TRUE,TRUE,"V5_audit_ready","Pre-registered empirical profile gate: bounded/proportion by hint/domain; zero-inflated/count by hint/domain; normal_like when abs(skew)<=0.50 and excess_kurtosis<=1.00; heavy_tail_symmetric when abs(skew)<=1.00 and excess_kurtosis>3.00; lognormal_like when skew>1.00 with positive support; weibull_like when skew>0.50 with positive support; otherwise empirical_unknown.","profile_preregistered","01_results_basic contains compact final results; 02_reports contains generated report files; 03_audit_ready contains full provenance, decisions, oracle audit, and split CSVs; 98_discarded_nonfinal is reserved for obsolete or nonfinal byproducts; 99_recovery_logs contains downloads, checkpoints, temporary recovery outputs, and logs."
"UCI_bike_hour_casual__depth_bootstrap_full","mobility_demand","lognormal","lognormal_like","TAX-Q1R008","lognormal","original_regime",6,6,0,0,FALSE,"",TRUE,TRUE,TRUE,5,"huber_k1.345",1.88755899190987,2.14952096867259,0.858051619031199,3.41684475410585,0,NA,"strong_win","ci_confirmed","eligible / in_regime / primary_preregistered / strong_win / ci_confirmed",0,"primary eligible in-regime dataset-level rows only","Benjamini-Hochberg FDR is computed at dataset level on external_dataset_level_decisions.csv for primary eligible in-regime rows only. Primary alpha=0.05; secondary sensitivity alpha=0.1.",0,TRUE,TRUE,TRUE,TRUE,"V5_audit_ready","Pre-registered empirical profile gate: bounded/proportion by hint/domain; zero-inflated/count by hint/domain; normal_like when abs(skew)<=0.50 and excess_kurtosis<=1.00; heavy_tail_symmetric when abs(skew)<=1.00 and excess_kurtosis>3.00; lognormal_like when skew>1.00 with positive support; weibull_like when skew>0.50 with positive support; otherwise empirical_unknown.","profile_preregistered","01_results_basic contains compact final results; 02_reports contains generated report files; 03_audit_ready contains full provenance, decisions, oracle audit, and split CSVs; 98_discarded_nonfinal is reserved for obsolete or nonfinal byproducts; 99_recovery_logs contains downloads, checkpoints, temporary recovery outputs, and logs."
"UCI_bike_hour_casual__depth_upper_tail_enriched","mobility_demand","lognormal","lognormal_like","TAX-Q1R008","lognormal","locked_unseen_similar",3,3,0,0,FALSE,"",TRUE,TRUE,TRUE,3,"huber_k1.345",10.0101574997672,13.0905684929373,10.2030295468918,15.8303171321854,0,NA,"strong_win","ci_confirmed","eligible / in_regime / primary_preregistered / strong_win / ci_confirmed",0,"primary eligible in-regime dataset-level rows only","Benjamini-Hochberg FDR is computed at dataset level on external_dataset_level_decisions.csv for primary eligible in-regime rows only. Primary alpha=0.05; secondary sensitivity alpha=0.1.",0,TRUE,TRUE,TRUE,TRUE,"V5_audit_ready","Pre-registered empirical profile gate: bounded/proportion by hint/domain; zero-inflated/count by hint/domain; normal_like when abs(skew)<=0.50 and excess_kurtosis<=1.00; heavy_tail_symmetric when abs(skew)<=1.00 and excess_kurtosis>3.00; lognormal_like when skew>1.00 with positive support; weibull_like when skew>0.50 with positive support; otherwise empirical_unknown.","profile_preregistered","01_results_basic contains compact final results; 02_reports contains generated report files; 03_audit_ready contains full provenance, decisions, oracle audit, and split CSVs; 98_discarded_nonfinal is reserved for obsolete or nonfinal byproducts; 99_recovery_logs contains downloads, checkpoints, temporary recovery outputs, and logs."
"UCI_bike_hour_casual__depth_upper_tail_enriched","mobility_demand","lognormal","lognormal_like","TAX-Q1R008","lognormal","original_regime",6,6,0,0,FALSE,"",TRUE,TRUE,TRUE,3,"huber_k1.345",261.583707171079,300.669784971841,292.910580127149,308.417668920342,0,NA,"strong_win","ci_confirmed","eligible / in_regime / primary_preregistered / strong_win / ci_confirmed",0,"primary eligible in-regime dataset-level rows only","Benjamini-Hochberg FDR is computed at dataset level on external_dataset_level_decisions.csv for primary eligible in-regime rows only. Primary alpha=0.05; secondary sensitivity alpha=0.1.",0,TRUE,TRUE,TRUE,TRUE,"V5_audit_ready","Pre-registered empirical profile gate: bounded/proportion by hint/domain; zero-inflated/count by hint/domain; normal_like when abs(skew)<=0.50 and excess_kurtosis<=1.00; heavy_tail_symmetric when abs(skew)<=1.00 and excess_kurtosis>3.00; lognormal_like when skew>1.00 with positive support; weibull_like when skew>0.50 with positive support; otherwise empirical_unknown.","profile_preregistered","01_results_basic contains compact final results; 02_reports contains generated report files; 03_audit_ready contains full provenance, decisions, oracle audit, and split CSVs; 98_discarded_nonfinal is reserved for obsolete or nonfinal byproducts; 99_recovery_logs contains downloads, checkpoints, temporary recovery outputs, and logs."
"UCI_bike_hour_casual__depth_upper_tail_enriched","mobility_demand","lognormal","lognormal_like","TAX-Q1R009","lognormal","original_regime",36,36,0,0,FALSE,"",TRUE,TRUE,TRUE,14,"huber_k1.345",13.6381089555939,28.4125124584082,23.7844183884343,31.1172410574234,0,NA,"strong_win","ci_confirmed","eligible / in_regime / primary_preregistered / strong_win / ci_confirmed",0,"primary eligible in-regime dataset-level rows only","Benjamini-Hochberg FDR is computed at dataset level on external_dataset_level_decisions.csv for primary eligible in-regime rows only. Primary alpha=0.05; secondary sensitivity alpha=0.1.",0,TRUE,TRUE,TRUE,TRUE,"V5_audit_ready","Pre-registered empirical profile gate: bounded/proportion by hint/domain; zero-inflated/count by hint/domain; normal_like when abs(skew)<=0.50 and excess_kurtosis<=1.00; heavy_tail_symmetric when abs(skew)<=1.00 and excess_kurtosis>3.00; lognormal_like when skew>1.00 with positive support; weibull_like when skew>0.50 with positive support; otherwise empirical_unknown.","profile_preregistered","01_results_basic contains compact final results; 02_reports contains generated report files; 03_audit_ready contains full provenance, decisions, oracle audit, and split CSVs; 98_discarded_nonfinal is reserved for obsolete or nonfinal byproducts; 99_recovery_logs contains downloads, checkpoints, temporary recovery outputs, and logs."
"UCI_bike_hour_casual","mobility_demand","lognormal","lognormal_like","TAX-Q1R008","lognormal","original_regime",6,6,6,6,FALSE,"",TRUE,TRUE,TRUE,1,"huber_k1.345",17.6029765210387,28.6636769828587,26.2477897520304,31.379470375714,0,0,"strong_win","ci_confirmed","eligible / in_regime / primary_preregistered / strong_win / ci_confirmed",0,"primary eligible in-regime dataset-level rows only","Benjamini-Hochberg FDR is computed at dataset level on external_dataset_level_decisions.csv for primary eligible in-regime rows only. Primary alpha=0.05; secondary sensitivity alpha=0.1.",0,TRUE,TRUE,TRUE,TRUE,"V5_audit_ready","Pre-registered empirical profile gate: bounded/proportion by hint/domain; zero-inflated/count by hint/domain; normal_like when abs(skew)<=0.50 and excess_kurtosis<=1.00; heavy_tail_symmetric when abs(skew)<=1.00 and excess_kurtosis>3.00; lognormal_like when skew>1.00 with positive support; weibull_like when skew>0.50 with positive support; otherwise empirical_unknown.","profile_preregistered","01_results_basic contains compact final results; 02_reports contains generated report files; 03_audit_ready contains full provenance, decisions, oracle audit, and split CSVs; 98_discarded_nonfinal is reserved for obsolete or nonfinal byproducts; 99_recovery_logs contains downloads, checkpoints, temporary recovery outputs, and logs."
"UCI_bike_hour_count__depth_body_10_90","mobility_demand","lognormal","lognormal_like","TAX-Q1R008","lognormal","locked_unseen_similar",3,3,0,0,FALSE,"",TRUE,TRUE,TRUE,3,"huber_k1.345",1215.25293638715,1233.06046108742,1215.61449836909,1264.61737592491,0,NA,"strong_win","ci_confirmed","eligible / in_regime / primary_preregistered / strong_win / ci_confirmed",0,"primary eligible in-regime dataset-level rows only","Benjamini-Hochberg FDR is computed at dataset level on external_dataset_level_decisions.csv for primary eligible in-regime rows only. Primary alpha=0.05; secondary sensitivity alpha=0.1.",0,TRUE,TRUE,TRUE,TRUE,"V5_audit_ready","Pre-registered empirical profile gate: bounded/proportion by hint/domain; zero-inflated/count by hint/domain; normal_like when abs(skew)<=0.50 and excess_kurtosis<=1.00; heavy_tail_symmetric when abs(skew)<=1.00 and excess_kurtosis>3.00; lognormal_like when skew>1.00 with positive support; weibull_like when skew>0.50 with positive support; otherwise empirical_unknown.","profile_preregistered","01_results_basic contains compact final results; 02_reports contains generated report files; 03_audit_ready contains full provenance, decisions, oracle audit, and split CSVs; 98_discarded_nonfinal is reserved for obsolete or nonfinal byproducts; 99_recovery_logs contains downloads, checkpoints, temporary recovery outputs, and logs."
"UCI_bike_hour_count__depth_body_10_90","mobility_demand","lognormal","lognormal_like","TAX-Q1R008","lognormal","original_regime",6,6,0,0,FALSE,"",TRUE,TRUE,TRUE,6,"huber_k1.345",1452.09719724616,1375.89371206274,1334.50154059572,1407.00735050536,0,NA,"strong_win","ci_confirmed","eligible / in_regime / primary_preregistered / strong_win / ci_confirmed",0,"primary eligible in-regime dataset-level rows only","Benjamini-Hochberg FDR is computed at dataset level on external_dataset_level_decisions.csv for primary eligible in-regime rows only. Primary alpha=0.05; secondary sensitivity alpha=0.1.",0,TRUE,TRUE,TRUE,TRUE,"V5_audit_ready","Pre-registered empirical profile gate: bounded/proportion by hint/domain; zero-inflated/count by hint/domain; normal_like when abs(skew)<=0.50 and excess_kurtosis<=1.00; heavy_tail_symmetric when abs(skew)<=1.00 and excess_kurtosis>3.00; lognormal_like when skew>1.00 with positive support; weibull_like when skew>0.50 with positive support; otherwise empirical_unknown.","profile_preregistered","01_results_basic contains compact final results; 02_reports contains generated report files; 03_audit_ready contains full provenance, decisions, oracle audit, and split CSVs; 98_discarded_nonfinal is reserved for obsolete or nonfinal byproducts; 99_recovery_logs contains downloads, checkpoints, temporary recovery outputs, and logs."
"UCI_bike_hour_count__depth_body_10_90","mobility_demand","lognormal","lognormal_like","TAX-Q1R009","lognormal","locked_unseen_similar",3,3,0,0,FALSE,"",TRUE,TRUE,TRUE,1,"huber_k1.345",223.080482494308,403.221953625654,369.655799855361,428.631213498468,0,NA,"strong_win","ci_confirmed","eligible / in_regime / primary_preregistered / strong_win / ci_confirmed",0,"primary eligible in-regime dataset-level rows only","Benjamini-Hochberg FDR is computed at dataset level on external_dataset_level_decisions.csv for primary eligible in-regime rows only. Primary alpha=0.05; secondary sensitivity alpha=0.1.",0,TRUE,TRUE,TRUE,TRUE,"V5_audit_ready","Pre-registered empirical profile gate: bounded/proportion by hint/domain; zero-inflated/count by hint/domain; normal_like when abs(skew)<=0.50 and excess_kurtosis<=1.00; heavy_tail_symmetric when abs(skew)<=1.00 and excess_kurtosis>3.00; lognormal_like when skew>1.00 with positive support; weibull_like when skew>0.50 with positive support; otherwise empirical_unknown.","profile_preregistered","01_results_basic contains compact final results; 02_reports contains generated report files; 03_audit_ready contains full provenance, decisions, oracle audit, and split CSVs; 98_discarded_nonfinal is reserved for obsolete or nonfinal byproducts; 99_recovery_logs contains downloads, checkpoints, temporary recovery outputs, and logs."
"UCI_bike_hour_count__depth_body_10_90","mobility_demand","lognormal","lognormal_like","TAX-Q1R009","lognormal","original_regime",36,36,0,0,FALSE,"",TRUE,TRUE,TRUE,30,"huber_k1.345",741.585978267163,723.897316539301,697.963981960177,740.437042270286,0,NA,"strong_win","ci_confirmed","eligible / in_regime / primary_preregistered / strong_win / ci_confirmed",0,"primary eligible in-regime dataset-level rows only","Benjamini-Hochberg FDR is computed at dataset level on external_dataset_level_decisions.csv for primary eligible in-regime rows only. Primary alpha=0.05; secondary sensitivity alpha=0.1.",0,TRUE,TRUE,TRUE,TRUE,"V5_audit_ready","Pre-registered empirical profile gate: bounded/proportion by hint/domain; zero-inflated/count by hint/domain; normal_like when abs(skew)<=0.50 and excess_kurtosis<=1.00; heavy_tail_symmetric when abs(skew)<=1.00 and excess_kurtosis>3.00; lognormal_like when skew>1.00 with positive support; weibull_like when skew>0.50 with positive support; otherwise empirical_unknown.","profile_preregistered","01_results_basic contains compact final results; 02_reports contains generated report files; 03_audit_ready contains full provenance, decisions, oracle audit, and split CSVs; 98_discarded_nonfinal is reserved for obsolete or nonfinal byproducts; 99_recovery_logs contains downloads, checkpoints, temporary recovery outputs, and logs."
"UCI_bike_hour_count__depth_bootstrap_full","mobility_demand","lognormal","lognormal_like","TAX-Q1R008","lognormal","locked_unseen_similar",3,3,0,0,FALSE,"",TRUE,TRUE,TRUE,1,"huber_k1.345",1324.33453290418,1951.95086441516,1847.80958145263,2021.28111287724,0,NA,"strong_win","ci_confirmed","eligible / in_regime / primary_preregistered / strong_win / ci_confirmed",0,"primary eligible in-regime dataset-level rows only","Benjamini-Hochberg FDR is computed at dataset level on external_dataset_level_decisions.csv for primary eligible in-regime rows only. Primary alpha=0.05; secondary sensitivity alpha=0.1.",0,TRUE,TRUE,TRUE,TRUE,"V5_audit_ready","Pre-registered empirical profile gate: bounded/proportion by hint/domain; zero-inflated/count by hint/domain; normal_like when abs(skew)<=0.50 and excess_kurtosis<=1.00; heavy_tail_symmetric when abs(skew)<=1.00 and excess_kurtosis>3.00; lognormal_like when skew>1.00 with positive support; weibull_like when skew>0.50 with positive support; otherwise empirical_unknown.","profile_preregistered","01_results_basic contains compact final results; 02_reports contains generated report files; 03_audit_ready contains full provenance, decisions, oracle audit, and split CSVs; 98_discarded_nonfinal is reserved for obsolete or nonfinal byproducts; 99_recovery_logs contains downloads, checkpoints, temporary recovery outputs, and logs."
"UCI_bike_hour_count__depth_bootstrap_full","mobility_demand","lognormal","lognormal_like","TAX-Q1R008","lognormal","original_regime",6,6,0,0,FALSE,"",TRUE,TRUE,TRUE,5,"huber_k1.345",4682.18252291314,4885.76349428187,4779.44951053438,4929.38758136172,0,NA,"strong_win","ci_confirmed","eligible / in_regime / primary_preregistered / strong_win / ci_confirmed",0,"primary eligible in-regime dataset-level rows only","Benjamini-Hochberg FDR is computed at dataset level on external_dataset_level_decisions.csv for primary eligible in-regime rows only. Primary alpha=0.05; secondary sensitivity alpha=0.1.",0,TRUE,TRUE,TRUE,TRUE,"V5_audit_ready","Pre-registered empirical profile gate: bounded/proportion by hint/domain; zero-inflated/count by hint/domain; normal_like when abs(skew)<=0.50 and excess_kurtosis<=1.00; heavy_tail_symmetric when abs(skew)<=1.00 and excess_kurtosis>3.00; lognormal_like when skew>1.00 with positive support; weibull_like when skew>0.50 with positive support; otherwise empirical_unknown.","profile_preregistered","01_results_basic contains compact final results; 02_reports contains generated report files; 03_audit_ready contains full provenance, decisions, oracle audit, and split CSVs; 98_discarded_nonfinal is reserved for obsolete or nonfinal byproducts; 99_recovery_logs contains downloads, checkpoints, temporary recovery outputs, and logs."
"UCI_bike_hour_count__depth_bootstrap_full","mobility_demand","lognormal","lognormal_like","TAX-Q1R009","lognormal","original_regime",36,36,0,0,FALSE,"",TRUE,TRUE,TRUE,10,"huber_k1.345",1018.13992926626,1370.93378203921,1312.72676110204,1412.80263338228,0,NA,"strong_win","ci_confirmed","eligible / in_regime / primary_preregistered / strong_win / ci_confirmed",0,"primary eligible in-regime dataset-level rows only","Benjamini-Hochberg FDR is computed at dataset level on external_dataset_level_decisions.csv for primary eligible in-regime rows only. Primary alpha=0.05; secondary sensitivity alpha=0.1.",0,TRUE,TRUE,TRUE,TRUE,"V5_audit_ready","Pre-registered empirical profile gate: bounded/proportion by hint/domain; zero-inflated/count by hint/domain; normal_like when abs(skew)<=0.50 and excess_kurtosis<=1.00; heavy_tail_symmetric when abs(skew)<=1.00 and excess_kurtosis>3.00; lognormal_like when skew>1.00 with positive support; weibull_like when skew>0.50 with positive support; otherwise empirical_unknown.","profile_preregistered","01_results_basic contains compact final results; 02_reports contains generated report files; 03_audit_ready contains full provenance, decisions, oracle audit, and split CSVs; 98_discarded_nonfinal is reserved for obsolete or nonfinal byproducts; 99_recovery_logs contains downloads, checkpoints, temporary recovery outputs, and logs."
"UCI_bike_hour_count__depth_upper_tail_enriched","mobility_demand","lognormal","lognormal_like","TAX-Q1R008","lognormal","locked_unseen_similar",3,3,0,0,FALSE,"",TRUE,TRUE,TRUE,1,"huber_k1.345",3592.48910339469,4013.70517356539,3931.63680320428,4276.07793122537,0,NA,"strong_win","ci_confirmed","eligible / in_regime / primary_preregistered / strong_win / ci_confirmed",0,"primary eligible in-regime dataset-level rows only","Benjamini-Hochberg FDR is computed at dataset level on external_dataset_level_decisions.csv for primary eligible in-regime rows only. Primary alpha=0.05; secondary sensitivity alpha=0.1.",0,TRUE,TRUE,TRUE,TRUE,"V5_audit_ready","Pre-registered empirical profile gate: bounded/proportion by hint/domain; zero-inflated/count by hint/domain; normal_like when abs(skew)<=0.50 and excess_kurtosis<=1.00; heavy_tail_symmetric when abs(skew)<=1.00 and excess_kurtosis>3.00; lognormal_like when skew>1.00 with positive support; weibull_like when skew>0.50 with positive support; otherwise empirical_unknown.","profile_preregistered","01_results_basic contains compact final results; 02_reports contains generated report files; 03_audit_ready contains full provenance, decisions, oracle audit, and split CSVs; 98_discarded_nonfinal is reserved for obsolete or nonfinal byproducts; 99_recovery_logs contains downloads, checkpoints, temporary recovery outputs, and logs."
"UCI_bike_hour_count__depth_upper_tail_enriched","mobility_demand","lognormal","lognormal_like","TAX-Q1R008","lognormal","original_regime",6,6,0,0,FALSE,"",TRUE,TRUE,TRUE,6,"huber_k1.345",7422.94639762891,7421.02780945269,7273.65364787284,7491.90159023641,0,NA,"strong_win","ci_confirmed","eligible / in_regime / primary_preregistered / strong_win / ci_confirmed",0,"primary eligible in-regime dataset-level rows only","Benjamini-Hochberg FDR is computed at dataset level on external_dataset_level_decisions.csv for primary eligible in-regime rows only. Primary alpha=0.05; secondary sensitivity alpha=0.1.",0,TRUE,TRUE,TRUE,TRUE,"V5_audit_ready","Pre-registered empirical profile gate: bounded/proportion by hint/domain; zero-inflated/count by hint/domain; normal_like when abs(skew)<=0.50 and excess_kurtosis<=1.00; heavy_tail_symmetric when abs(skew)<=1.00 and excess_kurtosis>3.00; lognormal_like when skew>1.00 with positive support; weibull_like when skew>0.50 with positive support; otherwise empirical_unknown.","profile_preregistered","01_results_basic contains compact final results; 02_reports contains generated report files; 03_audit_ready contains full provenance, decisions, oracle audit, and split CSVs; 98_discarded_nonfinal is reserved for obsolete or nonfinal byproducts; 99_recovery_logs contains downloads, checkpoints, temporary recovery outputs, and logs."
"UCI_bike_hour_count__depth_upper_tail_enriched","mobility_demand","lognormal","lognormal_like","TAX-Q1R009","lognormal","locked_unseen_similar",3,3,0,0,FALSE,"",TRUE,TRUE,TRUE,2,"huber_k1.345",210.943164563251,528.907816825488,477.067705932198,554.026088037534,0,NA,"strong_win","ci_confirmed","eligible / in_regime / primary_preregistered / strong_win / ci_confirmed",0,"primary eligible in-regime dataset-level rows only","Benjamini-Hochberg FDR is computed at dataset level on external_dataset_level_decisions.csv for primary eligible in-regime rows only. Primary alpha=0.05; secondary sensitivity alpha=0.1.",0,TRUE,TRUE,TRUE,TRUE,"V5_audit_ready","Pre-registered empirical profile gate: bounded/proportion by hint/domain; zero-inflated/count by hint/domain; normal_like when abs(skew)<=0.50 and excess_kurtosis<=1.00; heavy_tail_symmetric when abs(skew)<=1.00 and excess_kurtosis>3.00; lognormal_like when skew>1.00 with positive support; weibull_like when skew>0.50 with positive support; otherwise empirical_unknown.","profile_preregistered","01_results_basic contains compact final results; 02_reports contains generated report files; 03_audit_ready contains full provenance, decisions, oracle audit, and split CSVs; 98_discarded_nonfinal is reserved for obsolete or nonfinal byproducts; 99_recovery_logs contains downloads, checkpoints, temporary recovery outputs, and logs."
"UCI_bike_hour_count__depth_upper_tail_enriched","mobility_demand","lognormal","lognormal_like","TAX-Q1R009","lognormal","original_regime",36,36,0,0,FALSE,"",TRUE,TRUE,TRUE,10,"huber_k1.345",2622.87421693848,2940.62986666739,2791.79988885449,3033.11002611284,0,NA,"strong_win","ci_confirmed","eligible / in_regime / primary_preregistered / strong_win / ci_confirmed",0,"primary eligible in-regime dataset-level rows only","Benjamini-Hochberg FDR is computed at dataset level on external_dataset_level_decisions.csv for primary eligible in-regime rows only. Primary alpha=0.05; secondary sensitivity alpha=0.1.",0,TRUE,TRUE,TRUE,TRUE,"V5_audit_ready","Pre-registered empirical profile gate: bounded/proportion by hint/domain; zero-inflated/count by hint/domain; normal_like when abs(skew)<=0.50 and excess_kurtosis<=1.00; heavy_tail_symmetric when abs(skew)<=1.00 and excess_kurtosis>3.00; lognormal_like when skew>1.00 with positive support; weibull_like when skew>0.50 with positive support; otherwise empirical_unknown.","profile_preregistered","01_results_basic contains compact final results; 02_reports contains generated report files; 03_audit_ready contains full provenance, decisions, oracle audit, and split CSVs; 98_discarded_nonfinal is reserved for obsolete or nonfinal byproducts; 99_recovery_logs contains downloads, checkpoints, temporary recovery outputs, and logs."
"UCI_bike_hour_count","mobility_demand","lognormal","lognormal_like","TAX-Q1R008","lognormal","locked_unseen_similar",3,3,3,3,FALSE,"",TRUE,TRUE,TRUE,1,"huber_k1.345",1323.61963115132,1827.26806244644,1746.81382250139,1910.39488767334,0,0,"strong_win","ci_confirmed","eligible / in_regime / primary_preregistered / strong_win / ci_confirmed",0,"primary eligible in-regime dataset-level rows only","Benjamini-Hochberg FDR is computed at dataset level on external_dataset_level_decisions.csv for primary eligible in-regime rows only. Primary alpha=0.05; secondary sensitivity alpha=0.1.",0,TRUE,TRUE,TRUE,TRUE,"V5_audit_ready","Pre-registered empirical profile gate: bounded/proportion by hint/domain; zero-inflated/count by hint/domain; normal_like when abs(skew)<=0.50 and excess_kurtosis<=1.00; heavy_tail_symmetric when abs(skew)<=1.00 and excess_kurtosis>3.00; lognormal_like when skew>1.00 with positive support; weibull_like when skew>0.50 with positive support; otherwise empirical_unknown.","profile_preregistered","01_results_basic contains compact final results; 02_reports contains generated report files; 03_audit_ready contains full provenance, decisions, oracle audit, and split CSVs; 98_discarded_nonfinal is reserved for obsolete or nonfinal byproducts; 99_recovery_logs contains downloads, checkpoints, temporary recovery outputs, and logs."
"UCI_bike_hour_count","mobility_demand","lognormal","lognormal_like","TAX-Q1R008","lognormal","original_regime",6,6,6,6,FALSE,"",TRUE,TRUE,TRUE,3,"huber_k1.345",4660.47974191264,4888.7112520839,4771.69892706106,4973.67219748158,0,0,"strong_win","ci_confirmed","eligible / in_regime / primary_preregistered / strong_win / ci_confirmed",0,"primary eligible in-regime dataset-level rows only","Benjamini-Hochberg FDR is computed at dataset level on external_dataset_level_decisions.csv for primary eligible in-regime rows only. Primary alpha=0.05; secondary sensitivity alpha=0.1.",0,TRUE,TRUE,TRUE,TRUE,"V5_audit_ready","Pre-registered empirical profile gate: bounded/proportion by hint/domain; zero-inflated/count by hint/domain; normal_like when abs(skew)<=0.50 and excess_kurtosis<=1.00; heavy_tail_symmetric when abs(skew)<=1.00 and excess_kurtosis>3.00; lognormal_like when skew>1.00 with positive support; weibull_like when skew>0.50 with positive support; otherwise empirical_unknown.","profile_preregistered","01_results_basic contains compact final results; 02_reports contains generated report files; 03_audit_ready contains full provenance, decisions, oracle audit, and split CSVs; 98_discarded_nonfinal is reserved for obsolete or nonfinal byproducts; 99_recovery_logs contains downloads, checkpoints, temporary recovery outputs, and logs."
"UCI_bike_hour_count","mobility_demand","lognormal","lognormal_like","TAX-Q1R009","lognormal","original_regime",1,1,1,1,TRUE,"",TRUE,TRUE,TRUE,1,"huber_k1.345",110.655116824185,261.858929235747,183.792386229012,326.792474864484,0,0,"strong_win","ci_confirmed","eligible / in_regime / primary_preregistered / strong_win / ci_confirmed",0,"primary eligible in-regime dataset-level rows only","Benjamini-Hochberg FDR is computed at dataset level on external_dataset_level_decisions.csv for primary eligible in-regime rows only. Primary alpha=0.05; secondary sensitivity alpha=0.1.",0,TRUE,TRUE,TRUE,TRUE,"V5_audit_ready","Pre-registered empirical profile gate: bounded/proportion by hint/domain; zero-inflated/count by hint/domain; normal_like when abs(skew)<=0.50 and excess_kurtosis<=1.00; heavy_tail_symmetric when abs(skew)<=1.00 and excess_kurtosis>3.00; lognormal_like when skew>1.00 with positive support; weibull_like when skew>0.50 with positive support; otherwise empirical_unknown.","profile_preregistered","01_results_basic contains compact final results; 02_reports contains generated report files; 03_audit_ready contains full provenance, decisions, oracle audit, and split CSVs; 98_discarded_nonfinal is reserved for obsolete or nonfinal byproducts; 99_recovery_logs contains downloads, checkpoints, temporary recovery outputs, and logs."
"UCI_bike_hour_registered__depth_body_10_90","mobility_demand","lognormal","lognormal_like","TAX-Q1R008","lognormal","locked_unseen_similar",3,3,0,0,FALSE,"",TRUE,TRUE,TRUE,3,"huber_k1.345",723.206056452021,753.238580001464,729.737587357453,767.866170344429,0,NA,"strong_win","ci_confirmed","eligible / in_regime / primary_preregistered / strong_win / ci_confirmed",0,"primary eligible in-regime dataset-level rows only","Benjamini-Hochberg FDR is computed at dataset level on external_dataset_level_decisions.csv for primary eligible in-regime rows only. Primary alpha=0.05; secondary sensitivity alpha=0.1.",0,TRUE,TRUE,TRUE,TRUE,"V5_audit_ready","Pre-registered empirical profile gate: bounded/proportion by hint/domain; zero-inflated/count by hint/domain; normal_like when abs(skew)<=0.50 and excess_kurtosis<=1.00; heavy_tail_symmetric when abs(skew)<=1.00 and excess_kurtosis>3.00; lognormal_like when skew>1.00 with positive support; weibull_like when skew>0.50 with positive support; otherwise empirical_unknown.","profile_preregistered","01_results_basic contains compact final results; 02_reports contains generated report files; 03_audit_ready contains full provenance, decisions, oracle audit, and split CSVs; 98_discarded_nonfinal is reserved for obsolete or nonfinal byproducts; 99_recovery_logs contains downloads, checkpoints, temporary recovery outputs, and logs."
"UCI_bike_hour_registered__depth_body_10_90","mobility_demand","lognormal","lognormal_like","TAX-Q1R008","lognormal","original_regime",6,6,0,0,FALSE,"",TRUE,TRUE,TRUE,6,"huber_k1.345",913.525761341778,583.189179322964,535.171735013637,763.493442538357,0,NA,"strong_win","ci_confirmed","eligible / in_regime / primary_preregistered / strong_win / ci_confirmed",0,"primary eligible in-regime dataset-level rows only","Benjamini-Hochberg FDR is computed at dataset level on external_dataset_level_decisions.csv for primary eligible in-regime rows only. Primary alpha=0.05; secondary sensitivity alpha=0.1.",0,TRUE,TRUE,TRUE,TRUE,"V5_audit_ready","Pre-registered empirical profile gate: bounded/proportion by hint/domain; zero-inflated/count by hint/domain; normal_like when abs(skew)<=0.50 and excess_kurtosis<=1.00; heavy_tail_symmetric when abs(skew)<=1.00 and excess_kurtosis>3.00; lognormal_like when skew>1.00 with positive support; weibull_like when skew>0.50 with positive support; otherwise empirical_unknown.","profile_preregistered","01_results_basic contains compact final results; 02_reports contains generated report files; 03_audit_ready contains full provenance, decisions, oracle audit, and split CSVs; 98_discarded_nonfinal is reserved for obsolete or nonfinal byproducts; 99_recovery_logs contains downloads, checkpoints, temporary recovery outputs, and logs."
"UCI_bike_hour_registered__depth_body_10_90","mobility_demand","lognormal","lognormal_like","TAX-Q1R009","lognormal","locked_unseen_similar",3,3,0,0,FALSE,"",TRUE,TRUE,TRUE,2,"huber_k1.345",113.711536122932,190.636954006749,176.713967215032,203.019040715338,0,NA,"strong_win","ci_confirmed","eligible / in_regime / primary_preregistered / strong_win / ci_confirmed",0,"primary eligible in-regime dataset-level rows only","Benjamini-Hochberg FDR is computed at dataset level on external_dataset_level_decisions.csv for primary eligible in-regime rows only. Primary alpha=0.05; secondary sensitivity alpha=0.1.",0,TRUE,TRUE,TRUE,TRUE,"V5_audit_ready","Pre-registered empirical profile gate: bounded/proportion by hint/domain; zero-inflated/count by hint/domain; normal_like when abs(skew)<=0.50 and excess_kurtosis<=1.00; heavy_tail_symmetric when abs(skew)<=1.00 and excess_kurtosis>3.00; lognormal_like when skew>1.00 with positive support; weibull_like when skew>0.50 with positive support; otherwise empirical_unknown.","profile_preregistered","01_results_basic contains compact final results; 02_reports contains generated report files; 03_audit_ready contains full provenance, decisions, oracle audit, and split CSVs; 98_discarded_nonfinal is reserved for obsolete or nonfinal byproducts; 99_recovery_logs contains downloads, checkpoints, temporary recovery outputs, and logs."
"UCI_bike_hour_registered__depth_body_10_90","mobility_demand","lognormal","lognormal_like","TAX-Q1R009","lognormal","original_regime",36,36,0,0,FALSE,"",TRUE,TRUE,TRUE,30,"huber_k1.345",464.558196619431,462.499875165419,445.357207996029,472.406590868244,0,NA,"strong_win","ci_confirmed","eligible / in_regime / primary_preregistered / strong_win / ci_confirmed",0,"primary eligible in-regime dataset-level rows only","Benjamini-Hochberg FDR is computed at dataset level on external_dataset_level_decisions.csv for primary eligible in-regime rows only. Primary alpha=0.05; secondary sensitivity alpha=0.1.",0,TRUE,TRUE,TRUE,TRUE,"V5_audit_ready","Pre-registered empirical profile gate: bounded/proportion by hint/domain; zero-inflated/count by hint/domain; normal_like when abs(skew)<=0.50 and excess_kurtosis<=1.00; heavy_tail_symmetric when abs(skew)<=1.00 and excess_kurtosis>3.00; lognormal_like when skew>1.00 with positive support; weibull_like when skew>0.50 with positive support; otherwise empirical_unknown.","profile_preregistered","01_results_basic contains compact final results; 02_reports contains generated report files; 03_audit_ready contains full provenance, decisions, oracle audit, and split CSVs; 98_discarded_nonfinal is reserved for obsolete or nonfinal byproducts; 99_recovery_logs contains downloads, checkpoints, temporary recovery outputs, and logs."
"UCI_bike_hour_registered__depth_bootstrap_full","mobility_demand","lognormal","lognormal_like","TAX-Q1R008","lognormal","locked_unseen_similar",3,3,0,0,FALSE,"",TRUE,TRUE,TRUE,1,"huber_k1.345",738.937859656693,1012.92740978549,966.792010093158,1043.64510665454,0,NA,"strong_win","ci_confirmed","eligible / in_regime / primary_preregistered / strong_win / ci_confirmed",0,"primary eligible in-regime dataset-level rows only","Benjamini-Hochberg FDR is computed at dataset level on external_dataset_level_decisions.csv for primary eligible in-regime rows only. Primary alpha=0.05; secondary sensitivity alpha=0.1.",0,TRUE,TRUE,TRUE,TRUE,"V5_audit_ready","Pre-registered empirical profile gate: bounded/proportion by hint/domain; zero-inflated/count by hint/domain; normal_like when abs(skew)<=0.50 and excess_kurtosis<=1.00; heavy_tail_symmetric when abs(skew)<=1.00 and excess_kurtosis>3.00; lognormal_like when skew>1.00 with positive support; weibull_like when skew>0.50 with positive support; otherwise empirical_unknown.","profile_preregistered","01_results_basic contains compact final results; 02_reports contains generated report files; 03_audit_ready contains full provenance, decisions, oracle audit, and split CSVs; 98_discarded_nonfinal is reserved for obsolete or nonfinal byproducts; 99_recovery_logs contains downloads, checkpoints, temporary recovery outputs, and logs."
"UCI_bike_hour_registered__depth_bootstrap_full","mobility_demand","lognormal","lognormal_like","TAX-Q1R008","lognormal","original_regime",6,6,0,0,FALSE,"",TRUE,TRUE,TRUE,1,"huber_k1.345",3063.06493653765,3301.05887359199,3196.96041854624,3415.32981389554,0,NA,"strong_win","ci_confirmed","eligible / in_regime / primary_preregistered / strong_win / ci_confirmed",0,"primary eligible in-regime dataset-level rows only","Benjamini-Hochberg FDR is computed at dataset level on external_dataset_level_decisions.csv for primary eligible in-regime rows only. Primary alpha=0.05; secondary sensitivity alpha=0.1.",0,TRUE,TRUE,TRUE,TRUE,"V5_audit_ready","Pre-registered empirical profile gate: bounded/proportion by hint/domain; zero-inflated/count by hint/domain; normal_like when abs(skew)<=0.50 and excess_kurtosis<=1.00; heavy_tail_symmetric when abs(skew)<=1.00 and excess_kurtosis>3.00; lognormal_like when skew>1.00 with positive support; weibull_like when skew>0.50 with positive support; otherwise empirical_unknown.","profile_preregistered","01_results_basic contains compact final results; 02_reports contains generated report files; 03_audit_ready contains full provenance, decisions, oracle audit, and split CSVs; 98_discarded_nonfinal is reserved for obsolete or nonfinal byproducts; 99_recovery_logs contains downloads, checkpoints, temporary recovery outputs, and logs."
"UCI_bike_hour_registered__depth_bootstrap_full","mobility_demand","lognormal","lognormal_like","TAX-Q1R009","lognormal","original_regime",36,36,0,0,FALSE,"",TRUE,TRUE,TRUE,10,"huber_k1.345",602.923410092093,811.399461554016,783.182827087597,845.04082911873,0,NA,"strong_win","ci_confirmed","eligible / in_regime / primary_preregistered / strong_win / ci_confirmed",0,"primary eligible in-regime dataset-level rows only","Benjamini-Hochberg FDR is computed at dataset level on external_dataset_level_decisions.csv for primary eligible in-regime rows only. Primary alpha=0.05; secondary sensitivity alpha=0.1.",0,TRUE,TRUE,TRUE,TRUE,"V5_audit_ready","Pre-registered empirical profile gate: bounded/proportion by hint/domain; zero-inflated/count by hint/domain; normal_like when abs(skew)<=0.50 and excess_kurtosis<=1.00; heavy_tail_symmetric when abs(skew)<=1.00 and excess_kurtosis>3.00; lognormal_like when skew>1.00 with positive support; weibull_like when skew>0.50 with positive support; otherwise empirical_unknown.","profile_preregistered","01_results_basic contains compact final results; 02_reports contains generated report files; 03_audit_ready contains full provenance, decisions, oracle audit, and split CSVs; 98_discarded_nonfinal is reserved for obsolete or nonfinal byproducts; 99_recovery_logs contains downloads, checkpoints, temporary recovery outputs, and logs."
"UCI_bike_hour_registered__depth_upper_tail_enriched","mobility_demand","lognormal","lognormal_like","TAX-Q1R008","lognormal","locked_unseen_similar",3,3,0,0,FALSE,"",TRUE,TRUE,TRUE,2,"huber_k1.345",1487.51971395143,1793.76056183125,1697.56188264011,1832.9706471771,0,NA,"strong_win","ci_confirmed","eligible / in_regime / primary_preregistered / strong_win / ci_confirmed",0,"primary eligible in-regime dataset-level rows only","Benjamini-Hochberg FDR is computed at dataset level on external_dataset_level_decisions.csv for primary eligible in-regime rows only. Primary alpha=0.05; secondary sensitivity alpha=0.1.",0,TRUE,TRUE,TRUE,TRUE,"V5_audit_ready","Pre-registered empirical profile gate: bounded/proportion by hint/domain; zero-inflated/count by hint/domain; normal_like when abs(skew)<=0.50 and excess_kurtosis<=1.00; heavy_tail_symmetric when abs(skew)<=1.00 and excess_kurtosis>3.00; lognormal_like when skew>1.00 with positive support; weibull_like when skew>0.50 with positive support; otherwise empirical_unknown.","profile_preregistered","01_results_basic contains compact final results; 02_reports contains generated report files; 03_audit_ready contains full provenance, decisions, oracle audit, and split CSVs; 98_discarded_nonfinal is reserved for obsolete or nonfinal byproducts; 99_recovery_logs contains downloads, checkpoints, temporary recovery outputs, and logs."
"UCI_bike_hour_registered__depth_upper_tail_enriched","mobility_demand","lognormal","lognormal_like","TAX-Q1R008","lognormal","original_regime",6,6,0,0,FALSE,"",TRUE,TRUE,TRUE,4,"huber_k1.345",4727.76230202082,4891.58013606806,4784.02146379585,5049.50098817892,0,NA,"strong_win","ci_confirmed","eligible / in_regime / primary_preregistered / strong_win / ci_confirmed",0,"primary eligible in-regime dataset-level rows only","Benjamini-Hochberg FDR is computed at dataset level on external_dataset_level_decisions.csv for primary eligible in-regime rows only. Primary alpha=0.05; secondary sensitivity alpha=0.1.",0,TRUE,TRUE,TRUE,TRUE,"V5_audit_ready","Pre-registered empirical profile gate: bounded/proportion by hint/domain; zero-inflated/count by hint/domain; normal_like when abs(skew)<=0.50 and excess_kurtosis<=1.00; heavy_tail_symmetric when abs(skew)<=1.00 and excess_kurtosis>3.00; lognormal_like when skew>1.00 with positive support; weibull_like when skew>0.50 with positive support; otherwise empirical_unknown.","profile_preregistered","01_results_basic contains compact final results; 02_reports contains generated report files; 03_audit_ready contains full provenance, decisions, oracle audit, and split CSVs; 98_discarded_nonfinal is reserved for obsolete or nonfinal byproducts; 99_recovery_logs contains downloads, checkpoints, temporary recovery outputs, and logs."
"UCI_bike_hour_registered__depth_upper_tail_enriched","mobility_demand","lognormal","lognormal_like","TAX-Q1R009","lognormal","original_regime",36,36,0,0,FALSE,"",TRUE,TRUE,TRUE,14,"huber_k1.345",1211.640070937,1423.41010922815,1357.97388204745,1469.00416282954,0,NA,"strong_win","ci_confirmed","eligible / in_regime / primary_preregistered / strong_win / ci_confirmed",0,"primary eligible in-regime dataset-level rows only","Benjamini-Hochberg FDR is computed at dataset level on external_dataset_level_decisions.csv for primary eligible in-regime rows only. Primary alpha=0.05; secondary sensitivity alpha=0.1.",0,TRUE,TRUE,TRUE,TRUE,"V5_audit_ready","Pre-registered empirical profile gate: bounded/proportion by hint/domain; zero-inflated/count by hint/domain; normal_like when abs(skew)<=0.50 and excess_kurtosis<=1.00; heavy_tail_symmetric when abs(skew)<=1.00 and excess_kurtosis>3.00; lognormal_like when skew>1.00 with positive support; weibull_like when skew>0.50 with positive support; otherwise empirical_unknown.","profile_preregistered","01_results_basic contains compact final results; 02_reports contains generated report files; 03_audit_ready contains full provenance, decisions, oracle audit, and split CSVs; 98_discarded_nonfinal is reserved for obsolete or nonfinal byproducts; 99_recovery_logs contains downloads, checkpoints, temporary recovery outputs, and logs."
"UCI_bike_hour_registered","mobility_demand","lognormal","lognormal_like","TAX-Q1R008","lognormal","locked_unseen_similar",3,3,3,3,FALSE,"",TRUE,TRUE,TRUE,1,"huber_k1.345",714.929345445015,1033.20592923211,988.472470471951,1084.73678071388,0,0,"strong_win","ci_confirmed","eligible / in_regime / primary_preregistered / strong_win / ci_confirmed",0,"primary eligible in-regime dataset-level rows only","Benjamini-Hochberg FDR is computed at dataset level on external_dataset_level_decisions.csv for primary eligible in-regime rows only. Primary alpha=0.05; secondary sensitivity alpha=0.1.",0,TRUE,TRUE,TRUE,TRUE,"V5_audit_ready","Pre-registered empirical profile gate: bounded/proportion by hint/domain; zero-inflated/count by hint/domain; normal_like when abs(skew)<=0.50 and excess_kurtosis<=1.00; heavy_tail_symmetric when abs(skew)<=1.00 and excess_kurtosis>3.00; lognormal_like when skew>1.00 with positive support; weibull_like when skew>0.50 with positive support; otherwise empirical_unknown.","profile_preregistered","01_results_basic contains compact final results; 02_reports contains generated report files; 03_audit_ready contains full provenance, decisions, oracle audit, and split CSVs; 98_discarded_nonfinal is reserved for obsolete or nonfinal byproducts; 99_recovery_logs contains downloads, checkpoints, temporary recovery outputs, and logs."
"UCI_bike_hour_registered","mobility_demand","lognormal","lognormal_like","TAX-Q1R008","lognormal","original_regime",6,6,6,6,FALSE,"",TRUE,TRUE,TRUE,1,"huber_k1.345",3043.53058523156,3255.24674756693,3153.91846239946,3352.03623880898,0,0,"strong_win","ci_confirmed","eligible / in_regime / primary_preregistered / strong_win / ci_confirmed",0,"primary eligible in-regime dataset-level rows only","Benjamini-Hochberg FDR is computed at dataset level on external_dataset_level_decisions.csv for primary eligible in-regime rows only. Primary alpha=0.05; secondary sensitivity alpha=0.1.",0,TRUE,TRUE,TRUE,TRUE,"V5_audit_ready","Pre-registered empirical profile gate: bounded/proportion by hint/domain; zero-inflated/count by hint/domain; normal_like when abs(skew)<=0.50 and excess_kurtosis<=1.00; heavy_tail_symmetric when abs(skew)<=1.00 and excess_kurtosis>3.00; lognormal_like when skew>1.00 with positive support; weibull_like when skew>0.50 with positive support; otherwise empirical_unknown.","profile_preregistered","01_results_basic contains compact final results; 02_reports contains generated report files; 03_audit_ready contains full provenance, decisions, oracle audit, and split CSVs; 98_discarded_nonfinal is reserved for obsolete or nonfinal byproducts; 99_recovery_logs contains downloads, checkpoints, temporary recovery outputs, and logs."
"UCI_bike_hour_registered","mobility_demand","lognormal","lognormal_like","TAX-Q1R009","lognormal","original_regime",2,2,1,1,TRUE,"",TRUE,TRUE,TRUE,2,"huber_k1.345",587.314128270893,810.750971545749,777.918769563272,835.325113865678,0,0,"strong_win","ci_confirmed","eligible / in_regime / primary_preregistered / strong_win / ci_confirmed",0,"primary eligible in-regime dataset-level rows only","Benjamini-Hochberg FDR is computed at dataset level on external_dataset_level_decisions.csv for primary eligible in-regime rows only. Primary alpha=0.05; secondary sensitivity alpha=0.1.",0,TRUE,TRUE,TRUE,TRUE,"V5_audit_ready","Pre-registered empirical profile gate: bounded/proportion by hint/domain; zero-inflated/count by hint/domain; normal_like when abs(skew)<=0.50 and excess_kurtosis<=1.00; heavy_tail_symmetric when abs(skew)<=1.00 and excess_kurtosis>3.00; lognormal_like when skew>1.00 with positive support; weibull_like when skew>0.50 with positive support; otherwise empirical_unknown.","profile_preregistered","01_results_basic contains compact final results; 02_reports contains generated report files; 03_audit_ready contains full provenance, decisions, oracle audit, and split CSVs; 98_discarded_nonfinal is reserved for obsolete or nonfinal byproducts; 99_recovery_logs contains downloads, checkpoints, temporary recovery outputs, and logs."
"UCI_online_news_log_shares__depth_body_10_90","web_popularity","lognormal","lognormal_like","TAX-Q1R008","lognormal","locked_unseen_similar",3,3,0,0,FALSE,"",TRUE,TRUE,TRUE,2,"huber_k1.345",0.0147072410446185,0.0170301476148016,0.015906876829974,0.0177595463077576,0,NA,"strong_win","ci_confirmed","eligible / in_regime / primary_preregistered / strong_win / ci_confirmed",0,"primary eligible in-regime dataset-level rows only","Benjamini-Hochberg FDR is computed at dataset level on external_dataset_level_decisions.csv for primary eligible in-regime rows only. Primary alpha=0.05; secondary sensitivity alpha=0.1.",0,TRUE,TRUE,TRUE,TRUE,"V5_audit_ready","Pre-registered empirical profile gate: bounded/proportion by hint/domain; zero-inflated/count by hint/domain; normal_like when abs(skew)<=0.50 and excess_kurtosis<=1.00; heavy_tail_symmetric when abs(skew)<=1.00 and excess_kurtosis>3.00; lognormal_like when skew>1.00 with positive support; weibull_like when skew>0.50 with positive support; otherwise empirical_unknown.","profile_preregistered","01_results_basic contains compact final results; 02_reports contains generated report files; 03_audit_ready contains full provenance, decisions, oracle audit, and split CSVs; 98_discarded_nonfinal is reserved for obsolete or nonfinal byproducts; 99_recovery_logs contains downloads, checkpoints, temporary recovery outputs, and logs."
"UCI_online_news_log_shares__depth_body_10_90","web_popularity","lognormal","lognormal_like","TAX-Q1R008","lognormal","original_regime",6,6,0,0,FALSE,"",TRUE,TRUE,TRUE,6,"huber_k1.345",0.0218251864580046,0.0201892590457303,0.0196209419814783,0.0208118263995579,0,NA,"strong_win","ci_confirmed","eligible / in_regime / primary_preregistered / strong_win / ci_confirmed",0,"primary eligible in-regime dataset-level rows only","Benjamini-Hochberg FDR is computed at dataset level on external_dataset_level_decisions.csv for primary eligible in-regime rows only. Primary alpha=0.05; secondary sensitivity alpha=0.1.",0,TRUE,TRUE,TRUE,TRUE,"V5_audit_ready","Pre-registered empirical profile gate: bounded/proportion by hint/domain; zero-inflated/count by hint/domain; normal_like when abs(skew)<=0.50 and excess_kurtosis<=1.00; heavy_tail_symmetric when abs(skew)<=1.00 and excess_kurtosis>3.00; lognormal_like when skew>1.00 with positive support; weibull_like when skew>0.50 with positive support; otherwise empirical_unknown.","profile_preregistered","01_results_basic contains compact final results; 02_reports contains generated report files; 03_audit_ready contains full provenance, decisions, oracle audit, and split CSVs; 98_discarded_nonfinal is reserved for obsolete or nonfinal byproducts; 99_recovery_logs contains downloads, checkpoints, temporary recovery outputs, and logs."
"UCI_online_news_log_shares__depth_body_10_90","web_popularity","lognormal","lognormal_like","TAX-Q1R009","lognormal","locked_unseen_similar",3,3,0,0,FALSE,"",TRUE,TRUE,TRUE,2,"huber_k1.345",0.000404692547882051,0.00145430934813754,0.00106877172277192,0.00170805889959288,0,NA,"strong_win","ci_confirmed","eligible / in_regime / primary_preregistered / strong_win / ci_confirmed",0,"primary eligible in-regime dataset-level rows only","Benjamini-Hochberg FDR is computed at dataset level on external_dataset_level_decisions.csv for primary eligible in-regime rows only. Primary alpha=0.05; secondary sensitivity alpha=0.1.",0,TRUE,TRUE,TRUE,TRUE,"V5_audit_ready","Pre-registered empirical profile gate: bounded/proportion by hint/domain; zero-inflated/count by hint/domain; normal_like when abs(skew)<=0.50 and excess_kurtosis<=1.00; heavy_tail_symmetric when abs(skew)<=1.00 and excess_kurtosis>3.00; lognormal_like when skew>1.00 with positive support; weibull_like when skew>0.50 with positive support; otherwise empirical_unknown.","profile_preregistered","01_results_basic contains compact final results; 02_reports contains generated report files; 03_audit_ready contains full provenance, decisions, oracle audit, and split CSVs; 98_discarded_nonfinal is reserved for obsolete or nonfinal byproducts; 99_recovery_logs contains downloads, checkpoints, temporary recovery outputs, and logs."
"UCI_online_news_log_shares__depth_body_10_90","web_popularity","lognormal","lognormal_like","TAX-Q1R009","lognormal","original_regime",36,36,0,0,FALSE,"",TRUE,TRUE,TRUE,30,"huber_k1.345",0.0110266155225433,0.0123451701846021,0.0117979427193195,0.0126847316598026,0,NA,"strong_win","ci_confirmed","eligible / in_regime / primary_preregistered / strong_win / ci_confirmed",0,"primary eligible in-regime dataset-level rows only","Benjamini-Hochberg FDR is computed at dataset level on external_dataset_level_decisions.csv for primary eligible in-regime rows only. Primary alpha=0.05; secondary sensitivity alpha=0.1.",0,TRUE,TRUE,TRUE,TRUE,"V5_audit_ready","Pre-registered empirical profile gate: bounded/proportion by hint/domain; zero-inflated/count by hint/domain; normal_like when abs(skew)<=0.50 and excess_kurtosis<=1.00; heavy_tail_symmetric when abs(skew)<=1.00 and excess_kurtosis>3.00; lognormal_like when skew>1.00 with positive support; weibull_like when skew>0.50 with positive support; otherwise empirical_unknown.","profile_preregistered","01_results_basic contains compact final results; 02_reports contains generated report files; 03_audit_ready contains full provenance, decisions, oracle audit, and split CSVs; 98_discarded_nonfinal is reserved for obsolete or nonfinal byproducts; 99_recovery_logs contains downloads, checkpoints, temporary recovery outputs, and logs."
"UCI_online_news_log_shares__depth_bootstrap_full","web_popularity","lognormal","lognormal_like","TAX-Q1R008","lognormal","locked_unseen_similar",3,3,0,0,FALSE,"",TRUE,TRUE,TRUE,1,"huber_k1.345",0.0131733461993873,0.0204490760044823,0.0194023410837635,0.02172222349676,0,NA,"strong_win","ci_confirmed","eligible / in_regime / primary_preregistered / strong_win / ci_confirmed",0,"primary eligible in-regime dataset-level rows only","Benjamini-Hochberg FDR is computed at dataset level on external_dataset_level_decisions.csv for primary eligible in-regime rows only. Primary alpha=0.05; secondary sensitivity alpha=0.1.",0,TRUE,TRUE,TRUE,TRUE,"V5_audit_ready","Pre-registered empirical profile gate: bounded/proportion by hint/domain; zero-inflated/count by hint/domain; normal_like when abs(skew)<=0.50 and excess_kurtosis<=1.00; heavy_tail_symmetric when abs(skew)<=1.00 and excess_kurtosis>3.00; lognormal_like when skew>1.00 with positive support; weibull_like when skew>0.50 with positive support; otherwise empirical_unknown.","profile_preregistered","01_results_basic contains compact final results; 02_reports contains generated report files; 03_audit_ready contains full provenance, decisions, oracle audit, and split CSVs; 98_discarded_nonfinal is reserved for obsolete or nonfinal byproducts; 99_recovery_logs contains downloads, checkpoints, temporary recovery outputs, and logs."
"UCI_online_news_log_shares__depth_bootstrap_full","web_popularity","lognormal","lognormal_like","TAX-Q1R008","lognormal","original_regime",6,6,0,0,FALSE,"",TRUE,TRUE,TRUE,6,"huber_k1.345",0.0648652765929727,0.0652095322766225,0.0632789756108144,0.0668985352031425,0,NA,"strong_win","ci_confirmed","eligible / in_regime / primary_preregistered / strong_win / ci_confirmed",0,"primary eligible in-regime dataset-level rows only","Benjamini-Hochberg FDR is computed at dataset level on external_dataset_level_decisions.csv for primary eligible in-regime rows only. Primary alpha=0.05; secondary sensitivity alpha=0.1.",0,TRUE,TRUE,TRUE,TRUE,"V5_audit_ready","Pre-registered empirical profile gate: bounded/proportion by hint/domain; zero-inflated/count by hint/domain; normal_like when abs(skew)<=0.50 and excess_kurtosis<=1.00; heavy_tail_symmetric when abs(skew)<=1.00 and excess_kurtosis>3.00; lognormal_like when skew>1.00 with positive support; weibull_like when skew>0.50 with positive support; otherwise empirical_unknown.","profile_preregistered","01_results_basic contains compact final results; 02_reports contains generated report files; 03_audit_ready contains full provenance, decisions, oracle audit, and split CSVs; 98_discarded_nonfinal is reserved for obsolete or nonfinal byproducts; 99_recovery_logs contains downloads, checkpoints, temporary recovery outputs, and logs."
"UCI_online_news_log_shares__depth_bootstrap_full","web_popularity","lognormal","lognormal_like","TAX-Q1R009","lognormal","original_regime",36,36,0,0,FALSE,"",TRUE,TRUE,TRUE,4,"huber_k1.345",0.0111926869986225,0.0164940391142803,0.0154364375670784,0.0178151330555199,0,NA,"strong_win","ci_confirmed","eligible / in_regime / primary_preregistered / strong_win / ci_confirmed",0,"primary eligible in-regime dataset-level rows only","Benjamini-Hochberg FDR is computed at dataset level on external_dataset_level_decisions.csv for primary eligible in-regime rows only. Primary alpha=0.05; secondary sensitivity alpha=0.1.",0,TRUE,TRUE,TRUE,TRUE,"V5_audit_ready","Pre-registered empirical profile gate: bounded/proportion by hint/domain; zero-inflated/count by hint/domain; normal_like when abs(skew)<=0.50 and excess_kurtosis<=1.00; heavy_tail_symmetric when abs(skew)<=1.00 and excess_kurtosis>3.00; lognormal_like when skew>1.00 with positive support; weibull_like when skew>0.50 with positive support; otherwise empirical_unknown.","profile_preregistered","01_results_basic contains compact final results; 02_reports contains generated report files; 03_audit_ready contains full provenance, decisions, oracle audit, and split CSVs; 98_discarded_nonfinal is reserved for obsolete or nonfinal byproducts; 99_recovery_logs contains downloads, checkpoints, temporary recovery outputs, and logs."
"UCI_online_news_log_shares__depth_upper_tail_enriched","web_popularity","lognormal","lognormal_like","TAX-Q1R008","lognormal","locked_unseen_similar",3,3,0,0,FALSE,"",TRUE,TRUE,TRUE,1,"huber_k1.345",0.0428697017207451,0.0496893841112311,0.0465262013330601,0.0529017023611354,0,NA,"strong_win","ci_confirmed","eligible / in_regime / primary_preregistered / strong_win / ci_confirmed",0,"primary eligible in-regime dataset-level rows only","Benjamini-Hochberg FDR is computed at dataset level on external_dataset_level_decisions.csv for primary eligible in-regime rows only. Primary alpha=0.05; secondary sensitivity alpha=0.1.",0,TRUE,TRUE,TRUE,TRUE,"V5_audit_ready","Pre-registered empirical profile gate: bounded/proportion by hint/domain; zero-inflated/count by hint/domain; normal_like when abs(skew)<=0.50 and excess_kurtosis<=1.00; heavy_tail_symmetric when abs(skew)<=1.00 and excess_kurtosis>3.00; lognormal_like when skew>1.00 with positive support; weibull_like when skew>0.50 with positive support; otherwise empirical_unknown.","profile_preregistered","01_results_basic contains compact final results; 02_reports contains generated report files; 03_audit_ready contains full provenance, decisions, oracle audit, and split CSVs; 98_discarded_nonfinal is reserved for obsolete or nonfinal byproducts; 99_recovery_logs contains downloads, checkpoints, temporary recovery outputs, and logs."
"UCI_online_news_log_shares__depth_upper_tail_enriched","web_popularity","lognormal","lognormal_like","TAX-Q1R008","lognormal","original_regime",6,6,0,0,FALSE,"",TRUE,TRUE,TRUE,5,"huber_k1.345",0.110516085871107,0.111641053045046,0.108262696516323,0.115129761961749,0,NA,"strong_win","ci_confirmed","eligible / in_regime / primary_preregistered / strong_win / ci_confirmed",0,"primary eligible in-regime dataset-level rows only","Benjamini-Hochberg FDR is computed at dataset level on external_dataset_level_decisions.csv for primary eligible in-regime rows only. Primary alpha=0.05; secondary sensitivity alpha=0.1.",0,TRUE,TRUE,TRUE,TRUE,"V5_audit_ready","Pre-registered empirical profile gate: bounded/proportion by hint/domain; zero-inflated/count by hint/domain; normal_like when abs(skew)<=0.50 and excess_kurtosis<=1.00; heavy_tail_symmetric when abs(skew)<=1.00 and excess_kurtosis>3.00; lognormal_like when skew>1.00 with positive support; weibull_like when skew>0.50 with positive support; otherwise empirical_unknown.","profile_preregistered","01_results_basic contains compact final results; 02_reports contains generated report files; 03_audit_ready contains full provenance, decisions, oracle audit, and split CSVs; 98_discarded_nonfinal is reserved for obsolete or nonfinal byproducts; 99_recovery_logs contains downloads, checkpoints, temporary recovery outputs, and logs."
"UCI_online_news_log_shares__depth_upper_tail_enriched","web_popularity","lognormal","lognormal_like","TAX-Q1R009","lognormal","locked_unseen_similar",3,3,0,0,FALSE,"",TRUE,TRUE,TRUE,3,"huber_k1.345",0.00101539523383333,0.00335862358537782,0.0023177407029913,0.00396134153237776,0,NA,"strong_win","ci_confirmed","eligible / in_regime / primary_preregistered / strong_win / ci_confirmed",0,"primary eligible in-regime dataset-level rows only","Benjamini-Hochberg FDR is computed at dataset level on external_dataset_level_decisions.csv for primary eligible in-regime rows only. Primary alpha=0.05; secondary sensitivity alpha=0.1.",0,TRUE,TRUE,TRUE,TRUE,"V5_audit_ready","Pre-registered empirical profile gate: bounded/proportion by hint/domain; zero-inflated/count by hint/domain; normal_like when abs(skew)<=0.50 and excess_kurtosis<=1.00; heavy_tail_symmetric when abs(skew)<=1.00 and excess_kurtosis>3.00; lognormal_like when skew>1.00 with positive support; weibull_like when skew>0.50 with positive support; otherwise empirical_unknown.","profile_preregistered","01_results_basic contains compact final results; 02_reports contains generated report files; 03_audit_ready contains full provenance, decisions, oracle audit, and split CSVs; 98_discarded_nonfinal is reserved for obsolete or nonfinal byproducts; 99_recovery_logs contains downloads, checkpoints, temporary recovery outputs, and logs."
"UCI_online_news_log_shares__depth_upper_tail_enriched","web_popularity","lognormal","lognormal_like","TAX-Q1R009","lognormal","original_regime",36,36,0,0,FALSE,"",TRUE,TRUE,TRUE,16,"huber_k1.345",0.0369004754310694,0.0411746505160711,0.0392413709169901,0.0427099677614898,0,NA,"strong_win","ci_confirmed","eligible / in_regime / primary_preregistered / strong_win / ci_confirmed",0,"primary eligible in-regime dataset-level rows only","Benjamini-Hochberg FDR is computed at dataset level on external_dataset_level_decisions.csv for primary eligible in-regime rows only. Primary alpha=0.05; secondary sensitivity alpha=0.1.",0,TRUE,TRUE,TRUE,TRUE,"V5_audit_ready","Pre-registered empirical profile gate: bounded/proportion by hint/domain; zero-inflated/count by hint/domain; normal_like when abs(skew)<=0.50 and excess_kurtosis<=1.00; heavy_tail_symmetric when abs(skew)<=1.00 and excess_kurtosis>3.00; lognormal_like when skew>1.00 with positive support; weibull_like when skew>0.50 with positive support; otherwise empirical_unknown.","profile_preregistered","01_results_basic contains compact final results; 02_reports contains generated report files; 03_audit_ready contains full provenance, decisions, oracle audit, and split CSVs; 98_discarded_nonfinal is reserved for obsolete or nonfinal byproducts; 99_recovery_logs contains downloads, checkpoints, temporary recovery outputs, and logs."
"UCI_online_news_log_shares","web_popularity","lognormal","lognormal_like","TAX-Q1R008","lognormal","locked_unseen_similar",3,3,3,3,FALSE,"",TRUE,TRUE,TRUE,1,"huber_k1.345",0.0120698972933676,0.0202006940168701,0.0191105372566396,0.021996586927848,0,0,"strong_win","ci_confirmed","eligible / in_regime / primary_preregistered / strong_win / ci_confirmed",0,"primary eligible in-regime dataset-level rows only","Benjamini-Hochberg FDR is computed at dataset level on external_dataset_level_decisions.csv for primary eligible in-regime rows only. Primary alpha=0.05; secondary sensitivity alpha=0.1.",0,TRUE,TRUE,TRUE,TRUE,"V5_audit_ready","Pre-registered empirical profile gate: bounded/proportion by hint/domain; zero-inflated/count by hint/domain; normal_like when abs(skew)<=0.50 and excess_kurtosis<=1.00; heavy_tail_symmetric when abs(skew)<=1.00 and excess_kurtosis>3.00; lognormal_like when skew>1.00 with positive support; weibull_like when skew>0.50 with positive support; otherwise empirical_unknown.","profile_preregistered","01_results_basic contains compact final results; 02_reports contains generated report files; 03_audit_ready contains full provenance, decisions, oracle audit, and split CSVs; 98_discarded_nonfinal is reserved for obsolete or nonfinal byproducts; 99_recovery_logs contains downloads, checkpoints, temporary recovery outputs, and logs."
"UCI_online_news_log_shares","web_popularity","lognormal","lognormal_like","TAX-Q1R008","lognormal","original_regime",6,6,6,6,FALSE,"",TRUE,TRUE,TRUE,3,"huber_k1.345",0.0631609974620757,0.065886618048599,0.063135895656957,0.068216060155811,0,0,"strong_win","ci_confirmed","eligible / in_regime / primary_preregistered / strong_win / ci_confirmed",0,"primary eligible in-regime dataset-level rows only","Benjamini-Hochberg FDR is computed at dataset level on external_dataset_level_decisions.csv for primary eligible in-regime rows only. Primary alpha=0.05; secondary sensitivity alpha=0.1.",0,TRUE,TRUE,TRUE,TRUE,"V5_audit_ready","Pre-registered empirical profile gate: bounded/proportion by hint/domain; zero-inflated/count by hint/domain; normal_like when abs(skew)<=0.50 and excess_kurtosis<=1.00; heavy_tail_symmetric when abs(skew)<=1.00 and excess_kurtosis>3.00; lognormal_like when skew>1.00 with positive support; weibull_like when skew>0.50 with positive support; otherwise empirical_unknown.","profile_preregistered","01_results_basic contains compact final results; 02_reports contains generated report files; 03_audit_ready contains full provenance, decisions, oracle audit, and split CSVs; 98_discarded_nonfinal is reserved for obsolete or nonfinal byproducts; 99_recovery_logs contains downloads, checkpoints, temporary recovery outputs, and logs."
"UCI_online_news_log_shares","web_popularity","lognormal","lognormal_like","TAX-Q1R009","lognormal","original_regime",2,2,1,1,TRUE,"",TRUE,TRUE,TRUE,2,"huber_k1.345",0.0100943985939256,0.0149534973708426,0.0141722545414882,0.0170530380335853,0,0,"strong_win","ci_confirmed","eligible / in_regime / primary_preregistered / strong_win / ci_confirmed",0,"primary eligible in-regime dataset-level rows only","Benjamini-Hochberg FDR is computed at dataset level on external_dataset_level_decisions.csv for primary eligible in-regime rows only. Primary alpha=0.05; secondary sensitivity alpha=0.1.",0,TRUE,TRUE,TRUE,TRUE,"V5_audit_ready","Pre-registered empirical profile gate: bounded/proportion by hint/domain; zero-inflated/count by hint/domain; normal_like when abs(skew)<=0.50 and excess_kurtosis<=1.00; heavy_tail_symmetric when abs(skew)<=1.00 and excess_kurtosis>3.00; lognormal_like when skew>1.00 with positive support; weibull_like when skew>0.50 with positive support; otherwise empirical_unknown.","profile_preregistered","01_results_basic contains compact final results; 02_reports contains generated report files; 03_audit_ready contains full provenance, decisions, oracle audit, and split CSVs; 98_discarded_nonfinal is reserved for obsolete or nonfinal byproducts; 99_recovery_logs contains downloads, checkpoints, temporary recovery outputs, and logs."
"UCI_online_news_tokens__depth_body_10_90","web_popularity","lognormal","lognormal_like","TAX-Q1R008","lognormal","locked_unseen_similar",3,3,0,0,FALSE,"",TRUE,TRUE,TRUE,2,"huber_k1.345",2753.77219776649,3326.06739231668,3235.17273999875,3393.98676140052,0,NA,"strong_win","ci_confirmed","eligible / in_regime / primary_preregistered / strong_win / ci_confirmed",0,"primary eligible in-regime dataset-level rows only","Benjamini-Hochberg FDR is computed at dataset level on external_dataset_level_decisions.csv for primary eligible in-regime rows only. Primary alpha=0.05; secondary sensitivity alpha=0.1.",0,TRUE,TRUE,TRUE,TRUE,"V5_audit_ready","Pre-registered empirical profile gate: bounded/proportion by hint/domain; zero-inflated/count by hint/domain; normal_like when abs(skew)<=0.50 and excess_kurtosis<=1.00; heavy_tail_symmetric when abs(skew)<=1.00 and excess_kurtosis>3.00; lognormal_like when skew>1.00 with positive support; weibull_like when skew>0.50 with positive support; otherwise empirical_unknown.","profile_preregistered","01_results_basic contains compact final results; 02_reports contains generated report files; 03_audit_ready contains full provenance, decisions, oracle audit, and split CSVs; 98_discarded_nonfinal is reserved for obsolete or nonfinal byproducts; 99_recovery_logs contains downloads, checkpoints, temporary recovery outputs, and logs."
"UCI_online_news_tokens__depth_body_10_90","web_popularity","lognormal","lognormal_like","TAX-Q1R008","lognormal","original_regime",6,6,0,0,FALSE,"",TRUE,TRUE,TRUE,5,"huber_k1.345",5501.39380276854,5370.30818692483,5212.44344152146,5506.87418994855,0,NA,"strong_win","ci_confirmed","eligible / in_regime / primary_preregistered / strong_win / ci_confirmed",0,"primary eligible in-regime dataset-level rows only","Benjamini-Hochberg FDR is computed at dataset level on external_dataset_level_decisions.csv for primary eligible in-regime rows only. Primary alpha=0.05; secondary sensitivity alpha=0.1.",0,TRUE,TRUE,TRUE,TRUE,"V5_audit_ready","Pre-registered empirical profile gate: bounded/proportion by hint/domain; zero-inflated/count by hint/domain; normal_like when abs(skew)<=0.50 and excess_kurtosis<=1.00; heavy_tail_symmetric when abs(skew)<=1.00 and excess_kurtosis>3.00; lognormal_like when skew>1.00 with positive support; weibull_like when skew>0.50 with positive support; otherwise empirical_unknown.","profile_preregistered","01_results_basic contains compact final results; 02_reports contains generated report files; 03_audit_ready contains full provenance, decisions, oracle audit, and split CSVs; 98_discarded_nonfinal is reserved for obsolete or nonfinal byproducts; 99_recovery_logs contains downloads, checkpoints, temporary recovery outputs, and logs."
"UCI_online_news_tokens__depth_body_10_90","web_popularity","lognormal","lognormal_like","TAX-Q1R009","lognormal","original_regime",36,36,0,0,FALSE,"",TRUE,TRUE,TRUE,2,"huber_k1.345",2010.77839433326,2394.09254607245,2295.13885657123,2463.29070209045,0,NA,"strong_win","ci_confirmed","eligible / in_regime / primary_preregistered / strong_win / ci_confirmed",0,"primary eligible in-regime dataset-level rows only","Benjamini-Hochberg FDR is computed at dataset level on external_dataset_level_decisions.csv for primary eligible in-regime rows only. Primary alpha=0.05; secondary sensitivity alpha=0.1.",0,TRUE,TRUE,TRUE,TRUE,"V5_audit_ready","Pre-registered empirical profile gate: bounded/proportion by hint/domain; zero-inflated/count by hint/domain; normal_like when abs(skew)<=0.50 and excess_kurtosis<=1.00; heavy_tail_symmetric when abs(skew)<=1.00 and excess_kurtosis>3.00; lognormal_like when skew>1.00 with positive support; weibull_like when skew>0.50 with positive support; otherwise empirical_unknown.","profile_preregistered","01_results_basic contains compact final results; 02_reports contains generated report files; 03_audit_ready contains full provenance, decisions, oracle audit, and split CSVs; 98_discarded_nonfinal is reserved for obsolete or nonfinal byproducts; 99_recovery_logs contains downloads, checkpoints, temporary recovery outputs, and logs."
"UCI_online_news_tokens__depth_bootstrap_full","web_popularity","lognormal","lognormal_like","TAX-Q1R008","lognormal","original_regime",6,6,0,0,FALSE,"",TRUE,TRUE,TRUE,2,"huber_k1.345",10473.1722897573,12359.7443471632,11878.4563495539,13031.9642469309,0,NA,"strong_win","ci_confirmed","eligible / in_regime / primary_preregistered / strong_win / ci_confirmed",0,"primary eligible in-regime dataset-level rows only","Benjamini-Hochberg FDR is computed at dataset level on external_dataset_level_decisions.csv for primary eligible in-regime rows only. Primary alpha=0.05; secondary sensitivity alpha=0.1.",0,TRUE,TRUE,TRUE,TRUE,"V5_audit_ready","Pre-registered empirical profile gate: bounded/proportion by hint/domain; zero-inflated/count by hint/domain; normal_like when abs(skew)<=0.50 and excess_kurtosis<=1.00; heavy_tail_symmetric when abs(skew)<=1.00 and excess_kurtosis>3.00; lognormal_like when skew>1.00 with positive support; weibull_like when skew>0.50 with positive support; otherwise empirical_unknown.","profile_preregistered","01_results_basic contains compact final results; 02_reports contains generated report files; 03_audit_ready contains full provenance, decisions, oracle audit, and split CSVs; 98_discarded_nonfinal is reserved for obsolete or nonfinal byproducts; 99_recovery_logs contains downloads, checkpoints, temporary recovery outputs, and logs."
"UCI_online_news_tokens__depth_upper_tail_enriched","web_popularity","lognormal","lognormal_like","TAX-Q1R008","lognormal","locked_unseen_similar",3,3,0,0,FALSE,"",TRUE,TRUE,TRUE,1,"huber_k1.345",6719.98530421073,9326.8907254329,8512.83839282266,10071.2089586332,0,NA,"strong_win","ci_confirmed","eligible / in_regime / primary_preregistered / strong_win / ci_confirmed",0,"primary eligible in-regime dataset-level rows only","Benjamini-Hochberg FDR is computed at dataset level on external_dataset_level_decisions.csv for primary eligible in-regime rows only. Primary alpha=0.05; secondary sensitivity alpha=0.1.",0,TRUE,TRUE,TRUE,TRUE,"V5_audit_ready","Pre-registered empirical profile gate: bounded/proportion by hint/domain; zero-inflated/count by hint/domain; normal_like when abs(skew)<=0.50 and excess_kurtosis<=1.00; heavy_tail_symmetric when abs(skew)<=1.00 and excess_kurtosis>3.00; lognormal_like when skew>1.00 with positive support; weibull_like when skew>0.50 with positive support; otherwise empirical_unknown.","profile_preregistered","01_results_basic contains compact final results; 02_reports contains generated report files; 03_audit_ready contains full provenance, decisions, oracle audit, and split CSVs; 98_discarded_nonfinal is reserved for obsolete or nonfinal byproducts; 99_recovery_logs contains downloads, checkpoints, temporary recovery outputs, and logs."
"UCI_online_news_tokens__depth_upper_tail_enriched","web_popularity","lognormal","lognormal_like","TAX-Q1R008","lognormal","original_regime",6,6,0,0,FALSE,"",TRUE,TRUE,TRUE,1,"huber_k1.345",28647.2214078341,31287.0384811903,29975.8529718265,32363.2645441892,0,NA,"strong_win","ci_confirmed","eligible / in_regime / primary_preregistered / strong_win / ci_confirmed",0,"primary eligible in-regime dataset-level rows only","Benjamini-Hochberg FDR is computed at dataset level on external_dataset_level_decisions.csv for primary eligible in-regime rows only. Primary alpha=0.05; secondary sensitivity alpha=0.1.",0,TRUE,TRUE,TRUE,TRUE,"V5_audit_ready","Pre-registered empirical profile gate: bounded/proportion by hint/domain; zero-inflated/count by hint/domain; normal_like when abs(skew)<=0.50 and excess_kurtosis<=1.00; heavy_tail_symmetric when abs(skew)<=1.00 and excess_kurtosis>3.00; lognormal_like when skew>1.00 with positive support; weibull_like when skew>0.50 with positive support; otherwise empirical_unknown.","profile_preregistered","01_results_basic contains compact final results; 02_reports contains generated report files; 03_audit_ready contains full provenance, decisions, oracle audit, and split CSVs; 98_discarded_nonfinal is reserved for obsolete or nonfinal byproducts; 99_recovery_logs contains downloads, checkpoints, temporary recovery outputs, and logs."
"UCI_online_news_tokens__depth_upper_tail_enriched","web_popularity","lognormal","lognormal_like","TAX-Q1R009","lognormal","original_regime",36,36,0,0,FALSE,"",TRUE,TRUE,TRUE,8,"huber_k1.345",5887.47441717056,8271.33922581111,7722.7731236642,8546.81280788085,0,NA,"strong_win","ci_confirmed","eligible / in_regime / primary_preregistered / strong_win / ci_confirmed",0,"primary eligible in-regime dataset-level rows only","Benjamini-Hochberg FDR is computed at dataset level on external_dataset_level_decisions.csv for primary eligible in-regime rows only. Primary alpha=0.05; secondary sensitivity alpha=0.1.",0,TRUE,TRUE,TRUE,TRUE,"V5_audit_ready","Pre-registered empirical profile gate: bounded/proportion by hint/domain; zero-inflated/count by hint/domain; normal_like when abs(skew)<=0.50 and excess_kurtosis<=1.00; heavy_tail_symmetric when abs(skew)<=1.00 and excess_kurtosis>3.00; lognormal_like when skew>1.00 with positive support; weibull_like when skew>0.50 with positive support; otherwise empirical_unknown.","profile_preregistered","01_results_basic contains compact final results; 02_reports contains generated report files; 03_audit_ready contains full provenance, decisions, oracle audit, and split CSVs; 98_discarded_nonfinal is reserved for obsolete or nonfinal byproducts; 99_recovery_logs contains downloads, checkpoints, temporary recovery outputs, and logs."
"UCI_online_news_tokens","web_popularity","lognormal","lognormal_like","TAX-Q1R008","lognormal","original_regime",6,6,6,6,FALSE,"",TRUE,TRUE,TRUE,2,"huber_k1.345",10842.5488005752,12854.7633107162,12234.0676318599,13207.7185980962,0,0,"strong_win","ci_confirmed","eligible / in_regime / primary_preregistered / strong_win / ci_confirmed",0,"primary eligible in-regime dataset-level rows only","Benjamini-Hochberg FDR is computed at dataset level on external_dataset_level_decisions.csv for primary eligible in-regime rows only. Primary alpha=0.05; secondary sensitivity alpha=0.1.",0,TRUE,TRUE,TRUE,TRUE,"V5_audit_ready","Pre-registered empirical profile gate: bounded/proportion by hint/domain; zero-inflated/count by hint/domain; normal_like when abs(skew)<=0.50 and excess_kurtosis<=1.00; heavy_tail_symmetric when abs(skew)<=1.00 and excess_kurtosis>3.00; lognormal_like when skew>1.00 with positive support; weibull_like when skew>0.50 with positive support; otherwise empirical_unknown.","profile_preregistered","01_results_basic contains compact final results; 02_reports contains generated report files; 03_audit_ready contains full provenance, decisions, oracle audit, and split CSVs; 98_discarded_nonfinal is reserved for obsolete or nonfinal byproducts; 99_recovery_logs contains downloads, checkpoints, temporary recovery outputs, and logs."
"UCI_student_math_G3__depth_upper_tail_enriched","education_scores","normal","normal_like","TAX-Q1R010","normal","locked_unseen_similar",3,3,0,0,FALSE,"",TRUE,TRUE,TRUE,1,"mean",0.00923736814064128,0.0178097249617803,0.00271507982743884,0.0317508794490843,0.01,NA,"strong_win","ci_confirmed","eligible / in_regime / primary_preregistered / strong_win / ci_confirmed",0.01,"primary eligible in-regime dataset-level rows only","Benjamini-Hochberg FDR is computed at dataset level on external_dataset_level_decisions.csv for primary eligible in-regime rows only. Primary alpha=0.05; secondary sensitivity alpha=0.1.",0.0318503937007874,TRUE,TRUE,TRUE,TRUE,"V5_audit_ready","Pre-registered empirical profile gate: bounded/proportion by hint/domain; zero-inflated/count by hint/domain; normal_like when abs(skew)<=0.50 and excess_kurtosis<=1.00; heavy_tail_symmetric when abs(skew)<=1.00 and excess_kurtosis>3.00; lognormal_like when skew>1.00 with positive support; weibull_like when skew>0.50 with positive support; otherwise empirical_unknown.","profile_preregistered","01_results_basic contains compact final results; 02_reports contains generated report files; 03_audit_ready contains full provenance, decisions, oracle audit, and split CSVs; 98_discarded_nonfinal is reserved for obsolete or nonfinal byproducts; 99_recovery_logs contains downloads, checkpoints, temporary recovery outputs, and logs."
"UCI_student_math_G3__depth_upper_tail_enriched","education_scores","normal","normal_like","TAX-Q1R010","normal","original_regime",36,36,0,0,FALSE,"",TRUE,TRUE,TRUE,9,"mean",0.0108269237899297,0.0239527469885952,0.00459711573251307,0.0381353545477672,0.0146666666666667,NA,"strong_win","ci_confirmed","eligible / in_regime / primary_preregistered / strong_win / ci_confirmed",0.0146666666666667,"primary eligible in-regime dataset-level rows only","Benjamini-Hochberg FDR is computed at dataset level on external_dataset_level_decisions.csv for primary eligible in-regime rows only. Primary alpha=0.05; secondary sensitivity alpha=0.1.",0.0465307189542484,TRUE,TRUE,TRUE,TRUE,"V5_audit_ready","Pre-registered empirical profile gate: bounded/proportion by hint/domain; zero-inflated/count by hint/domain; normal_like when abs(skew)<=0.50 and excess_kurtosis<=1.00; heavy_tail_symmetric when abs(skew)<=1.00 and excess_kurtosis>3.00; lognormal_like when skew>1.00 with positive support; weibull_like when skew>0.50 with positive support; otherwise empirical_unknown.","profile_preregistered","01_results_basic contains compact final results; 02_reports contains generated report files; 03_audit_ready contains full provenance, decisions, oracle audit, and split CSVs; 98_discarded_nonfinal is reserved for obsolete or nonfinal byproducts; 99_recovery_logs contains downloads, checkpoints, temporary recovery outputs, and logs."
"UCI_student_math_G3","education_scores","normal","normal_like","TAX-Q1R010","normal","original_regime",10,10,10,10,TRUE,"",TRUE,TRUE,TRUE,1,"mean",0.0572050773707202,0.086910877599909,0.0661774033131268,0.10408308146126,0,0,"strong_win","ci_confirmed","eligible / in_regime / primary_preregistered / strong_win / ci_confirmed",0,"primary eligible in-regime dataset-level rows only","Benjamini-Hochberg FDR is computed at dataset level on external_dataset_level_decisions.csv for primary eligible in-regime rows only. Primary alpha=0.05; secondary sensitivity alpha=0.1.",0,TRUE,TRUE,TRUE,TRUE,"V5_audit_ready","Pre-registered empirical profile gate: bounded/proportion by hint/domain; zero-inflated/count by hint/domain; normal_like when abs(skew)<=0.50 and excess_kurtosis<=1.00; heavy_tail_symmetric when abs(skew)<=1.00 and excess_kurtosis>3.00; lognormal_like when skew>1.00 with positive support; weibull_like when skew>0.50 with positive support; otherwise empirical_unknown.","profile_preregistered","01_results_basic contains compact final results; 02_reports contains generated report files; 03_audit_ready contains full provenance, decisions, oracle audit, and split CSVs; 98_discarded_nonfinal is reserved for obsolete or nonfinal byproducts; 99_recovery_logs contains downloads, checkpoints, temporary recovery outputs, and logs."
"UCI_wine_red_alcohol__depth_body_10_90","positive_skew_tabular","lognormal","lognormal_like","TAX-Q1R008","lognormal","locked_unseen_similar",3,3,0,0,FALSE,"",TRUE,TRUE,TRUE,1,"huber_k1.345",0.0106022692951949,0.0155569747395145,0.0143842893792537,0.0161702750755527,0,NA,"strong_win","ci_confirmed","eligible / in_regime / primary_preregistered / strong_win / ci_confirmed",0,"primary eligible in-regime dataset-level rows only","Benjamini-Hochberg FDR is computed at dataset level on external_dataset_level_decisions.csv for primary eligible in-regime rows only. Primary alpha=0.05; secondary sensitivity alpha=0.1.",0,TRUE,TRUE,TRUE,TRUE,"V5_audit_ready","Pre-registered empirical profile gate: bounded/proportion by hint/domain; zero-inflated/count by hint/domain; normal_like when abs(skew)<=0.50 and excess_kurtosis<=1.00; heavy_tail_symmetric when abs(skew)<=1.00 and excess_kurtosis>3.00; lognormal_like when skew>1.00 with positive support; weibull_like when skew>0.50 with positive support; otherwise empirical_unknown.","profile_preregistered","01_results_basic contains compact final results; 02_reports contains generated report files; 03_audit_ready contains full provenance, decisions, oracle audit, and split CSVs; 98_discarded_nonfinal is reserved for obsolete or nonfinal byproducts; 99_recovery_logs contains downloads, checkpoints, temporary recovery outputs, and logs."
"UCI_wine_red_alcohol__depth_body_10_90","positive_skew_tabular","lognormal","lognormal_like","TAX-Q1R008","lognormal","original_regime",6,6,0,0,FALSE,"",TRUE,TRUE,TRUE,1,"huber_k1.345",0.0107960153577077,0.0144287238859984,0.0134181094869935,0.0161950009351777,0,NA,"strong_win","ci_confirmed","eligible / in_regime / primary_preregistered / strong_win / ci_confirmed",0,"primary eligible in-regime dataset-level rows only","Benjamini-Hochberg FDR is computed at dataset level on external_dataset_level_decisions.csv for primary eligible in-regime rows only. Primary alpha=0.05; secondary sensitivity alpha=0.1.",0,TRUE,TRUE,TRUE,TRUE,"V5_audit_ready","Pre-registered empirical profile gate: bounded/proportion by hint/domain; zero-inflated/count by hint/domain; normal_like when abs(skew)<=0.50 and excess_kurtosis<=1.00; heavy_tail_symmetric when abs(skew)<=1.00 and excess_kurtosis>3.00; lognormal_like when skew>1.00 with positive support; weibull_like when skew>0.50 with positive support; otherwise empirical_unknown.","profile_preregistered","01_results_basic contains compact final results; 02_reports contains generated report files; 03_audit_ready contains full provenance, decisions, oracle audit, and split CSVs; 98_discarded_nonfinal is reserved for obsolete or nonfinal byproducts; 99_recovery_logs contains downloads, checkpoints, temporary recovery outputs, and logs."
"UCI_wine_red_alcohol__depth_body_10_90","positive_skew_tabular","lognormal","lognormal_like","TAX-Q1R009","lognormal","locked_unseen_similar",3,3,0,0,FALSE,"",TRUE,TRUE,TRUE,1,"huber_k1.345",0.00862295845809378,0.0127995655580053,0.011786387409476,0.0135517468824645,0,NA,"strong_win","ci_confirmed","eligible / in_regime / primary_preregistered / strong_win / ci_confirmed",0,"primary eligible in-regime dataset-level rows only","Benjamini-Hochberg FDR is computed at dataset level on external_dataset_level_decisions.csv for primary eligible in-regime rows only. Primary alpha=0.05; secondary sensitivity alpha=0.1.",0,TRUE,TRUE,TRUE,TRUE,"V5_audit_ready","Pre-registered empirical profile gate: bounded/proportion by hint/domain; zero-inflated/count by hint/domain; normal_like when abs(skew)<=0.50 and excess_kurtosis<=1.00; heavy_tail_symmetric when abs(skew)<=1.00 and excess_kurtosis>3.00; lognormal_like when skew>1.00 with positive support; weibull_like when skew>0.50 with positive support; otherwise empirical_unknown.","profile_preregistered","01_results_basic contains compact final results; 02_reports contains generated report files; 03_audit_ready contains full provenance, decisions, oracle audit, and split CSVs; 98_discarded_nonfinal is reserved for obsolete or nonfinal byproducts; 99_recovery_logs contains downloads, checkpoints, temporary recovery outputs, and logs."
"UCI_wine_red_alcohol__depth_body_10_90","positive_skew_tabular","lognormal","lognormal_like","TAX-Q1R009","lognormal","original_regime",36,36,0,0,FALSE,"",TRUE,TRUE,TRUE,7,"huber_k1.345",0.00935315481782392,0.0131111996372294,0.0123708795129166,0.0139287266133871,0,NA,"strong_win","ci_confirmed","eligible / in_regime / primary_preregistered / strong_win / ci_confirmed",0,"primary eligible in-regime dataset-level rows only","Benjamini-Hochberg FDR is computed at dataset level on external_dataset_level_decisions.csv for primary eligible in-regime rows only. Primary alpha=0.05; secondary sensitivity alpha=0.1.",0,TRUE,TRUE,TRUE,TRUE,"V5_audit_ready","Pre-registered empirical profile gate: bounded/proportion by hint/domain; zero-inflated/count by hint/domain; normal_like when abs(skew)<=0.50 and excess_kurtosis<=1.00; heavy_tail_symmetric when abs(skew)<=1.00 and excess_kurtosis>3.00; lognormal_like when skew>1.00 with positive support; weibull_like when skew>0.50 with positive support; otherwise empirical_unknown.","profile_preregistered","01_results_basic contains compact final results; 02_reports contains generated report files; 03_audit_ready contains full provenance, decisions, oracle audit, and split CSVs; 98_discarded_nonfinal is reserved for obsolete or nonfinal byproducts; 99_recovery_logs contains downloads, checkpoints, temporary recovery outputs, and logs."
"UCI_wine_red_alcohol__depth_bootstrap_full","positive_skew_tabular","lognormal","lognormal_like","TAX-Q1R008","lognormal","locked_unseen_similar",3,3,0,0,FALSE,"",TRUE,TRUE,TRUE,1,"huber_k1.345",0.0543551402911356,0.0597457812705634,0.0552209688639745,0.0631797302271,0,NA,"strong_win","ci_confirmed","eligible / in_regime / primary_preregistered / strong_win / ci_confirmed",0,"primary eligible in-regime dataset-level rows only","Benjamini-Hochberg FDR is computed at dataset level on external_dataset_level_decisions.csv for primary eligible in-regime rows only. Primary alpha=0.05; secondary sensitivity alpha=0.1.",0,TRUE,TRUE,TRUE,TRUE,"V5_audit_ready","Pre-registered empirical profile gate: bounded/proportion by hint/domain; zero-inflated/count by hint/domain; normal_like when abs(skew)<=0.50 and excess_kurtosis<=1.00; heavy_tail_symmetric when abs(skew)<=1.00 and excess_kurtosis>3.00; lognormal_like when skew>1.00 with positive support; weibull_like when skew>0.50 with positive support; otherwise empirical_unknown.","profile_preregistered","01_results_basic contains compact final results; 02_reports contains generated report files; 03_audit_ready contains full provenance, decisions, oracle audit, and split CSVs; 98_discarded_nonfinal is reserved for obsolete or nonfinal byproducts; 99_recovery_logs contains downloads, checkpoints, temporary recovery outputs, and logs."
"UCI_wine_red_alcohol__depth_bootstrap_full","positive_skew_tabular","lognormal","lognormal_like","TAX-Q1R008","lognormal","original_regime",6,6,0,0,FALSE,"",TRUE,TRUE,TRUE,1,"huber_k1.345",0.0933260425939647,0.0848476927917122,0.0791711051864065,0.0888911314140203,0,NA,"strong_win","ci_confirmed","eligible / in_regime / primary_preregistered / strong_win / ci_confirmed",0,"primary eligible in-regime dataset-level rows only","Benjamini-Hochberg FDR is computed at dataset level on external_dataset_level_decisions.csv for primary eligible in-regime rows only. Primary alpha=0.05; secondary sensitivity alpha=0.1.",0,TRUE,TRUE,TRUE,TRUE,"V5_audit_ready","Pre-registered empirical profile gate: bounded/proportion by hint/domain; zero-inflated/count by hint/domain; normal_like when abs(skew)<=0.50 and excess_kurtosis<=1.00; heavy_tail_symmetric when abs(skew)<=1.00 and excess_kurtosis>3.00; lognormal_like when skew>1.00 with positive support; weibull_like when skew>0.50 with positive support; otherwise empirical_unknown.","profile_preregistered","01_results_basic contains compact final results; 02_reports contains generated report files; 03_audit_ready contains full provenance, decisions, oracle audit, and split CSVs; 98_discarded_nonfinal is reserved for obsolete or nonfinal byproducts; 99_recovery_logs contains downloads, checkpoints, temporary recovery outputs, and logs."
"UCI_wine_red_alcohol__depth_bootstrap_full","positive_skew_tabular","lognormal","lognormal_like","TAX-Q1R009","lognormal","locked_unseen_similar",3,3,0,0,FALSE,"",TRUE,TRUE,TRUE,2,"huber_k1.345",0.00227434925856218,0.00576093076665052,0.00470102118450831,0.00659048273556194,0,NA,"strong_win","ci_confirmed","eligible / in_regime / primary_preregistered / strong_win / ci_confirmed",0,"primary eligible in-regime dataset-level rows only","Benjamini-Hochberg FDR is computed at dataset level on external_dataset_level_decisions.csv for primary eligible in-regime rows only. Primary alpha=0.05; secondary sensitivity alpha=0.1.",0,TRUE,TRUE,TRUE,TRUE,"V5_audit_ready","Pre-registered empirical profile gate: bounded/proportion by hint/domain; zero-inflated/count by hint/domain; normal_like when abs(skew)<=0.50 and excess_kurtosis<=1.00; heavy_tail_symmetric when abs(skew)<=1.00 and excess_kurtosis>3.00; lognormal_like when skew>1.00 with positive support; weibull_like when skew>0.50 with positive support; otherwise empirical_unknown.","profile_preregistered","01_results_basic contains compact final results; 02_reports contains generated report files; 03_audit_ready contains full provenance, decisions, oracle audit, and split CSVs; 98_discarded_nonfinal is reserved for obsolete or nonfinal byproducts; 99_recovery_logs contains downloads, checkpoints, temporary recovery outputs, and logs."
"UCI_wine_red_alcohol__depth_bootstrap_full","positive_skew_tabular","lognormal","lognormal_like","TAX-Q1R009","lognormal","original_regime",36,36,0,0,FALSE,"",TRUE,TRUE,TRUE,10,"huber_k1.345",0.0416624418144772,0.0449913469697532,0.0425227738526108,0.0464293053234343,0,NA,"strong_win","ci_confirmed","eligible / in_regime / primary_preregistered / strong_win / ci_confirmed",0,"primary eligible in-regime dataset-level rows only","Benjamini-Hochberg FDR is computed at dataset level on external_dataset_level_decisions.csv for primary eligible in-regime rows only. Primary alpha=0.05; secondary sensitivity alpha=0.1.",0,TRUE,TRUE,TRUE,TRUE,"V5_audit_ready","Pre-registered empirical profile gate: bounded/proportion by hint/domain; zero-inflated/count by hint/domain; normal_like when abs(skew)<=0.50 and excess_kurtosis<=1.00; heavy_tail_symmetric when abs(skew)<=1.00 and excess_kurtosis>3.00; lognormal_like when skew>1.00 with positive support; weibull_like when skew>0.50 with positive support; otherwise empirical_unknown.","profile_preregistered","01_results_basic contains compact final results; 02_reports contains generated report files; 03_audit_ready contains full provenance, decisions, oracle audit, and split CSVs; 98_discarded_nonfinal is reserved for obsolete or nonfinal byproducts; 99_recovery_logs contains downloads, checkpoints, temporary recovery outputs, and logs."
"UCI_wine_red_alcohol__depth_upper_tail_enriched","positive_skew_tabular","lognormal","lognormal_like","TAX-Q1R008","lognormal","locked_unseen_similar",3,3,0,0,FALSE,"",TRUE,TRUE,TRUE,1,"huber_k1.345",0.011788418365792,0.0178711613623842,0.0137492264337055,0.0209337231603709,0,NA,"strong_win","ci_confirmed","eligible / in_regime / primary_preregistered / strong_win / ci_confirmed",0,"primary eligible in-regime dataset-level rows only","Benjamini-Hochberg FDR is computed at dataset level on external_dataset_level_decisions.csv for primary eligible in-regime rows only. Primary alpha=0.05; secondary sensitivity alpha=0.1.",0,TRUE,TRUE,TRUE,TRUE,"V5_audit_ready","Pre-registered empirical profile gate: bounded/proportion by hint/domain; zero-inflated/count by hint/domain; normal_like when abs(skew)<=0.50 and excess_kurtosis<=1.00; heavy_tail_symmetric when abs(skew)<=1.00 and excess_kurtosis>3.00; lognormal_like when skew>1.00 with positive support; weibull_like when skew>0.50 with positive support; otherwise empirical_unknown.","profile_preregistered","01_results_basic contains compact final results; 02_reports contains generated report files; 03_audit_ready contains full provenance, decisions, oracle audit, and split CSVs; 98_discarded_nonfinal is reserved for obsolete or nonfinal byproducts; 99_recovery_logs contains downloads, checkpoints, temporary recovery outputs, and logs."
"UCI_wine_red_alcohol__depth_upper_tail_enriched","positive_skew_tabular","lognormal","lognormal_like","TAX-Q1R008","lognormal","original_regime",6,6,0,0,FALSE,"",TRUE,TRUE,TRUE,1,"huber_k1.345",0.0114651079533695,0.0160445035356867,0.0126273248230012,0.0204888150785622,0,NA,"strong_win","ci_confirmed","eligible / in_regime / primary_preregistered / strong_win / ci_confirmed",0,"primary eligible in-regime dataset-level rows only","Benjamini-Hochberg FDR is computed at dataset level on external_dataset_level_decisions.csv for primary eligible in-regime rows only. Primary alpha=0.05; secondary sensitivity alpha=0.1.",0,TRUE,TRUE,TRUE,TRUE,"V5_audit_ready","Pre-registered empirical profile gate: bounded/proportion by hint/domain; zero-inflated/count by hint/domain; normal_like when abs(skew)<=0.50 and excess_kurtosis<=1.00; heavy_tail_symmetric when abs(skew)<=1.00 and excess_kurtosis>3.00; lognormal_like when skew>1.00 with positive support; weibull_like when skew>0.50 with positive support; otherwise empirical_unknown.","profile_preregistered","01_results_basic contains compact final results; 02_reports contains generated report files; 03_audit_ready contains full provenance, decisions, oracle audit, and split CSVs; 98_discarded_nonfinal is reserved for obsolete or nonfinal byproducts; 99_recovery_logs contains downloads, checkpoints, temporary recovery outputs, and logs."
"UCI_wine_red_alcohol__depth_upper_tail_enriched","positive_skew_tabular","lognormal","lognormal_like","TAX-Q1R009","lognormal","locked_unseen_similar",3,3,0,0,FALSE,"",TRUE,TRUE,TRUE,1,"huber_k1.345",0.0115977757975635,0.0166113224523935,0.0130684584004304,0.0190674677701386,0,NA,"strong_win","ci_confirmed","eligible / in_regime / primary_preregistered / strong_win / ci_confirmed",0,"primary eligible in-regime dataset-level rows only","Benjamini-Hochberg FDR is computed at dataset level on external_dataset_level_decisions.csv for primary eligible in-regime rows only. Primary alpha=0.05; secondary sensitivity alpha=0.1.",0,TRUE,TRUE,TRUE,TRUE,"V5_audit_ready","Pre-registered empirical profile gate: bounded/proportion by hint/domain; zero-inflated/count by hint/domain; normal_like when abs(skew)<=0.50 and excess_kurtosis<=1.00; heavy_tail_symmetric when abs(skew)<=1.00 and excess_kurtosis>3.00; lognormal_like when skew>1.00 with positive support; weibull_like when skew>0.50 with positive support; otherwise empirical_unknown.","profile_preregistered","01_results_basic contains compact final results; 02_reports contains generated report files; 03_audit_ready contains full provenance, decisions, oracle audit, and split CSVs; 98_discarded_nonfinal is reserved for obsolete or nonfinal byproducts; 99_recovery_logs contains downloads, checkpoints, temporary recovery outputs, and logs."
"UCI_wine_red_alcohol__depth_upper_tail_enriched","positive_skew_tabular","lognormal","lognormal_like","TAX-Q1R009","lognormal","original_regime",36,36,0,0,FALSE,"",TRUE,TRUE,TRUE,1,"huber_k1.345",0.0117390955192167,0.0188658593600713,0.0149425416637943,0.022530854417685,0,NA,"strong_win","ci_confirmed","eligible / in_regime / primary_preregistered / strong_win / ci_confirmed",0,"primary eligible in-regime dataset-level rows only","Benjamini-Hochberg FDR is computed at dataset level on external_dataset_level_decisions.csv for primary eligible in-regime rows only. Primary alpha=0.05; secondary sensitivity alpha=0.1.",0,TRUE,TRUE,TRUE,TRUE,"V5_audit_ready","Pre-registered empirical profile gate: bounded/proportion by hint/domain; zero-inflated/count by hint/domain; normal_like when abs(skew)<=0.50 and excess_kurtosis<=1.00; heavy_tail_symmetric when abs(skew)<=1.00 and excess_kurtosis>3.00; lognormal_like when skew>1.00 with positive support; weibull_like when skew>0.50 with positive support; otherwise empirical_unknown.","profile_preregistered","01_results_basic contains compact final results; 02_reports contains generated report files; 03_audit_ready contains full provenance, decisions, oracle audit, and split CSVs; 98_discarded_nonfinal is reserved for obsolete or nonfinal byproducts; 99_recovery_logs contains downloads, checkpoints, temporary recovery outputs, and logs."
"UCI_wine_red_alcohol","positive_skew_tabular","lognormal","lognormal_like","TAX-Q1R008","lognormal","locked_unseen_similar",3,3,2,2,FALSE,"",TRUE,TRUE,TRUE,2,"huber_k1.345",0.0565318736043625,0.0648317695691455,0.0623974806894415,0.0668017722445476,0,0,"strong_win","ci_confirmed","eligible / in_regime / primary_preregistered / strong_win / ci_confirmed",0,"primary eligible in-regime dataset-level rows only","Benjamini-Hochberg FDR is computed at dataset level on external_dataset_level_decisions.csv for primary eligible in-regime rows only. Primary alpha=0.05; secondary sensitivity alpha=0.1.",0,TRUE,TRUE,TRUE,TRUE,"V5_audit_ready","Pre-registered empirical profile gate: bounded/proportion by hint/domain; zero-inflated/count by hint/domain; normal_like when abs(skew)<=0.50 and excess_kurtosis<=1.00; heavy_tail_symmetric when abs(skew)<=1.00 and excess_kurtosis>3.00; lognormal_like when skew>1.00 with positive support; weibull_like when skew>0.50 with positive support; otherwise empirical_unknown.","profile_preregistered","01_results_basic contains compact final results; 02_reports contains generated report files; 03_audit_ready contains full provenance, decisions, oracle audit, and split CSVs; 98_discarded_nonfinal is reserved for obsolete or nonfinal byproducts; 99_recovery_logs contains downloads, checkpoints, temporary recovery outputs, and logs."
"UCI_wine_red_alcohol","positive_skew_tabular","lognormal","lognormal_like","TAX-Q1R008","lognormal","original_regime",6,6,4,4,FALSE,"",TRUE,TRUE,TRUE,2,"huber_k1.345",0.101779435496911,0.0929033030030902,0.0880765220741419,0.0986185140497957,0,0,"strong_win","ci_confirmed","eligible / in_regime / primary_preregistered / strong_win / ci_confirmed",0,"primary eligible in-regime dataset-level rows only","Benjamini-Hochberg FDR is computed at dataset level on external_dataset_level_decisions.csv for primary eligible in-regime rows only. Primary alpha=0.05; secondary sensitivity alpha=0.1.",0,TRUE,TRUE,TRUE,TRUE,"V5_audit_ready","Pre-registered empirical profile gate: bounded/proportion by hint/domain; zero-inflated/count by hint/domain; normal_like when abs(skew)<=0.50 and excess_kurtosis<=1.00; heavy_tail_symmetric when abs(skew)<=1.00 and excess_kurtosis>3.00; lognormal_like when skew>1.00 with positive support; weibull_like when skew>0.50 with positive support; otherwise empirical_unknown.","profile_preregistered","01_results_basic contains compact final results; 02_reports contains generated report files; 03_audit_ready contains full provenance, decisions, oracle audit, and split CSVs; 98_discarded_nonfinal is reserved for obsolete or nonfinal byproducts; 99_recovery_logs contains downloads, checkpoints, temporary recovery outputs, and logs."
"UCI_wine_red_alcohol","positive_skew_tabular","lognormal","lognormal_like","TAX-Q1R009","lognormal","original_regime",4,4,4,4,TRUE,"",TRUE,TRUE,TRUE,4,"huber_k1.345",0.0438486548187261,0.0484917876647107,0.0454188790757905,0.0497921432641086,0,0,"strong_win","ci_confirmed","eligible / in_regime / primary_preregistered / strong_win / ci_confirmed",0,"primary eligible in-regime dataset-level rows only","Benjamini-Hochberg FDR is computed at dataset level on external_dataset_level_decisions.csv for primary eligible in-regime rows only. Primary alpha=0.05; secondary sensitivity alpha=0.1.",0,TRUE,TRUE,TRUE,TRUE,"V5_audit_ready","Pre-registered empirical profile gate: bounded/proportion by hint/domain; zero-inflated/count by hint/domain; normal_like when abs(skew)<=0.50 and excess_kurtosis<=1.00; heavy_tail_symmetric when abs(skew)<=1.00 and excess_kurtosis>3.00; lognormal_like when skew>1.00 with positive support; weibull_like when skew>0.50 with positive support; otherwise empirical_unknown.","profile_preregistered","01_results_basic contains compact final results; 02_reports contains generated report files; 03_audit_ready contains full provenance, decisions, oracle audit, and split CSVs; 98_discarded_nonfinal is reserved for obsolete or nonfinal byproducts; 99_recovery_logs contains downloads, checkpoints, temporary recovery outputs, and logs."
"UCI_wine_red_residual_sugar__depth_body_10_90","positive_skew_tabular","lognormal","lognormal_like","TAX-Q1R008","lognormal","locked_unseen_similar",3,3,0,0,FALSE,"",TRUE,TRUE,TRUE,1,"huber_k1.345",0.00615988656046829,0.00952373622006029,0.00905303237618733,0.0100377091798486,0,NA,"strong_win","ci_confirmed","eligible / in_regime / primary_preregistered / strong_win / ci_confirmed",0,"primary eligible in-regime dataset-level rows only","Benjamini-Hochberg FDR is computed at dataset level on external_dataset_level_decisions.csv for primary eligible in-regime rows only. Primary alpha=0.05; secondary sensitivity alpha=0.1.",0,TRUE,TRUE,TRUE,TRUE,"V5_audit_ready","Pre-registered empirical profile gate: bounded/proportion by hint/domain; zero-inflated/count by hint/domain; normal_like when abs(skew)<=0.50 and excess_kurtosis<=1.00; heavy_tail_symmetric when abs(skew)<=1.00 and excess_kurtosis>3.00; lognormal_like when skew>1.00 with positive support; weibull_like when skew>0.50 with positive support; otherwise empirical_unknown.","profile_preregistered","01_results_basic contains compact final results; 02_reports contains generated report files; 03_audit_ready contains full provenance, decisions, oracle audit, and split CSVs; 98_discarded_nonfinal is reserved for obsolete or nonfinal byproducts; 99_recovery_logs contains downloads, checkpoints, temporary recovery outputs, and logs."
"UCI_wine_red_residual_sugar__depth_body_10_90","positive_skew_tabular","lognormal","lognormal_like","TAX-Q1R008","lognormal","original_regime",6,6,0,0,FALSE,"",TRUE,TRUE,TRUE,2,"huber_k1.345",0.00640515819849568,0.00987485136528574,0.00937588902506855,0.010211490481415,0,NA,"strong_win","ci_confirmed","eligible / in_regime / primary_preregistered / strong_win / ci_confirmed",0,"primary eligible in-regime dataset-level rows only","Benjamini-Hochberg FDR is computed at dataset level on external_dataset_level_decisions.csv for primary eligible in-regime rows only. Primary alpha=0.05; secondary sensitivity alpha=0.1.",0,TRUE,TRUE,TRUE,TRUE,"V5_audit_ready","Pre-registered empirical profile gate: bounded/proportion by hint/domain; zero-inflated/count by hint/domain; normal_like when abs(skew)<=0.50 and excess_kurtosis<=1.00; heavy_tail_symmetric when abs(skew)<=1.00 and excess_kurtosis>3.00; lognormal_like when skew>1.00 with positive support; weibull_like when skew>0.50 with positive support; otherwise empirical_unknown.","profile_preregistered","01_results_basic contains compact final results; 02_reports contains generated report files; 03_audit_ready contains full provenance, decisions, oracle audit, and split CSVs; 98_discarded_nonfinal is reserved for obsolete or nonfinal byproducts; 99_recovery_logs contains downloads, checkpoints, temporary recovery outputs, and logs."
"UCI_wine_red_residual_sugar__depth_body_10_90","positive_skew_tabular","lognormal","lognormal_like","TAX-Q1R009","lognormal","locked_unseen_similar",3,3,0,0,FALSE,"",TRUE,TRUE,TRUE,1,"huber_k1.345",0.000141264385027888,0.000571694541771264,0.000349859177589441,0.000802363891514335,0,NA,"strong_win","ci_confirmed","eligible / in_regime / primary_preregistered / strong_win / ci_confirmed",0,"primary eligible in-regime dataset-level rows only","Benjamini-Hochberg FDR is computed at dataset level on external_dataset_level_decisions.csv for primary eligible in-regime rows only. Primary alpha=0.05; secondary sensitivity alpha=0.1.",0,TRUE,TRUE,TRUE,TRUE,"V5_audit_ready","Pre-registered empirical profile gate: bounded/proportion by hint/domain; zero-inflated/count by hint/domain; normal_like when abs(skew)<=0.50 and excess_kurtosis<=1.00; heavy_tail_symmetric when abs(skew)<=1.00 and excess_kurtosis>3.00; lognormal_like when skew>1.00 with positive support; weibull_like when skew>0.50 with positive support; otherwise empirical_unknown.","profile_preregistered","01_results_basic contains compact final results; 02_reports contains generated report files; 03_audit_ready contains full provenance, decisions, oracle audit, and split CSVs; 98_discarded_nonfinal is reserved for obsolete or nonfinal byproducts; 99_recovery_logs contains downloads, checkpoints, temporary recovery outputs, and logs."
"UCI_wine_red_residual_sugar__depth_body_10_90","positive_skew_tabular","lognormal","lognormal_like","TAX-Q1R009","lognormal","original_regime",36,36,0,0,FALSE,"",TRUE,TRUE,TRUE,8,"huber_k1.345",0.00517912577306917,0.00785745943785805,0.00738782868238778,0.00836806277300008,0,NA,"strong_win","ci_confirmed","eligible / in_regime / primary_preregistered / strong_win / ci_confirmed",0,"primary eligible in-regime dataset-level rows only","Benjamini-Hochberg FDR is computed at dataset level on external_dataset_level_decisions.csv for primary eligible in-regime rows only. Primary alpha=0.05; secondary sensitivity alpha=0.1.",0,TRUE,TRUE,TRUE,TRUE,"V5_audit_ready","Pre-registered empirical profile gate: bounded/proportion by hint/domain; zero-inflated/count by hint/domain; normal_like when abs(skew)<=0.50 and excess_kurtosis<=1.00; heavy_tail_symmetric when abs(skew)<=1.00 and excess_kurtosis>3.00; lognormal_like when skew>1.00 with positive support; weibull_like when skew>0.50 with positive support; otherwise empirical_unknown.","profile_preregistered","01_results_basic contains compact final results; 02_reports contains generated report files; 03_audit_ready contains full provenance, decisions, oracle audit, and split CSVs; 98_discarded_nonfinal is reserved for obsolete or nonfinal byproducts; 99_recovery_logs contains downloads, checkpoints, temporary recovery outputs, and logs."
"UCI_wine_red_residual_sugar__depth_bootstrap_full","positive_skew_tabular","lognormal","lognormal_like","TAX-Q1R008","lognormal","original_regime",6,6,0,0,FALSE,"",TRUE,TRUE,TRUE,2,"huber_k1.345",0.0247652262786332,0.033391807288054,0.0318474357128854,0.0360981855649842,0,NA,"strong_win","ci_confirmed","eligible / in_regime / primary_preregistered / strong_win / ci_confirmed",0,"primary eligible in-regime dataset-level rows only","Benjamini-Hochberg FDR is computed at dataset level on external_dataset_level_decisions.csv for primary eligible in-regime rows only. Primary alpha=0.05; secondary sensitivity alpha=0.1.",0,TRUE,TRUE,TRUE,TRUE,"V5_audit_ready","Pre-registered empirical profile gate: bounded/proportion by hint/domain; zero-inflated/count by hint/domain; normal_like when abs(skew)<=0.50 and excess_kurtosis<=1.00; heavy_tail_symmetric when abs(skew)<=1.00 and excess_kurtosis>3.00; lognormal_like when skew>1.00 with positive support; weibull_like when skew>0.50 with positive support; otherwise empirical_unknown.","profile_preregistered","01_results_basic contains compact final results; 02_reports contains generated report files; 03_audit_ready contains full provenance, decisions, oracle audit, and split CSVs; 98_discarded_nonfinal is reserved for obsolete or nonfinal byproducts; 99_recovery_logs contains downloads, checkpoints, temporary recovery outputs, and logs."
"UCI_wine_red_residual_sugar__depth_upper_tail_enriched","positive_skew_tabular","lognormal","lognormal_like","TAX-Q1R008","lognormal","original_regime",6,6,0,0,FALSE,"",TRUE,TRUE,TRUE,1,"huber_k1.345",0.00801014596977804,0.0176502195078608,0.0157030497441102,0.0199109635106349,0,NA,"strong_win","ci_confirmed","eligible / in_regime / primary_preregistered / strong_win / ci_confirmed",0,"primary eligible in-regime dataset-level rows only","Benjamini-Hochberg FDR is computed at dataset level on external_dataset_level_decisions.csv for primary eligible in-regime rows only. Primary alpha=0.05; secondary sensitivity alpha=0.1.",0,TRUE,TRUE,TRUE,TRUE,"V5_audit_ready","Pre-registered empirical profile gate: bounded/proportion by hint/domain; zero-inflated/count by hint/domain; normal_like when abs(skew)<=0.50 and excess_kurtosis<=1.00; heavy_tail_symmetric when abs(skew)<=1.00 and excess_kurtosis>3.00; lognormal_like when skew>1.00 with positive support; weibull_like when skew>0.50 with positive support; otherwise empirical_unknown.","profile_preregistered","01_results_basic contains compact final results; 02_reports contains generated report files; 03_audit_ready contains full provenance, decisions, oracle audit, and split CSVs; 98_discarded_nonfinal is reserved for obsolete or nonfinal byproducts; 99_recovery_logs contains downloads, checkpoints, temporary recovery outputs, and logs."
"UCI_wine_red_residual_sugar","positive_skew_tabular","lognormal","lognormal_like","TAX-Q1R008","lognormal","original_regime",6,6,4,4,FALSE,"",TRUE,TRUE,TRUE,2,"huber_k1.345",0.0110431929584408,0.0197751488289704,0.0182541993489975,0.021464153702211,0,0,"strong_win","ci_confirmed","eligible / in_regime / primary_preregistered / strong_win / ci_confirmed",0,"primary eligible in-regime dataset-level rows only","Benjamini-Hochberg FDR is computed at dataset level on external_dataset_level_decisions.csv for primary eligible in-regime rows only. Primary alpha=0.05; secondary sensitivity alpha=0.1.",0,TRUE,TRUE,TRUE,TRUE,"V5_audit_ready","Pre-registered empirical profile gate: bounded/proportion by hint/domain; zero-inflated/count by hint/domain; normal_like when abs(skew)<=0.50 and excess_kurtosis<=1.00; heavy_tail_symmetric when abs(skew)<=1.00 and excess_kurtosis>3.00; lognormal_like when skew>1.00 with positive support; weibull_like when skew>0.50 with positive support; otherwise empirical_unknown.","profile_preregistered","01_results_basic contains compact final results; 02_reports contains generated report files; 03_audit_ready contains full provenance, decisions, oracle audit, and split CSVs; 98_discarded_nonfinal is reserved for obsolete or nonfinal byproducts; 99_recovery_logs contains downloads, checkpoints, temporary recovery outputs, and logs."
"UCI_wine_white_alcohol__depth_bootstrap_full","positive_skew_tabular","lognormal","lognormal_like","TAX-Q1R008","lognormal","locked_unseen_similar",3,3,0,0,FALSE,"",TRUE,TRUE,TRUE,2,"huber_k1.345",0.114682140490071,0.116067431597623,0.108791862094842,0.119826907378131,0,NA,"strong_win","ci_confirmed","eligible / in_regime / primary_preregistered / strong_win / ci_confirmed",0,"primary eligible in-regime dataset-level rows only","Benjamini-Hochberg FDR is computed at dataset level on external_dataset_level_decisions.csv for primary eligible in-regime rows only. Primary alpha=0.05; secondary sensitivity alpha=0.1.",0,TRUE,TRUE,TRUE,TRUE,"V5_audit_ready","Pre-registered empirical profile gate: bounded/proportion by hint/domain; zero-inflated/count by hint/domain; normal_like when abs(skew)<=0.50 and excess_kurtosis<=1.00; heavy_tail_symmetric when abs(skew)<=1.00 and excess_kurtosis>3.00; lognormal_like when skew>1.00 with positive support; weibull_like when skew>0.50 with positive support; otherwise empirical_unknown.","profile_preregistered","01_results_basic contains compact final results; 02_reports contains generated report files; 03_audit_ready contains full provenance, decisions, oracle audit, and split CSVs; 98_discarded_nonfinal is reserved for obsolete or nonfinal byproducts; 99_recovery_logs contains downloads, checkpoints, temporary recovery outputs, and logs."
"UCI_wine_white_alcohol__depth_bootstrap_full","positive_skew_tabular","lognormal","lognormal_like","TAX-Q1R008","lognormal","original_regime",6,6,0,0,FALSE,"",TRUE,TRUE,TRUE,4,"huber_k1.345",0.124200007693634,0.119455635638987,0.113987159542657,0.127607144625229,0,NA,"strong_win","ci_confirmed","eligible / in_regime / primary_preregistered / strong_win / ci_confirmed",0,"primary eligible in-regime dataset-level rows only","Benjamini-Hochberg FDR is computed at dataset level on external_dataset_level_decisions.csv for primary eligible in-regime rows only. Primary alpha=0.05; secondary sensitivity alpha=0.1.",0,TRUE,TRUE,TRUE,TRUE,"V5_audit_ready","Pre-registered empirical profile gate: bounded/proportion by hint/domain; zero-inflated/count by hint/domain; normal_like when abs(skew)<=0.50 and excess_kurtosis<=1.00; heavy_tail_symmetric when abs(skew)<=1.00 and excess_kurtosis>3.00; lognormal_like when skew>1.00 with positive support; weibull_like when skew>0.50 with positive support; otherwise empirical_unknown.","profile_preregistered","01_results_basic contains compact final results; 02_reports contains generated report files; 03_audit_ready contains full provenance, decisions, oracle audit, and split CSVs; 98_discarded_nonfinal is reserved for obsolete or nonfinal byproducts; 99_recovery_logs contains downloads, checkpoints, temporary recovery outputs, and logs."
"UCI_wine_white_alcohol__depth_bootstrap_full","positive_skew_tabular","lognormal","lognormal_like","TAX-Q1R009","lognormal","locked_unseen_similar",3,3,0,0,FALSE,"",TRUE,TRUE,TRUE,1,"huber_k1.345",0.0194884315626611,0.0335342900714935,0.0294438612033109,0.0360172256627206,0,NA,"strong_win","ci_confirmed","eligible / in_regime / primary_preregistered / strong_win / ci_confirmed",0,"primary eligible in-regime dataset-level rows only","Benjamini-Hochberg FDR is computed at dataset level on external_dataset_level_decisions.csv for primary eligible in-regime rows only. Primary alpha=0.05; secondary sensitivity alpha=0.1.",0,TRUE,TRUE,TRUE,TRUE,"V5_audit_ready","Pre-registered empirical profile gate: bounded/proportion by hint/domain; zero-inflated/count by hint/domain; normal_like when abs(skew)<=0.50 and excess_kurtosis<=1.00; heavy_tail_symmetric when abs(skew)<=1.00 and excess_kurtosis>3.00; lognormal_like when skew>1.00 with positive support; weibull_like when skew>0.50 with positive support; otherwise empirical_unknown.","profile_preregistered","01_results_basic contains compact final results; 02_reports contains generated report files; 03_audit_ready contains full provenance, decisions, oracle audit, and split CSVs; 98_discarded_nonfinal is reserved for obsolete or nonfinal byproducts; 99_recovery_logs contains downloads, checkpoints, temporary recovery outputs, and logs."
"UCI_wine_white_alcohol__depth_bootstrap_full","positive_skew_tabular","lognormal","lognormal_like","TAX-Q1R009","lognormal","original_regime",36,36,0,0,FALSE,"",TRUE,TRUE,TRUE,22,"huber_k1.345",0.0808792717303995,0.0763589750697733,0.0732819544079741,0.0808619493687424,0,NA,"strong_win","ci_confirmed","eligible / in_regime / primary_preregistered / strong_win / ci_confirmed",0,"primary eligible in-regime dataset-level rows only","Benjamini-Hochberg FDR is computed at dataset level on external_dataset_level_decisions.csv for primary eligible in-regime rows only. Primary alpha=0.05; secondary sensitivity alpha=0.1.",0,TRUE,TRUE,TRUE,TRUE,"V5_audit_ready","Pre-registered empirical profile gate: bounded/proportion by hint/domain; zero-inflated/count by hint/domain; normal_like when abs(skew)<=0.50 and excess_kurtosis<=1.00; heavy_tail_symmetric when abs(skew)<=1.00 and excess_kurtosis>3.00; lognormal_like when skew>1.00 with positive support; weibull_like when skew>0.50 with positive support; otherwise empirical_unknown.","profile_preregistered","01_results_basic contains compact final results; 02_reports contains generated report files; 03_audit_ready contains full provenance, decisions, oracle audit, and split CSVs; 98_discarded_nonfinal is reserved for obsolete or nonfinal byproducts; 99_recovery_logs contains downloads, checkpoints, temporary recovery outputs, and logs."
"UCI_wine_white_alcohol","positive_skew_tabular","lognormal","lognormal_like","TAX-Q1R008","lognormal","locked_unseen_similar",3,3,3,3,FALSE,"",TRUE,TRUE,TRUE,1,"huber_k1.345",0.124764191404766,0.125282214291804,0.114746436150467,0.133342508299325,0,0,"strong_win","ci_confirmed","eligible / in_regime / primary_preregistered / strong_win / ci_confirmed",0,"primary eligible in-regime dataset-level rows only","Benjamini-Hochberg FDR is computed at dataset level on external_dataset_level_decisions.csv for primary eligible in-regime rows only. Primary alpha=0.05; secondary sensitivity alpha=0.1.",0,TRUE,TRUE,TRUE,TRUE,"V5_audit_ready","Pre-registered empirical profile gate: bounded/proportion by hint/domain; zero-inflated/count by hint/domain; normal_like when abs(skew)<=0.50 and excess_kurtosis<=1.00; heavy_tail_symmetric when abs(skew)<=1.00 and excess_kurtosis>3.00; lognormal_like when skew>1.00 with positive support; weibull_like when skew>0.50 with positive support; otherwise empirical_unknown.","profile_preregistered","01_results_basic contains compact final results; 02_reports contains generated report files; 03_audit_ready contains full provenance, decisions, oracle audit, and split CSVs; 98_discarded_nonfinal is reserved for obsolete or nonfinal byproducts; 99_recovery_logs contains downloads, checkpoints, temporary recovery outputs, and logs."
"UCI_wine_white_alcohol","positive_skew_tabular","lognormal","lognormal_like","TAX-Q1R008","lognormal","original_regime",6,6,6,6,FALSE,"",TRUE,TRUE,TRUE,1,"huber_k1.345",0.124676387158919,0.124866846418578,0.117296092158935,0.13188811713044,0,0,"strong_win","ci_confirmed","eligible / in_regime / primary_preregistered / strong_win / ci_confirmed",0,"primary eligible in-regime dataset-level rows only","Benjamini-Hochberg FDR is computed at dataset level on external_dataset_level_decisions.csv for primary eligible in-regime rows only. Primary alpha=0.05; secondary sensitivity alpha=0.1.",0,TRUE,TRUE,TRUE,TRUE,"V5_audit_ready","Pre-registered empirical profile gate: bounded/proportion by hint/domain; zero-inflated/count by hint/domain; normal_like when abs(skew)<=0.50 and excess_kurtosis<=1.00; heavy_tail_symmetric when abs(skew)<=1.00 and excess_kurtosis>3.00; lognormal_like when skew>1.00 with positive support; weibull_like when skew>0.50 with positive support; otherwise empirical_unknown.","profile_preregistered","01_results_basic contains compact final results; 02_reports contains generated report files; 03_audit_ready contains full provenance, decisions, oracle audit, and split CSVs; 98_discarded_nonfinal is reserved for obsolete or nonfinal byproducts; 99_recovery_logs contains downloads, checkpoints, temporary recovery outputs, and logs."
"UCI_wine_white_alcohol","positive_skew_tabular","lognormal","lognormal_like","TAX-Q1R009","lognormal","original_regime",1,1,1,1,TRUE,"",TRUE,TRUE,TRUE,1,"huber_k1.345",0.0614441573366226,0.0683486043128617,0.0602770603460258,0.0701890609300686,0,0,"strong_win","ci_confirmed","eligible / in_regime / primary_preregistered / strong_win / ci_confirmed",0,"primary eligible in-regime dataset-level rows only","Benjamini-Hochberg FDR is computed at dataset level on external_dataset_level_decisions.csv for primary eligible in-regime rows only. Primary alpha=0.05; secondary sensitivity alpha=0.1.",0,TRUE,TRUE,TRUE,TRUE,"V5_audit_ready","Pre-registered empirical profile gate: bounded/proportion by hint/domain; zero-inflated/count by hint/domain; normal_like when abs(skew)<=0.50 and excess_kurtosis<=1.00; heavy_tail_symmetric when abs(skew)<=1.00 and excess_kurtosis>3.00; lognormal_like when skew>1.00 with positive support; weibull_like when skew>0.50 with positive support; otherwise empirical_unknown.","profile_preregistered","01_results_basic contains compact final results; 02_reports contains generated report files; 03_audit_ready contains full provenance, decisions, oracle audit, and split CSVs; 98_discarded_nonfinal is reserved for obsolete or nonfinal byproducts; 99_recovery_logs contains downloads, checkpoints, temporary recovery outputs, and logs."
"UCI_wine_white_residual_sugar__depth_bootstrap_full","positive_skew_tabular","lognormal","lognormal_like","TAX-Q1R008","lognormal","locked_unseen_similar",3,3,0,0,FALSE,"",TRUE,TRUE,TRUE,2,"huber_k1.345",1.71755861245081,1.88274454239025,1.82127700643211,1.92948511532458,0,NA,"strong_win","ci_confirmed","eligible / in_regime / primary_preregistered / strong_win / ci_confirmed",0,"primary eligible in-regime dataset-level rows only","Benjamini-Hochberg FDR is computed at dataset level on external_dataset_level_decisions.csv for primary eligible in-regime rows only. Primary alpha=0.05; secondary sensitivity alpha=0.1.",0,TRUE,TRUE,TRUE,TRUE,"V5_audit_ready","Pre-registered empirical profile gate: bounded/proportion by hint/domain; zero-inflated/count by hint/domain; normal_like when abs(skew)<=0.50 and excess_kurtosis<=1.00; heavy_tail_symmetric when abs(skew)<=1.00 and excess_kurtosis>3.00; lognormal_like when skew>1.00 with positive support; weibull_like when skew>0.50 with positive support; otherwise empirical_unknown.","profile_preregistered","01_results_basic contains compact final results; 02_reports contains generated report files; 03_audit_ready contains full provenance, decisions, oracle audit, and split CSVs; 98_discarded_nonfinal is reserved for obsolete or nonfinal byproducts; 99_recovery_logs contains downloads, checkpoints, temporary recovery outputs, and logs."
"UCI_wine_white_residual_sugar__depth_bootstrap_full","positive_skew_tabular","lognormal","lognormal_like","TAX-Q1R008","lognormal","original_regime",6,6,0,0,FALSE,"",TRUE,TRUE,TRUE,4,"huber_k1.345",2.63370103065125,2.48412872329982,2.38389870813812,2.5968200621425,0,NA,"strong_win","ci_confirmed","eligible / in_regime / primary_preregistered / strong_win / ci_confirmed",0,"primary eligible in-regime dataset-level rows only","Benjamini-Hochberg FDR is computed at dataset level on external_dataset_level_decisions.csv for primary eligible in-regime rows only. Primary alpha=0.05; secondary sensitivity alpha=0.1.",0,TRUE,TRUE,TRUE,TRUE,"V5_audit_ready","Pre-registered empirical profile gate: bounded/proportion by hint/domain; zero-inflated/count by hint/domain; normal_like when abs(skew)<=0.50 and excess_kurtosis<=1.00; heavy_tail_symmetric when abs(skew)<=1.00 and excess_kurtosis>3.00; lognormal_like when skew>1.00 with positive support; weibull_like when skew>0.50 with positive support; otherwise empirical_unknown.","profile_preregistered","01_results_basic contains compact final results; 02_reports contains generated report files; 03_audit_ready contains full provenance, decisions, oracle audit, and split CSVs; 98_discarded_nonfinal is reserved for obsolete or nonfinal byproducts; 99_recovery_logs contains downloads, checkpoints, temporary recovery outputs, and logs."
"UCI_wine_white_residual_sugar__depth_bootstrap_full","positive_skew_tabular","lognormal","lognormal_like","TAX-Q1R009","lognormal","locked_unseen_similar",3,3,0,0,FALSE,"",TRUE,TRUE,TRUE,2,"huber_k1.345",0.191183592878971,0.410230375441372,0.381904768434473,0.452313296588938,0,NA,"strong_win","ci_confirmed","eligible / in_regime / primary_preregistered / strong_win / ci_confirmed",0,"primary eligible in-regime dataset-level rows only","Benjamini-Hochberg FDR is computed at dataset level on external_dataset_level_decisions.csv for primary eligible in-regime rows only. Primary alpha=0.05; secondary sensitivity alpha=0.1.",0,TRUE,TRUE,TRUE,TRUE,"V5_audit_ready","Pre-registered empirical profile gate: bounded/proportion by hint/domain; zero-inflated/count by hint/domain; normal_like when abs(skew)<=0.50 and excess_kurtosis<=1.00; heavy_tail_symmetric when abs(skew)<=1.00 and excess_kurtosis>3.00; lognormal_like when skew>1.00 with positive support; weibull_like when skew>0.50 with positive support; otherwise empirical_unknown.","profile_preregistered","01_results_basic contains compact final results; 02_reports contains generated report files; 03_audit_ready contains full provenance, decisions, oracle audit, and split CSVs; 98_discarded_nonfinal is reserved for obsolete or nonfinal byproducts; 99_recovery_logs contains downloads, checkpoints, temporary recovery outputs, and logs."
"UCI_wine_white_residual_sugar__depth_bootstrap_full","positive_skew_tabular","lognormal","lognormal_like","TAX-Q1R009","lognormal","original_regime",36,36,0,0,FALSE,"",TRUE,TRUE,TRUE,14,"huber_k1.345",1.16727920811423,1.21152429368909,1.16674762626302,1.24270750599786,0,NA,"strong_win","ci_confirmed","eligible / in_regime / primary_preregistered / strong_win / ci_confirmed",0,"primary eligible in-regime dataset-level rows only","Benjamini-Hochberg FDR is computed at dataset level on external_dataset_level_decisions.csv for primary eligible in-regime rows only. Primary alpha=0.05; secondary sensitivity alpha=0.1.",0,TRUE,TRUE,TRUE,TRUE,"V5_audit_ready","Pre-registered empirical profile gate: bounded/proportion by hint/domain; zero-inflated/count by hint/domain; normal_like when abs(skew)<=0.50 and excess_kurtosis<=1.00; heavy_tail_symmetric when abs(skew)<=1.00 and excess_kurtosis>3.00; lognormal_like when skew>1.00 with positive support; weibull_like when skew>0.50 with positive support; otherwise empirical_unknown.","profile_preregistered","01_results_basic contains compact final results; 02_reports contains generated report files; 03_audit_ready contains full provenance, decisions, oracle audit, and split CSVs; 98_discarded_nonfinal is reserved for obsolete or nonfinal byproducts; 99_recovery_logs contains downloads, checkpoints, temporary recovery outputs, and logs."
"UCI_wine_white_residual_sugar__depth_upper_tail_enriched","positive_skew_tabular","lognormal","lognormal_like","TAX-Q1R009","lognormal","locked_unseen_similar",3,3,0,0,FALSE,"",TRUE,TRUE,TRUE,1,"huber_k1.345",0.0449384753186043,0.112148326610845,0.0599015557261046,0.188662802523515,0,NA,"strong_win","ci_confirmed","eligible / in_regime / primary_preregistered / strong_win / ci_confirmed",0,"primary eligible in-regime dataset-level rows only","Benjamini-Hochberg FDR is computed at dataset level on external_dataset_level_decisions.csv for primary eligible in-regime rows only. Primary alpha=0.05; secondary sensitivity alpha=0.1.",0,TRUE,TRUE,TRUE,TRUE,"V5_audit_ready","Pre-registered empirical profile gate: bounded/proportion by hint/domain; zero-inflated/count by hint/domain; normal_like when abs(skew)<=0.50 and excess_kurtosis<=1.00; heavy_tail_symmetric when abs(skew)<=1.00 and excess_kurtosis>3.00; lognormal_like when skew>1.00 with positive support; weibull_like when skew>0.50 with positive support; otherwise empirical_unknown.","profile_preregistered","01_results_basic contains compact final results; 02_reports contains generated report files; 03_audit_ready contains full provenance, decisions, oracle audit, and split CSVs; 98_discarded_nonfinal is reserved for obsolete or nonfinal byproducts; 99_recovery_logs contains downloads, checkpoints, temporary recovery outputs, and logs."
"UCI_wine_white_residual_sugar__depth_upper_tail_enriched","positive_skew_tabular","lognormal","lognormal_like","TAX-Q1R009","lognormal","original_regime",36,36,0,0,FALSE,"",TRUE,TRUE,TRUE,3,"huber_k1.345",0.0392020130553747,0.169284674118008,0.113423609908189,0.210822120403515,0,NA,"strong_win","ci_confirmed","eligible / in_regime / primary_preregistered / strong_win / ci_confirmed",0,"primary eligible in-regime dataset-level rows only","Benjamini-Hochberg FDR is computed at dataset level on external_dataset_level_decisions.csv for primary eligible in-regime rows only. Primary alpha=0.05; secondary sensitivity alpha=0.1.",0,TRUE,TRUE,TRUE,TRUE,"V5_audit_ready","Pre-registered empirical profile gate: bounded/proportion by hint/domain; zero-inflated/count by hint/domain; normal_like when abs(skew)<=0.50 and excess_kurtosis<=1.00; heavy_tail_symmetric when abs(skew)<=1.00 and excess_kurtosis>3.00; lognormal_like when skew>1.00 with positive support; weibull_like when skew>0.50 with positive support; otherwise empirical_unknown.","profile_preregistered","01_results_basic contains compact final results; 02_reports contains generated report files; 03_audit_ready contains full provenance, decisions, oracle audit, and split CSVs; 98_discarded_nonfinal is reserved for obsolete or nonfinal byproducts; 99_recovery_logs contains downloads, checkpoints, temporary recovery outputs, and logs."
"UCI_wine_white_residual_sugar","positive_skew_tabular","lognormal","lognormal_like","TAX-Q1R008","lognormal","locked_unseen_similar",3,3,3,3,FALSE,"",TRUE,TRUE,TRUE,1,"huber_k1.345",1.78793228354339,1.99573475533457,1.91752626869023,2.08607674342185,0,0,"strong_win","ci_confirmed","eligible / in_regime / primary_preregistered / strong_win / ci_confirmed",0,"primary eligible in-regime dataset-level rows only","Benjamini-Hochberg FDR is computed at dataset level on external_dataset_level_decisions.csv for primary eligible in-regime rows only. Primary alpha=0.05; secondary sensitivity alpha=0.1.",0,TRUE,TRUE,TRUE,TRUE,"V5_audit_ready","Pre-registered empirical profile gate: bounded/proportion by hint/domain; zero-inflated/count by hint/domain; normal_like when abs(skew)<=0.50 and excess_kurtosis<=1.00; heavy_tail_symmetric when abs(skew)<=1.00 and excess_kurtosis>3.00; lognormal_like when skew>1.00 with positive support; weibull_like when skew>0.50 with positive support; otherwise empirical_unknown.","profile_preregistered","01_results_basic contains compact final results; 02_reports contains generated report files; 03_audit_ready contains full provenance, decisions, oracle audit, and split CSVs; 98_discarded_nonfinal is reserved for obsolete or nonfinal byproducts; 99_recovery_logs contains downloads, checkpoints, temporary recovery outputs, and logs."
"UCI_wine_white_residual_sugar","positive_skew_tabular","lognormal","lognormal_like","TAX-Q1R008","lognormal","original_regime",6,6,6,6,FALSE,"",TRUE,TRUE,TRUE,3,"huber_k1.345",2.85067088639498,2.76820077095644,2.65949426123772,2.82011984050644,0,0,"strong_win","ci_confirmed","eligible / in_regime / primary_preregistered / strong_win / ci_confirmed",0,"primary eligible in-regime dataset-level rows only","Benjamini-Hochberg FDR is computed at dataset level on external_dataset_level_decisions.csv for primary eligible in-regime rows only. Primary alpha=0.05; secondary sensitivity alpha=0.1.",0,TRUE,TRUE,TRUE,TRUE,"V5_audit_ready","Pre-registered empirical profile gate: bounded/proportion by hint/domain; zero-inflated/count by hint/domain; normal_like when abs(skew)<=0.50 and excess_kurtosis<=1.00; heavy_tail_symmetric when abs(skew)<=1.00 and excess_kurtosis>3.00; lognormal_like when skew>1.00 with positive support; weibull_like when skew>0.50 with positive support; otherwise empirical_unknown.","profile_preregistered","01_results_basic contains compact final results; 02_reports contains generated report files; 03_audit_ready contains full provenance, decisions, oracle audit, and split CSVs; 98_discarded_nonfinal is reserved for obsolete or nonfinal byproducts; 99_recovery_logs contains downloads, checkpoints, temporary recovery outputs, and logs."
"UCI_wine_white_residual_sugar","positive_skew_tabular","lognormal","lognormal_like","TAX-Q1R009","lognormal","original_regime",1,1,1,1,TRUE,"",TRUE,TRUE,TRUE,1,"huber_k1.345",0.776531006062731,0.952809359536336,0.904001221611809,1.0147128142465,0,0,"strong_win","ci_confirmed","eligible / in_regime / primary_preregistered / strong_win / ci_confirmed",0,"primary eligible in-regime dataset-level rows only","Benjamini-Hochberg FDR is computed at dataset level on external_dataset_level_decisions.csv for primary eligible in-regime rows only. Primary alpha=0.05; secondary sensitivity alpha=0.1.",0,TRUE,TRUE,TRUE,TRUE,"V5_audit_ready","Pre-registered empirical profile gate: bounded/proportion by hint/domain; zero-inflated/count by hint/domain; normal_like when abs(skew)<=0.50 and excess_kurtosis<=1.00; heavy_tail_symmetric when abs(skew)<=1.00 and excess_kurtosis>3.00; lognormal_like when skew>1.00 with positive support; weibull_like when skew>0.50 with positive support; otherwise empirical_unknown.","profile_preregistered","01_results_basic contains compact final results; 02_reports contains generated report files; 03_audit_ready contains full provenance, decisions, oracle audit, and split CSVs; 98_discarded_nonfinal is reserved for obsolete or nonfinal byproducts; 99_recovery_logs contains downloads, checkpoints, temporary recovery outputs, and logs."
