"dataset_id","domain","family_hint","empirical_profile","specialist_id","specialist_family","mode","n_condition_rows","n_profile_rows","n_countable_primary_wins","n_uncapped_primary_strong_wins","dataset_saturated","dataset_stop_reason","any_primary_strong_win","best_condition_id","best_benchmark_joint","best_gain_mean","best_gain_q95","best_ci_low","best_ci_high","dataset_level_p_one_sided","dataset_level_q_value_bh","dataset_level_fdr_pass_primary","dataset_level_fdr_pass_secondary","best_evidence_layer","best_ci_layer","best_final_evidence_label"
"RD_admiral_admiral_adlb_auto__depth_body_10_90","rdatasets_admiral","empirical_public","weibull_like","TAX-Q1R011","weibull","locked_unseen_similar",3,3,0,0,FALSE,"",TRUE,1,"huber_k1.345",0.000247583928691342,0.000229740185762918,0.000228964950952431,0.000231235963663547,0,0,TRUE,TRUE,"strong_win","ci_confirmed","eligible / in_regime / primary_preregistered / strong_win / ci_confirmed"
"RD_admiral_admiral_adlb_auto__depth_body_10_90","rdatasets_admiral","empirical_public","weibull_like","TAX-Q1R011","weibull","original_regime",6,6,0,0,FALSE,"",TRUE,4,"huber_k1.345",0.000228015982742847,0.000262702830716009,0.00025704551944726,0.000263632766166036,0,0,TRUE,TRUE,"strong_win","ci_confirmed","eligible / in_regime / primary_preregistered / strong_win / ci_confirmed"
"RD_admiral_admiral_adlb_auto__depth_body_10_90","rdatasets_admiral","empirical_public","weibull_like","TAX-Q1R012","weibull","locked_unseen_similar",3,3,0,0,FALSE,"",FALSE,2,"huber_k1.345",-0.000109215136128593,-0.000138649193645354,-0.0001412912463738,-0.000134806236009435,1,1,FALSE,FALSE,"no_win","descriptive","eligible / in_regime / primary_preregistered / no_win / descriptive"
"RD_admiral_admiral_adlb_auto__depth_body_10_90","rdatasets_admiral","empirical_public","weibull_like","TAX-Q1R012","weibull","original_regime",6,6,0,0,FALSE,"",FALSE,6,"huber_k1.345",-0.000113971835247531,-0.000118807529558563,-0.00012285300363564,-0.000114252301667791,1,1,FALSE,FALSE,"no_win","descriptive","eligible / in_regime / primary_preregistered / no_win / descriptive"
"RD_admiral_admiral_adlb_auto__depth_body_10_90","rdatasets_admiral","empirical_public","weibull_like","TAX-Q1R018","weibull","locked_unseen_similar",3,3,0,0,FALSE,"",TRUE,3,"huber_k1.345",0.000352723927235088,0.000389697424269722,0.000387087746939702,0.000391401072299853,0,0,TRUE,TRUE,"strong_win","ci_confirmed","eligible / in_regime / primary_preregistered / strong_win / ci_confirmed"
"RD_admiral_admiral_adlb_auto__depth_body_10_90","rdatasets_admiral","empirical_public","weibull_like","TAX-Q1R018","weibull","original_regime",3,3,0,0,FALSE,"",TRUE,1,"huber_k1.345",0.000352432472926535,0.000388348948901069,0.000386154750777342,0.000392259299580642,0,0,TRUE,TRUE,"strong_win","ci_confirmed","eligible / in_regime / primary_preregistered / strong_win / ci_confirmed"
"RD_admiral_admiral_adlb_auto__depth_body_10_90","rdatasets_admiral","empirical_public","weibull_like","TAX-Q1R019","weibull","locked_unseen_similar",3,3,0,0,FALSE,"",TRUE,2,"huber_k1.345",0.000327196924580674,0.000376606989611476,0.0003733410975858,0.000378282021071598,0,0,TRUE,TRUE,"strong_win","ci_confirmed","eligible / in_regime / primary_preregistered / strong_win / ci_confirmed"
"RD_admiral_admiral_adlb_auto__depth_body_10_90","rdatasets_admiral","empirical_public","weibull_like","TAX-Q1R019","weibull","original_regime",36,36,0,0,FALSE,"",TRUE,11,"huber_k1.345",0.000326027650519873,0.000375002526357883,0.000373912004553934,0.000378869655950859,0,0,TRUE,TRUE,"strong_win","ci_confirmed","eligible / in_regime / primary_preregistered / strong_win / ci_confirmed"
"RD_admiral_admiral_adlb_auto__depth_bootstrap_full","rdatasets_admiral","empirical_public","lognormal_like","TAX-Q1R008","lognormal","locked_unseen_similar",3,3,0,0,FALSE,"",TRUE,2,"huber_k1.345",0.000824947411046759,0.00120012963655923,0.00115580051090111,0.00135517142297234,0,0,TRUE,TRUE,"strong_win","ci_confirmed","eligible / in_regime / primary_preregistered / strong_win / ci_confirmed"
"RD_admiral_admiral_adlb_auto__depth_bootstrap_full","rdatasets_admiral","empirical_public","lognormal_like","TAX-Q1R008","lognormal","original_regime",6,6,0,0,FALSE,"",TRUE,4,"huber_k1.345",0.000849283725409494,0.00135833248740615,0.00120042008906457,0.00145955537532316,0,0,TRUE,TRUE,"strong_win","ci_confirmed","eligible / in_regime / primary_preregistered / strong_win / ci_confirmed"
"RD_admiral_admiral_adlb_auto__depth_bootstrap_full","rdatasets_admiral","empirical_public","lognormal_like","TAX-Q1R009","lognormal","locked_unseen_similar",3,3,0,0,FALSE,"",FALSE,1,"huber_k1.345",-0.00461790884369946,-0.00457074088909866,-0.00595372262076228,-0.00385851645761388,1,1,FALSE,FALSE,"no_win","descriptive","eligible / in_regime / primary_preregistered / no_win / descriptive"
"RD_admiral_admiral_adlb_auto__depth_bootstrap_full","rdatasets_admiral","empirical_public","lognormal_like","TAX-Q1R009","lognormal","original_regime",36,36,0,0,FALSE,"",FALSE,24,"huber_k1.345",-0.00678315719400703,-0.00642036340282685,-0.00660364098842823,-0.00637909441544656,1,1,FALSE,FALSE,"no_win","descriptive","eligible / in_regime / primary_preregistered / no_win / descriptive"
"RD_admiral_admiral_adlb_auto__depth_upper_tail_enriched","rdatasets_admiral","empirical_public","lognormal_like","TAX-Q1R008","lognormal","locked_unseen_similar",3,3,0,0,FALSE,"",FALSE,2,"huber_k1.345",-0.00773082293770497,-0.00960471105150165,-0.00968374281263997,-0.00949215953982951,1,1,FALSE,FALSE,"no_win","descriptive","eligible / in_regime / primary_preregistered / no_win / descriptive"
"RD_admiral_admiral_adlb_auto__depth_upper_tail_enriched","rdatasets_admiral","empirical_public","lognormal_like","TAX-Q1R008","lognormal","original_regime",6,6,0,0,FALSE,"",FALSE,4,"huber_k1.345",-0.007759462025041,-0.00955573935112586,-0.00968616958390829,-0.00946507181106771,1,1,FALSE,FALSE,"no_win","descriptive","eligible / in_regime / primary_preregistered / no_win / descriptive"
"RD_admiral_admiral_adlb_auto__depth_upper_tail_enriched","rdatasets_admiral","empirical_public","lognormal_like","TAX-Q1R009","lognormal","locked_unseen_similar",3,3,0,0,FALSE,"",FALSE,3,"huber_k1.345",-0.0138392458379605,-0.0142549124656259,-0.0142657911554138,-0.0142272901202057,1,1,FALSE,FALSE,"no_win","descriptive","eligible / in_regime / primary_preregistered / no_win / descriptive"
"RD_admiral_admiral_adlb_auto__depth_upper_tail_enriched","rdatasets_admiral","empirical_public","lognormal_like","TAX-Q1R009","lognormal","original_regime",36,36,0,0,FALSE,"",FALSE,13,"huber_k1.345",-0.0138022774413207,-0.0142163426898489,-0.0142238537442918,-0.0141974429387001,1,1,FALSE,FALSE,"no_win","descriptive","eligible / in_regime / primary_preregistered / no_win / descriptive"
"RD_admiral_admiral_adlb_auto","rdatasets_admiral","empirical_public","lognormal_like","TAX-Q1R008","lognormal","locked_unseen_similar",3,3,3,3,FALSE,"",TRUE,1,"huber_k1.345",0.0066336398870415,0.00693935121989858,0.00674304670052542,0.00708399737193189,0,0,TRUE,TRUE,"strong_win","ci_confirmed","eligible / in_regime / primary_preregistered / strong_win / ci_confirmed"
"RD_admiral_admiral_adlb_auto","rdatasets_admiral","empirical_public","lognormal_like","TAX-Q1R008","lognormal","original_regime",6,6,6,6,FALSE,"",TRUE,2,"huber_k1.345",0.00662724914833208,0.00682901762615354,0.00665519324969508,0.0070466535126012,0,0,TRUE,TRUE,"strong_win","ci_confirmed","eligible / in_regime / primary_preregistered / strong_win / ci_confirmed"
"RD_admiral_admiral_adlb_auto","rdatasets_admiral","empirical_public","lognormal_like","TAX-Q1R009","lognormal","locked_unseen_similar",3,3,0,0,FALSE,"",FALSE,1,"huber_k1.345",0.000576901584897464,0.000147412655500195,-0.000588649223929842,0.000711533391119668,0.32,0.955276752767528,FALSE,FALSE,"strong_point_signal","near_ci","eligible / in_regime / primary_preregistered / strong_point_signal / near_ci"
"RD_admiral_admiral_adlb_auto","rdatasets_admiral","empirical_public","lognormal_like","TAX-Q1R009","lognormal","original_regime",36,36,0,0,FALSE,"",FALSE,28,"huber_k1.345",-0.00373258373029333,-0.00372787277643366,-0.00375132434889815,-0.00370038382612762,1,1,FALSE,FALSE,"no_win","descriptive","eligible / in_regime / primary_preregistered / no_win / descriptive"
"RD_AER_Fertility_auto","rdatasets_AER","empirical_public","normal_like","TAX-Q1R010","normal","original_regime",12,12,0,0,FALSE,"",FALSE,11,"mean",-199.045179313463,-194.754236164717,-196.099441698502,-193.653210984957,1,1,FALSE,FALSE,"no_win","descriptive","eligible / in_regime / primary_preregistered / no_win / descriptive"
"RD_agridat_lee.potatoblight_auto","rdatasets_agridat","empirical_public","normal_like","TAX-Q1R010","normal","locked_unseen_similar",3,3,0,0,FALSE,"",FALSE,3,"mean",-3087.81419691092,-9691.44077986928,-10551.0304095318,-7904.85977262077,1,1,FALSE,FALSE,"equal_weight_gain","descriptive","eligible / in_regime / primary_preregistered / equal_weight_gain / descriptive"
"RD_agridat_lee.potatoblight_auto","rdatasets_agridat","empirical_public","normal_like","TAX-Q1R010","normal","original_regime",36,36,0,0,FALSE,"",FALSE,27,"mean",-2419.65492936825,-6774.92229911391,-8917.20054821531,-5362.60553884049,1,1,FALSE,FALSE,"equal_weight_gain","descriptive","eligible / in_regime / primary_preregistered / equal_weight_gain / descriptive"
"RD_agridat_lee.potatoblight_auto","rdatasets_agridat","empirical_public","normal_like","TAX-Q1R016","normal","locked_unseen_similar",2,2,0,0,FALSE,"",FALSE,2,"mean",-2171.95566618818,-8390.36536580297,-11437.7981690026,-5708.29264041897,1,1,FALSE,FALSE,"equal_weight_gain","descriptive","eligible / in_regime / primary_preregistered / equal_weight_gain / descriptive"
"RD_agridat_lee.potatoblight_auto","rdatasets_agridat","empirical_public","normal_like","TAX-Q1R016","normal","original_regime",2,2,0,0,FALSE,"",FALSE,2,"mean",-2155.00049322512,-7965.35113111964,-10163.1983988825,-5928.9999438982,1,1,FALSE,FALSE,"equal_weight_gain","descriptive","eligible / in_regime / primary_preregistered / equal_weight_gain / descriptive"
"RD_agridat_lee.potatoblight_auto","rdatasets_agridat","empirical_public","normal_like","TAX-Q1R017","normal","locked_unseen_similar",2,2,0,0,FALSE,"",FALSE,2,"mean",-300.731776853874,-951.948524734622,-1685.57698841632,-511.597183887684,1,1,FALSE,FALSE,"equal_weight_gain","descriptive","eligible / in_regime / primary_preregistered / equal_weight_gain / descriptive"
"RD_agridat_lee.potatoblight_auto","rdatasets_agridat","empirical_public","normal_like","TAX-Q1R017","normal","original_regime",2,2,0,0,FALSE,"",FALSE,2,"mean",-288.690265601929,-1109.22572588354,-1517.20275402836,-681.219744612218,1,1,FALSE,FALSE,"equal_weight_gain","descriptive","eligible / in_regime / primary_preregistered / equal_weight_gain / descriptive"
"RD_agridat_lee.potatoblight_auto","rdatasets_agridat","empirical_public","normal_like","TAX-Q1R023","normal","locked_unseen_similar",3,3,0,0,FALSE,"",FALSE,3,"mean",-906.87580768398,-3616.12138902361,-5240.72210016895,-2114.71416997644,1,1,FALSE,FALSE,"equal_weight_gain","descriptive","eligible / in_regime / primary_preregistered / equal_weight_gain / descriptive"
"RD_agridat_lee.potatoblight_auto","rdatasets_agridat","empirical_public","normal_like","TAX-Q1R023","normal","original_regime",6,6,0,0,FALSE,"",FALSE,6,"mean",-999.811916476213,-2901.78800934841,-4604.77760270652,-2010.63963474227,1,1,FALSE,FALSE,"equal_weight_gain","descriptive","eligible / in_regime / primary_preregistered / equal_weight_gain / descriptive"
"RD_agridat_lee.potatoblight_auto","rdatasets_agridat","empirical_public","normal_like","TAX-Q1R024","normal","locked_unseen_similar",2,2,0,0,FALSE,"",FALSE,2,"mean",-837.901994442486,-4070.70477089933,-4926.45160969342,-2778.0922823935,1,1,FALSE,FALSE,"equal_weight_gain","descriptive","eligible / in_regime / primary_preregistered / equal_weight_gain / descriptive"
"RD_agridat_lee.potatoblight_auto","rdatasets_agridat","empirical_public","normal_like","TAX-Q1R024","normal","original_regime",2,2,0,0,FALSE,"",FALSE,2,"mean",-990.622283346343,-3556.43913360147,-4574.36810678204,-2000.61579531203,1,1,FALSE,FALSE,"equal_weight_gain","descriptive","eligible / in_regime / primary_preregistered / equal_weight_gain / descriptive"
"RD_agridat_lee.potatoblight_auto","rdatasets_agridat","empirical_public","normal_like","TAX-Q1R025","normal","locked_unseen_similar",3,3,0,0,FALSE,"",FALSE,3,"mean",-974.046218591736,-3310.47731742823,-5020.19687898357,-677.909216826805,0.998,1,FALSE,FALSE,"equal_weight_gain","descriptive","eligible / in_regime / primary_preregistered / equal_weight_gain / descriptive"
"RD_agridat_lee.potatoblight_auto","rdatasets_agridat","empirical_public","normal_like","TAX-Q1R025","normal","original_regime",6,6,0,0,FALSE,"",FALSE,6,"mean",-880.551928198516,-2912.92863643555,-3923.15163884387,-1216.52755885746,1,1,FALSE,FALSE,"equal_weight_gain","descriptive","eligible / in_regime / primary_preregistered / equal_weight_gain / descriptive"
"RD_alone_loadouts_auto__depth_body_10_90","rdatasets_alone","empirical_public","normal_like","TAX-Q1R010","normal","locked_unseen_similar",3,3,0,0,FALSE,"",FALSE,3,"mean",-0.000325551112081131,-0.00186238081877082,-0.00295976275832149,-0.00105504321792538,1,1,FALSE,FALSE,"equal_weight_gain","descriptive","eligible / in_regime / primary_preregistered / equal_weight_gain / descriptive"
"RD_alone_loadouts_auto__depth_body_10_90","rdatasets_alone","empirical_public","normal_like","TAX-Q1R010","normal","original_regime",36,36,0,0,FALSE,"",FALSE,35,"mean",-0.000251409870102614,-0.00115390087000246,-0.00178220109586105,-0.000714492995656668,1,1,FALSE,FALSE,"equal_weight_gain","descriptive","eligible / in_regime / primary_preregistered / equal_weight_gain / descriptive"
"RD_alone_loadouts_auto__depth_body_10_90","rdatasets_alone","empirical_public","normal_like","TAX-Q1R016","normal","locked_unseen_similar",2,2,0,0,FALSE,"",FALSE,2,"mean",-5.26054960888927e-05,-0.000140649801792309,-0.000383587973688592,3.65028529468109e-05,0.958,1,FALSE,FALSE,"equal_weight_gain","descriptive","eligible / in_regime / primary_preregistered / equal_weight_gain / descriptive"
"RD_alone_loadouts_auto__depth_body_10_90","rdatasets_alone","empirical_public","normal_like","TAX-Q1R016","normal","original_regime",2,2,0,0,FALSE,"",FALSE,2,"mean",-4.63127225977726e-05,-0.000259672474879712,-0.000390132881641001,5.53442759919357e-05,0.924,1,FALSE,FALSE,"equal_weight_gain","descriptive","eligible / in_regime / primary_preregistered / equal_weight_gain / descriptive"
"RD_alone_loadouts_auto__depth_body_10_90","rdatasets_alone","empirical_public","normal_like","TAX-Q1R017","normal","locked_unseen_similar",2,2,0,0,FALSE,"",FALSE,2,"mean",-0.00310646977197608,-0.0104219537711036,-0.0111357872657662,-0.00933818559748565,1,1,FALSE,FALSE,"equal_weight_gain","descriptive","eligible / in_regime / primary_preregistered / equal_weight_gain / descriptive"
"RD_alone_loadouts_auto__depth_body_10_90","rdatasets_alone","empirical_public","normal_like","TAX-Q1R017","normal","original_regime",2,2,0,0,FALSE,"",FALSE,2,"mean",-0.00312642796066635,-0.00997475544685704,-0.0104589954449627,-0.00911810189691055,1,1,FALSE,FALSE,"equal_weight_gain","descriptive","eligible / in_regime / primary_preregistered / equal_weight_gain / descriptive"
"RD_alone_loadouts_auto__depth_body_10_90","rdatasets_alone","empirical_public","normal_like","TAX-Q1R023","normal","locked_unseen_similar",3,3,0,0,FALSE,"",FALSE,3,"mean",-0.000124311172261135,-0.000440152496277498,-0.0006369748212065,-0.000305877066531105,1,1,FALSE,FALSE,"equal_weight_gain","descriptive","eligible / in_regime / primary_preregistered / equal_weight_gain / descriptive"
"RD_alone_loadouts_auto__depth_body_10_90","rdatasets_alone","empirical_public","normal_like","TAX-Q1R023","normal","original_regime",6,6,0,0,FALSE,"",FALSE,5,"mean",-0.000120925686508255,-0.0003494089270135,-0.000691848951605649,-0.00010039235392929,1,1,FALSE,FALSE,"equal_weight_gain","descriptive","eligible / in_regime / primary_preregistered / equal_weight_gain / descriptive"
"RD_alone_loadouts_auto__depth_body_10_90","rdatasets_alone","empirical_public","normal_like","TAX-Q1R024","normal","locked_unseen_similar",2,2,0,0,FALSE,"",FALSE,2,"mean",-0.00200956108376235,-0.00625770081412693,-0.00647244518440549,-0.00551193815435452,1,1,FALSE,FALSE,"equal_weight_gain","descriptive","eligible / in_regime / primary_preregistered / equal_weight_gain / descriptive"
"RD_alone_loadouts_auto__depth_body_10_90","rdatasets_alone","empirical_public","normal_like","TAX-Q1R024","normal","original_regime",2,2,0,0,FALSE,"",FALSE,2,"mean",-0.00187086432810401,-0.00537039801760348,-0.00570986320892869,-0.00506893178792839,1,1,FALSE,FALSE,"equal_weight_gain","descriptive","eligible / in_regime / primary_preregistered / equal_weight_gain / descriptive"
"RD_alone_loadouts_auto__depth_body_10_90","rdatasets_alone","empirical_public","normal_like","TAX-Q1R025","normal","locked_unseen_similar",3,3,0,0,FALSE,"",FALSE,3,"mean",-0.000108065042690797,-0.000464518383502856,-0.000689207163272233,-0.000208635272336172,1,1,FALSE,FALSE,"equal_weight_gain","descriptive","eligible / in_regime / primary_preregistered / equal_weight_gain / descriptive"
"RD_alone_loadouts_auto__depth_body_10_90","rdatasets_alone","empirical_public","normal_like","TAX-Q1R025","normal","original_regime",6,6,0,0,FALSE,"",FALSE,6,"mean",-0.000143830068526854,-0.000514688150485466,-0.000673484815803813,-0.000198853376815319,1,1,FALSE,FALSE,"equal_weight_gain","descriptive","eligible / in_regime / primary_preregistered / equal_weight_gain / descriptive"
"RD_alone_loadouts_auto__depth_bootstrap_full","rdatasets_alone","empirical_public","normal_like","TAX-Q1R010","normal","locked_unseen_similar",3,3,0,0,FALSE,"",FALSE,3,"mean",-0.000144383642181117,-0.00148004025753297,-0.00205931636664843,0.000328343527371609,0.948,1,FALSE,FALSE,"equal_weight_gain","descriptive","eligible / in_regime / primary_preregistered / equal_weight_gain / descriptive"
"RD_alone_loadouts_auto__depth_bootstrap_full","rdatasets_alone","empirical_public","normal_like","TAX-Q1R010","normal","original_regime",36,36,0,0,FALSE,"",FALSE,31,"mean",-0.000119163105050202,0.000567697920487224,-0.000579583901420465,0.0018420533048353,0.132666666666667,0.406542929292929,FALSE,FALSE,"equal_weight_gain","near_ci","eligible / in_regime / primary_preregistered / equal_weight_gain / near_ci"
"RD_alone_loadouts_auto__depth_bootstrap_full","rdatasets_alone","empirical_public","normal_like","TAX-Q1R016","normal","locked_unseen_similar",2,2,0,0,FALSE,"",FALSE,2,"mean",-0.00025385121312472,-0.000541706401307525,-0.00198735250813188,5.97405279937138e-06,0.972,1,FALSE,FALSE,"equal_weight_gain","descriptive","eligible / in_regime / primary_preregistered / equal_weight_gain / descriptive"
"RD_alone_loadouts_auto__depth_bootstrap_full","rdatasets_alone","empirical_public","normal_like","TAX-Q1R016","normal","original_regime",2,2,0,0,FALSE,"",FALSE,2,"mean",-0.000261853463577435,-0.00140852798271512,-0.00181744158768339,-0.000312893173987423,0.996,1,FALSE,FALSE,"equal_weight_gain","descriptive","eligible / in_regime / primary_preregistered / equal_weight_gain / descriptive"
"RD_alone_loadouts_auto__depth_bootstrap_full","rdatasets_alone","empirical_public","normal_like","TAX-Q1R017","normal","locked_unseen_similar",2,2,0,0,FALSE,"",FALSE,2,"mean",2.37050277675909e-05,6.37630482616201e-05,-0.000806236770490889,0.00106043911387578,0.352,1,FALSE,FALSE,"strong_point_signal","near_ci","eligible / in_regime / primary_preregistered / strong_point_signal / near_ci"
"RD_alone_loadouts_auto__depth_bootstrap_full","rdatasets_alone","empirical_public","normal_like","TAX-Q1R017","normal","original_regime",2,2,0,0,FALSE,"",FALSE,2,"mean",5.15324476970434e-05,0.000582451904598269,-0.000331407700264168,0.00134657268760672,0.096,0.295300380228137,FALSE,FALSE,"strong_point_signal","near_ci","eligible / in_regime / primary_preregistered / strong_point_signal / near_ci"
"RD_alone_loadouts_auto__depth_bootstrap_full","rdatasets_alone","empirical_public","normal_like","TAX-Q1R023","normal","locked_unseen_similar",3,3,0,0,FALSE,"",FALSE,3,"mean",-0.000528775868121997,-0.00205440720461367,-0.00277964747312807,-0.000204513564048447,0.988,1,FALSE,FALSE,"equal_weight_gain","descriptive","eligible / in_regime / primary_preregistered / equal_weight_gain / descriptive"
"RD_alone_loadouts_auto__depth_bootstrap_full","rdatasets_alone","empirical_public","normal_like","TAX-Q1R023","normal","original_regime",6,6,0,0,FALSE,"",FALSE,6,"mean",-0.000563179216501605,-0.00179757740168744,-0.0032987978987994,-0.000643289113395863,0.996,1,FALSE,FALSE,"equal_weight_gain","descriptive","eligible / in_regime / primary_preregistered / equal_weight_gain / descriptive"
"RD_alone_loadouts_auto__depth_bootstrap_full","rdatasets_alone","empirical_public","normal_like","TAX-Q1R024","normal","locked_unseen_similar",2,2,0,0,FALSE,"",FALSE,2,"mean",0.000360809300722772,0.00129959770516622,-5.60018542393614e-05,0.00182215272556139,0.0346666666666667,0.108702842377261,FALSE,FALSE,"strong_point_signal","near_ci","eligible / in_regime / primary_preregistered / strong_point_signal / near_ci"
"RD_alone_loadouts_auto__depth_bootstrap_full","rdatasets_alone","empirical_public","normal_like","TAX-Q1R024","normal","original_regime",2,2,0,0,FALSE,"",FALSE,2,"mean",0.000287293459974421,0.000510528594514901,-5.56601875824573e-05,0.00192346423603109,0.0493333333333333,0.154095238095238,FALSE,FALSE,"strong_point_signal","near_ci","eligible / in_regime / primary_preregistered / strong_point_signal / near_ci"
"RD_alone_loadouts_auto__depth_bootstrap_full","rdatasets_alone","empirical_public","normal_like","TAX-Q1R025","normal","locked_unseen_similar",3,3,0,0,FALSE,"",FALSE,3,"mean",-0.000589597982856742,-0.00202617003464612,-0.00340436270478193,-0.00087845516009003,1,1,FALSE,FALSE,"equal_weight_gain","descriptive","eligible / in_regime / primary_preregistered / equal_weight_gain / descriptive"
"RD_alone_loadouts_auto__depth_bootstrap_full","rdatasets_alone","empirical_public","normal_like","TAX-Q1R025","normal","original_regime",6,6,0,0,FALSE,"",FALSE,6,"mean",-0.000597153734112819,-0.00291208232494135,-0.00373861368077326,-0.00108759728551364,1,1,FALSE,FALSE,"equal_weight_gain","descriptive","eligible / in_regime / primary_preregistered / equal_weight_gain / descriptive"
"RD_alone_loadouts_auto__depth_upper_tail_enriched","rdatasets_alone","empirical_public","normal_like","TAX-Q1R010","normal","locked_unseen_similar",3,3,0,0,FALSE,"",FALSE,3,"mean",-0.0125367180082933,-0.0304215898380863,-0.0327472216569241,-0.0250246744592537,1,1,FALSE,FALSE,"equal_weight_gain","descriptive","eligible / in_regime / primary_preregistered / equal_weight_gain / descriptive"
"RD_alone_loadouts_auto__depth_upper_tail_enriched","rdatasets_alone","empirical_public","normal_like","TAX-Q1R010","normal","original_regime",36,36,0,0,FALSE,"",FALSE,25,"mean",-0.012817987599622,-0.0272463506587564,-0.029068151541754,-0.024234874590356,1,1,FALSE,FALSE,"equal_weight_gain","descriptive","eligible / in_regime / primary_preregistered / equal_weight_gain / descriptive"
"RD_alone_loadouts_auto__depth_upper_tail_enriched","rdatasets_alone","empirical_public","normal_like","TAX-Q1R016","normal","locked_unseen_similar",2,2,0,0,FALSE,"",FALSE,2,"mean",-0.000983290006798596,-0.00274692111816026,-0.00568359091713026,-0.000820602500823699,1,1,FALSE,FALSE,"equal_weight_gain","descriptive","eligible / in_regime / primary_preregistered / equal_weight_gain / descriptive"
"RD_alone_loadouts_auto__depth_upper_tail_enriched","rdatasets_alone","empirical_public","normal_like","TAX-Q1R016","normal","original_regime",2,2,0,0,FALSE,"",FALSE,2,"mean",-0.000961493659621173,-0.00420067558134588,-0.00620062517459669,-0.00142593209733581,1,1,FALSE,FALSE,"equal_weight_gain","descriptive","eligible / in_regime / primary_preregistered / equal_weight_gain / descriptive"
"RD_alone_loadouts_auto__depth_upper_tail_enriched","rdatasets_alone","empirical_public","normal_like","TAX-Q1R017","normal","locked_unseen_similar",2,2,0,0,FALSE,"",FALSE,2,"mean",-0.00266916929181317,-0.0090486919735858,-0.0111776411724674,-0.00604320119127573,1,1,FALSE,FALSE,"equal_weight_gain","descriptive","eligible / in_regime / primary_preregistered / equal_weight_gain / descriptive"
"RD_alone_loadouts_auto__depth_upper_tail_enriched","rdatasets_alone","empirical_public","normal_like","TAX-Q1R017","normal","original_regime",2,2,0,0,FALSE,"",FALSE,2,"mean",-0.00257523704148299,-0.00840543691986604,-0.0109897926777248,-0.00646557891410221,1,1,FALSE,FALSE,"equal_weight_gain","descriptive","eligible / in_regime / primary_preregistered / equal_weight_gain / descriptive"
"RD_alone_loadouts_auto__depth_upper_tail_enriched","rdatasets_alone","empirical_public","normal_like","TAX-Q1R023","normal","locked_unseen_similar",3,3,0,0,FALSE,"",FALSE,3,"mean",-0.00375158415999657,-0.010570494024656,-0.0145560485261732,-0.00871111222383166,1,1,FALSE,FALSE,"equal_weight_gain","descriptive","eligible / in_regime / primary_preregistered / equal_weight_gain / descriptive"
"RD_alone_loadouts_auto__depth_upper_tail_enriched","rdatasets_alone","empirical_public","normal_like","TAX-Q1R023","normal","original_regime",6,6,0,0,FALSE,"",FALSE,5,"mean",-0.00338630592556754,-0.0119070206030034,-0.0138090939355017,-0.00819681045762965,1,1,FALSE,FALSE,"equal_weight_gain","descriptive","eligible / in_regime / primary_preregistered / equal_weight_gain / descriptive"
"RD_alone_loadouts_auto__depth_upper_tail_enriched","rdatasets_alone","empirical_public","normal_like","TAX-Q1R024","normal","locked_unseen_similar",2,2,0,0,FALSE,"",FALSE,2,"mean",-0.0110736979633258,-0.0249290261945088,-0.0270741023786237,-0.022120209871683,1,1,FALSE,FALSE,"equal_weight_gain","descriptive","eligible / in_regime / primary_preregistered / equal_weight_gain / descriptive"
"RD_alone_loadouts_auto__depth_upper_tail_enriched","rdatasets_alone","empirical_public","normal_like","TAX-Q1R024","normal","original_regime",2,2,0,0,FALSE,"",FALSE,2,"mean",-0.0110804345546052,-0.0237508335657791,-0.0260621899098398,-0.0211826335429535,1,1,FALSE,FALSE,"equal_weight_gain","descriptive","eligible / in_regime / primary_preregistered / equal_weight_gain / descriptive"
"RD_alone_loadouts_auto__depth_upper_tail_enriched","rdatasets_alone","empirical_public","normal_like","TAX-Q1R025","normal","locked_unseen_similar",3,3,0,0,FALSE,"",FALSE,3,"mean",-0.00354901539197767,-0.0115536788552446,-0.013751244300783,-0.00898320793316906,1,1,FALSE,FALSE,"equal_weight_gain","descriptive","eligible / in_regime / primary_preregistered / equal_weight_gain / descriptive"
"RD_alone_loadouts_auto__depth_upper_tail_enriched","rdatasets_alone","empirical_public","normal_like","TAX-Q1R025","normal","original_regime",6,6,0,0,FALSE,"",FALSE,5,"mean",-0.00344822459605638,-0.0109724903214718,-0.0126196403221926,-0.00847754660177561,1,1,FALSE,FALSE,"equal_weight_gain","descriptive","eligible / in_regime / primary_preregistered / equal_weight_gain / descriptive"
"RD_alone_loadouts_auto","rdatasets_alone","empirical_public","normal_like","TAX-Q1R010","normal","locked_unseen_similar",3,3,0,0,FALSE,"",FALSE,3,"mean",-0.00021525549778592,-0.00126819299653767,-0.00206798207213221,0.000170134237426049,0.95,1,FALSE,FALSE,"equal_weight_gain","descriptive","eligible / in_regime / primary_preregistered / equal_weight_gain / descriptive"
"RD_alone_loadouts_auto","rdatasets_alone","empirical_public","normal_like","TAX-Q1R010","normal","original_regime",36,36,0,0,FALSE,"",FALSE,26,"mean",-0.000115603721168983,0.00122066846748094,-0.000331045888394996,0.00177316568981171,0.0593333333333333,0.184617948717949,FALSE,FALSE,"equal_weight_gain","near_ci","eligible / in_regime / primary_preregistered / equal_weight_gain / near_ci"
"RD_alone_loadouts_auto","rdatasets_alone","empirical_public","normal_like","TAX-Q1R016","normal","locked_unseen_similar",2,2,0,0,FALSE,"",FALSE,2,"mean",-0.000325793456790959,-0.00141763703197002,-0.00212705018581134,5.57235611392417e-05,0.966,1,FALSE,FALSE,"equal_weight_gain","descriptive","eligible / in_regime / primary_preregistered / equal_weight_gain / descriptive"
"RD_alone_loadouts_auto","rdatasets_alone","empirical_public","normal_like","TAX-Q1R016","normal","original_regime",2,2,0,0,FALSE,"",FALSE,2,"mean",-0.000310856240549391,-0.00188957971204104,-0.00270495709465869,-0.000788877391638326,0.998,1,FALSE,FALSE,"equal_weight_gain","descriptive","eligible / in_regime / primary_preregistered / equal_weight_gain / descriptive"
"RD_alone_loadouts_auto","rdatasets_alone","empirical_public","normal_like","TAX-Q1R017","normal","locked_unseen_similar",2,2,1,1,FALSE,"",TRUE,2,"mean",0.000186097414310269,0.000817062594063594,0.000369221609729723,0.00176335735303623,0,0,TRUE,TRUE,"strong_win","ci_confirmed","eligible / in_regime / primary_preregistered / strong_win / ci_confirmed"
"RD_alone_loadouts_auto","rdatasets_alone","empirical_public","normal_like","TAX-Q1R017","normal","original_regime",2,2,0,0,FALSE,"",FALSE,2,"mean",0.000160988734447381,0.000434085328362531,-3.25201192226803e-05,0.00172018471318369,0.0313333333333333,0.098632944228275,FALSE,TRUE,"strong_point_signal","near_ci","eligible / in_regime / primary_preregistered / strong_point_signal / near_ci"
"RD_alone_loadouts_auto","rdatasets_alone","empirical_public","normal_like","TAX-Q1R023","normal","locked_unseen_similar",3,3,0,0,FALSE,"",FALSE,3,"mean",-0.00090634805350927,-0.00234179734545936,-0.00535576410046182,-0.00088405933024956,1,1,FALSE,FALSE,"equal_weight_gain","descriptive","eligible / in_regime / primary_preregistered / equal_weight_gain / descriptive"
"RD_alone_loadouts_auto","rdatasets_alone","empirical_public","normal_like","TAX-Q1R023","normal","original_regime",6,6,0,0,FALSE,"",FALSE,5,"mean",-0.00055839989933731,-0.00161766700982874,-0.00338977711718761,-0.000341016626321939,0.996,1,FALSE,FALSE,"equal_weight_gain","descriptive","eligible / in_regime / primary_preregistered / equal_weight_gain / descriptive"
"RD_alone_loadouts_auto","rdatasets_alone","empirical_public","normal_like","TAX-Q1R024","normal","locked_unseen_similar",2,2,1,1,FALSE,"",TRUE,2,"mean",0.000387369871617094,0.0011757369247322,0.000765931283970743,0.00207106589283775,0,0,TRUE,TRUE,"strong_win","ci_confirmed","eligible / in_regime / primary_preregistered / strong_win / ci_confirmed"
"RD_alone_loadouts_auto","rdatasets_alone","empirical_public","normal_like","TAX-Q1R024","normal","original_regime",2,2,1,1,FALSE,"",TRUE,2,"mean",0.000411975379787406,0.00152243461842912,0.000941910902942053,0.00213621543083536,0,0,TRUE,TRUE,"strong_win","ci_confirmed","eligible / in_regime / primary_preregistered / strong_win / ci_confirmed"
"RD_alone_loadouts_auto","rdatasets_alone","empirical_public","normal_like","TAX-Q1R025","normal","locked_unseen_similar",3,3,0,0,FALSE,"",FALSE,3,"mean",-0.000590341929296752,-0.00159973452152113,-0.0035930678594564,-0.000626362016144488,0.998,1,FALSE,FALSE,"equal_weight_gain","descriptive","eligible / in_regime / primary_preregistered / equal_weight_gain / descriptive"
"RD_alone_loadouts_auto","rdatasets_alone","empirical_public","normal_like","TAX-Q1R025","normal","original_regime",6,6,0,0,FALSE,"",FALSE,6,"mean",-0.000629235659000772,-0.00211947440020996,-0.00312421220486829,-0.000185429753409512,0.982,1,FALSE,FALSE,"equal_weight_gain","descriptive","eligible / in_regime / primary_preregistered / equal_weight_gain / descriptive"
"RD_archdata_Handaxes_auto__depth_body_10_90","rdatasets_archdata","empirical_public","normal_like","TAX-Q1R010","normal","locked_unseen_similar",3,3,0,0,FALSE,"",FALSE,2,"mean",-0.0396751797171861,-0.050077084997358,-0.0501455530485565,-0.0499175263065889,1,1,FALSE,FALSE,"equal_weight_gain","descriptive","eligible / in_regime / primary_preregistered / equal_weight_gain / descriptive"
"RD_archdata_Handaxes_auto__depth_body_10_90","rdatasets_archdata","empirical_public","normal_like","TAX-Q1R010","normal","original_regime",36,36,0,0,FALSE,"",FALSE,30,"mean",-0.0389835208657202,-0.0498580750830776,-0.0500049078556028,-0.0494567891554154,1,1,FALSE,FALSE,"equal_weight_gain","descriptive","eligible / in_regime / primary_preregistered / equal_weight_gain / descriptive"
"RD_archdata_Handaxes_auto__depth_body_10_90","rdatasets_archdata","empirical_public","normal_like","TAX-Q1R016","normal","locked_unseen_similar",2,2,0,0,FALSE,"",FALSE,2,"mean",-0.0197503967554378,-0.0286871816520075,-0.0290592241891544,-0.0284955454096343,1,1,FALSE,FALSE,"equal_weight_gain","descriptive","eligible / in_regime / primary_preregistered / equal_weight_gain / descriptive"
"RD_archdata_Handaxes_auto__depth_body_10_90","rdatasets_archdata","empirical_public","normal_like","TAX-Q1R016","normal","original_regime",2,2,0,0,FALSE,"",FALSE,2,"mean",-0.0192430030903056,-0.0284232284728164,-0.0287598868201787,-0.0281578825455262,1,1,FALSE,FALSE,"equal_weight_gain","descriptive","eligible / in_regime / primary_preregistered / equal_weight_gain / descriptive"
"RD_archdata_Handaxes_auto__depth_body_10_90","rdatasets_archdata","empirical_public","normal_like","TAX-Q1R017","normal","locked_unseen_similar",2,2,0,0,FALSE,"",FALSE,2,"mean",-0.0245891265103302,-0.0338506539606792,-0.0342409932381638,-0.0333606530593546,1,1,FALSE,FALSE,"equal_weight_gain","descriptive","eligible / in_regime / primary_preregistered / equal_weight_gain / descriptive"
"RD_archdata_Handaxes_auto__depth_body_10_90","rdatasets_archdata","empirical_public","normal_like","TAX-Q1R017","normal","original_regime",2,2,0,0,FALSE,"",FALSE,2,"mean",-0.0242867116136718,-0.033714079501126,-0.0342060185845137,-0.0331215119316441,1,1,FALSE,FALSE,"equal_weight_gain","descriptive","eligible / in_regime / primary_preregistered / equal_weight_gain / descriptive"
"RD_archdata_Handaxes_auto__depth_body_10_90","rdatasets_archdata","empirical_public","normal_like","TAX-Q1R023","normal","locked_unseen_similar",3,3,0,0,FALSE,"",FALSE,2,"mean",-0.0558152587729194,-0.0697488934337098,-0.0700609157728616,-0.0695582624718937,1,1,FALSE,FALSE,"equal_weight_gain","descriptive","eligible / in_regime / primary_preregistered / equal_weight_gain / descriptive"
"RD_archdata_Handaxes_auto__depth_body_10_90","rdatasets_archdata","empirical_public","normal_like","TAX-Q1R023","normal","original_regime",6,6,0,0,FALSE,"",FALSE,4,"mean",-0.0559092467688648,-0.0698593883676516,-0.0700551293888053,-0.0695695189607005,1,1,FALSE,FALSE,"equal_weight_gain","descriptive","eligible / in_regime / primary_preregistered / equal_weight_gain / descriptive"
"RD_archdata_Handaxes_auto__depth_body_10_90","rdatasets_archdata","empirical_public","normal_like","TAX-Q1R024","normal","locked_unseen_similar",2,2,0,0,FALSE,"",FALSE,2,"mean",-0.0194693048869836,-0.026707312589645,-0.0269802189273805,-0.0264601684505044,1,1,FALSE,FALSE,"equal_weight_gain","descriptive","eligible / in_regime / primary_preregistered / equal_weight_gain / descriptive"
"RD_archdata_Handaxes_auto__depth_body_10_90","rdatasets_archdata","empirical_public","normal_like","TAX-Q1R024","normal","original_regime",2,2,0,0,FALSE,"",FALSE,2,"mean",-0.0193859334341354,-0.0271658492136611,-0.0273161714838372,-0.0268759932142369,1,1,FALSE,FALSE,"equal_weight_gain","descriptive","eligible / in_regime / primary_preregistered / equal_weight_gain / descriptive"
"RD_archdata_Handaxes_auto__depth_body_10_90","rdatasets_archdata","empirical_public","normal_like","TAX-Q1R025","normal","locked_unseen_similar",3,3,0,0,FALSE,"",FALSE,2,"mean",-0.0543392213486909,-0.0682965372596239,-0.0683180247316857,-0.0676217772678609,1,1,FALSE,FALSE,"equal_weight_gain","descriptive","eligible / in_regime / primary_preregistered / equal_weight_gain / descriptive"
"RD_archdata_Handaxes_auto__depth_body_10_90","rdatasets_archdata","empirical_public","normal_like","TAX-Q1R025","normal","original_regime",6,6,0,0,FALSE,"",FALSE,5,"mean",-0.0538583890485891,-0.0682941509115028,-0.0683511150285204,-0.0676125815013967,1,1,FALSE,FALSE,"equal_weight_gain","descriptive","eligible / in_regime / primary_preregistered / equal_weight_gain / descriptive"
"RD_archdata_Handaxes_auto__depth_bootstrap_full","rdatasets_archdata","empirical_public","weibull_like","TAX-Q1R011","weibull","locked_unseen_similar",3,3,0,0,FALSE,"",FALSE,3,"huber_k1.345",-0.265825751767352,-0.281339990459048,-0.283808261577938,-0.279271360215789,1,1,FALSE,FALSE,"equal_weight_gain","descriptive","eligible / in_regime / primary_preregistered / equal_weight_gain / descriptive"
"RD_archdata_Handaxes_auto__depth_bootstrap_full","rdatasets_archdata","empirical_public","weibull_like","TAX-Q1R011","weibull","original_regime",6,6,0,0,FALSE,"",TRUE,2,"huber_k1.345",0.188005493915507,0.581494487009282,0.415498041009523,0.749872738036956,0,0,TRUE,TRUE,"strong_win","ci_confirmed","eligible / in_regime / primary_preregistered / strong_win / ci_confirmed"
"RD_archdata_Handaxes_auto__depth_bootstrap_full","rdatasets_archdata","empirical_public","weibull_like","TAX-Q1R012","weibull","locked_unseen_similar",3,3,0,0,FALSE,"",FALSE,3,"huber_k1.345",-0.262437004652164,-0.293698722386544,-0.297538193349983,-0.290392251469238,1,1,FALSE,FALSE,"equal_weight_gain","descriptive","eligible / in_regime / primary_preregistered / equal_weight_gain / descriptive"
"RD_archdata_Handaxes_auto__depth_bootstrap_full","rdatasets_archdata","empirical_public","weibull_like","TAX-Q1R012","weibull","original_regime",6,6,0,0,FALSE,"",TRUE,2,"huber_k1.345",0.175365149146055,0.468690716509666,0.299708993889308,0.583330223840042,0,0,TRUE,TRUE,"strong_win","ci_confirmed","eligible / in_regime / primary_preregistered / strong_win / ci_confirmed"
"RD_archdata_Handaxes_auto__depth_bootstrap_full","rdatasets_archdata","empirical_public","weibull_like","TAX-Q1R018","weibull","locked_unseen_similar",3,3,0,0,FALSE,"",TRUE,1,"huber_k1.345",0.147861165145197,0.363920406213209,0.0863897015189387,0.471020560086588,0.006,0.0191857707509881,TRUE,TRUE,"strong_win","ci_confirmed","eligible / in_regime / primary_preregistered / strong_win / ci_confirmed"
"RD_archdata_Handaxes_auto__depth_bootstrap_full","rdatasets_archdata","empirical_public","weibull_like","TAX-Q1R018","weibull","original_regime",3,3,0,0,FALSE,"",TRUE,1,"huber_k1.345",0.114672320265689,0.26064538322943,0.142580697979005,0.455676488821157,0.002,0.00644621513944223,TRUE,TRUE,"strong_win","ci_confirmed","eligible / in_regime / primary_preregistered / strong_win / ci_confirmed"
"RD_archdata_Handaxes_auto__depth_bootstrap_full","rdatasets_archdata","empirical_public","weibull_like","TAX-Q1R019","weibull","locked_unseen_similar",3,3,0,0,FALSE,"",TRUE,1,"huber_k1.345",0.206062960952634,0.439428769562398,0.265932594878576,0.606011615770805,0,0,TRUE,TRUE,"strong_win","ci_confirmed","eligible / in_regime / primary_preregistered / strong_win / ci_confirmed"
"RD_archdata_Handaxes_auto__depth_bootstrap_full","rdatasets_archdata","empirical_public","weibull_like","TAX-Q1R019","weibull","original_regime",36,36,0,0,FALSE,"",TRUE,11,"huber_k1.345",0.279114376999273,0.655661200054903,0.514768287794811,0.827908461664718,0,0,TRUE,TRUE,"strong_win","ci_confirmed","eligible / in_regime / primary_preregistered / strong_win / ci_confirmed"
"RD_archdata_Handaxes_auto__depth_upper_tail_enriched","rdatasets_archdata","empirical_public","weibull_like","TAX-Q1R011","weibull","locked_unseen_similar",3,3,0,0,FALSE,"",FALSE,3,"huber_k1.345",-1.13868926798214,-1.17368920194003,-1.17644638666438,-1.16737104884932,1,1,FALSE,FALSE,"equal_weight_gain","descriptive","eligible / in_regime / primary_preregistered / equal_weight_gain / descriptive"
"RD_archdata_Handaxes_auto__depth_upper_tail_enriched","rdatasets_archdata","empirical_public","weibull_like","TAX-Q1R011","weibull","original_regime",6,6,0,0,FALSE,"",FALSE,5,"huber_k1.345",-1.12656381371687,-1.14832379556513,-1.15138476601602,-1.14385083839865,1,1,FALSE,FALSE,"equal_weight_gain","descriptive","eligible / in_regime / primary_preregistered / equal_weight_gain / descriptive"
"RD_archdata_Handaxes_auto__depth_upper_tail_enriched","rdatasets_archdata","empirical_public","weibull_like","TAX-Q1R012","weibull","locked_unseen_similar",3,3,0,0,FALSE,"",FALSE,3,"huber_k1.345",-0.798313094497108,-0.857620033876415,-0.866112937192538,-0.851269360792213,1,1,FALSE,FALSE,"equal_weight_gain","descriptive","eligible / in_regime / primary_preregistered / equal_weight_gain / descriptive"
"RD_archdata_Handaxes_auto__depth_upper_tail_enriched","rdatasets_archdata","empirical_public","weibull_like","TAX-Q1R012","weibull","original_regime",6,6,0,0,FALSE,"",FALSE,2,"huber_k1.345",-0.0405265384193539,-0.162720525342819,-0.664019060649803,0.0924976669241506,0.914,1,FALSE,FALSE,"equal_weight_gain","descriptive","eligible / in_regime / primary_preregistered / equal_weight_gain / descriptive"
"RD_archdata_Handaxes_auto__depth_upper_tail_enriched","rdatasets_archdata","empirical_public","weibull_like","TAX-Q1R018","weibull","locked_unseen_similar",3,3,0,0,FALSE,"",FALSE,3,"huber_k1.345",-0.84140520059186,-0.853877316118441,-0.857286175198826,-0.848955535549106,1,1,FALSE,FALSE,"equal_weight_gain","descriptive","eligible / in_regime / primary_preregistered / equal_weight_gain / descriptive"
"RD_archdata_Handaxes_auto__depth_upper_tail_enriched","rdatasets_archdata","empirical_public","weibull_like","TAX-Q1R018","weibull","original_regime",3,3,0,0,FALSE,"",FALSE,1,"huber_k1.345",-0.142964030564558,-0.309154679435443,-0.646796364881462,0.105284566253052,0.926,1,FALSE,FALSE,"equal_weight_gain","descriptive","eligible / in_regime / primary_preregistered / equal_weight_gain / descriptive"
"RD_archdata_Handaxes_auto__depth_upper_tail_enriched","rdatasets_archdata","empirical_public","weibull_like","TAX-Q1R019","weibull","locked_unseen_similar",3,3,0,0,FALSE,"",FALSE,3,"huber_k1.345",-1.53103221577468,-1.53821263074845,-1.54148033005806,-1.53429571720756,1,1,FALSE,FALSE,"equal_weight_gain","descriptive","eligible / in_regime / primary_preregistered / equal_weight_gain / descriptive"
"RD_archdata_Handaxes_auto__depth_upper_tail_enriched","rdatasets_archdata","empirical_public","weibull_like","TAX-Q1R019","weibull","original_regime",36,36,0,0,FALSE,"",FALSE,33,"huber_k1.345",-1.53181975272628,-1.53551255974202,-1.53838883299247,-1.53307581673455,1,1,FALSE,FALSE,"equal_weight_gain","descriptive","eligible / in_regime / primary_preregistered / equal_weight_gain / descriptive"
"RD_archdata_Handaxes_auto","rdatasets_archdata","empirical_public","lognormal_like","TAX-Q1R008","lognormal","locked_unseen_similar",3,3,1,1,FALSE,"",TRUE,1,"huber_k1.345",1.38394776243007,2.61652277166766,2.50649369527839,2.81954997440898,0,0,TRUE,TRUE,"strong_win","ci_confirmed","eligible / in_regime / primary_preregistered / strong_win / ci_confirmed"
"RD_archdata_Handaxes_auto","rdatasets_archdata","empirical_public","lognormal_like","TAX-Q1R008","lognormal","original_regime",6,6,2,2,FALSE,"",TRUE,2,"huber_k1.345",1.37585714448997,2.69969116136473,2.52226227051838,2.84909293257716,0,0,TRUE,TRUE,"strong_win","ci_confirmed","eligible / in_regime / primary_preregistered / strong_win / ci_confirmed"
"RD_archdata_Handaxes_auto","rdatasets_archdata","empirical_public","lognormal_like","TAX-Q1R009","lognormal","original_regime",7,7,7,7,TRUE,"",TRUE,4,"huber_k1.345",1.15700974399026,2.14871813724682,2.01379788135106,2.35551040505907,0,0,TRUE,TRUE,"strong_win","ci_confirmed","eligible / in_regime / primary_preregistered / strong_win / ci_confirmed"
"RD_asaur_prostateSurvival_auto__depth_body_10_90","rdatasets_asaur","empirical_public","normal_like","TAX-Q1R010","normal","locked_unseen_similar",3,3,0,0,FALSE,"",TRUE,2,"mean",4.75089611185474,6.5896778093476,6.2948880412498,6.9651324413717,0,0,TRUE,TRUE,"strong_win","ci_confirmed","eligible / in_regime / primary_preregistered / strong_win / ci_confirmed"
"RD_asaur_prostateSurvival_auto__depth_body_10_90","rdatasets_asaur","empirical_public","normal_like","TAX-Q1R010","normal","original_regime",36,36,0,0,FALSE,"",TRUE,35,"mean",7.52064926676695,7.67586082565995,7.08800303333068,8.08869390990823,0,0,TRUE,TRUE,"strong_win","ci_confirmed","eligible / in_regime / primary_preregistered / strong_win / ci_confirmed"
"RD_asaur_prostateSurvival_auto__depth_body_10_90","rdatasets_asaur","empirical_public","normal_like","TAX-Q1R016","normal","locked_unseen_similar",2,2,0,0,FALSE,"",FALSE,2,"mean",-2.79011233552446,-4.59657003474738,-5.12077572462935,-4.42450464256748,1,1,FALSE,FALSE,"equal_weight_gain","descriptive","eligible / in_regime / primary_preregistered / equal_weight_gain / descriptive"
"RD_asaur_prostateSurvival_auto__depth_body_10_90","rdatasets_asaur","empirical_public","normal_like","TAX-Q1R016","normal","original_regime",2,2,0,0,FALSE,"",FALSE,2,"mean",-2.32278458865741,-4.18942870948253,-4.43410547666333,-4.00695081001197,1,1,FALSE,FALSE,"equal_weight_gain","descriptive","eligible / in_regime / primary_preregistered / equal_weight_gain / descriptive"
"RD_asaur_prostateSurvival_auto__depth_body_10_90","rdatasets_asaur","empirical_public","normal_like","TAX-Q1R017","normal","locked_unseen_similar",2,2,0,0,FALSE,"",FALSE,2,"mean",-2.33594863871004,-4.20294910046209,-4.62246308676004,-3.79159094635635,1,1,FALSE,FALSE,"equal_weight_gain","descriptive","eligible / in_regime / primary_preregistered / equal_weight_gain / descriptive"
"RD_asaur_prostateSurvival_auto__depth_body_10_90","rdatasets_asaur","empirical_public","normal_like","TAX-Q1R017","normal","original_regime",2,2,0,0,FALSE,"",FALSE,2,"mean",-1.91017184920852,-3.43724716776025,-3.58628107410749,-3.20034918064156,1,1,FALSE,FALSE,"equal_weight_gain","descriptive","eligible / in_regime / primary_preregistered / equal_weight_gain / descriptive"
"RD_asaur_prostateSurvival_auto__depth_body_10_90","rdatasets_asaur","empirical_public","normal_like","TAX-Q1R023","normal","locked_unseen_similar",3,3,0,0,FALSE,"",FALSE,3,"mean",-3.23613380668804,-5.88487485948698,-6.36809363658056,-5.38051605993098,1,1,FALSE,FALSE,"equal_weight_gain","descriptive","eligible / in_regime / primary_preregistered / equal_weight_gain / descriptive"
"RD_asaur_prostateSurvival_auto__depth_body_10_90","rdatasets_asaur","empirical_public","normal_like","TAX-Q1R023","normal","original_regime",6,6,0,0,FALSE,"",TRUE,4,"mean",3.78731696269461,4.94743106601384,4.54121003129029,5.30859514853565,0,0,TRUE,TRUE,"strong_win","ci_confirmed","eligible / in_regime / primary_preregistered / strong_win / ci_confirmed"
"RD_asaur_prostateSurvival_auto__depth_body_10_90","rdatasets_asaur","empirical_public","normal_like","TAX-Q1R024","normal","locked_unseen_similar",2,2,0,0,FALSE,"",FALSE,2,"mean",-3.80024396693923,-5.98675867208663,-6.77296309263757,-5.70553382644106,1,1,FALSE,FALSE,"equal_weight_gain","descriptive","eligible / in_regime / primary_preregistered / equal_weight_gain / descriptive"
"RD_asaur_prostateSurvival_auto__depth_body_10_90","rdatasets_asaur","empirical_public","normal_like","TAX-Q1R024","normal","original_regime",2,2,0,0,FALSE,"",FALSE,2,"mean",-3.26854678713027,-5.66268044103742,-6.12635276607744,-5.1234402148393,1,1,FALSE,FALSE,"equal_weight_gain","descriptive","eligible / in_regime / primary_preregistered / equal_weight_gain / descriptive"
"RD_asaur_prostateSurvival_auto__depth_body_10_90","rdatasets_asaur","empirical_public","normal_like","TAX-Q1R025","normal","locked_unseen_similar",3,3,0,0,FALSE,"",FALSE,3,"mean",-3.14949619637102,-5.89121468474031,-6.4085170107631,-5.53980323117659,1,1,FALSE,FALSE,"equal_weight_gain","descriptive","eligible / in_regime / primary_preregistered / equal_weight_gain / descriptive"
"RD_asaur_prostateSurvival_auto__depth_body_10_90","rdatasets_asaur","empirical_public","normal_like","TAX-Q1R025","normal","original_regime",6,6,0,0,FALSE,"",TRUE,4,"mean",3.71432109503922,4.90866347637952,4.60139909771608,5.23158369196324,0,0,TRUE,TRUE,"strong_win","ci_confirmed","eligible / in_regime / primary_preregistered / strong_win / ci_confirmed"
"RD_asaur_prostateSurvival_auto__depth_bootstrap_full","rdatasets_asaur","empirical_public","weibull_like","TAX-Q1R011","weibull","locked_unseen_similar",3,3,0,0,FALSE,"",FALSE,3,"huber_k1.345",-43.5201141397222,-53.8866087178049,-56.6935303936927,-51.4697150833925,1,1,FALSE,FALSE,"no_win","descriptive","eligible / in_regime / primary_preregistered / no_win / descriptive"
"RD_asaur_prostateSurvival_auto__depth_bootstrap_full","rdatasets_asaur","empirical_public","weibull_like","TAX-Q1R011","weibull","original_regime",6,6,0,0,FALSE,"",FALSE,6,"huber_k1.345",-17.4988796664232,-30.106974098301,-32.6456680293928,-28.6631170025154,1,1,FALSE,FALSE,"equal_weight_gain","descriptive","eligible / in_regime / primary_preregistered / equal_weight_gain / descriptive"
"RD_asaur_prostateSurvival_auto__depth_bootstrap_full","rdatasets_asaur","empirical_public","weibull_like","TAX-Q1R012","weibull","locked_unseen_similar",3,3,0,0,FALSE,"",FALSE,3,"huber_k1.345",-31.9302930741652,-40.4793824577973,-42.6466374319724,-38.3805653564917,1,1,FALSE,FALSE,"equal_weight_gain","descriptive","eligible / in_regime / primary_preregistered / equal_weight_gain / descriptive"
"RD_asaur_prostateSurvival_auto__depth_bootstrap_full","rdatasets_asaur","empirical_public","weibull_like","TAX-Q1R012","weibull","original_regime",6,6,0,0,FALSE,"",FALSE,6,"huber_k1.345",-12.122000775238,-22.4899695745126,-24.860471829404,-20.5259955786055,1,1,FALSE,FALSE,"equal_weight_gain","descriptive","eligible / in_regime / primary_preregistered / equal_weight_gain / descriptive"
"RD_asaur_prostateSurvival_auto__depth_bootstrap_full","rdatasets_asaur","empirical_public","weibull_like","TAX-Q1R018","weibull","locked_unseen_similar",3,3,0,0,FALSE,"",TRUE,2,"huber_k1.345",14.7374061367188,27.3039160485404,24.7518364156504,29.2579739253113,0,0,TRUE,TRUE,"strong_win","ci_confirmed","eligible / in_regime / primary_preregistered / strong_win / ci_confirmed"
"RD_asaur_prostateSurvival_auto__depth_bootstrap_full","rdatasets_asaur","empirical_public","weibull_like","TAX-Q1R018","weibull","original_regime",3,3,0,0,FALSE,"",FALSE,3,"huber_k1.345",-14.9157261646431,-26.5528024691159,-28.3596758577965,-24.6482247031414,1,1,FALSE,FALSE,"equal_weight_gain","descriptive","eligible / in_regime / primary_preregistered / equal_weight_gain / descriptive"
"RD_asaur_prostateSurvival_auto__depth_bootstrap_full","rdatasets_asaur","empirical_public","weibull_like","TAX-Q1R019","weibull","locked_unseen_similar",3,3,0,0,FALSE,"",FALSE,3,"huber_k1.345",-21.0244679150849,-37.0797917614255,-39.7152910329655,-33.8269661759842,1,1,FALSE,FALSE,"no_win","descriptive","eligible / in_regime / primary_preregistered / no_win / descriptive"
"RD_asaur_prostateSurvival_auto__depth_bootstrap_full","rdatasets_asaur","empirical_public","weibull_like","TAX-Q1R019","weibull","original_regime",36,36,0,0,FALSE,"",TRUE,18,"huber_k1.345",59.6080888575723,72.3434556403143,69.63417024376,74.2341321733405,0,0,TRUE,TRUE,"strong_win","ci_confirmed","eligible / in_regime / primary_preregistered / strong_win / ci_confirmed"
"RD_asaur_prostateSurvival_auto__depth_upper_tail_enriched","rdatasets_asaur","empirical_public","normal_like","TAX-Q1R010","normal","locked_unseen_similar",3,3,0,0,FALSE,"",FALSE,3,"mean",-1.06644821146549,-4.57091929117765,-5.59447458044417,-3.4779708069098,1,1,FALSE,FALSE,"equal_weight_gain","descriptive","eligible / in_regime / primary_preregistered / equal_weight_gain / descriptive"
"RD_asaur_prostateSurvival_auto__depth_upper_tail_enriched","rdatasets_asaur","empirical_public","normal_like","TAX-Q1R010","normal","original_regime",36,36,0,0,FALSE,"",FALSE,34,"mean",-1.13606630418979,-3.49450939086272,-4.61315589204099,-2.36105951840233,1,1,FALSE,FALSE,"equal_weight_gain","descriptive","eligible / in_regime / primary_preregistered / equal_weight_gain / descriptive"
"RD_asaur_prostateSurvival_auto__depth_upper_tail_enriched","rdatasets_asaur","empirical_public","normal_like","TAX-Q1R016","normal","locked_unseen_similar",2,2,0,0,FALSE,"",FALSE,2,"mean",-0.41548423183866,-1.83902503201601,-2.45410530878207,-0.90093478390039,1,1,FALSE,FALSE,"equal_weight_gain","descriptive","eligible / in_regime / primary_preregistered / equal_weight_gain / descriptive"
"RD_asaur_prostateSurvival_auto__depth_upper_tail_enriched","rdatasets_asaur","empirical_public","normal_like","TAX-Q1R016","normal","original_regime",2,2,0,0,FALSE,"",FALSE,2,"mean",-0.430204027163584,-1.52786324347498,-2.18578188542644,-0.487878326967246,1,1,FALSE,FALSE,"equal_weight_gain","descriptive","eligible / in_regime / primary_preregistered / equal_weight_gain / descriptive"
"RD_asaur_prostateSurvival_auto__depth_upper_tail_enriched","rdatasets_asaur","empirical_public","normal_like","TAX-Q1R017","normal","locked_unseen_similar",2,2,0,0,FALSE,"",FALSE,2,"mean",-0.511993516666037,-1.4485123017127,-2.82979643016809,-0.821278546905149,1,1,FALSE,FALSE,"equal_weight_gain","descriptive","eligible / in_regime / primary_preregistered / equal_weight_gain / descriptive"
"RD_asaur_prostateSurvival_auto__depth_upper_tail_enriched","rdatasets_asaur","empirical_public","normal_like","TAX-Q1R017","normal","original_regime",2,2,0,0,FALSE,"",FALSE,2,"mean",-0.533745928438188,-2.10047828013312,-3.43752481063773,-1.23866821883115,1,1,FALSE,FALSE,"equal_weight_gain","descriptive","eligible / in_regime / primary_preregistered / equal_weight_gain / descriptive"
"RD_asaur_prostateSurvival_auto__depth_upper_tail_enriched","rdatasets_asaur","empirical_public","normal_like","TAX-Q1R023","normal","locked_unseen_similar",3,3,0,0,FALSE,"",FALSE,3,"mean",-0.492177348764529,-1.78852261091829,-3.16748884017664,-1.08847646101343,1,1,FALSE,FALSE,"equal_weight_gain","descriptive","eligible / in_regime / primary_preregistered / equal_weight_gain / descriptive"
"RD_asaur_prostateSurvival_auto__depth_upper_tail_enriched","rdatasets_asaur","empirical_public","normal_like","TAX-Q1R023","normal","original_regime",6,6,0,0,FALSE,"",FALSE,5,"mean",-0.578855904527643,-2.58081558462814,-3.28198836259612,-0.999715552633244,1,1,FALSE,FALSE,"equal_weight_gain","descriptive","eligible / in_regime / primary_preregistered / equal_weight_gain / descriptive"
"RD_asaur_prostateSurvival_auto__depth_upper_tail_enriched","rdatasets_asaur","empirical_public","normal_like","TAX-Q1R024","normal","locked_unseen_similar",2,2,0,0,FALSE,"",FALSE,2,"mean",-1.16069199817544,-4.76494302897644,-5.5635506186672,-3.23062033551695,1,1,FALSE,FALSE,"equal_weight_gain","descriptive","eligible / in_regime / primary_preregistered / equal_weight_gain / descriptive"
"RD_asaur_prostateSurvival_auto__depth_upper_tail_enriched","rdatasets_asaur","empirical_public","normal_like","TAX-Q1R024","normal","original_regime",2,2,0,0,FALSE,"",FALSE,2,"mean",-1.34782246130837,-4.7518221305712,-5.44483363079366,-3.61192520972495,1,1,FALSE,FALSE,"equal_weight_gain","descriptive","eligible / in_regime / primary_preregistered / equal_weight_gain / descriptive"
"RD_asaur_prostateSurvival_auto__depth_upper_tail_enriched","rdatasets_asaur","empirical_public","normal_like","TAX-Q1R025","normal","locked_unseen_similar",3,3,0,0,FALSE,"",FALSE,3,"mean",-0.573154583209819,-2.01799090718803,-2.8384927662763,-0.676213791066912,1,1,FALSE,FALSE,"equal_weight_gain","descriptive","eligible / in_regime / primary_preregistered / equal_weight_gain / descriptive"
"RD_asaur_prostateSurvival_auto__depth_upper_tail_enriched","rdatasets_asaur","empirical_public","normal_like","TAX-Q1R025","normal","original_regime",6,6,0,0,FALSE,"",FALSE,5,"mean",-0.574732980603754,-1.60400706029417,-2.2939266336399,-0.91858958251777,1,1,FALSE,FALSE,"equal_weight_gain","descriptive","eligible / in_regime / primary_preregistered / equal_weight_gain / descriptive"
"RD_asaur_prostateSurvival_auto","rdatasets_asaur","empirical_public","weibull_like","TAX-Q1R011","weibull","locked_unseen_similar",3,3,0,0,FALSE,"",FALSE,3,"huber_k1.345",-40.7655468419468,-49.8233688853259,-52.754418648255,-48.289396476039,1,1,FALSE,FALSE,"no_win","descriptive","eligible / in_regime / primary_preregistered / no_win / descriptive"
"RD_asaur_prostateSurvival_auto","rdatasets_asaur","empirical_public","weibull_like","TAX-Q1R011","weibull","original_regime",6,6,0,0,FALSE,"",FALSE,6,"huber_k1.345",-16.6893494398605,-31.9430031823727,-33.2308631706735,-30.2766944317352,1,1,FALSE,FALSE,"no_win","descriptive","eligible / in_regime / primary_preregistered / no_win / descriptive"
"RD_asaur_prostateSurvival_auto","rdatasets_asaur","empirical_public","weibull_like","TAX-Q1R012","weibull","locked_unseen_similar",3,3,0,0,FALSE,"",FALSE,3,"huber_k1.345",-30.5917487987709,-39.638880394611,-41.4522283423333,-36.780122333814,1,1,FALSE,FALSE,"equal_weight_gain","descriptive","eligible / in_regime / primary_preregistered / equal_weight_gain / descriptive"
"RD_asaur_prostateSurvival_auto","rdatasets_asaur","empirical_public","weibull_like","TAX-Q1R012","weibull","original_regime",6,6,0,0,FALSE,"",FALSE,6,"huber_k1.345",-11.620732113832,-21.1076151451104,-22.3136356817035,-20.0981988376329,1,1,FALSE,FALSE,"equal_weight_gain","descriptive","eligible / in_regime / primary_preregistered / equal_weight_gain / descriptive"
"RD_asaur_prostateSurvival_auto","rdatasets_asaur","empirical_public","weibull_like","TAX-Q1R018","weibull","locked_unseen_similar",3,3,3,3,FALSE,"",TRUE,1,"huber_k1.345",13.9858517508835,30.6843487388138,28.1439659464856,33.6588927096547,0,0,TRUE,TRUE,"strong_win","ci_confirmed","eligible / in_regime / primary_preregistered / strong_win / ci_confirmed"
"RD_asaur_prostateSurvival_auto","rdatasets_asaur","empirical_public","weibull_like","TAX-Q1R018","weibull","original_regime",3,3,0,0,FALSE,"",FALSE,3,"huber_k1.345",-13.8797093566462,-25.7964479123647,-27.4401740133257,-23.9933043834836,1,1,FALSE,FALSE,"equal_weight_gain","descriptive","eligible / in_regime / primary_preregistered / equal_weight_gain / descriptive"
"RD_asaur_prostateSurvival_auto","rdatasets_asaur","empirical_public","weibull_like","TAX-Q1R019","weibull","original_regime",7,7,7,7,TRUE,"",TRUE,4,"huber_k1.345",57.7086093936541,70.9676652821196,67.968876733128,73.4055962712179,0,0,TRUE,TRUE,"strong_win","ci_confirmed","eligible / in_regime / primary_preregistered / strong_win / ci_confirmed"
"RD_bakeoff_challenges_data__auto__depth_body_10_90","rdatasets_bakeoff","empirical_public","normal_like","TAX-Q1R010","normal","locked_unseen_similar",3,3,0,0,FALSE,"",FALSE,3,"mean",-0.00173614364768376,-0.00226508189680571,-0.00226713475118769,-0.00221204456624496,1,1,FALSE,FALSE,"equal_weight_gain","descriptive","eligible / in_regime / primary_preregistered / equal_weight_gain / descriptive"
"RD_bakeoff_challenges_data__auto__depth_body_10_90","rdatasets_bakeoff","empirical_public","normal_like","TAX-Q1R010","normal","original_regime",36,36,0,0,FALSE,"",FALSE,25,"mean",-0.00175736075868721,-0.00224815523370482,-0.00226640656225916,-0.00221195229977508,1,1,FALSE,FALSE,"equal_weight_gain","descriptive","eligible / in_regime / primary_preregistered / equal_weight_gain / descriptive"
"RD_bakeoff_challenges_data__auto__depth_body_10_90","rdatasets_bakeoff","empirical_public","normal_like","TAX-Q1R016","normal","locked_unseen_similar",2,2,0,0,FALSE,"",FALSE,2,"mean",-0.000193014863612993,-0.00039197365116644,-0.000392459409815087,-0.000361299118124951,1,1,FALSE,FALSE,"equal_weight_gain","descriptive","eligible / in_regime / primary_preregistered / equal_weight_gain / descriptive"
"RD_bakeoff_challenges_data__auto__depth_body_10_90","rdatasets_bakeoff","empirical_public","normal_like","TAX-Q1R016","normal","original_regime",2,2,0,0,FALSE,"",FALSE,2,"mean",-0.000197803028011066,-0.000390493245146308,-0.000391923717306143,-0.000357143324822606,1,1,FALSE,FALSE,"equal_weight_gain","descriptive","eligible / in_regime / primary_preregistered / equal_weight_gain / descriptive"
"RD_bakeoff_challenges_data__auto__depth_body_10_90","rdatasets_bakeoff","empirical_public","normal_like","TAX-Q1R017","normal","locked_unseen_similar",2,2,0,0,FALSE,"",FALSE,2,"mean",-0.0027002370035265,-0.00337897228054355,-0.0034092219403771,-0.0033132853062188,1,1,FALSE,FALSE,"equal_weight_gain","descriptive","eligible / in_regime / primary_preregistered / equal_weight_gain / descriptive"
"RD_bakeoff_challenges_data__auto__depth_body_10_90","rdatasets_bakeoff","empirical_public","normal_like","TAX-Q1R017","normal","original_regime",2,2,0,0,FALSE,"",FALSE,2,"mean",-0.00269708695994035,-0.00337738486877317,-0.00341487955825986,-0.00330400653528481,1,1,FALSE,FALSE,"equal_weight_gain","descriptive","eligible / in_regime / primary_preregistered / equal_weight_gain / descriptive"
"RD_bakeoff_challenges_data__auto__depth_body_10_90","rdatasets_bakeoff","empirical_public","normal_like","TAX-Q1R023","normal","locked_unseen_similar",3,3,0,0,FALSE,"",FALSE,3,"mean",-0.00103862271552254,-0.00152408991252501,-0.00152439132078107,-0.00145242668322806,1,1,FALSE,FALSE,"equal_weight_gain","descriptive","eligible / in_regime / primary_preregistered / equal_weight_gain / descriptive"
"RD_bakeoff_challenges_data__auto__depth_body_10_90","rdatasets_bakeoff","empirical_public","normal_like","TAX-Q1R023","normal","original_regime",6,6,0,0,FALSE,"",FALSE,5,"mean",-0.00104223221670043,-0.00149915049103948,-0.00152436218502428,-0.00145243868104913,1,1,FALSE,FALSE,"equal_weight_gain","descriptive","eligible / in_regime / primary_preregistered / equal_weight_gain / descriptive"
"RD_bakeoff_challenges_data__auto__depth_body_10_90","rdatasets_bakeoff","empirical_public","normal_like","TAX-Q1R024","normal","locked_unseen_similar",2,2,0,0,FALSE,"",FALSE,2,"mean",-0.00310970237413765,-0.00372940629320058,-0.00375117003066159,-0.00369567071385059,1,1,FALSE,FALSE,"equal_weight_gain","descriptive","eligible / in_regime / primary_preregistered / equal_weight_gain / descriptive"
"RD_bakeoff_challenges_data__auto__depth_body_10_90","rdatasets_bakeoff","empirical_public","normal_like","TAX-Q1R024","normal","original_regime",2,2,0,0,FALSE,"",FALSE,2,"mean",-0.00311518696191053,-0.00374603003261686,-0.0037724010398313,-0.00371296421185922,1,1,FALSE,FALSE,"equal_weight_gain","descriptive","eligible / in_regime / primary_preregistered / equal_weight_gain / descriptive"
"RD_bakeoff_challenges_data__auto__depth_body_10_90","rdatasets_bakeoff","empirical_public","normal_like","TAX-Q1R025","normal","locked_unseen_similar",3,3,0,0,FALSE,"",FALSE,3,"mean",-0.00105289013147751,-0.00151016096534639,-0.00151038964029041,-0.00143914356967932,1,1,FALSE,FALSE,"equal_weight_gain","descriptive","eligible / in_regime / primary_preregistered / equal_weight_gain / descriptive"
"RD_bakeoff_challenges_data__auto__depth_body_10_90","rdatasets_bakeoff","empirical_public","normal_like","TAX-Q1R025","normal","original_regime",6,6,0,0,FALSE,"",FALSE,5,"mean",-0.00102514971686344,-0.00143901271661887,-0.00151023100599358,-0.00143881884599538,1,1,FALSE,FALSE,"equal_weight_gain","descriptive","eligible / in_regime / primary_preregistered / equal_weight_gain / descriptive"
"RD_bakeoff_challenges_data__auto__depth_bootstrap_full","rdatasets_bakeoff","empirical_public","normal_like","TAX-Q1R010","normal","locked_unseen_similar",3,3,0,0,FALSE,"",TRUE,1,"mean",0.0705556539321704,0.105857081988165,0.0982123642268007,0.113846252480115,0,0,TRUE,TRUE,"strong_win","ci_confirmed","eligible / in_regime / primary_preregistered / strong_win / ci_confirmed"
"RD_bakeoff_challenges_data__auto__depth_bootstrap_full","rdatasets_bakeoff","empirical_public","normal_like","TAX-Q1R010","normal","original_regime",36,36,0,0,FALSE,"",TRUE,1,"mean",0.118299565989651,0.163599351345501,0.155107989395376,0.172490005016423,0,0,TRUE,TRUE,"strong_win","ci_confirmed","eligible / in_regime / primary_preregistered / strong_win / ci_confirmed"
"RD_bakeoff_challenges_data__auto__depth_bootstrap_full","rdatasets_bakeoff","empirical_public","normal_like","TAX-Q1R016","normal","locked_unseen_similar",2,2,0,0,FALSE,"",FALSE,2,"mean",-0.00583885382177453,-0.00582910234196581,-0.0058587304613452,-0.00582631299667976,1,1,FALSE,FALSE,"equal_weight_gain","descriptive","eligible / in_regime / primary_preregistered / equal_weight_gain / descriptive"
"RD_bakeoff_challenges_data__auto__depth_bootstrap_full","rdatasets_bakeoff","empirical_public","normal_like","TAX-Q1R016","normal","original_regime",2,2,0,0,FALSE,"",FALSE,2,"mean",-0.00583291814715628,-0.00582654614477844,-0.00585810497819826,-0.00582253703989755,1,1,FALSE,FALSE,"equal_weight_gain","descriptive","eligible / in_regime / primary_preregistered / equal_weight_gain / descriptive"
"RD_bakeoff_challenges_data__auto__depth_bootstrap_full","rdatasets_bakeoff","empirical_public","normal_like","TAX-Q1R017","normal","locked_unseen_similar",2,2,0,0,FALSE,"",FALSE,2,"mean",-0.0267523356207105,-0.02750803759458,-0.0276056370236248,-0.027409777629467,1,1,FALSE,FALSE,"equal_weight_gain","descriptive","eligible / in_regime / primary_preregistered / equal_weight_gain / descriptive"
"RD_bakeoff_challenges_data__auto__depth_bootstrap_full","rdatasets_bakeoff","empirical_public","normal_like","TAX-Q1R017","normal","original_regime",2,2,0,0,FALSE,"",FALSE,2,"mean",-0.0267036069040605,-0.0273457493268754,-0.0274100468737775,-0.027258540858905,1,1,FALSE,FALSE,"equal_weight_gain","descriptive","eligible / in_regime / primary_preregistered / equal_weight_gain / descriptive"
"RD_bakeoff_challenges_data__auto__depth_bootstrap_full","rdatasets_bakeoff","empirical_public","normal_like","TAX-Q1R023","normal","locked_unseen_similar",3,3,0,0,FALSE,"",FALSE,3,"mean",-0.0220369263234396,-0.0220009724638972,-0.022032369110151,-0.0220006068528752,1,1,FALSE,FALSE,"equal_weight_gain","descriptive","eligible / in_regime / primary_preregistered / equal_weight_gain / descriptive"
"RD_bakeoff_challenges_data__auto__depth_bootstrap_full","rdatasets_bakeoff","empirical_public","normal_like","TAX-Q1R023","normal","original_regime",6,6,0,0,FALSE,"",TRUE,2,"mean",0.0607375250842697,0.0907640585431513,0.0805847950666661,0.100298062981986,0,0,TRUE,TRUE,"strong_win","ci_confirmed","eligible / in_regime / primary_preregistered / strong_win / ci_confirmed"
"RD_bakeoff_challenges_data__auto__depth_bootstrap_full","rdatasets_bakeoff","empirical_public","normal_like","TAX-Q1R024","normal","locked_unseen_similar",2,2,0,0,FALSE,"",FALSE,2,"mean",-0.0308885990629327,-0.0312932375250653,-0.0313267617015237,-0.0312423243865896,1,1,FALSE,FALSE,"equal_weight_gain","descriptive","eligible / in_regime / primary_preregistered / equal_weight_gain / descriptive"
"RD_bakeoff_challenges_data__auto__depth_bootstrap_full","rdatasets_bakeoff","empirical_public","normal_like","TAX-Q1R024","normal","original_regime",2,2,0,0,FALSE,"",FALSE,2,"mean",-0.030849359471897,-0.031293617471178,-0.0313600641040078,-0.031230790530266,1,1,FALSE,FALSE,"equal_weight_gain","descriptive","eligible / in_regime / primary_preregistered / equal_weight_gain / descriptive"
"RD_bakeoff_challenges_data__auto__depth_bootstrap_full","rdatasets_bakeoff","empirical_public","normal_like","TAX-Q1R025","normal","locked_unseen_similar",3,3,0,0,FALSE,"",FALSE,3,"mean",-0.021787773655725,-0.0217529785831258,-0.0217843683987083,-0.0217524017668276,1,1,FALSE,FALSE,"equal_weight_gain","descriptive","eligible / in_regime / primary_preregistered / equal_weight_gain / descriptive"
"RD_bakeoff_challenges_data__auto__depth_bootstrap_full","rdatasets_bakeoff","empirical_public","normal_like","TAX-Q1R025","normal","original_regime",6,6,0,0,FALSE,"",TRUE,2,"mean",0.0597398088653764,0.0862935288215465,0.0814161254752024,0.0969624581238351,0,0,TRUE,TRUE,"strong_win","ci_confirmed","eligible / in_regime / primary_preregistered / strong_win / ci_confirmed"
"RD_bakeoff_challenges_data__auto__depth_upper_tail_enriched","rdatasets_bakeoff","empirical_public","normal_like","TAX-Q1R010","normal","locked_unseen_similar",3,3,0,0,FALSE,"",FALSE,3,"mean",-0.00549822450362447,-0.0065454918700083,-0.00654862912504784,-0.00653692295919379,1,1,FALSE,FALSE,"equal_weight_gain","descriptive","eligible / in_regime / primary_preregistered / equal_weight_gain / descriptive"
"RD_bakeoff_challenges_data__auto__depth_upper_tail_enriched","rdatasets_bakeoff","empirical_public","normal_like","TAX-Q1R010","normal","original_regime",36,36,0,0,FALSE,"",FALSE,25,"mean",-0.00544478110708836,-0.00646282534177955,-0.006539582434682,-0.00645858228678097,1,1,FALSE,FALSE,"equal_weight_gain","descriptive","eligible / in_regime / primary_preregistered / equal_weight_gain / descriptive"
"RD_bakeoff_challenges_data__auto__depth_upper_tail_enriched","rdatasets_bakeoff","empirical_public","normal_like","TAX-Q1R016","normal","locked_unseen_similar",2,2,0,0,FALSE,"",FALSE,2,"mean",-0.000309311563156775,-0.000590757962601987,-0.000593546261604489,-0.000548618265125997,1,1,FALSE,FALSE,"equal_weight_gain","descriptive","eligible / in_regime / primary_preregistered / equal_weight_gain / descriptive"
"RD_bakeoff_challenges_data__auto__depth_upper_tail_enriched","rdatasets_bakeoff","empirical_public","normal_like","TAX-Q1R016","normal","original_regime",2,2,0,0,FALSE,"",FALSE,2,"mean",-0.000314585815330946,-0.000590971306574949,-0.000592804190799509,-0.000554574879780228,1,1,FALSE,FALSE,"equal_weight_gain","descriptive","eligible / in_regime / primary_preregistered / equal_weight_gain / descriptive"
"RD_bakeoff_challenges_data__auto__depth_upper_tail_enriched","rdatasets_bakeoff","empirical_public","normal_like","TAX-Q1R017","normal","locked_unseen_similar",2,2,0,0,FALSE,"",FALSE,2,"mean",-0.0071366315488403,-0.00837237273733094,-0.00845109870208249,-0.0082920267560118,1,1,FALSE,FALSE,"equal_weight_gain","descriptive","eligible / in_regime / primary_preregistered / equal_weight_gain / descriptive"
"RD_bakeoff_challenges_data__auto__depth_upper_tail_enriched","rdatasets_bakeoff","empirical_public","normal_like","TAX-Q1R017","normal","original_regime",2,2,0,0,FALSE,"",FALSE,2,"mean",-0.00717154858422528,-0.00835393910193851,-0.00839534935389074,-0.00829991333167514,1,1,FALSE,FALSE,"equal_weight_gain","descriptive","eligible / in_regime / primary_preregistered / equal_weight_gain / descriptive"
"RD_bakeoff_challenges_data__auto__depth_upper_tail_enriched","rdatasets_bakeoff","empirical_public","normal_like","TAX-Q1R023","normal","locked_unseen_similar",3,3,0,0,FALSE,"",FALSE,3,"mean",-0.00194544148662455,-0.00266004031739743,-0.00266071475000857,-0.0026590592044868,1,1,FALSE,FALSE,"equal_weight_gain","descriptive","eligible / in_regime / primary_preregistered / equal_weight_gain / descriptive"
"RD_bakeoff_challenges_data__auto__depth_upper_tail_enriched","rdatasets_bakeoff","empirical_public","normal_like","TAX-Q1R023","normal","original_regime",6,6,0,0,FALSE,"",FALSE,5,"mean",-0.00195651127174823,-0.00266004827322715,-0.00266090651828943,-0.00265959421402207,1,1,FALSE,FALSE,"equal_weight_gain","descriptive","eligible / in_regime / primary_preregistered / equal_weight_gain / descriptive"
"RD_bakeoff_challenges_data__auto__depth_upper_tail_enriched","rdatasets_bakeoff","empirical_public","normal_like","TAX-Q1R024","normal","locked_unseen_similar",2,2,0,0,FALSE,"",FALSE,2,"mean",-0.0106800573319912,-0.0120661594333405,-0.0120956295080211,-0.0120343768796409,1,1,FALSE,FALSE,"equal_weight_gain","descriptive","eligible / in_regime / primary_preregistered / equal_weight_gain / descriptive"
"RD_bakeoff_challenges_data__auto__depth_upper_tail_enriched","rdatasets_bakeoff","empirical_public","normal_like","TAX-Q1R024","normal","original_regime",2,2,0,0,FALSE,"",FALSE,2,"mean",-0.0107303539275377,-0.0120771645274168,-0.0121108028477429,-0.0120110902592994,1,1,FALSE,FALSE,"equal_weight_gain","descriptive","eligible / in_regime / primary_preregistered / equal_weight_gain / descriptive"
"RD_bakeoff_challenges_data__auto__depth_upper_tail_enriched","rdatasets_bakeoff","empirical_public","normal_like","TAX-Q1R025","normal","locked_unseen_similar",3,3,0,0,FALSE,"",FALSE,3,"mean",-0.00195628400071276,-0.00263503715785193,-0.00263534193799268,-0.00260265925945079,1,1,FALSE,FALSE,"equal_weight_gain","descriptive","eligible / in_regime / primary_preregistered / equal_weight_gain / descriptive"
"RD_bakeoff_challenges_data__auto__depth_upper_tail_enriched","rdatasets_bakeoff","empirical_public","normal_like","TAX-Q1R025","normal","original_regime",6,6,0,0,FALSE,"",FALSE,6,"mean",-0.00195196278341299,-0.00263502983504024,-0.0026359918717161,-0.00263422599377379,1,1,FALSE,FALSE,"equal_weight_gain","descriptive","eligible / in_regime / primary_preregistered / equal_weight_gain / descriptive"
"RD_bakeoff_challenges_data__auto","rdatasets_bakeoff","empirical_public","normal_like","TAX-Q1R010","normal","original_regime",10,10,10,10,TRUE,"",TRUE,6,"mean",0.135007463172386,0.157827553760505,0.136555104913313,0.163763190366468,0,0,TRUE,TRUE,"strong_win","ci_confirmed","eligible / in_regime / primary_preregistered / strong_win / ci_confirmed"
"RD_bayesrules_bird_counts_auto__depth_body_10_90","rdatasets_bayesrules","empirical_public","lognormal_like","TAX-Q1R008","lognormal","locked_unseen_similar",3,3,0,0,FALSE,"",TRUE,3,"huber_k1.345",4.58240095452037,3.77864297584606,3.70775591080996,3.84960843660652,0,0,TRUE,TRUE,"strong_win","ci_confirmed","eligible / in_regime / primary_preregistered / strong_win / ci_confirmed"
"RD_bayesrules_bird_counts_auto__depth_body_10_90","rdatasets_bayesrules","empirical_public","lognormal_like","TAX-Q1R008","lognormal","original_regime",6,6,0,0,FALSE,"",FALSE,2,"huber_k1.345",-0.673417659177109,-0.0901596166168872,-0.392829707509051,0.51338956530816,0.706,1,FALSE,FALSE,"no_win","descriptive","eligible / in_regime / primary_preregistered / no_win / descriptive"
"RD_bayesrules_bird_counts_auto__depth_body_10_90","rdatasets_bayesrules","empirical_public","lognormal_like","TAX-Q1R009","lognormal","locked_unseen_similar",3,3,0,0,FALSE,"",TRUE,3,"huber_k1.345",1.09305482260163,0.443993056949736,0.437767166844563,0.451068988779642,0,0,TRUE,TRUE,"strong_win","ci_confirmed","eligible / in_regime / primary_preregistered / strong_win / ci_confirmed"
"RD_bayesrules_bird_counts_auto__depth_body_10_90","rdatasets_bayesrules","empirical_public","lognormal_like","TAX-Q1R009","lognormal","original_regime",36,36,0,0,FALSE,"",TRUE,22,"huber_k1.345",2.28695864368459,1.45801375249192,1.40342558026357,1.55276591211271,0,0,TRUE,TRUE,"strong_win","ci_confirmed","eligible / in_regime / primary_preregistered / strong_win / ci_confirmed"
"RD_bayesrules_bird_counts_auto__depth_bootstrap_full","rdatasets_bayesrules","empirical_public","lognormal_like","TAX-Q1R008","lognormal","locked_unseen_similar",3,3,0,0,FALSE,"",TRUE,3,"huber_k1.345",14175.4452376484,2785.65236283441,2322.84867385279,3359.89590650784,0,0,TRUE,TRUE,"strong_win","ci_confirmed","eligible / in_regime / primary_preregistered / strong_win / ci_confirmed"
"RD_bayesrules_bird_counts_auto__depth_bootstrap_full","rdatasets_bayesrules","empirical_public","lognormal_like","TAX-Q1R008","lognormal","original_regime",6,6,0,0,FALSE,"",TRUE,5,"huber_k1.345",14877.1332645388,3239.00476843706,2742.45171052215,3791.42945040592,0,0,TRUE,TRUE,"strong_win","ci_confirmed","eligible / in_regime / primary_preregistered / strong_win / ci_confirmed"
"RD_bayesrules_bird_counts_auto__depth_bootstrap_full","rdatasets_bayesrules","empirical_public","lognormal_like","TAX-Q1R009","lognormal","locked_unseen_similar",3,3,0,0,FALSE,"",TRUE,3,"huber_k1.345",10377.2143940891,1160.80635678473,1075.6858283901,1399.1461897053,0,0,TRUE,TRUE,"strong_win","ci_confirmed","eligible / in_regime / primary_preregistered / strong_win / ci_confirmed"
"RD_bayesrules_bird_counts_auto__depth_bootstrap_full","rdatasets_bayesrules","empirical_public","lognormal_like","TAX-Q1R009","lognormal","original_regime",36,36,0,0,FALSE,"",TRUE,26,"huber_k1.345",14295.4064522184,2281.95890604176,2031.70163321907,2786.11911031791,0,0,TRUE,TRUE,"strong_win","ci_confirmed","eligible / in_regime / primary_preregistered / strong_win / ci_confirmed"
"RD_bayesrules_bird_counts_auto__depth_upper_tail_enriched","rdatasets_bayesrules","empirical_public","lognormal_like","TAX-Q1R008","lognormal","locked_unseen_similar",3,3,0,0,FALSE,"",TRUE,3,"huber_k1.345",23291.1876751215,4177.8610730927,3702.71418663481,4900.3708486206,0,0,TRUE,TRUE,"strong_win","ci_confirmed","eligible / in_regime / primary_preregistered / strong_win / ci_confirmed"
"RD_bayesrules_bird_counts_auto__depth_upper_tail_enriched","rdatasets_bayesrules","empirical_public","lognormal_like","TAX-Q1R008","lognormal","original_regime",6,6,0,0,FALSE,"",TRUE,5,"huber_k1.345",27189.7075257439,5085.90979594456,4674.12392231865,6564.58600611226,0,0,TRUE,TRUE,"strong_win","ci_confirmed","eligible / in_regime / primary_preregistered / strong_win / ci_confirmed"
"RD_bayesrules_bird_counts_auto__depth_upper_tail_enriched","rdatasets_bayesrules","empirical_public","lognormal_like","TAX-Q1R009","lognormal","locked_unseen_similar",3,3,0,0,FALSE,"",TRUE,2,"huber_k1.345",11694.6529627339,172.713448782684,147.933423080107,522.035303243391,0,0,TRUE,TRUE,"strong_win","ci_confirmed","eligible / in_regime / primary_preregistered / strong_win / ci_confirmed"
"RD_bayesrules_bird_counts_auto__depth_upper_tail_enriched","rdatasets_bayesrules","empirical_public","lognormal_like","TAX-Q1R009","lognormal","original_regime",36,36,0,0,FALSE,"",TRUE,34,"huber_k1.345",24833.3040649954,3757.8789727277,3302.67482158507,4487.55339278797,0,0,TRUE,TRUE,"strong_win","ci_confirmed","eligible / in_regime / primary_preregistered / strong_win / ci_confirmed"
"RD_bayesrules_bird_counts_auto","rdatasets_bayesrules","empirical_public","lognormal_like","TAX-Q1R008","lognormal","locked_unseen_similar",3,3,3,3,FALSE,"",TRUE,3,"huber_k1.345",14347.3780489475,2886.38647213516,2503.80177882901,3277.92506932436,0,0,TRUE,TRUE,"strong_win","ci_confirmed","eligible / in_regime / primary_preregistered / strong_win / ci_confirmed"
"RD_bayesrules_bird_counts_auto","rdatasets_bayesrules","empirical_public","lognormal_like","TAX-Q1R008","lognormal","original_regime",6,6,6,6,FALSE,"",TRUE,6,"huber_k1.345",15494.7484129877,3366.20473895292,2834.58964224456,3868.95862646428,0,0,TRUE,TRUE,"strong_win","ci_confirmed","eligible / in_regime / primary_preregistered / strong_win / ci_confirmed"
"RD_bayesrules_bird_counts_auto","rdatasets_bayesrules","empirical_public","lognormal_like","TAX-Q1R009","lognormal","original_regime",1,1,1,1,TRUE,"",TRUE,1,"huber_k1.345",7436.93498373273,744.43724855117,657.64484016603,857.280715733374,0,0,TRUE,TRUE,"strong_win","ci_confirmed","eligible / in_regime / primary_preregistered / strong_win / ci_confirmed"
"RD_betareg_LossAversion_auto","rdatasets_betareg","empirical_public","normal_like","TAX-Q1R010","normal","locked_unseen_similar",3,3,0,0,FALSE,"",FALSE,3,"mean",-0.00667399131647515,-0.00841935054114401,-0.00843057745943521,-0.00840290194977458,1,1,FALSE,FALSE,"equal_weight_gain","descriptive","eligible / in_regime / primary_preregistered / equal_weight_gain / descriptive"
"RD_betareg_LossAversion_auto","rdatasets_betareg","empirical_public","normal_like","TAX-Q1R010","normal","original_regime",36,36,0,0,FALSE,"",FALSE,28,"mean",-0.00662199142096243,-0.00840469343493002,-0.00841826188731313,-0.00838381275875641,1,1,FALSE,FALSE,"equal_weight_gain","descriptive","eligible / in_regime / primary_preregistered / equal_weight_gain / descriptive"
"RD_betareg_LossAversion_auto","rdatasets_betareg","empirical_public","normal_like","TAX-Q1R016","normal","locked_unseen_similar",2,2,0,0,FALSE,"",FALSE,2,"mean",-0.000360245928380711,-0.00062102335285515,-0.000623953901329424,-0.000609965746355594,1,1,FALSE,FALSE,"equal_weight_gain","descriptive","eligible / in_regime / primary_preregistered / equal_weight_gain / descriptive"
"RD_betareg_LossAversion_auto","rdatasets_betareg","empirical_public","normal_like","TAX-Q1R016","normal","original_regime",2,2,0,0,FALSE,"",FALSE,2,"mean",-0.000363172951177992,-0.000618482351548675,-0.000634660186861886,-0.0006100842115086,1,1,FALSE,FALSE,"equal_weight_gain","descriptive","eligible / in_regime / primary_preregistered / equal_weight_gain / descriptive"
"RD_betareg_LossAversion_auto","rdatasets_betareg","empirical_public","normal_like","TAX-Q1R017","normal","locked_unseen_similar",2,2,0,0,FALSE,"",FALSE,2,"mean",-0.00103926757736728,-0.00147209184699007,-0.00150512630159352,-0.00145115082539525,1,1,FALSE,FALSE,"equal_weight_gain","descriptive","eligible / in_regime / primary_preregistered / equal_weight_gain / descriptive"
"RD_betareg_LossAversion_auto","rdatasets_betareg","empirical_public","normal_like","TAX-Q1R017","normal","original_regime",2,2,0,0,FALSE,"",FALSE,2,"mean",-0.00100642629567366,-0.00146453808384,-0.00148362661901165,-0.00144476507990251,1,1,FALSE,FALSE,"equal_weight_gain","descriptive","eligible / in_regime / primary_preregistered / equal_weight_gain / descriptive"
"RD_betareg_LossAversion_auto","rdatasets_betareg","empirical_public","normal_like","TAX-Q1R023","normal","locked_unseen_similar",3,3,0,0,FALSE,"",FALSE,3,"mean",-0.00179657180799836,-0.00243277071915071,-0.00244073456494721,-0.00241976696892821,1,1,FALSE,FALSE,"equal_weight_gain","descriptive","eligible / in_regime / primary_preregistered / equal_weight_gain / descriptive"
"RD_betareg_LossAversion_auto","rdatasets_betareg","empirical_public","normal_like","TAX-Q1R023","normal","original_regime",6,6,0,0,FALSE,"",FALSE,6,"mean",-0.00179237165875121,-0.00242391010952319,-0.00243366755188178,-0.00240278781365863,1,1,FALSE,FALSE,"equal_weight_gain","descriptive","eligible / in_regime / primary_preregistered / equal_weight_gain / descriptive"
"RD_betareg_LossAversion_auto","rdatasets_betareg","empirical_public","normal_like","TAX-Q1R024","normal","locked_unseen_similar",2,2,0,0,FALSE,"",FALSE,2,"mean",-0.00549851312201621,-0.00699228334210746,-0.00701308427669079,-0.00695008608978968,1,1,FALSE,FALSE,"equal_weight_gain","descriptive","eligible / in_regime / primary_preregistered / equal_weight_gain / descriptive"
"RD_betareg_LossAversion_auto","rdatasets_betareg","empirical_public","normal_like","TAX-Q1R024","normal","original_regime",2,2,0,0,FALSE,"",FALSE,2,"mean",-0.00552425219128799,-0.00700516064930224,-0.00704135870647305,-0.00696623287503018,1,1,FALSE,FALSE,"equal_weight_gain","descriptive","eligible / in_regime / primary_preregistered / equal_weight_gain / descriptive"
"RD_betareg_LossAversion_auto","rdatasets_betareg","empirical_public","normal_like","TAX-Q1R025","normal","locked_unseen_similar",3,3,0,0,FALSE,"",FALSE,3,"mean",-0.00179286454128826,-0.00240997599586112,-0.00241984975402855,-0.00240395357125308,1,1,FALSE,FALSE,"equal_weight_gain","descriptive","eligible / in_regime / primary_preregistered / equal_weight_gain / descriptive"
"RD_betareg_LossAversion_auto","rdatasets_betareg","empirical_public","normal_like","TAX-Q1R025","normal","original_regime",6,6,0,0,FALSE,"",FALSE,5,"mean",-0.00179726494649442,-0.00241206614201896,-0.00242942210611016,-0.00239245250643707,1,1,FALSE,FALSE,"equal_weight_gain","descriptive","eligible / in_regime / primary_preregistered / equal_weight_gain / descriptive"
"RD_boot_amis_auto__depth_body_10_90","rdatasets_boot","empirical_public","normal_like","TAX-Q1R010","normal","locked_unseen_similar",3,3,0,0,FALSE,"",FALSE,3,"mean",0.033721968599631,0.00870816890293336,-0.00927475407979117,0.0175787924375373,0.258,0.778813432835821,FALSE,FALSE,"strong_point_signal","near_ci","eligible / in_regime / primary_preregistered / strong_point_signal / near_ci"
"RD_boot_amis_auto__depth_body_10_90","rdatasets_boot","empirical_public","normal_like","TAX-Q1R010","normal","original_regime",36,36,0,0,FALSE,"",FALSE,29,"mean",-0.0336260391558245,-0.0641441034159966,-0.0871517976826456,-0.0284204892250235,1,1,FALSE,FALSE,"no_win","descriptive","eligible / in_regime / primary_preregistered / no_win / descriptive"
"RD_boot_amis_auto__depth_body_10_90","rdatasets_boot","empirical_public","normal_like","TAX-Q1R016","normal","locked_unseen_similar",2,2,0,0,FALSE,"",FALSE,2,"mean",-0.00779144576374721,-0.0179808234618241,-0.0251701318846912,-0.014582227099876,1,1,FALSE,FALSE,"equal_weight_gain","descriptive","eligible / in_regime / primary_preregistered / equal_weight_gain / descriptive"
"RD_boot_amis_auto__depth_body_10_90","rdatasets_boot","empirical_public","normal_like","TAX-Q1R016","normal","original_regime",2,2,0,0,FALSE,"",FALSE,2,"mean",-0.00634729522764588,-0.0192904815864483,-0.0231424481685616,-0.0163037023765119,1,1,FALSE,FALSE,"equal_weight_gain","descriptive","eligible / in_regime / primary_preregistered / equal_weight_gain / descriptive"
"RD_boot_amis_auto__depth_body_10_90","rdatasets_boot","empirical_public","normal_like","TAX-Q1R017","normal","locked_unseen_similar",2,2,0,0,FALSE,"",FALSE,2,"mean",-0.0178419535392425,-0.0562512346726656,-0.0681416438238334,-0.0445308155212694,1,1,FALSE,FALSE,"equal_weight_gain","descriptive","eligible / in_regime / primary_preregistered / equal_weight_gain / descriptive"
"RD_boot_amis_auto__depth_body_10_90","rdatasets_boot","empirical_public","normal_like","TAX-Q1R017","normal","original_regime",2,2,0,0,FALSE,"",FALSE,2,"mean",-0.0185752082427638,-0.0633564584259925,-0.0718859676361022,-0.0459738708591631,1,1,FALSE,FALSE,"equal_weight_gain","descriptive","eligible / in_regime / primary_preregistered / equal_weight_gain / descriptive"
"RD_boot_amis_auto__depth_body_10_90","rdatasets_boot","empirical_public","normal_like","TAX-Q1R023","normal","locked_unseen_similar",3,3,0,0,FALSE,"",FALSE,3,"mean",-0.0122385503486578,-0.0380796241829973,-0.048679251960948,-0.0291343797902874,1,1,FALSE,FALSE,"equal_weight_gain","descriptive","eligible / in_regime / primary_preregistered / equal_weight_gain / descriptive"
"RD_boot_amis_auto__depth_body_10_90","rdatasets_boot","empirical_public","normal_like","TAX-Q1R023","normal","original_regime",6,6,0,0,FALSE,"",TRUE,6,"mean",0.0375677505352224,0.0340852476915569,0.0203821815522665,0.03849471413946,0,0,TRUE,TRUE,"strong_win","ci_confirmed","eligible / in_regime / primary_preregistered / strong_win / ci_confirmed"
"RD_boot_amis_auto__depth_body_10_90","rdatasets_boot","empirical_public","normal_like","TAX-Q1R024","normal","locked_unseen_similar",2,2,0,0,FALSE,"",FALSE,2,"mean",-0.0294451871255706,-0.0626234616767681,-0.0712065820279234,-0.0493025906021603,1,1,FALSE,FALSE,"equal_weight_gain","descriptive","eligible / in_regime / primary_preregistered / equal_weight_gain / descriptive"
"RD_boot_amis_auto__depth_body_10_90","rdatasets_boot","empirical_public","normal_like","TAX-Q1R024","normal","original_regime",2,2,0,0,FALSE,"",FALSE,2,"mean",-0.0261300928845041,-0.0634801201727378,-0.0799057538011427,-0.0563498666108047,1,1,FALSE,FALSE,"equal_weight_gain","descriptive","eligible / in_regime / primary_preregistered / equal_weight_gain / descriptive"
"RD_boot_amis_auto__depth_body_10_90","rdatasets_boot","empirical_public","normal_like","TAX-Q1R025","normal","locked_unseen_similar",3,3,0,0,FALSE,"",FALSE,3,"mean",-0.01112566772981,-0.0331856361596576,-0.042247496863268,-0.0286068497874322,1,1,FALSE,FALSE,"equal_weight_gain","descriptive","eligible / in_regime / primary_preregistered / equal_weight_gain / descriptive"
"RD_boot_amis_auto__depth_body_10_90","rdatasets_boot","empirical_public","normal_like","TAX-Q1R025","normal","original_regime",6,6,0,0,FALSE,"",TRUE,6,"mean",0.0369236673243449,0.0340753028863711,0.0151782359503231,0.0385422959939171,0,0,TRUE,TRUE,"strong_win","ci_confirmed","eligible / in_regime / primary_preregistered / strong_win / ci_confirmed"
"RD_boot_amis_auto__depth_bootstrap_full","rdatasets_boot","empirical_public","normal_like","TAX-Q1R010","normal","locked_unseen_similar",3,3,0,0,FALSE,"",TRUE,3,"mean",0.0503119863183515,0.139094352814234,0.0943725086219805,0.188757588615468,0,0,TRUE,TRUE,"strong_win","ci_confirmed","eligible / in_regime / primary_preregistered / strong_win / ci_confirmed"
"RD_boot_amis_auto__depth_bootstrap_full","rdatasets_boot","empirical_public","normal_like","TAX-Q1R010","normal","original_regime",36,36,0,0,FALSE,"",TRUE,26,"mean",0.477188964432372,0.62604507053583,0.574611319119156,0.687642698578693,0,0,TRUE,TRUE,"strong_win","ci_confirmed","eligible / in_regime / primary_preregistered / strong_win / ci_confirmed"
"RD_boot_amis_auto__depth_bootstrap_full","rdatasets_boot","empirical_public","normal_like","TAX-Q1R016","normal","locked_unseen_similar",2,2,0,0,FALSE,"",FALSE,2,"mean",-0.0319115044503028,-0.0589807473563356,-0.0861729580096877,-0.0373564001647502,1,1,FALSE,FALSE,"equal_weight_gain","descriptive","eligible / in_regime / primary_preregistered / equal_weight_gain / descriptive"
"RD_boot_amis_auto__depth_bootstrap_full","rdatasets_boot","empirical_public","normal_like","TAX-Q1R016","normal","original_regime",2,2,0,0,FALSE,"",FALSE,2,"mean",-0.0518224006567728,-0.111180977941771,-0.125745135780448,-0.0741657119954314,1,1,FALSE,FALSE,"equal_weight_gain","descriptive","eligible / in_regime / primary_preregistered / equal_weight_gain / descriptive"
"RD_boot_amis_auto__depth_bootstrap_full","rdatasets_boot","empirical_public","normal_like","TAX-Q1R017","normal","locked_unseen_similar",2,2,0,0,FALSE,"",FALSE,2,"mean",-0.0485297065124777,-0.0715824181107598,-0.104216327140197,-0.0369422051767368,1,1,FALSE,FALSE,"no_win","descriptive","eligible / in_regime / primary_preregistered / no_win / descriptive"
"RD_boot_amis_auto__depth_bootstrap_full","rdatasets_boot","empirical_public","normal_like","TAX-Q1R017","normal","original_regime",2,2,0,0,FALSE,"",FALSE,2,"mean",-0.0531970866287788,-0.096598983225059,-0.15578754706141,-0.0682678551261614,1,1,FALSE,FALSE,"equal_weight_gain","descriptive","eligible / in_regime / primary_preregistered / equal_weight_gain / descriptive"
"RD_boot_amis_auto__depth_bootstrap_full","rdatasets_boot","empirical_public","normal_like","TAX-Q1R023","normal","locked_unseen_similar",3,3,0,0,FALSE,"",FALSE,3,"mean",-0.08810961893261,-0.125608278774092,-0.156366323177994,-0.112072736353217,1,1,FALSE,FALSE,"no_win","descriptive","eligible / in_regime / primary_preregistered / no_win / descriptive"
"RD_boot_amis_auto__depth_bootstrap_full","rdatasets_boot","empirical_public","normal_like","TAX-Q1R023","normal","original_regime",6,6,0,0,FALSE,"",TRUE,4,"mean",0.0501013215829476,0.161624819250085,0.102403782366148,0.228288391790505,0,0,TRUE,TRUE,"strong_win","ci_confirmed","eligible / in_regime / primary_preregistered / strong_win / ci_confirmed"
"RD_boot_amis_auto__depth_bootstrap_full","rdatasets_boot","empirical_public","normal_like","TAX-Q1R024","normal","locked_unseen_similar",2,2,0,0,FALSE,"",FALSE,2,"mean",-0.0607545560360474,-0.0554194607945798,-0.132793864411235,-0.0304623631082088,1,1,FALSE,FALSE,"equal_weight_gain","descriptive","eligible / in_regime / primary_preregistered / equal_weight_gain / descriptive"
"RD_boot_amis_auto__depth_bootstrap_full","rdatasets_boot","empirical_public","normal_like","TAX-Q1R024","normal","original_regime",2,2,0,0,FALSE,"",FALSE,2,"mean",-0.0733549486955093,-0.0716758009853402,-0.121264547268277,-0.0522513783951829,1,1,FALSE,FALSE,"equal_weight_gain","descriptive","eligible / in_regime / primary_preregistered / equal_weight_gain / descriptive"
"RD_boot_amis_auto__depth_bootstrap_full","rdatasets_boot","empirical_public","normal_like","TAX-Q1R025","normal","locked_unseen_similar",3,3,0,0,FALSE,"",FALSE,3,"mean",-0.08699767887039,-0.135562562948192,-0.173562457513553,-0.110067823583221,1,1,FALSE,FALSE,"no_win","descriptive","eligible / in_regime / primary_preregistered / no_win / descriptive"
"RD_boot_amis_auto__depth_bootstrap_full","rdatasets_boot","empirical_public","normal_like","TAX-Q1R025","normal","original_regime",6,6,0,0,FALSE,"",TRUE,6,"mean",0.0524127907701756,0.127671489521156,0.100404252601567,0.166346704276999,0,0,TRUE,TRUE,"strong_win","ci_confirmed","eligible / in_regime / primary_preregistered / strong_win / ci_confirmed"
"RD_boot_amis_auto__depth_upper_tail_enriched","rdatasets_boot","empirical_public","normal_like","TAX-Q1R010","normal","locked_unseen_similar",3,3,0,0,FALSE,"",TRUE,2,"mean",0.044228966915956,0.146212201554433,0.0789912992568591,0.237304221259797,0,0,TRUE,TRUE,"strong_win","ci_confirmed","eligible / in_regime / primary_preregistered / strong_win / ci_confirmed"
"RD_boot_amis_auto__depth_upper_tail_enriched","rdatasets_boot","empirical_public","normal_like","TAX-Q1R010","normal","original_regime",36,36,0,0,FALSE,"",TRUE,8,"mean",0.15478039656068,0.532004392890402,0.433205218348358,0.669032713200224,0,0,TRUE,TRUE,"strong_win","ci_confirmed","eligible / in_regime / primary_preregistered / strong_win / ci_confirmed"
"RD_boot_amis_auto__depth_upper_tail_enriched","rdatasets_boot","empirical_public","normal_like","TAX-Q1R016","normal","locked_unseen_similar",2,2,0,0,FALSE,"",FALSE,2,"mean",-0.00740580346388685,-0.0305866298144339,-0.0490330303816923,-0.0115459793213266,1,1,FALSE,FALSE,"equal_weight_gain","descriptive","eligible / in_regime / primary_preregistered / equal_weight_gain / descriptive"
"RD_boot_amis_auto__depth_upper_tail_enriched","rdatasets_boot","empirical_public","normal_like","TAX-Q1R016","normal","original_regime",2,2,0,0,FALSE,"",FALSE,2,"mean",-0.00781788313802943,-0.0274229047588372,-0.0550038336492309,-0.0108935025963148,0.994,1,FALSE,FALSE,"equal_weight_gain","descriptive","eligible / in_regime / primary_preregistered / equal_weight_gain / descriptive"
"RD_boot_amis_auto__depth_upper_tail_enriched","rdatasets_boot","empirical_public","normal_like","TAX-Q1R017","normal","locked_unseen_similar",2,2,0,0,FALSE,"",FALSE,2,"mean",-0.0125530279835194,-0.0515037767989362,-0.0633644935441906,-0.0340666622992244,1,1,FALSE,FALSE,"equal_weight_gain","descriptive","eligible / in_regime / primary_preregistered / equal_weight_gain / descriptive"
"RD_boot_amis_auto__depth_upper_tail_enriched","rdatasets_boot","empirical_public","normal_like","TAX-Q1R017","normal","original_regime",2,2,0,0,FALSE,"",FALSE,2,"mean",-0.0117378972521074,-0.0359744008532348,-0.0620878588321478,-0.0171555794299528,1,1,FALSE,FALSE,"equal_weight_gain","descriptive","eligible / in_regime / primary_preregistered / equal_weight_gain / descriptive"
"RD_boot_amis_auto__depth_upper_tail_enriched","rdatasets_boot","empirical_public","normal_like","TAX-Q1R023","normal","locked_unseen_similar",3,3,0,0,FALSE,"",FALSE,3,"mean",-0.0145637839145164,-0.0416116335448948,-0.0609154209846497,-0.0203545397317842,1,1,FALSE,FALSE,"equal_weight_gain","descriptive","eligible / in_regime / primary_preregistered / equal_weight_gain / descriptive"
"RD_boot_amis_auto__depth_upper_tail_enriched","rdatasets_boot","empirical_public","normal_like","TAX-Q1R023","normal","original_regime",6,6,0,0,FALSE,"",TRUE,6,"mean",0.0469631186639457,0.134859959153017,0.107962443385912,0.171949249553503,0,0,TRUE,TRUE,"strong_win","ci_confirmed","eligible / in_regime / primary_preregistered / strong_win / ci_confirmed"
"RD_boot_amis_auto__depth_upper_tail_enriched","rdatasets_boot","empirical_public","normal_like","TAX-Q1R024","normal","locked_unseen_similar",2,2,0,0,FALSE,"",FALSE,2,"mean",-0.0168942558087674,-0.0693684153585852,-0.089245449245125,-0.0370526091973664,1,1,FALSE,FALSE,"equal_weight_gain","descriptive","eligible / in_regime / primary_preregistered / equal_weight_gain / descriptive"
"RD_boot_amis_auto__depth_upper_tail_enriched","rdatasets_boot","empirical_public","normal_like","TAX-Q1R024","normal","original_regime",2,2,0,0,FALSE,"",FALSE,2,"mean",-0.0212037183095952,-0.0858742600961884,-0.117077022199675,-0.0483240519252462,1,1,FALSE,FALSE,"equal_weight_gain","descriptive","eligible / in_regime / primary_preregistered / equal_weight_gain / descriptive"
"RD_boot_amis_auto__depth_upper_tail_enriched","rdatasets_boot","empirical_public","normal_like","TAX-Q1R025","normal","locked_unseen_similar",3,3,0,0,FALSE,"",FALSE,3,"mean",-0.0153625604416686,-0.0487036872053641,-0.0808619448323315,-0.024695683600586,1,1,FALSE,FALSE,"equal_weight_gain","descriptive","eligible / in_regime / primary_preregistered / equal_weight_gain / descriptive"
"RD_boot_amis_auto__depth_upper_tail_enriched","rdatasets_boot","empirical_public","normal_like","TAX-Q1R025","normal","original_regime",6,6,0,0,FALSE,"",TRUE,6,"mean",0.0441249252652784,0.128535020293241,0.100280455203957,0.154622097115307,0,0,TRUE,TRUE,"strong_win","ci_confirmed","eligible / in_regime / primary_preregistered / strong_win / ci_confirmed"
"RD_boot_amis_auto","rdatasets_boot","empirical_public","normal_like","TAX-Q1R010","normal","original_regime",10,10,10,10,TRUE,"",TRUE,2,"mean",0.549674936451332,0.82484060684063,0.706901822831019,0.94300300178933,0,0,TRUE,TRUE,"strong_win","ci_confirmed","eligible / in_regime / primary_preregistered / strong_win / ci_confirmed"
"RD_camerondata_vietnam_ind_auto__depth_bootstrap_full","rdatasets_camerondata","empirical_public","lognormal_like","TAX-Q1R008","lognormal","locked_unseen_similar",3,3,0,0,FALSE,"",FALSE,3,"huber_k1.345",-0.00280188303632557,-0.002940976354301,-0.00295273902012409,-0.00293082478176796,1,1,FALSE,FALSE,"equal_weight_gain","descriptive","eligible / in_regime / primary_preregistered / equal_weight_gain / descriptive"
"RD_camerondata_vietnam_ind_auto__depth_bootstrap_full","rdatasets_camerondata","empirical_public","lognormal_like","TAX-Q1R008","lognormal","original_regime",6,6,0,0,FALSE,"",FALSE,5,"huber_k1.345",-0.00280126145410137,-0.00295135711056555,-0.00296830665224962,-0.00293562170521809,1,1,FALSE,FALSE,"equal_weight_gain","descriptive","eligible / in_regime / primary_preregistered / equal_weight_gain / descriptive"
"RD_camerondata_vietnam_ind_auto__depth_bootstrap_full","rdatasets_camerondata","empirical_public","lognormal_like","TAX-Q1R009","lognormal","locked_unseen_similar",3,3,0,0,FALSE,"",TRUE,3,"huber_k1.345",0.00525551311692542,0.00510146431438652,0.00413713338277241,0.00513162820395421,0,0,TRUE,TRUE,"strong_win","ci_confirmed","eligible / in_regime / primary_preregistered / strong_win / ci_confirmed"
"RD_camerondata_vietnam_ind_auto__depth_bootstrap_full","rdatasets_camerondata","empirical_public","lognormal_like","TAX-Q1R009","lognormal","original_regime",36,36,0,0,FALSE,"",TRUE,28,"huber_k1.345",0.00520957538903572,0.00520684938091056,0.00520624884567445,0.00520744608698147,0,0,TRUE,TRUE,"strong_win","ci_confirmed","eligible / in_regime / primary_preregistered / strong_win / ci_confirmed"
"RD_camerondata_vietnam_ind_auto__depth_upper_tail_enriched","rdatasets_camerondata","empirical_public","lognormal_like","TAX-Q1R008","lognormal","locked_unseen_similar",3,3,0,0,FALSE,"",FALSE,3,"huber_k1.345",-0.00196347179976382,-0.0020933685234824,-0.00210877644616944,-0.00207170538185705,1,1,FALSE,FALSE,"equal_weight_gain","descriptive","eligible / in_regime / primary_preregistered / equal_weight_gain / descriptive"
"RD_camerondata_vietnam_ind_auto__depth_upper_tail_enriched","rdatasets_camerondata","empirical_public","lognormal_like","TAX-Q1R008","lognormal","original_regime",6,6,0,0,FALSE,"",FALSE,6,"huber_k1.345",-0.00196801977656986,-0.00209529778760279,-0.00211495406417706,-0.0020729082939568,1,1,FALSE,FALSE,"equal_weight_gain","descriptive","eligible / in_regime / primary_preregistered / equal_weight_gain / descriptive"
"RD_camerondata_vietnam_ind_auto__depth_upper_tail_enriched","rdatasets_camerondata","empirical_public","lognormal_like","TAX-Q1R009","lognormal","locked_unseen_similar",3,3,0,0,FALSE,"",TRUE,3,"huber_k1.345",0.00404960078488714,0.0040266671959055,0.00402483081940876,0.00402958013889462,0,0,TRUE,TRUE,"strong_win","ci_confirmed","eligible / in_regime / primary_preregistered / strong_win / ci_confirmed"
"RD_camerondata_vietnam_ind_auto__depth_upper_tail_enriched","rdatasets_camerondata","empirical_public","lognormal_like","TAX-Q1R009","lognormal","original_regime",36,36,0,0,FALSE,"",TRUE,29,"huber_k1.345",0.00391315866312155,0.00392226920074204,0.00392158242720288,0.00392248726349533,0,0,TRUE,TRUE,"strong_win","ci_confirmed","eligible / in_regime / primary_preregistered / strong_win / ci_confirmed"
"RD_camerondata_vietnam_ind_auto","rdatasets_camerondata","empirical_public","lognormal_like","TAX-Q1R008","lognormal","locked_unseen_similar",3,3,1,1,FALSE,"",TRUE,3,"huber_k1.345",0.0013987910984396,0.00131458617179114,0.00130836181516368,0.00131712547366278,0,0,TRUE,TRUE,"strong_win","ci_confirmed","eligible / in_regime / primary_preregistered / strong_win / ci_confirmed"
"RD_camerondata_vietnam_ind_auto","rdatasets_camerondata","empirical_public","lognormal_like","TAX-Q1R008","lognormal","original_regime",6,6,2,2,FALSE,"",TRUE,5,"huber_k1.345",0.00140079073816037,0.00131458617179114,0.00129953083954576,0.00132359146429738,0,0,TRUE,TRUE,"strong_win","ci_confirmed","eligible / in_regime / primary_preregistered / strong_win / ci_confirmed"
"RD_camerondata_vietnam_ind_auto","rdatasets_camerondata","empirical_public","lognormal_like","TAX-Q1R009","lognormal","original_regime",7,7,7,7,TRUE,"",TRUE,5,"huber_k1.345",0.00380090062290929,0.00355739762816164,0.0035374747160113,0.00357727030919643,0,0,TRUE,TRUE,"strong_win","ci_confirmed","eligible / in_regime / primary_preregistered / strong_win / ci_confirmed"
"RD_causaldata_mortgages_auto","rdatasets_causaldata","empirical_public","normal_like","TAX-Q1R010","normal","locked_unseen_similar",3,3,0,0,FALSE,"",FALSE,3,"mean",-0.162592928287235,-0.526695300496887,-1.01995647703052,-0.156154596814502,1,1,FALSE,FALSE,"equal_weight_gain","descriptive","eligible / in_regime / primary_preregistered / equal_weight_gain / descriptive"
"RD_causaldata_mortgages_auto","rdatasets_causaldata","empirical_public","normal_like","TAX-Q1R010","normal","original_regime",36,36,0,0,FALSE,"",FALSE,31,"mean",-0.138933191182841,-0.50673155884376,-0.729480609544229,-0.198108344025014,1,1,FALSE,FALSE,"equal_weight_gain","descriptive","eligible / in_regime / primary_preregistered / equal_weight_gain / descriptive"
"RD_causaldata_mortgages_auto","rdatasets_causaldata","empirical_public","normal_like","TAX-Q1R016","normal","locked_unseen_similar",2,2,0,0,FALSE,"",FALSE,2,"mean",-0.0827720466957762,-0.20835623510222,-0.477615458913343,0.0467395244915234,0.948,1,FALSE,FALSE,"equal_weight_gain","descriptive","eligible / in_regime / primary_preregistered / equal_weight_gain / descriptive"
"RD_causaldata_mortgages_auto","rdatasets_causaldata","empirical_public","normal_like","TAX-Q1R016","normal","original_regime",2,2,0,0,FALSE,"",FALSE,2,"mean",-0.0768033127508765,-0.461136053714093,-0.662681842015448,-0.135956883207051,1,1,FALSE,FALSE,"equal_weight_gain","descriptive","eligible / in_regime / primary_preregistered / equal_weight_gain / descriptive"
"RD_causaldata_mortgages_auto","rdatasets_causaldata","empirical_public","normal_like","TAX-Q1R017","normal","locked_unseen_similar",2,2,0,0,FALSE,"",FALSE,2,"mean",-0.0704429013004898,-0.102186808263239,-0.393826884482416,0.00305083759063919,0.972,1,FALSE,FALSE,"equal_weight_gain","descriptive","eligible / in_regime / primary_preregistered / equal_weight_gain / descriptive"
"RD_causaldata_mortgages_auto","rdatasets_causaldata","empirical_public","normal_like","TAX-Q1R017","normal","original_regime",2,2,0,0,FALSE,"",FALSE,2,"mean",-0.0625906234027434,-0.284161946524713,-0.465257284000855,-0.0896518877905255,0.996,1,FALSE,FALSE,"equal_weight_gain","descriptive","eligible / in_regime / primary_preregistered / equal_weight_gain / descriptive"
"RD_causaldata_mortgages_auto","rdatasets_causaldata","empirical_public","normal_like","TAX-Q1R023","normal","locked_unseen_similar",3,3,0,0,FALSE,"",FALSE,3,"mean",-0.0697359083381019,-0.47853657831003,-0.715148291616234,-0.120263619498224,1,1,FALSE,FALSE,"equal_weight_gain","descriptive","eligible / in_regime / primary_preregistered / equal_weight_gain / descriptive"
"RD_causaldata_mortgages_auto","rdatasets_causaldata","empirical_public","normal_like","TAX-Q1R023","normal","original_regime",6,6,0,0,FALSE,"",FALSE,6,"mean",-0.0958459800685842,-0.288254687956613,-0.555950649268258,-0.0522409691424904,0.988,1,FALSE,FALSE,"equal_weight_gain","descriptive","eligible / in_regime / primary_preregistered / equal_weight_gain / descriptive"
"RD_causaldata_mortgages_auto","rdatasets_causaldata","empirical_public","normal_like","TAX-Q1R024","normal","locked_unseen_similar",2,2,0,0,FALSE,"",FALSE,2,"mean",-0.116404508540269,-0.364491016136437,-0.763891993340978,-0.204352510148695,1,1,FALSE,FALSE,"equal_weight_gain","descriptive","eligible / in_regime / primary_preregistered / equal_weight_gain / descriptive"
"RD_causaldata_mortgages_auto","rdatasets_causaldata","empirical_public","normal_like","TAX-Q1R024","normal","original_regime",2,2,0,0,FALSE,"",FALSE,2,"mean",-0.12835017465365,-0.677892940604292,-0.870268690551812,-0.296299721419026,1,1,FALSE,FALSE,"equal_weight_gain","descriptive","eligible / in_regime / primary_preregistered / equal_weight_gain / descriptive"
"RD_causaldata_mortgages_auto","rdatasets_causaldata","empirical_public","normal_like","TAX-Q1R025","normal","locked_unseen_similar",3,3,0,0,FALSE,"",FALSE,3,"mean",-0.0818769578590717,-0.352238145571866,-0.675055557083766,-0.100884612374249,1,1,FALSE,FALSE,"equal_weight_gain","descriptive","eligible / in_regime / primary_preregistered / equal_weight_gain / descriptive"
"RD_causaldata_mortgages_auto","rdatasets_causaldata","empirical_public","normal_like","TAX-Q1R025","normal","original_regime",6,6,0,0,FALSE,"",FALSE,6,"mean",-0.0917277138481035,-0.489304184851742,-0.581745617507475,-0.169490726078265,1,1,FALSE,FALSE,"equal_weight_gain","descriptive","eligible / in_regime / primary_preregistered / equal_weight_gain / descriptive"
"RD_cluster_xclara_auto","rdatasets_cluster","empirical_public","normal_like","TAX-Q1R010","normal","locked_unseen_similar",3,3,0,0,FALSE,"",FALSE,3,"mean",-0.136735335380724,-0.591417029007831,-0.777623660568182,-0.262454788175053,1,1,FALSE,FALSE,"equal_weight_gain","descriptive","eligible / in_regime / primary_preregistered / equal_weight_gain / descriptive"
"RD_cluster_xclara_auto","rdatasets_cluster","empirical_public","normal_like","TAX-Q1R010","normal","original_regime",36,36,0,0,FALSE,"",FALSE,32,"mean",-0.104934873839798,-0.471480424259473,-0.631684586942594,-0.176595065622326,1,1,FALSE,FALSE,"equal_weight_gain","descriptive","eligible / in_regime / primary_preregistered / equal_weight_gain / descriptive"
"RD_cluster_xclara_auto","rdatasets_cluster","empirical_public","normal_like","TAX-Q1R016","normal","locked_unseen_similar",2,2,0,0,FALSE,"",FALSE,2,"mean",-0.494485208414595,-1.90305238674189,-2.48997936146157,-1.19037947380908,1,1,FALSE,FALSE,"equal_weight_gain","descriptive","eligible / in_regime / primary_preregistered / equal_weight_gain / descriptive"
"RD_cluster_xclara_auto","rdatasets_cluster","empirical_public","normal_like","TAX-Q1R016","normal","original_regime",2,2,0,0,FALSE,"",FALSE,2,"mean",-0.540179918151531,-1.90720428226978,-2.59700975991842,-1.32999498229407,1,1,FALSE,FALSE,"equal_weight_gain","descriptive","eligible / in_regime / primary_preregistered / equal_weight_gain / descriptive"
"RD_cluster_xclara_auto","rdatasets_cluster","empirical_public","normal_like","TAX-Q1R017","normal","locked_unseen_similar",2,2,0,0,FALSE,"",FALSE,2,"mean",-0.0595818496159228,-0.208731921708714,-0.393416568884872,-0.0380659908683034,0.992,1,FALSE,FALSE,"equal_weight_gain","descriptive","eligible / in_regime / primary_preregistered / equal_weight_gain / descriptive"
"RD_cluster_xclara_auto","rdatasets_cluster","empirical_public","normal_like","TAX-Q1R017","normal","original_regime",2,2,0,0,FALSE,"",FALSE,2,"mean",-0.060224798703263,-0.222655924635085,-0.26210161441609,-0.00159698864311922,0.978,1,FALSE,FALSE,"equal_weight_gain","descriptive","eligible / in_regime / primary_preregistered / equal_weight_gain / descriptive"
"RD_cluster_xclara_auto","rdatasets_cluster","empirical_public","normal_like","TAX-Q1R023","normal","locked_unseen_similar",3,3,0,0,FALSE,"",FALSE,3,"mean",-0.205015656949652,-1.0382169539424,-1.37086219300917,-0.640698552927772,1,1,FALSE,FALSE,"equal_weight_gain","descriptive","eligible / in_regime / primary_preregistered / equal_weight_gain / descriptive"
"RD_cluster_xclara_auto","rdatasets_cluster","empirical_public","normal_like","TAX-Q1R023","normal","original_regime",6,6,0,0,FALSE,"",FALSE,6,"mean",-0.149181622297968,-0.313092698424092,-0.801505089545052,0.0818696798349161,0.948,1,FALSE,FALSE,"equal_weight_gain","descriptive","eligible / in_regime / primary_preregistered / equal_weight_gain / descriptive"
"RD_cluster_xclara_auto","rdatasets_cluster","empirical_public","normal_like","TAX-Q1R024","normal","locked_unseen_similar",2,2,0,0,FALSE,"",FALSE,2,"mean",-0.0968906675554099,-0.3137237935079,-0.50717843207972,0.00855900333483791,0.97,1,FALSE,FALSE,"equal_weight_gain","descriptive","eligible / in_regime / primary_preregistered / equal_weight_gain / descriptive"
"RD_cluster_xclara_auto","rdatasets_cluster","empirical_public","normal_like","TAX-Q1R024","normal","original_regime",2,2,0,0,FALSE,"",FALSE,2,"mean",-0.0716476117624363,-0.0653785604589934,-0.538427465539773,0.0321842301963277,0.928,1,FALSE,FALSE,"equal_weight_gain","descriptive","eligible / in_regime / primary_preregistered / equal_weight_gain / descriptive"
"RD_cluster_xclara_auto","rdatasets_cluster","empirical_public","normal_like","TAX-Q1R025","normal","locked_unseen_similar",3,3,0,0,FALSE,"",FALSE,3,"mean",-0.174643839715774,-0.616944435653298,-1.14509820959828,-0.233893256636577,1,1,FALSE,FALSE,"equal_weight_gain","descriptive","eligible / in_regime / primary_preregistered / equal_weight_gain / descriptive"
"RD_cluster_xclara_auto","rdatasets_cluster","empirical_public","normal_like","TAX-Q1R025","normal","original_regime",6,6,0,0,FALSE,"",FALSE,5,"mean",-0.188272434761643,-0.66995460384277,-1.1101466929589,-0.172725404908731,1,1,FALSE,FALSE,"equal_weight_gain","descriptive","eligible / in_regime / primary_preregistered / equal_weight_gain / descriptive"
"RD_collegeScorecard_scorecard_auto","rdatasets_collegeScorecard","empirical_public","lognormal_like","TAX-Q1R008","lognormal","locked_unseen_similar",3,3,0,0,FALSE,"",FALSE,2,"huber_k1.345",-514219.217720726,-583957.696856789,-601983.102438341,-552256.690811184,1,1,FALSE,FALSE,"no_win","descriptive","eligible / in_regime / primary_preregistered / no_win / descriptive"
"RD_collegeScorecard_scorecard_auto","rdatasets_collegeScorecard","empirical_public","lognormal_like","TAX-Q1R008","lognormal","original_regime",6,6,0,0,FALSE,"",FALSE,5,"huber_k1.345",-839301.281319257,-939816.041305793,-966906.401373816,-924232.508569892,1,1,FALSE,FALSE,"no_win","descriptive","eligible / in_regime / primary_preregistered / no_win / descriptive"
"RD_collegeScorecard_scorecard_auto","rdatasets_collegeScorecard","empirical_public","lognormal_like","TAX-Q1R009","lognormal","original_regime",3,3,0,0,FALSE,"",FALSE,3,"huber_k1.345",-351446.669879926,-398770.779363989,-437673.217036942,-367671.703010524,1,1,FALSE,FALSE,"no_win","descriptive","eligible / in_regime / primary_preregistered / no_win / descriptive"
"RD_crch_RainIbk_auto","rdatasets_crch","empirical_public","lognormal_like","TAX-Q1R008","lognormal","locked_unseen_similar",3,3,0,0,FALSE,"",FALSE,3,"huber_k1.345",-5.38818816783045,-6.55586254478378,-6.70018476220249,-6.34375794451957,1,1,FALSE,FALSE,"no_win","descriptive","eligible / in_regime / primary_preregistered / no_win / descriptive"
"RD_crch_RainIbk_auto","rdatasets_crch","empirical_public","lognormal_like","TAX-Q1R008","lognormal","original_regime",6,6,0,0,FALSE,"",FALSE,6,"huber_k1.345",-1.45958274367654,-2.03537044894487,-2.14395493390538,-1.97558662345599,1,1,FALSE,FALSE,"equal_weight_gain","descriptive","eligible / in_regime / primary_preregistered / equal_weight_gain / descriptive"
"RD_crch_RainIbk_auto","rdatasets_crch","empirical_public","lognormal_like","TAX-Q1R009","lognormal","locked_unseen_similar",3,3,0,0,FALSE,"",FALSE,3,"huber_k1.345",-5.03115527827582,-5.66372367622389,-5.87490136568455,-5.39084313329688,1,1,FALSE,FALSE,"no_win","descriptive","eligible / in_regime / primary_preregistered / no_win / descriptive"
"RD_crch_RainIbk_auto","rdatasets_crch","empirical_public","lognormal_like","TAX-Q1R009","lognormal","original_regime",36,36,0,0,FALSE,"",FALSE,32,"huber_k1.345",-4.97851818547383,-6.22573981543765,-6.32840362901421,-6.05691075170809,1,1,FALSE,FALSE,"no_win","descriptive","eligible / in_regime / primary_preregistered / no_win / descriptive"
"RD_crimedatasets_vehiclethefts_tbl_df_auto","rdatasets_crimedatasets","empirical_public","normal_like","TAX-Q1R010","normal","original_regime",12,12,0,0,FALSE,"",FALSE,11,"mean",-8.5719109858517e+20,-2.33609480676996e+21,-2.48499319543135e+21,-2.1368129028366e+21,1,1,FALSE,FALSE,"no_win","descriptive","eligible / in_regime / primary_preregistered / no_win / descriptive"
"RD_DAAG_nassCDS_auto","rdatasets_DAAG","empirical_public","lognormal_like","TAX-Q1R008","lognormal","locked_unseen_similar",3,3,0,0,FALSE,"",FALSE,1,"huber_k1.345",-9506.85738799873,-13835.4008570506,-15532.1432072034,-12093.1801584443,1,1,FALSE,FALSE,"equal_weight_gain","descriptive","eligible / in_regime / primary_preregistered / equal_weight_gain / descriptive"
"RD_DAAG_nassCDS_auto","rdatasets_DAAG","empirical_public","lognormal_like","TAX-Q1R008","lognormal","original_regime",6,6,0,0,FALSE,"",FALSE,5,"huber_k1.345",-19252.1772221693,-30215.6484219126,-30763.6612186715,-29686.6158421575,1,1,FALSE,FALSE,"equal_weight_gain","descriptive","eligible / in_regime / primary_preregistered / equal_weight_gain / descriptive"
"RD_DAAG_nassCDS_auto","rdatasets_DAAG","empirical_public","lognormal_like","TAX-Q1R009","lognormal","locked_unseen_similar",3,3,0,0,FALSE,"",FALSE,1,"huber_k1.345",-2358.14359209347,-4734.60134595277,-6417.34473712529,-3217.12908038309,1,1,FALSE,FALSE,"no_win","descriptive","eligible / in_regime / primary_preregistered / no_win / descriptive"
"RD_DAAG_nassCDS_auto","rdatasets_DAAG","empirical_public","lognormal_like","TAX-Q1R009","lognormal","original_regime",36,36,0,0,FALSE,"",FALSE,23,"huber_k1.345",-3342.08629285105,-8715.93704331416,-9878.27571971437,-7814.46483425662,1,1,FALSE,FALSE,"no_win","descriptive","eligible / in_regime / primary_preregistered / no_win / descriptive"
"RD_dragracer_rpdr_contep_auto__depth_body_10_90","rdatasets_dragracer","empirical_public","normal_like","TAX-Q1R010","normal","locked_unseen_similar",3,3,0,0,FALSE,"",FALSE,3,"mean",-9.16179866780467e-05,-0.00106426772075099,-0.00323532051061642,0.00354724665960008,0.76,1,FALSE,FALSE,"equal_weight_gain","descriptive","eligible / in_regime / primary_preregistered / equal_weight_gain / descriptive"
"RD_dragracer_rpdr_contep_auto__depth_body_10_90","rdatasets_dragracer","empirical_public","normal_like","TAX-Q1R010","normal","original_regime",36,36,0,0,FALSE,"",FALSE,35,"mean",0.000180309938188769,0.00159115268208149,-0.000514180617028369,0.00387379141162809,0.074,0.228496183206107,FALSE,FALSE,"strong_point_signal","near_ci","eligible / in_regime / primary_preregistered / strong_point_signal / near_ci"
"RD_dragracer_rpdr_contep_auto__depth_body_10_90","rdatasets_dragracer","empirical_public","normal_like","TAX-Q1R016","normal","locked_unseen_similar",2,2,0,0,FALSE,"",FALSE,2,"mean",-0.000247417695639282,-0.00215287574333694,-0.00322377509411866,0.000291293543638464,0.914,1,FALSE,FALSE,"equal_weight_gain","descriptive","eligible / in_regime / primary_preregistered / equal_weight_gain / descriptive"
"RD_dragracer_rpdr_contep_auto__depth_body_10_90","rdatasets_dragracer","empirical_public","normal_like","TAX-Q1R016","normal","original_regime",2,2,0,0,FALSE,"",FALSE,2,"mean",-0.000226083967436071,-0.000563936572479665,-0.00230186427643295,0.00109494715057096,0.844,1,FALSE,FALSE,"equal_weight_gain","descriptive","eligible / in_regime / primary_preregistered / equal_weight_gain / descriptive"
"RD_dragracer_rpdr_contep_auto__depth_body_10_90","rdatasets_dragracer","empirical_public","normal_like","TAX-Q1R017","normal","locked_unseen_similar",2,2,0,0,FALSE,"",FALSE,2,"mean",-0.0006653165619826,0.000971879822398679,-0.00414144845148671,0.0040736056804302,0.352,1,FALSE,FALSE,"equal_weight_gain","near_ci","eligible / in_regime / primary_preregistered / equal_weight_gain / near_ci"
"RD_dragracer_rpdr_contep_auto__depth_body_10_90","rdatasets_dragracer","empirical_public","normal_like","TAX-Q1R017","normal","original_regime",2,2,0,0,FALSE,"",FALSE,2,"mean",-0.000352692852484663,-0.000850940096345426,-0.00499659602491722,0.00140525080851895,0.804,1,FALSE,FALSE,"equal_weight_gain","descriptive","eligible / in_regime / primary_preregistered / equal_weight_gain / descriptive"
"RD_dragracer_rpdr_contep_auto__depth_body_10_90","rdatasets_dragracer","empirical_public","normal_like","TAX-Q1R023","normal","locked_unseen_similar",3,3,0,0,FALSE,"",FALSE,3,"mean",-0.000621962233048488,-0.00172853646574787,-0.00492688352970859,0.000908733459900805,0.912,1,FALSE,FALSE,"equal_weight_gain","descriptive","eligible / in_regime / primary_preregistered / equal_weight_gain / descriptive"
"RD_dragracer_rpdr_contep_auto__depth_body_10_90","rdatasets_dragracer","empirical_public","normal_like","TAX-Q1R023","normal","original_regime",6,6,0,0,FALSE,"",FALSE,6,"mean",-0.000601963312457319,-0.00278994062384854,-0.00460293020532653,-0.000345908017084399,0.992,1,FALSE,FALSE,"equal_weight_gain","descriptive","eligible / in_regime / primary_preregistered / equal_weight_gain / descriptive"
"RD_dragracer_rpdr_contep_auto__depth_body_10_90","rdatasets_dragracer","empirical_public","normal_like","TAX-Q1R024","normal","locked_unseen_similar",2,2,0,0,FALSE,"",FALSE,2,"mean",0.000178777543264791,-0.000141670606159223,-0.00348996618803557,0.00477922743348974,0.468,1,FALSE,FALSE,"equal_weight_gain","descriptive","eligible / in_regime / primary_preregistered / equal_weight_gain / descriptive"
"RD_dragracer_rpdr_contep_auto__depth_body_10_90","rdatasets_dragracer","empirical_public","normal_like","TAX-Q1R024","normal","original_regime",2,2,0,0,FALSE,"",FALSE,2,"mean",-8.26070602592569e-05,0.00057051793928907,-0.00192792702039523,0.00300134686290478,0.366,1,FALSE,FALSE,"pareto_signal","near_ci","eligible / in_regime / primary_preregistered / pareto_signal / near_ci"
"RD_dragracer_rpdr_contep_auto__depth_body_10_90","rdatasets_dragracer","empirical_public","normal_like","TAX-Q1R025","normal","locked_unseen_similar",3,3,0,0,FALSE,"",FALSE,3,"mean",-0.000680099767063289,-0.00285270159609254,-0.00402941243344828,0.000803026904326195,0.93,1,FALSE,FALSE,"equal_weight_gain","descriptive","eligible / in_regime / primary_preregistered / equal_weight_gain / descriptive"
"RD_dragracer_rpdr_contep_auto__depth_body_10_90","rdatasets_dragracer","empirical_public","normal_like","TAX-Q1R025","normal","original_regime",6,6,0,0,FALSE,"",FALSE,5,"mean",-0.00069824795635292,-0.00198389229495164,-0.00413094813143838,0.000441943033490041,0.948,1,FALSE,FALSE,"equal_weight_gain","descriptive","eligible / in_regime / primary_preregistered / equal_weight_gain / descriptive"
"RD_dragracer_rpdr_contep_auto__depth_bootstrap_full","rdatasets_dragracer","empirical_public","normal_like","TAX-Q1R010","normal","locked_unseen_similar",3,3,0,0,FALSE,"",TRUE,2,"mean",0.0809098091671077,0.136237457021506,0.128454672158699,0.15576527358076,0,0,TRUE,TRUE,"strong_win","ci_confirmed","eligible / in_regime / primary_preregistered / strong_win / ci_confirmed"
"RD_dragracer_rpdr_contep_auto__depth_bootstrap_full","rdatasets_dragracer","empirical_public","normal_like","TAX-Q1R010","normal","original_regime",36,36,0,0,FALSE,"",TRUE,5,"mean",0.152757485950579,0.163315704663968,0.130078260382669,0.184400077387168,0,0,TRUE,TRUE,"strong_win","ci_confirmed","eligible / in_regime / primary_preregistered / strong_win / ci_confirmed"
"RD_dragracer_rpdr_contep_auto__depth_bootstrap_full","rdatasets_dragracer","empirical_public","normal_like","TAX-Q1R016","normal","locked_unseen_similar",2,2,0,0,FALSE,"",FALSE,2,"mean",-0.00313708594329452,-0.0128688825225467,-0.0155504595722281,-0.00752392662768733,1,1,FALSE,FALSE,"equal_weight_gain","descriptive","eligible / in_regime / primary_preregistered / equal_weight_gain / descriptive"
"RD_dragracer_rpdr_contep_auto__depth_bootstrap_full","rdatasets_dragracer","empirical_public","normal_like","TAX-Q1R016","normal","original_regime",2,2,0,0,FALSE,"",TRUE,2,"mean",0.00446552740352288,0.0115505761234282,0.00958835171180846,0.0160139131220317,0,0,TRUE,TRUE,"strong_win","ci_confirmed","eligible / in_regime / primary_preregistered / strong_win / ci_confirmed"
"RD_dragracer_rpdr_contep_auto__depth_bootstrap_full","rdatasets_dragracer","empirical_public","normal_like","TAX-Q1R017","normal","locked_unseen_similar",2,2,0,0,FALSE,"",FALSE,2,"mean",-0.00524811206386914,-0.0145957482621982,-0.0196149465163691,-0.0090354444313053,1,1,FALSE,FALSE,"equal_weight_gain","descriptive","eligible / in_regime / primary_preregistered / equal_weight_gain / descriptive"
"RD_dragracer_rpdr_contep_auto__depth_bootstrap_full","rdatasets_dragracer","empirical_public","normal_like","TAX-Q1R017","normal","original_regime",2,2,0,0,FALSE,"",FALSE,2,"mean",-0.000222384552048243,-0.000500720897517778,-0.00529384972767254,0.00442502407083289,0.382,1,FALSE,FALSE,"equal_weight_gain","descriptive","eligible / in_regime / primary_preregistered / equal_weight_gain / descriptive"
"RD_dragracer_rpdr_contep_auto__depth_bootstrap_full","rdatasets_dragracer","empirical_public","normal_like","TAX-Q1R023","normal","locked_unseen_similar",3,3,0,0,FALSE,"",FALSE,3,"mean",0.0021372308066072,0.00574994206989574,-0.00157671010425308,0.0150558501119697,0.0686666666666667,0.212840357598978,FALSE,FALSE,"strong_point_signal","near_ci","eligible / in_regime / primary_preregistered / strong_point_signal / near_ci"
"RD_dragracer_rpdr_contep_auto__depth_bootstrap_full","rdatasets_dragracer","empirical_public","normal_like","TAX-Q1R023","normal","original_regime",6,6,0,0,FALSE,"",TRUE,2,"mean",0.10844541601415,0.12076741640272,0.0914594041074726,0.145515413766098,0,0,TRUE,TRUE,"strong_win","ci_confirmed","eligible / in_regime / primary_preregistered / strong_win / ci_confirmed"
"RD_dragracer_rpdr_contep_auto__depth_bootstrap_full","rdatasets_dragracer","empirical_public","normal_like","TAX-Q1R024","normal","locked_unseen_similar",2,2,0,0,FALSE,"",FALSE,2,"mean",-0.00918272321914072,-0.0277410051214857,-0.033343991724823,-0.0225024156336096,1,1,FALSE,FALSE,"equal_weight_gain","descriptive","eligible / in_regime / primary_preregistered / equal_weight_gain / descriptive"
"RD_dragracer_rpdr_contep_auto__depth_bootstrap_full","rdatasets_dragracer","empirical_public","normal_like","TAX-Q1R024","normal","original_regime",2,2,0,0,FALSE,"",TRUE,2,"mean",0.00785213586097257,0.0222384124914565,0.014722179021761,0.0281575220154167,0,0,TRUE,TRUE,"strong_win","ci_confirmed","eligible / in_regime / primary_preregistered / strong_win / ci_confirmed"
"RD_dragracer_rpdr_contep_auto__depth_bootstrap_full","rdatasets_dragracer","empirical_public","normal_like","TAX-Q1R025","normal","locked_unseen_similar",3,3,0,0,FALSE,"",TRUE,3,"mean",0.00333315967662754,0.0116322076821736,0.00415901276090001,0.0169414375338376,0,0,TRUE,TRUE,"strong_win","ci_confirmed","eligible / in_regime / primary_preregistered / strong_win / ci_confirmed"
"RD_dragracer_rpdr_contep_auto__depth_bootstrap_full","rdatasets_dragracer","empirical_public","normal_like","TAX-Q1R025","normal","original_regime",6,6,0,0,FALSE,"",TRUE,2,"mean",0.1090466571095,0.120747342881466,0.094567390604731,0.147834525283249,0,0,TRUE,TRUE,"strong_win","ci_confirmed","eligible / in_regime / primary_preregistered / strong_win / ci_confirmed"
"RD_dragracer_rpdr_contep_auto__depth_upper_tail_enriched","rdatasets_dragracer","empirical_public","normal_like","TAX-Q1R010","normal","locked_unseen_similar",3,3,0,0,FALSE,"",FALSE,3,"mean",-9.41217779960472e-05,-0.00129232185975778,-0.00767802864316574,0.00391332263515106,0.648,1,FALSE,FALSE,"equal_weight_gain","descriptive","eligible / in_regime / primary_preregistered / equal_weight_gain / descriptive"
"RD_dragracer_rpdr_contep_auto__depth_upper_tail_enriched","rdatasets_dragracer","empirical_public","normal_like","TAX-Q1R010","normal","original_regime",36,36,0,0,FALSE,"",TRUE,31,"mean",0.000182497999782168,0.00225154386008641,2.9996734377751e-05,0.00441986087305727,0.024,0.07584375,FALSE,TRUE,"strong_win","ci_confirmed","eligible / in_regime / primary_preregistered / strong_win / ci_confirmed"
"RD_dragracer_rpdr_contep_auto__depth_upper_tail_enriched","rdatasets_dragracer","empirical_public","normal_like","TAX-Q1R016","normal","locked_unseen_similar",2,2,0,0,FALSE,"",FALSE,2,"mean",-0.000934648145799062,0.000785525251975956,-0.0069402350412359,0.00209097067030047,0.496,1,FALSE,FALSE,"equal_weight_gain","near_ci","eligible / in_regime / primary_preregistered / equal_weight_gain / near_ci"
"RD_dragracer_rpdr_contep_auto__depth_upper_tail_enriched","rdatasets_dragracer","empirical_public","normal_like","TAX-Q1R016","normal","original_regime",2,2,0,0,FALSE,"",FALSE,2,"mean",-0.000748988234291363,-0.00326609726808306,-0.00638833725038144,0.00080689619352173,0.916,1,FALSE,FALSE,"equal_weight_gain","descriptive","eligible / in_regime / primary_preregistered / equal_weight_gain / descriptive"
"RD_dragracer_rpdr_contep_auto__depth_upper_tail_enriched","rdatasets_dragracer","empirical_public","normal_like","TAX-Q1R017","normal","locked_unseen_similar",2,2,0,0,FALSE,"",FALSE,2,"mean",8.42752416125489e-05,-0.00126704117678978,-0.0035889488140901,0.003805228994614,0.408,1,FALSE,FALSE,"equal_weight_gain","descriptive","eligible / in_regime / primary_preregistered / equal_weight_gain / descriptive"
"RD_dragracer_rpdr_contep_auto__depth_upper_tail_enriched","rdatasets_dragracer","empirical_public","normal_like","TAX-Q1R017","normal","original_regime",2,2,0,0,FALSE,"",FALSE,2,"mean",-0.000240672393472383,0.000152416989218411,-0.00427019753617605,0.00364120234588112,0.506,1,FALSE,FALSE,"equal_weight_gain","near_ci","eligible / in_regime / primary_preregistered / equal_weight_gain / near_ci"
"RD_dragracer_rpdr_contep_auto__depth_upper_tail_enriched","rdatasets_dragracer","empirical_public","normal_like","TAX-Q1R023","normal","locked_unseen_similar",3,3,0,0,FALSE,"",FALSE,3,"mean",-0.00200007138806696,-0.00783357908856983,-0.0122487909477285,-0.00264768666813655,0.996,1,FALSE,FALSE,"equal_weight_gain","descriptive","eligible / in_regime / primary_preregistered / equal_weight_gain / descriptive"
"RD_dragracer_rpdr_contep_auto__depth_upper_tail_enriched","rdatasets_dragracer","empirical_public","normal_like","TAX-Q1R023","normal","original_regime",6,6,0,0,FALSE,"",FALSE,6,"mean",-0.00152939005247041,-0.00709622945997283,-0.0125575100649754,-0.0011849937611799,0.982,1,FALSE,FALSE,"equal_weight_gain","descriptive","eligible / in_regime / primary_preregistered / equal_weight_gain / descriptive"
"RD_dragracer_rpdr_contep_auto__depth_upper_tail_enriched","rdatasets_dragracer","empirical_public","normal_like","TAX-Q1R024","normal","locked_unseen_similar",2,2,0,0,FALSE,"",FALSE,2,"mean",0.000287175725412057,0.000283380224713345,-0.00305024675808736,0.00313141424934182,0.534,1,FALSE,FALSE,"strong_point_signal","near_ci","eligible / in_regime / primary_preregistered / strong_point_signal / near_ci"
"RD_dragracer_rpdr_contep_auto__depth_upper_tail_enriched","rdatasets_dragracer","empirical_public","normal_like","TAX-Q1R024","normal","original_regime",2,2,0,0,FALSE,"",FALSE,2,"mean",0.000239645207368818,-0.000739825236836168,-0.00433521088713699,0.00349975130075785,0.538,1,FALSE,FALSE,"equal_weight_gain","descriptive","eligible / in_regime / primary_preregistered / equal_weight_gain / descriptive"
"RD_dragracer_rpdr_contep_auto__depth_upper_tail_enriched","rdatasets_dragracer","empirical_public","normal_like","TAX-Q1R025","normal","locked_unseen_similar",3,3,0,0,FALSE,"",FALSE,3,"mean",-0.00230613408556759,-0.0122333352009424,-0.0143603418103903,-0.00254883196353072,0.994,1,FALSE,FALSE,"equal_weight_gain","descriptive","eligible / in_regime / primary_preregistered / equal_weight_gain / descriptive"
"RD_dragracer_rpdr_contep_auto__depth_upper_tail_enriched","rdatasets_dragracer","empirical_public","normal_like","TAX-Q1R025","normal","original_regime",6,6,0,0,FALSE,"",FALSE,5,"mean",-0.00224262281308915,-0.0102618114587498,-0.0134367204900987,-0.00622853067321799,1,1,FALSE,FALSE,"equal_weight_gain","descriptive","eligible / in_regime / primary_preregistered / equal_weight_gain / descriptive"
"RD_dragracer_rpdr_contep_auto","rdatasets_dragracer","empirical_public","normal_like","TAX-Q1R010","normal","original_regime",10,10,10,10,TRUE,"",TRUE,5,"mean",0.169902667049486,0.184308999692429,0.153887179609793,0.215415216163213,0,0,TRUE,TRUE,"strong_win","ci_confirmed","eligible / in_regime / primary_preregistered / strong_win / ci_confirmed"
"RD_educationR_major_survey_tbl_df_auto","rdatasets_educationR","empirical_public","normal_like","TAX-Q1R010","normal","locked_unseen_similar",3,3,0,0,FALSE,"",FALSE,3,"mean",-0.000132496473979962,-0.000184113982280958,-0.000185401525380387,-0.000183752085228899,1,1,FALSE,FALSE,"equal_weight_gain","descriptive","eligible / in_regime / primary_preregistered / equal_weight_gain / descriptive"
"RD_educationR_major_survey_tbl_df_auto","rdatasets_educationR","empirical_public","normal_like","TAX-Q1R010","normal","original_regime",36,36,0,0,FALSE,"",FALSE,15,"mean",-0.000131493848041775,-0.000183727193315127,-0.000183941729794828,-0.000183305654349167,1,1,FALSE,FALSE,"equal_weight_gain","descriptive","eligible / in_regime / primary_preregistered / equal_weight_gain / descriptive"
"RD_educationR_major_survey_tbl_df_auto","rdatasets_educationR","empirical_public","normal_like","TAX-Q1R016","normal","locked_unseen_similar",2,2,0,0,FALSE,"",FALSE,1,"mean",-4.53959581290365e-05,-5.00385426602606e-05,-5.00944296190125e-05,-4.98992072349091e-05,1,1,FALSE,FALSE,"equal_weight_gain","descriptive","eligible / in_regime / primary_preregistered / equal_weight_gain / descriptive"
"RD_educationR_major_survey_tbl_df_auto","rdatasets_educationR","empirical_public","normal_like","TAX-Q1R016","normal","original_regime",2,2,0,0,FALSE,"",FALSE,1,"mean",-4.48464485409994e-05,-4.99561060632161e-05,-5.00185037925585e-05,-4.98072216762583e-05,1,1,FALSE,FALSE,"equal_weight_gain","descriptive","eligible / in_regime / primary_preregistered / equal_weight_gain / descriptive"
"RD_educationR_major_survey_tbl_df_auto","rdatasets_educationR","empirical_public","normal_like","TAX-Q1R017","normal","locked_unseen_similar",2,2,0,0,FALSE,"",FALSE,2,"mean",-7.41095159016922e-05,-8.16917055014613e-05,-8.32707375515044e-05,-8.06914686296409e-05,1,1,FALSE,FALSE,"equal_weight_gain","descriptive","eligible / in_regime / primary_preregistered / equal_weight_gain / descriptive"
"RD_educationR_major_survey_tbl_df_auto","rdatasets_educationR","empirical_public","normal_like","TAX-Q1R017","normal","original_regime",2,2,0,0,FALSE,"",FALSE,2,"mean",-7.42004638887547e-05,-8.17928078890118e-05,-8.22193013290701e-05,-8.13576876640956e-05,1,1,FALSE,FALSE,"equal_weight_gain","descriptive","eligible / in_regime / primary_preregistered / equal_weight_gain / descriptive"
"RD_educationR_major_survey_tbl_df_auto","rdatasets_educationR","empirical_public","normal_like","TAX-Q1R023","normal","locked_unseen_similar",3,3,0,0,FALSE,"",FALSE,3,"mean",-0.000187327778196484,-0.000200475046436279,-0.000200486764932573,-0.000200451182742377,1,1,FALSE,FALSE,"equal_weight_gain","descriptive","eligible / in_regime / primary_preregistered / equal_weight_gain / descriptive"
"RD_educationR_major_survey_tbl_df_auto","rdatasets_educationR","empirical_public","normal_like","TAX-Q1R023","normal","original_regime",6,6,0,0,FALSE,"",FALSE,2,"mean",-0.000160701250633297,-0.000210570728042957,-0.000213982200600011,-0.000210548197754006,1,1,FALSE,FALSE,"equal_weight_gain","descriptive","eligible / in_regime / primary_preregistered / equal_weight_gain / descriptive"
"RD_educationR_major_survey_tbl_df_auto","rdatasets_educationR","empirical_public","normal_like","TAX-Q1R024","normal","locked_unseen_similar",2,2,0,0,FALSE,"",FALSE,2,"mean",-8.10873422020821e-05,-8.72728099375174e-05,-8.7612466996432e-05,-8.6359914289851e-05,1,1,FALSE,FALSE,"equal_weight_gain","descriptive","eligible / in_regime / primary_preregistered / equal_weight_gain / descriptive"
"RD_educationR_major_survey_tbl_df_auto","rdatasets_educationR","empirical_public","normal_like","TAX-Q1R024","normal","original_regime",2,2,0,0,FALSE,"",FALSE,2,"mean",-8.07863660189492e-05,-8.63887910251427e-05,-8.71221164160626e-05,-8.61423577208031e-05,1,1,FALSE,FALSE,"equal_weight_gain","descriptive","eligible / in_regime / primary_preregistered / equal_weight_gain / descriptive"
"RD_educationR_major_survey_tbl_df_auto","rdatasets_educationR","empirical_public","normal_like","TAX-Q1R025","normal","locked_unseen_similar",3,3,0,0,FALSE,"",FALSE,3,"mean",-0.000184078947706763,-0.000197508380744845,-0.000197518051309663,-0.000197492425913479,1,1,FALSE,FALSE,"equal_weight_gain","descriptive","eligible / in_regime / primary_preregistered / equal_weight_gain / descriptive"
"RD_educationR_major_survey_tbl_df_auto","rdatasets_educationR","empirical_public","normal_like","TAX-Q1R025","normal","original_regime",6,6,0,0,FALSE,"",FALSE,6,"mean",-0.000155796137758328,-0.000207593174085456,-0.000210447514018634,-0.000207553462509283,1,1,FALSE,FALSE,"equal_weight_gain","descriptive","eligible / in_regime / primary_preregistered / equal_weight_gain / descriptive"
"RD_forecast_taylor_auto","rdatasets_forecast","empirical_public","normal_like","TAX-Q1R010","normal","locked_unseen_similar",3,3,0,0,FALSE,"",FALSE,3,"mean",-7685.91332933244,-32045.425632925,-44439.5157529419,-16824.8056426524,1,1,FALSE,FALSE,"equal_weight_gain","descriptive","eligible / in_regime / primary_preregistered / equal_weight_gain / descriptive"
"RD_forecast_taylor_auto","rdatasets_forecast","empirical_public","normal_like","TAX-Q1R010","normal","original_regime",36,36,0,0,FALSE,"",FALSE,36,"mean",-4751.90425227228,-21669.7006464199,-33679.0928498506,-10380.1615078434,1,1,FALSE,FALSE,"equal_weight_gain","descriptive","eligible / in_regime / primary_preregistered / equal_weight_gain / descriptive"
"RD_forecast_taylor_auto","rdatasets_forecast","empirical_public","normal_like","TAX-Q1R016","normal","locked_unseen_similar",2,2,0,0,FALSE,"",FALSE,2,"mean",-7100.17161294258,-20998.8353608685,-28578.8801823819,-13200.323345448,1,1,FALSE,FALSE,"equal_weight_gain","descriptive","eligible / in_regime / primary_preregistered / equal_weight_gain / descriptive"
"RD_forecast_taylor_auto","rdatasets_forecast","empirical_public","normal_like","TAX-Q1R016","normal","original_regime",2,2,0,0,FALSE,"",FALSE,2,"mean",-8056.65895358284,-32266.4826772787,-43349.324082714,-24310.4347155108,1,1,FALSE,FALSE,"equal_weight_gain","descriptive","eligible / in_regime / primary_preregistered / equal_weight_gain / descriptive"
"RD_forecast_taylor_auto","rdatasets_forecast","empirical_public","normal_like","TAX-Q1R017","normal","locked_unseen_similar",2,2,0,0,FALSE,"",FALSE,2,"mean",-3459.21279060781,-13667.5475318907,-22842.2802683373,-3421.5449801509,0.994,1,FALSE,FALSE,"equal_weight_gain","descriptive","eligible / in_regime / primary_preregistered / equal_weight_gain / descriptive"
"RD_forecast_taylor_auto","rdatasets_forecast","empirical_public","normal_like","TAX-Q1R017","normal","original_regime",2,2,0,0,FALSE,"",FALSE,2,"mean",-4115.02404694546,-18843.6519070167,-29659.2086023896,-4351.47402259539,0.996,1,FALSE,FALSE,"equal_weight_gain","descriptive","eligible / in_regime / primary_preregistered / equal_weight_gain / descriptive"
"RD_forecast_taylor_auto","rdatasets_forecast","empirical_public","normal_like","TAX-Q1R023","normal","locked_unseen_similar",3,3,0,0,FALSE,"",FALSE,3,"mean",-3194.80051133981,-7237.05514819486,-28510.7662530905,822.229797156593,0.962,1,FALSE,FALSE,"equal_weight_gain","descriptive","eligible / in_regime / primary_preregistered / equal_weight_gain / descriptive"
"RD_forecast_taylor_auto","rdatasets_forecast","empirical_public","normal_like","TAX-Q1R023","normal","original_regime",6,6,0,0,FALSE,"",FALSE,6,"mean",-3325.28091409051,-11128.4816605549,-20501.3363069684,877.379352621405,0.936,1,FALSE,FALSE,"equal_weight_gain","descriptive","eligible / in_regime / primary_preregistered / equal_weight_gain / descriptive"
"RD_forecast_taylor_auto","rdatasets_forecast","empirical_public","normal_like","TAX-Q1R024","normal","locked_unseen_similar",2,2,0,0,FALSE,"",FALSE,2,"mean",-7006.74471077063,-22359.5418242346,-37163.7567576143,-1947.70698084499,0.978,1,FALSE,FALSE,"equal_weight_gain","descriptive","eligible / in_regime / primary_preregistered / equal_weight_gain / descriptive"
"RD_forecast_taylor_auto","rdatasets_forecast","empirical_public","normal_like","TAX-Q1R024","normal","original_regime",2,2,0,0,FALSE,"",FALSE,2,"mean",-7410.33768242107,-37562.76930499,-47267.8303817347,-21363.5333043358,1,1,FALSE,FALSE,"equal_weight_gain","descriptive","eligible / in_regime / primary_preregistered / equal_weight_gain / descriptive"
"RD_forecast_taylor_auto","rdatasets_forecast","empirical_public","normal_like","TAX-Q1R025","normal","locked_unseen_similar",3,3,0,0,FALSE,"",FALSE,3,"mean",-3826.89824621269,-19092.6507760966,-26578.7373905615,-9190.5302505035,1,1,FALSE,FALSE,"equal_weight_gain","descriptive","eligible / in_regime / primary_preregistered / equal_weight_gain / descriptive"
"RD_forecast_taylor_auto","rdatasets_forecast","empirical_public","normal_like","TAX-Q1R025","normal","original_regime",6,6,0,0,FALSE,"",FALSE,5,"mean",-3007.6679797168,-11312.3061031003,-17398.0940099705,-591.694801123441,0.992,1,FALSE,FALSE,"equal_weight_gain","descriptive","eligible / in_regime / primary_preregistered / equal_weight_gain / descriptive"
"RD_fpp2_calls_auto__depth_body_10_90","rdatasets_fpp2","empirical_public","normal_like","TAX-Q1R010","normal","locked_unseen_similar",3,3,0,0,FALSE,"",FALSE,3,"mean",-1.77185731433017,-9.90298306971578,-11.8366546838326,-7.2239749045637,1,1,FALSE,FALSE,"equal_weight_gain","descriptive","eligible / in_regime / primary_preregistered / equal_weight_gain / descriptive"
"RD_fpp2_calls_auto__depth_body_10_90","rdatasets_fpp2","empirical_public","normal_like","TAX-Q1R010","normal","original_regime",36,36,0,0,FALSE,"",FALSE,27,"mean",-1.7858827751909,-5.85453354225457,-8.66708838699302,-2.97976376872482,1,1,FALSE,FALSE,"equal_weight_gain","descriptive","eligible / in_regime / primary_preregistered / equal_weight_gain / descriptive"
"RD_fpp2_calls_auto__depth_body_10_90","rdatasets_fpp2","empirical_public","normal_like","TAX-Q1R016","normal","locked_unseen_similar",2,2,0,0,FALSE,"",FALSE,2,"mean",-3.33034504395566,-12.7874598311382,-14.4078543283997,-8.12462543266993,1,1,FALSE,FALSE,"equal_weight_gain","descriptive","eligible / in_regime / primary_preregistered / equal_weight_gain / descriptive"
"RD_fpp2_calls_auto__depth_body_10_90","rdatasets_fpp2","empirical_public","normal_like","TAX-Q1R016","normal","original_regime",2,2,0,0,FALSE,"",FALSE,2,"mean",-2.52321815193259,-7.92609905903377,-11.2861930341955,-3.27599396011227,1,1,FALSE,FALSE,"equal_weight_gain","descriptive","eligible / in_regime / primary_preregistered / equal_weight_gain / descriptive"
"RD_fpp2_calls_auto__depth_body_10_90","rdatasets_fpp2","empirical_public","normal_like","TAX-Q1R017","normal","locked_unseen_similar",2,2,0,0,FALSE,"",FALSE,2,"mean",-0.483451964142284,-2.6624937555202,-3.88282845521185,-0.505868534650345,0.998,1,FALSE,FALSE,"equal_weight_gain","descriptive","eligible / in_regime / primary_preregistered / equal_weight_gain / descriptive"
"RD_fpp2_calls_auto__depth_body_10_90","rdatasets_fpp2","empirical_public","normal_like","TAX-Q1R017","normal","original_regime",2,2,0,0,FALSE,"",FALSE,2,"mean",-0.445176848588493,-1.60173017301765,-3.04491378557652,0.144835121726402,0.96,1,FALSE,FALSE,"equal_weight_gain","descriptive","eligible / in_regime / primary_preregistered / equal_weight_gain / descriptive"
"RD_fpp2_calls_auto__depth_body_10_90","rdatasets_fpp2","empirical_public","normal_like","TAX-Q1R023","normal","locked_unseen_similar",3,3,0,0,FALSE,"",FALSE,3,"mean",-2.12487005763084,-10.6749147116183,-13.8318531948096,-7.70921598163665,1,1,FALSE,FALSE,"equal_weight_gain","descriptive","eligible / in_regime / primary_preregistered / equal_weight_gain / descriptive"
"RD_fpp2_calls_auto__depth_body_10_90","rdatasets_fpp2","empirical_public","normal_like","TAX-Q1R023","normal","original_regime",6,6,0,0,FALSE,"",FALSE,6,"mean",-1.75574422332341,-7.07210510784578,-9.04966687394107,-1.79072944587956,0.998,1,FALSE,FALSE,"equal_weight_gain","descriptive","eligible / in_regime / primary_preregistered / equal_weight_gain / descriptive"
"RD_fpp2_calls_auto__depth_body_10_90","rdatasets_fpp2","empirical_public","normal_like","TAX-Q1R024","normal","locked_unseen_similar",2,2,0,0,FALSE,"",FALSE,2,"mean",-0.785304444796845,-2.70051725945272,-4.9720749823181,-0.330218087736859,0.992,1,FALSE,FALSE,"equal_weight_gain","descriptive","eligible / in_regime / primary_preregistered / equal_weight_gain / descriptive"
"RD_fpp2_calls_auto__depth_body_10_90","rdatasets_fpp2","empirical_public","normal_like","TAX-Q1R024","normal","original_regime",2,2,0,0,FALSE,"",FALSE,2,"mean",-0.656403850210979,-1.73046028664095,-3.55051827247,-0.263306530765682,0.994,1,FALSE,FALSE,"equal_weight_gain","descriptive","eligible / in_regime / primary_preregistered / equal_weight_gain / descriptive"
"RD_fpp2_calls_auto__depth_body_10_90","rdatasets_fpp2","empirical_public","normal_like","TAX-Q1R025","normal","locked_unseen_similar",3,3,0,0,FALSE,"",FALSE,3,"mean",-2.04372808372866,-6.74068018358325,-10.5013554838444,-3.67036136753178,1,1,FALSE,FALSE,"equal_weight_gain","descriptive","eligible / in_regime / primary_preregistered / equal_weight_gain / descriptive"
"RD_fpp2_calls_auto__depth_body_10_90","rdatasets_fpp2","empirical_public","normal_like","TAX-Q1R025","normal","original_regime",6,6,0,0,FALSE,"",FALSE,6,"mean",-2.06756524443514,-6.39895495422326,-8.88739772682063,-3.85114083670578,1,1,FALSE,FALSE,"equal_weight_gain","descriptive","eligible / in_regime / primary_preregistered / equal_weight_gain / descriptive"
"RD_fpp2_calls_auto__depth_bootstrap_full","rdatasets_fpp2","empirical_public","normal_like","TAX-Q1R010","normal","locked_unseen_similar",3,3,0,0,FALSE,"",TRUE,1,"mean",47.5976956853687,74.4934679544913,69.7772751792534,83.8160251969024,0,0,TRUE,TRUE,"strong_win","ci_confirmed","eligible / in_regime / primary_preregistered / strong_win / ci_confirmed"
"RD_fpp2_calls_auto__depth_bootstrap_full","rdatasets_fpp2","empirical_public","normal_like","TAX-Q1R010","normal","original_regime",36,36,0,0,FALSE,"",TRUE,2,"mean",50.6571196449555,82.4663618425955,77.9136451898366,89.9230898572133,0,0,TRUE,TRUE,"strong_win","ci_confirmed","eligible / in_regime / primary_preregistered / strong_win / ci_confirmed"
"RD_fpp2_calls_auto__depth_bootstrap_full","rdatasets_fpp2","empirical_public","normal_like","TAX-Q1R016","normal","locked_unseen_similar",2,2,0,0,FALSE,"",FALSE,2,"mean",-4.14408029047252,-15.2360557834648,-18.0930134274886,-11.7163681424509,1,1,FALSE,FALSE,"equal_weight_gain","descriptive","eligible / in_regime / primary_preregistered / equal_weight_gain / descriptive"
"RD_fpp2_calls_auto__depth_bootstrap_full","rdatasets_fpp2","empirical_public","normal_like","TAX-Q1R016","normal","original_regime",2,2,0,0,FALSE,"",FALSE,2,"mean",-5.06372233071999,-13.9594360459641,-16.8642868979698,-12.3162180586621,1,1,FALSE,FALSE,"equal_weight_gain","descriptive","eligible / in_regime / primary_preregistered / equal_weight_gain / descriptive"
"RD_fpp2_calls_auto__depth_bootstrap_full","rdatasets_fpp2","empirical_public","normal_like","TAX-Q1R017","normal","locked_unseen_similar",2,2,0,0,FALSE,"",FALSE,2,"mean",0.707346964564522,2.31859904237968,-2.46780786832818,5.88732451419028,0.168,0.509033707865169,FALSE,FALSE,"strong_point_signal","near_ci","eligible / in_regime / primary_preregistered / strong_point_signal / near_ci"
"RD_fpp2_calls_auto__depth_bootstrap_full","rdatasets_fpp2","empirical_public","normal_like","TAX-Q1R017","normal","original_regime",2,2,0,0,FALSE,"",TRUE,2,"mean",2.60522342076365,8.84325036147376,5.22360389847602,12.0256948984502,0,0,TRUE,TRUE,"strong_win","ci_confirmed","eligible / in_regime / primary_preregistered / strong_win / ci_confirmed"
"RD_fpp2_calls_auto__depth_bootstrap_full","rdatasets_fpp2","empirical_public","normal_like","TAX-Q1R023","normal","locked_unseen_similar",3,3,0,0,FALSE,"",FALSE,3,"mean",-0.309927080442904,-1.9871277989248,-4.65753659632092,0.571756929118594,0.942,1,FALSE,FALSE,"equal_weight_gain","descriptive","eligible / in_regime / primary_preregistered / equal_weight_gain / descriptive"
"RD_fpp2_calls_auto__depth_bootstrap_full","rdatasets_fpp2","empirical_public","normal_like","TAX-Q1R023","normal","original_regime",6,6,0,0,FALSE,"",TRUE,2,"mean",31.2840472630934,45.183467749564,36.228895507782,50.5608707384256,0,0,TRUE,TRUE,"strong_win","ci_confirmed","eligible / in_regime / primary_preregistered / strong_win / ci_confirmed"
"RD_fpp2_calls_auto__depth_bootstrap_full","rdatasets_fpp2","empirical_public","normal_like","TAX-Q1R024","normal","locked_unseen_similar",2,2,0,0,FALSE,"",FALSE,2,"mean",-0.407451598441281,-1.70846661293319,-6.73543510038566,2.87695909110814,0.804,1,FALSE,FALSE,"equal_weight_gain","descriptive","eligible / in_regime / primary_preregistered / equal_weight_gain / descriptive"
"RD_fpp2_calls_auto__depth_bootstrap_full","rdatasets_fpp2","empirical_public","normal_like","TAX-Q1R024","normal","original_regime",2,2,0,0,FALSE,"",TRUE,2,"mean",2.75393351982317,9.86456034678032,5.05004273879277,14.3599180955469,0,0,TRUE,TRUE,"strong_win","ci_confirmed","eligible / in_regime / primary_preregistered / strong_win / ci_confirmed"
"RD_fpp2_calls_auto__depth_bootstrap_full","rdatasets_fpp2","empirical_public","normal_like","TAX-Q1R025","normal","locked_unseen_similar",3,3,0,0,FALSE,"",FALSE,3,"mean",-0.167386163173291,-2.73626505123076,-5.06957242897507,1.08667021025324,0.896,1,FALSE,FALSE,"equal_weight_gain","descriptive","eligible / in_regime / primary_preregistered / equal_weight_gain / descriptive"
"RD_fpp2_calls_auto__depth_bootstrap_full","rdatasets_fpp2","empirical_public","normal_like","TAX-Q1R025","normal","original_regime",6,6,0,0,FALSE,"",TRUE,2,"mean",31.3693043077408,42.9538373477072,37.4699129614786,50.8226364993204,0,0,TRUE,TRUE,"strong_win","ci_confirmed","eligible / in_regime / primary_preregistered / strong_win / ci_confirmed"
"RD_fpp2_calls_auto__depth_upper_tail_enriched","rdatasets_fpp2","empirical_public","normal_like","TAX-Q1R010","normal","locked_unseen_similar",3,3,0,0,FALSE,"",TRUE,2,"mean",9.57587025855071,10.4538554568365,5.76319583176412,16.5505703025492,0,0,TRUE,TRUE,"strong_win","ci_confirmed","eligible / in_regime / primary_preregistered / strong_win / ci_confirmed"
"RD_fpp2_calls_auto__depth_upper_tail_enriched","rdatasets_fpp2","empirical_public","normal_like","TAX-Q1R010","normal","original_regime",36,36,0,0,FALSE,"",FALSE,33,"mean",1.04458403365039,-7.2876360507646,-11.3704854161383,0.147600162362721,0.956,1,FALSE,FALSE,"no_win","descriptive","eligible / in_regime / primary_preregistered / no_win / descriptive"
"RD_fpp2_calls_auto__depth_upper_tail_enriched","rdatasets_fpp2","empirical_public","normal_like","TAX-Q1R016","normal","locked_unseen_similar",2,2,0,0,FALSE,"",FALSE,2,"mean",-42.0394714120269,-74.4589524800924,-80.7375358745999,-65.7615093995609,1,1,FALSE,FALSE,"equal_weight_gain","descriptive","eligible / in_regime / primary_preregistered / equal_weight_gain / descriptive"
"RD_fpp2_calls_auto__depth_upper_tail_enriched","rdatasets_fpp2","empirical_public","normal_like","TAX-Q1R016","normal","original_regime",2,2,0,0,FALSE,"",FALSE,2,"mean",-34.254112827052,-70.0275687841999,-71.636859139111,-60.0793009443006,1,1,FALSE,FALSE,"equal_weight_gain","descriptive","eligible / in_regime / primary_preregistered / equal_weight_gain / descriptive"
"RD_fpp2_calls_auto__depth_upper_tail_enriched","rdatasets_fpp2","empirical_public","normal_like","TAX-Q1R017","normal","locked_unseen_similar",2,2,0,0,FALSE,"",FALSE,2,"mean",1.55188581157012,-0.125770153327792,-3.64736783795164,1.74794319558038,0.562,1,FALSE,FALSE,"pareto_signal","descriptive","eligible / in_regime / primary_preregistered / pareto_signal / descriptive"
"RD_fpp2_calls_auto__depth_upper_tail_enriched","rdatasets_fpp2","empirical_public","normal_like","TAX-Q1R017","normal","original_regime",2,2,0,0,FALSE,"",FALSE,2,"mean",0.474096365614866,-0.331677186264841,-4.16266475328973,1.94898677116913,0.738,1,FALSE,FALSE,"pareto_signal","descriptive","eligible / in_regime / primary_preregistered / pareto_signal / descriptive"
"RD_fpp2_calls_auto__depth_upper_tail_enriched","rdatasets_fpp2","empirical_public","normal_like","TAX-Q1R023","normal","locked_unseen_similar",3,3,0,0,FALSE,"",FALSE,3,"mean",-29.2198022067218,-67.1439683088831,-69.9443699751475,-56.7084752263727,1,1,FALSE,FALSE,"equal_weight_gain","descriptive","eligible / in_regime / primary_preregistered / equal_weight_gain / descriptive"
"RD_fpp2_calls_auto__depth_upper_tail_enriched","rdatasets_fpp2","empirical_public","normal_like","TAX-Q1R023","normal","original_regime",6,6,0,0,FALSE,"",TRUE,6,"mean",16.6235800245678,21.4984159212332,17.0504395744133,23.173484188845,0,0,TRUE,TRUE,"strong_win","ci_confirmed","eligible / in_regime / primary_preregistered / strong_win / ci_confirmed"
"RD_fpp2_calls_auto__depth_upper_tail_enriched","rdatasets_fpp2","empirical_public","normal_like","TAX-Q1R024","normal","locked_unseen_similar",2,2,0,0,FALSE,"",FALSE,2,"mean",-1.53114580895719,-7.01450500802257,-11.1629024337242,-3.81219213227172,1,1,FALSE,FALSE,"equal_weight_gain","descriptive","eligible / in_regime / primary_preregistered / equal_weight_gain / descriptive"
"RD_fpp2_calls_auto__depth_upper_tail_enriched","rdatasets_fpp2","empirical_public","normal_like","TAX-Q1R024","normal","original_regime",2,2,0,0,FALSE,"",FALSE,2,"mean",-1.01735889983625,-6.62016465277532,-9.14800786551177,-1.34040970174274,0.998,1,FALSE,FALSE,"equal_weight_gain","descriptive","eligible / in_regime / primary_preregistered / equal_weight_gain / descriptive"
"RD_fpp2_calls_auto__depth_upper_tail_enriched","rdatasets_fpp2","empirical_public","normal_like","TAX-Q1R025","normal","locked_unseen_similar",3,3,0,0,FALSE,"",FALSE,3,"mean",-29.3199655288404,-61.5308873738262,-69.679553542602,-53.686527509449,1,1,FALSE,FALSE,"equal_weight_gain","descriptive","eligible / in_regime / primary_preregistered / equal_weight_gain / descriptive"
"RD_fpp2_calls_auto__depth_upper_tail_enriched","rdatasets_fpp2","empirical_public","normal_like","TAX-Q1R025","normal","original_regime",6,6,0,0,FALSE,"",TRUE,6,"mean",16.6329744287092,20.1318004075435,17.6746892436386,23.3799913422201,0,0,TRUE,TRUE,"strong_win","ci_confirmed","eligible / in_regime / primary_preregistered / strong_win / ci_confirmed"
"RD_fpp2_calls_auto","rdatasets_fpp2","empirical_public","normal_like","TAX-Q1R010","normal","original_regime",10,10,10,10,TRUE,"",TRUE,8,"mean",77.1754996571174,116.200336061005,108.623008438992,121.170516817133,0,0,TRUE,TRUE,"strong_win","ci_confirmed","eligible / in_regime / primary_preregistered / strong_win / ci_confirmed"
"RD_gt_pizzaplace_auto__depth_body_10_90","rdatasets_gt","empirical_public","normal_like","TAX-Q1R010","normal","locked_unseen_similar",3,3,0,0,FALSE,"",FALSE,3,"mean",-0.00192300579549142,-0.00892359385281528,-0.0121935178360389,-0.00363116939825352,1,1,FALSE,FALSE,"equal_weight_gain","descriptive","eligible / in_regime / primary_preregistered / equal_weight_gain / descriptive"
"RD_gt_pizzaplace_auto__depth_body_10_90","rdatasets_gt","empirical_public","normal_like","TAX-Q1R010","normal","original_regime",36,36,0,0,FALSE,"",FALSE,27,"mean",-0.00161518656571543,-0.00407100006665176,-0.0099490319080136,-9.72362367082428e-05,0.98,1,FALSE,FALSE,"equal_weight_gain","descriptive","eligible / in_regime / primary_preregistered / equal_weight_gain / descriptive"
"RD_gt_pizzaplace_auto__depth_body_10_90","rdatasets_gt","empirical_public","normal_like","TAX-Q1R016","normal","locked_unseen_similar",2,2,0,0,FALSE,"",FALSE,2,"mean",-0.00032315079421272,-0.000262922906256305,-0.00283098064418644,0.000421655915833701,0.864,1,FALSE,FALSE,"equal_weight_gain","descriptive","eligible / in_regime / primary_preregistered / equal_weight_gain / descriptive"
"RD_gt_pizzaplace_auto__depth_body_10_90","rdatasets_gt","empirical_public","normal_like","TAX-Q1R016","normal","original_regime",2,2,0,0,FALSE,"",FALSE,2,"mean",-0.000315601322175389,-0.00185786207057219,-0.00337719845509971,-3.95963190460731e-05,0.986,1,FALSE,FALSE,"equal_weight_gain","descriptive","eligible / in_regime / primary_preregistered / equal_weight_gain / descriptive"
"RD_gt_pizzaplace_auto__depth_body_10_90","rdatasets_gt","empirical_public","normal_like","TAX-Q1R017","normal","locked_unseen_similar",2,2,0,0,FALSE,"",FALSE,2,"mean",-9.75519174285725e-05,-0.000335125503356272,-0.000949723896939363,0.000481963034108549,0.706,1,FALSE,FALSE,"equal_weight_gain","descriptive","eligible / in_regime / primary_preregistered / equal_weight_gain / descriptive"
"RD_gt_pizzaplace_auto__depth_body_10_90","rdatasets_gt","empirical_public","normal_like","TAX-Q1R017","normal","original_regime",2,2,0,0,FALSE,"",FALSE,2,"mean",-0.000134383966497158,-0.000461185752068001,-0.00116204665062097,0.000638873547855551,0.606,1,FALSE,FALSE,"equal_weight_gain","descriptive","eligible / in_regime / primary_preregistered / equal_weight_gain / descriptive"
"RD_gt_pizzaplace_auto__depth_body_10_90","rdatasets_gt","empirical_public","normal_like","TAX-Q1R023","normal","locked_unseen_similar",3,3,0,0,FALSE,"",FALSE,3,"mean",-0.000900694671597742,-0.0030240596987006,-0.00723803833944859,-0.00038874775929301,0.992,1,FALSE,FALSE,"equal_weight_gain","descriptive","eligible / in_regime / primary_preregistered / equal_weight_gain / descriptive"
"RD_gt_pizzaplace_auto__depth_body_10_90","rdatasets_gt","empirical_public","normal_like","TAX-Q1R023","normal","original_regime",6,6,0,0,FALSE,"",FALSE,5,"mean",-0.000996481086983735,-0.00582682506694863,-0.00710420614891329,-0.000301529966307629,0.998,1,FALSE,FALSE,"equal_weight_gain","descriptive","eligible / in_regime / primary_preregistered / equal_weight_gain / descriptive"
"RD_gt_pizzaplace_auto__depth_body_10_90","rdatasets_gt","empirical_public","normal_like","TAX-Q1R024","normal","locked_unseen_similar",2,2,0,0,FALSE,"",FALSE,2,"mean",-0.00119117248324137,-0.00662749773865461,-0.00883262929602562,-0.0021893492839582,0.998,1,FALSE,FALSE,"equal_weight_gain","descriptive","eligible / in_regime / primary_preregistered / equal_weight_gain / descriptive"
"RD_gt_pizzaplace_auto__depth_body_10_90","rdatasets_gt","empirical_public","normal_like","TAX-Q1R024","normal","original_regime",2,2,0,0,FALSE,"",FALSE,2,"mean",-0.00135432815421992,-0.00599712820347319,-0.00866777879370959,-0.000901650410901809,0.992,1,FALSE,FALSE,"equal_weight_gain","descriptive","eligible / in_regime / primary_preregistered / equal_weight_gain / descriptive"
"RD_gt_pizzaplace_auto__depth_body_10_90","rdatasets_gt","empirical_public","normal_like","TAX-Q1R025","normal","locked_unseen_similar",3,3,0,0,FALSE,"",FALSE,3,"mean",-0.00105038497449384,-0.00468491928062941,-0.00738031422023212,-0.000952366998715787,1,1,FALSE,FALSE,"equal_weight_gain","descriptive","eligible / in_regime / primary_preregistered / equal_weight_gain / descriptive"
"RD_gt_pizzaplace_auto__depth_body_10_90","rdatasets_gt","empirical_public","normal_like","TAX-Q1R025","normal","original_regime",6,6,0,0,FALSE,"",FALSE,6,"mean",-0.0010602522538489,-0.00223330817415917,-0.00716850867194786,-0.000407440179363089,1,1,FALSE,FALSE,"equal_weight_gain","descriptive","eligible / in_regime / primary_preregistered / equal_weight_gain / descriptive"
"RD_gt_pizzaplace_auto__depth_bootstrap_full","rdatasets_gt","empirical_public","normal_like","TAX-Q1R010","normal","locked_unseen_similar",3,3,0,0,FALSE,"",TRUE,1,"mean",2.22534805406064,3.02851433224148,2.93131539178605,3.06146805888053,0,0,TRUE,TRUE,"strong_win","ci_confirmed","eligible / in_regime / primary_preregistered / strong_win / ci_confirmed"
"RD_gt_pizzaplace_auto__depth_bootstrap_full","rdatasets_gt","empirical_public","normal_like","TAX-Q1R010","normal","original_regime",36,36,0,0,FALSE,"",TRUE,10,"mean",2.24089584513488,3.03258515393056,2.94438330304457,3.07187004045391,0,0,TRUE,TRUE,"strong_win","ci_confirmed","eligible / in_regime / primary_preregistered / strong_win / ci_confirmed"
"RD_gt_pizzaplace_auto__depth_bootstrap_full","rdatasets_gt","empirical_public","normal_like","TAX-Q1R016","normal","locked_unseen_similar",2,2,0,0,FALSE,"",TRUE,2,"mean",0.0247419087029601,0.0534866611355556,0.0517149369764045,0.0588116780748493,0,0,TRUE,TRUE,"strong_win","ci_confirmed","eligible / in_regime / primary_preregistered / strong_win / ci_confirmed"
"RD_gt_pizzaplace_auto__depth_bootstrap_full","rdatasets_gt","empirical_public","normal_like","TAX-Q1R016","normal","original_regime",2,2,0,0,FALSE,"",TRUE,1,"mean",0.10459117559176,0.227150671036034,0.21094503597946,0.240832401796722,0,0,TRUE,TRUE,"strong_win","ci_confirmed","eligible / in_regime / primary_preregistered / strong_win / ci_confirmed"
"RD_gt_pizzaplace_auto__depth_bootstrap_full","rdatasets_gt","empirical_public","normal_like","TAX-Q1R017","normal","locked_unseen_similar",2,2,0,0,FALSE,"",TRUE,1,"mean",0.0413271362998534,0.126289373834617,0.102526193906285,0.140616707975408,0,0,TRUE,TRUE,"strong_win","ci_confirmed","eligible / in_regime / primary_preregistered / strong_win / ci_confirmed"
"RD_gt_pizzaplace_auto__depth_bootstrap_full","rdatasets_gt","empirical_public","normal_like","TAX-Q1R017","normal","original_regime",2,2,0,0,FALSE,"",TRUE,1,"mean",0.140173684434646,0.34748981367435,0.311572554443874,0.380461954145036,0,0,TRUE,TRUE,"strong_win","ci_confirmed","eligible / in_regime / primary_preregistered / strong_win / ci_confirmed"
"RD_gt_pizzaplace_auto__depth_bootstrap_full","rdatasets_gt","empirical_public","normal_like","TAX-Q1R023","normal","locked_unseen_similar",3,3,0,0,FALSE,"",TRUE,1,"mean",0.136803966986527,0.320798415364346,0.298232356072001,0.355962422409843,0,0,TRUE,TRUE,"strong_win","ci_confirmed","eligible / in_regime / primary_preregistered / strong_win / ci_confirmed"
"RD_gt_pizzaplace_auto__depth_bootstrap_full","rdatasets_gt","empirical_public","normal_like","TAX-Q1R023","normal","original_regime",6,6,0,0,FALSE,"",TRUE,2,"mean",2.19491598440264,3.0179960583551,2.93390018189893,3.13105548427506,0,0,TRUE,TRUE,"strong_win","ci_confirmed","eligible / in_regime / primary_preregistered / strong_win / ci_confirmed"
"RD_gt_pizzaplace_auto__depth_bootstrap_full","rdatasets_gt","empirical_public","normal_like","TAX-Q1R024","normal","locked_unseen_similar",2,2,0,0,FALSE,"",TRUE,1,"mean",0.0339994184312302,0.125241773083805,0.098889524247636,0.140030934276956,0,0,TRUE,TRUE,"strong_win","ci_confirmed","eligible / in_regime / primary_preregistered / strong_win / ci_confirmed"
"RD_gt_pizzaplace_auto__depth_bootstrap_full","rdatasets_gt","empirical_public","normal_like","TAX-Q1R024","normal","original_regime",2,2,0,0,FALSE,"",TRUE,1,"mean",0.143902382669692,0.34238013510204,0.315115416478875,0.371462611880474,0,0,TRUE,TRUE,"strong_win","ci_confirmed","eligible / in_regime / primary_preregistered / strong_win / ci_confirmed"
"RD_gt_pizzaplace_auto__depth_bootstrap_full","rdatasets_gt","empirical_public","normal_like","TAX-Q1R025","normal","locked_unseen_similar",3,3,0,0,FALSE,"",TRUE,1,"mean",0.132946634218398,0.310923699540273,0.286167058101758,0.336442955178806,0,0,TRUE,TRUE,"strong_win","ci_confirmed","eligible / in_regime / primary_preregistered / strong_win / ci_confirmed"
"RD_gt_pizzaplace_auto__depth_bootstrap_full","rdatasets_gt","empirical_public","normal_like","TAX-Q1R025","normal","original_regime",6,6,0,0,FALSE,"",TRUE,2,"mean",2.19083559515947,2.95097958003067,2.90528981773592,3.01931561925897,0,0,TRUE,TRUE,"strong_win","ci_confirmed","eligible / in_regime / primary_preregistered / strong_win / ci_confirmed"
"RD_gt_pizzaplace_auto__depth_upper_tail_enriched","rdatasets_gt","empirical_public","normal_like","TAX-Q1R010","normal","locked_unseen_similar",3,3,0,0,FALSE,"",TRUE,1,"mean",3.17238098445456,4.02311669514609,3.92760463379583,4.05678693269059,0,0,TRUE,TRUE,"strong_win","ci_confirmed","eligible / in_regime / primary_preregistered / strong_win / ci_confirmed"
"RD_gt_pizzaplace_auto__depth_upper_tail_enriched","rdatasets_gt","empirical_public","normal_like","TAX-Q1R010","normal","original_regime",36,36,0,0,FALSE,"",TRUE,6,"mean",4.68797258043968,5.72217039809772,5.65854869525764,5.83229480608731,0,0,TRUE,TRUE,"strong_win","ci_confirmed","eligible / in_regime / primary_preregistered / strong_win / ci_confirmed"
"RD_gt_pizzaplace_auto__depth_upper_tail_enriched","rdatasets_gt","empirical_public","normal_like","TAX-Q1R016","normal","locked_unseen_similar",2,2,0,0,FALSE,"",TRUE,2,"mean",0.0157737263166138,0.0324695102186751,0.027620480681678,0.0412081160378744,0,0,TRUE,TRUE,"strong_win","ci_confirmed","eligible / in_regime / primary_preregistered / strong_win / ci_confirmed"
"RD_gt_pizzaplace_auto__depth_upper_tail_enriched","rdatasets_gt","empirical_public","normal_like","TAX-Q1R016","normal","original_regime",2,2,0,0,FALSE,"",TRUE,1,"mean",0.0846972963909056,0.185254493151835,0.158346514794353,0.19300060125262,0,0,TRUE,TRUE,"strong_win","ci_confirmed","eligible / in_regime / primary_preregistered / strong_win / ci_confirmed"
"RD_gt_pizzaplace_auto__depth_upper_tail_enriched","rdatasets_gt","empirical_public","normal_like","TAX-Q1R017","normal","locked_unseen_similar",2,2,0,0,FALSE,"",TRUE,2,"mean",0.0315021569491678,0.0864183104536744,0.0738543269850012,0.0939707100239757,0,0,TRUE,TRUE,"strong_win","ci_confirmed","eligible / in_regime / primary_preregistered / strong_win / ci_confirmed"
"RD_gt_pizzaplace_auto__depth_upper_tail_enriched","rdatasets_gt","empirical_public","normal_like","TAX-Q1R017","normal","original_regime",2,2,0,0,FALSE,"",TRUE,1,"mean",0.12889954006539,0.329734531391026,0.288668922576554,0.347514495362976,0,0,TRUE,TRUE,"strong_win","ci_confirmed","eligible / in_regime / primary_preregistered / strong_win / ci_confirmed"
"RD_gt_pizzaplace_auto__depth_upper_tail_enriched","rdatasets_gt","empirical_public","normal_like","TAX-Q1R023","normal","locked_unseen_similar",3,3,0,0,FALSE,"",TRUE,1,"mean",0.106522400188742,0.260539231401129,0.231695892102807,0.28472003770831,0,0,TRUE,TRUE,"strong_win","ci_confirmed","eligible / in_regime / primary_preregistered / strong_win / ci_confirmed"
"RD_gt_pizzaplace_auto__depth_upper_tail_enriched","rdatasets_gt","empirical_public","normal_like","TAX-Q1R023","normal","original_regime",6,6,0,0,FALSE,"",TRUE,2,"mean",3.27897570465425,4.2686670548093,4.16439690643819,4.35015156303794,0,0,TRUE,TRUE,"strong_win","ci_confirmed","eligible / in_regime / primary_preregistered / strong_win / ci_confirmed"
"RD_gt_pizzaplace_auto__depth_upper_tail_enriched","rdatasets_gt","empirical_public","normal_like","TAX-Q1R024","normal","locked_unseen_similar",2,2,0,0,FALSE,"",TRUE,1,"mean",0.0292213653752908,0.0898253246388991,0.0723650741719565,0.11262987599127,0,0,TRUE,TRUE,"strong_win","ci_confirmed","eligible / in_regime / primary_preregistered / strong_win / ci_confirmed"
"RD_gt_pizzaplace_auto__depth_upper_tail_enriched","rdatasets_gt","empirical_public","normal_like","TAX-Q1R024","normal","original_regime",2,2,0,0,FALSE,"",TRUE,1,"mean",0.118157079936046,0.283867063779669,0.238321900976391,0.308560123423117,0,0,TRUE,TRUE,"strong_win","ci_confirmed","eligible / in_regime / primary_preregistered / strong_win / ci_confirmed"
"RD_gt_pizzaplace_auto__depth_upper_tail_enriched","rdatasets_gt","empirical_public","normal_like","TAX-Q1R025","normal","locked_unseen_similar",3,3,0,0,FALSE,"",TRUE,1,"mean",0.103436073961547,0.23830818677142,0.210513587323449,0.258225664028979,0,0,TRUE,TRUE,"strong_win","ci_confirmed","eligible / in_regime / primary_preregistered / strong_win / ci_confirmed"
"RD_gt_pizzaplace_auto__depth_upper_tail_enriched","rdatasets_gt","empirical_public","normal_like","TAX-Q1R025","normal","original_regime",6,6,0,0,FALSE,"",TRUE,2,"mean",3.23709468097678,4.29760745713489,4.17070085255232,4.4024849916997,0,0,TRUE,TRUE,"strong_win","ci_confirmed","eligible / in_regime / primary_preregistered / strong_win / ci_confirmed"
"RD_gt_pizzaplace_auto","rdatasets_gt","empirical_public","normal_like","TAX-Q1R010","normal","original_regime",10,10,10,10,TRUE,"",TRUE,3,"mean",3.04596170659651,3.9849163349125,3.9092954212741,4.08967647396386,0,0,TRUE,TRUE,"strong_win","ci_confirmed","eligible / in_regime / primary_preregistered / strong_win / ci_confirmed"
"RD_HistData_Pollen_auto__depth_body_10_90","rdatasets_HistData","empirical_public","normal_like","TAX-Q1R010","normal","locked_unseen_similar",3,3,0,0,FALSE,"",FALSE,3,"mean",-0.00289482439282236,-0.0157691964332373,-0.0236572945942757,-0.00428367309437492,0.998,1,FALSE,FALSE,"equal_weight_gain","descriptive","eligible / in_regime / primary_preregistered / equal_weight_gain / descriptive"
"RD_HistData_Pollen_auto__depth_body_10_90","rdatasets_HistData","empirical_public","normal_like","TAX-Q1R010","normal","original_regime",36,36,0,0,FALSE,"",FALSE,29,"mean",-0.00275771165689189,-0.0103130174279783,-0.0141079725028231,-0.00392413340568973,1,1,FALSE,FALSE,"equal_weight_gain","descriptive","eligible / in_regime / primary_preregistered / equal_weight_gain / descriptive"
"RD_HistData_Pollen_auto__depth_body_10_90","rdatasets_HistData","empirical_public","normal_like","TAX-Q1R016","normal","locked_unseen_similar",2,2,0,0,FALSE,"",FALSE,2,"mean",-0.000938860581496971,-0.00270573677555599,-0.00759523868787282,-0.000421704069118838,0.99,1,FALSE,FALSE,"equal_weight_gain","descriptive","eligible / in_regime / primary_preregistered / equal_weight_gain / descriptive"
"RD_HistData_Pollen_auto__depth_body_10_90","rdatasets_HistData","empirical_public","normal_like","TAX-Q1R016","normal","original_regime",2,2,0,0,FALSE,"",FALSE,2,"mean",-0.000900776320719098,-0.00480176986433451,-0.00633039758036296,-0.000732285285115198,0.996,1,FALSE,FALSE,"equal_weight_gain","descriptive","eligible / in_regime / primary_preregistered / equal_weight_gain / descriptive"
"RD_HistData_Pollen_auto__depth_body_10_90","rdatasets_HistData","empirical_public","normal_like","TAX-Q1R017","normal","locked_unseen_similar",2,2,0,0,FALSE,"",FALSE,2,"mean",-0.00216258826905034,-0.00807855745616344,-0.0124225243413128,-0.000961799901157415,0.984,1,FALSE,FALSE,"equal_weight_gain","descriptive","eligible / in_regime / primary_preregistered / equal_weight_gain / descriptive"
"RD_HistData_Pollen_auto__depth_body_10_90","rdatasets_HistData","empirical_public","normal_like","TAX-Q1R017","normal","original_regime",2,2,0,0,FALSE,"",FALSE,2,"mean",-0.00175565101517545,-0.00152726534002078,-0.0109758426980758,0.00264125155125115,0.788,1,FALSE,FALSE,"equal_weight_gain","descriptive","eligible / in_regime / primary_preregistered / equal_weight_gain / descriptive"
"RD_HistData_Pollen_auto__depth_body_10_90","rdatasets_HistData","empirical_public","normal_like","TAX-Q1R023","normal","locked_unseen_similar",3,3,0,0,FALSE,"",FALSE,3,"mean",-0.00203571694872922,-0.00396441265615821,-0.00795536493833082,0.00281082442878961,0.85,1,FALSE,FALSE,"equal_weight_gain","descriptive","eligible / in_regime / primary_preregistered / equal_weight_gain / descriptive"
"RD_HistData_Pollen_auto__depth_body_10_90","rdatasets_HistData","empirical_public","normal_like","TAX-Q1R023","normal","original_regime",6,6,0,0,FALSE,"",FALSE,5,"mean",-0.00165479909216547,-0.00606007987999008,-0.010264063503026,-0.00109999794076567,0.984,1,FALSE,FALSE,"equal_weight_gain","descriptive","eligible / in_regime / primary_preregistered / equal_weight_gain / descriptive"
"RD_HistData_Pollen_auto__depth_body_10_90","rdatasets_HistData","empirical_public","normal_like","TAX-Q1R024","normal","locked_unseen_similar",2,2,0,0,FALSE,"",FALSE,2,"mean",-0.00286595256527538,-0.0163289767550519,-0.0210773614096722,-0.00501042994889705,1,1,FALSE,FALSE,"equal_weight_gain","descriptive","eligible / in_regime / primary_preregistered / equal_weight_gain / descriptive"
"RD_HistData_Pollen_auto__depth_body_10_90","rdatasets_HistData","empirical_public","normal_like","TAX-Q1R024","normal","original_regime",2,2,0,0,FALSE,"",FALSE,2,"mean",-0.00438401454347559,-0.0173718529606136,-0.0238947339478003,-0.0112802965481163,1,1,FALSE,FALSE,"equal_weight_gain","descriptive","eligible / in_regime / primary_preregistered / equal_weight_gain / descriptive"
"RD_HistData_Pollen_auto__depth_body_10_90","rdatasets_HistData","empirical_public","normal_like","TAX-Q1R025","normal","locked_unseen_similar",3,3,0,0,FALSE,"",FALSE,3,"mean",-0.00204126706103629,-0.00860704812360747,-0.0127194327784839,-0.00374129261364358,1,1,FALSE,FALSE,"equal_weight_gain","descriptive","eligible / in_regime / primary_preregistered / equal_weight_gain / descriptive"
"RD_HistData_Pollen_auto__depth_body_10_90","rdatasets_HistData","empirical_public","normal_like","TAX-Q1R025","normal","original_regime",6,6,0,0,FALSE,"",FALSE,5,"mean",-0.00154206902495701,-0.00857364244426952,-0.0115525489603903,-0.00335468221369651,1,1,FALSE,FALSE,"equal_weight_gain","descriptive","eligible / in_regime / primary_preregistered / equal_weight_gain / descriptive"
"RD_HistData_Pollen_auto__depth_bootstrap_full","rdatasets_HistData","empirical_public","normal_like","TAX-Q1R010","normal","locked_unseen_similar",3,3,0,0,FALSE,"",TRUE,3,"mean",0.0171800024998351,0.0634078778559811,0.027888219738013,0.0849998717340128,0,0,TRUE,TRUE,"strong_win","ci_confirmed","eligible / in_regime / primary_preregistered / strong_win / ci_confirmed"
"RD_HistData_Pollen_auto__depth_bootstrap_full","rdatasets_HistData","empirical_public","normal_like","TAX-Q1R010","normal","original_regime",36,36,0,0,FALSE,"",TRUE,22,"mean",0.0811884714560119,0.19561541790971,0.148617071299043,0.233438628346078,0,0,TRUE,TRUE,"strong_win","ci_confirmed","eligible / in_regime / primary_preregistered / strong_win / ci_confirmed"
"RD_HistData_Pollen_auto__depth_bootstrap_full","rdatasets_HistData","empirical_public","normal_like","TAX-Q1R016","normal","locked_unseen_similar",2,2,0,0,FALSE,"",FALSE,2,"mean",-0.00726465763818305,-0.0230606592927174,-0.0419095713490531,-0.0178350007910688,1,1,FALSE,FALSE,"no_win","descriptive","eligible / in_regime / primary_preregistered / no_win / descriptive"
"RD_HistData_Pollen_auto__depth_bootstrap_full","rdatasets_HistData","empirical_public","normal_like","TAX-Q1R016","normal","original_regime",2,2,0,0,FALSE,"",FALSE,2,"mean",-0.0076342039828283,-0.0195901192222592,-0.0458088717846698,-0.0100750938407421,1,1,FALSE,FALSE,"no_win","descriptive","eligible / in_regime / primary_preregistered / no_win / descriptive"
"RD_HistData_Pollen_auto__depth_bootstrap_full","rdatasets_HistData","empirical_public","normal_like","TAX-Q1R017","normal","locked_unseen_similar",2,2,0,0,FALSE,"",FALSE,2,"mean",-0.0141737279043794,-0.0441283736029389,-0.0543489819503021,-0.0261333734002212,1,1,FALSE,FALSE,"no_win","descriptive","eligible / in_regime / primary_preregistered / no_win / descriptive"
"RD_HistData_Pollen_auto__depth_bootstrap_full","rdatasets_HistData","empirical_public","normal_like","TAX-Q1R017","normal","original_regime",2,2,0,0,FALSE,"",FALSE,2,"mean",-0.0127641564571137,-0.0385830184008934,-0.0470784332195159,-0.0246411781742863,1,1,FALSE,FALSE,"no_win","descriptive","eligible / in_regime / primary_preregistered / no_win / descriptive"
"RD_HistData_Pollen_auto__depth_bootstrap_full","rdatasets_HistData","empirical_public","normal_like","TAX-Q1R023","normal","locked_unseen_similar",3,3,0,0,FALSE,"",FALSE,3,"mean",-0.0139394865605776,-0.0381910261151485,-0.068676639856345,-0.0257175234297416,1,1,FALSE,FALSE,"no_win","descriptive","eligible / in_regime / primary_preregistered / no_win / descriptive"
"RD_HistData_Pollen_auto__depth_bootstrap_full","rdatasets_HistData","empirical_public","normal_like","TAX-Q1R023","normal","original_regime",6,6,0,0,FALSE,"",TRUE,6,"mean",0.0127551740723695,0.0405252883885373,0.0163503050830876,0.0570248816555618,0.006,0.0191857707509881,TRUE,TRUE,"strong_win","ci_confirmed","eligible / in_regime / primary_preregistered / strong_win / ci_confirmed"
"RD_HistData_Pollen_auto__depth_bootstrap_full","rdatasets_HistData","empirical_public","normal_like","TAX-Q1R024","normal","locked_unseen_similar",2,2,0,0,FALSE,"",FALSE,2,"mean",-0.0193899591764018,-0.053388015975459,-0.0693575563272292,-0.04047013744855,1,1,FALSE,FALSE,"no_win","descriptive","eligible / in_regime / primary_preregistered / no_win / descriptive"
"RD_HistData_Pollen_auto__depth_bootstrap_full","rdatasets_HistData","empirical_public","normal_like","TAX-Q1R024","normal","original_regime",2,2,0,0,FALSE,"",FALSE,2,"mean",-0.0191985087494428,-0.0701454208656502,-0.0819908969412845,-0.0469176838732649,1,1,FALSE,FALSE,"no_win","descriptive","eligible / in_regime / primary_preregistered / no_win / descriptive"
"RD_HistData_Pollen_auto__depth_bootstrap_full","rdatasets_HistData","empirical_public","normal_like","TAX-Q1R025","normal","locked_unseen_similar",3,3,0,0,FALSE,"",FALSE,3,"mean",-0.0120822811360454,-0.0464670908565817,-0.0619267418565865,-0.0282163563600392,1,1,FALSE,FALSE,"no_win","descriptive","eligible / in_regime / primary_preregistered / no_win / descriptive"
"RD_HistData_Pollen_auto__depth_bootstrap_full","rdatasets_HistData","empirical_public","normal_like","TAX-Q1R025","normal","original_regime",6,6,0,0,FALSE,"",TRUE,6,"mean",0.0147926586871345,0.0647436753192572,0.0483743214739478,0.0823894156717695,0,0,TRUE,TRUE,"strong_win","ci_confirmed","eligible / in_regime / primary_preregistered / strong_win / ci_confirmed"
"RD_HistData_Pollen_auto__depth_upper_tail_enriched","rdatasets_HistData","empirical_public","normal_like","TAX-Q1R010","normal","locked_unseen_similar",3,3,0,0,FALSE,"",TRUE,1,"mean",0.378673806329906,0.739679562580216,0.634235384441881,0.847985317299215,0,0,TRUE,TRUE,"strong_win","ci_confirmed","eligible / in_regime / primary_preregistered / strong_win / ci_confirmed"
"RD_HistData_Pollen_auto__depth_upper_tail_enriched","rdatasets_HistData","empirical_public","normal_like","TAX-Q1R010","normal","original_regime",36,36,0,0,FALSE,"",TRUE,13,"mean",0.704770943285208,0.802821038832555,0.748911877557417,0.880121406457097,0,0,TRUE,TRUE,"strong_win","ci_confirmed","eligible / in_regime / primary_preregistered / strong_win / ci_confirmed"
"RD_HistData_Pollen_auto__depth_upper_tail_enriched","rdatasets_HistData","empirical_public","normal_like","TAX-Q1R016","normal","locked_unseen_similar",2,2,0,0,FALSE,"",FALSE,2,"mean",-0.057645740453579,-0.115152355744096,-0.134211113991819,-0.0920829240920037,1,1,FALSE,FALSE,"equal_weight_gain","descriptive","eligible / in_regime / primary_preregistered / equal_weight_gain / descriptive"
"RD_HistData_Pollen_auto__depth_upper_tail_enriched","rdatasets_HistData","empirical_public","normal_like","TAX-Q1R016","normal","original_regime",2,2,0,0,FALSE,"",FALSE,2,"mean",-0.0520612870966393,-0.130704080350428,-0.14076316286081,-0.102824033205507,1,1,FALSE,FALSE,"equal_weight_gain","descriptive","eligible / in_regime / primary_preregistered / equal_weight_gain / descriptive"
"RD_HistData_Pollen_auto__depth_upper_tail_enriched","rdatasets_HistData","empirical_public","normal_like","TAX-Q1R017","normal","locked_unseen_similar",2,2,0,0,FALSE,"",FALSE,2,"mean",-0.0394522929310072,-0.0854809092149449,-0.102477512810826,-0.0672756195972325,1,1,FALSE,FALSE,"equal_weight_gain","descriptive","eligible / in_regime / primary_preregistered / equal_weight_gain / descriptive"
"RD_HistData_Pollen_auto__depth_upper_tail_enriched","rdatasets_HistData","empirical_public","normal_like","TAX-Q1R017","normal","original_regime",2,2,0,0,FALSE,"",FALSE,2,"mean",-0.0385133723916938,-0.109068772454231,-0.111633060016129,-0.0725691287442377,1,1,FALSE,FALSE,"equal_weight_gain","descriptive","eligible / in_regime / primary_preregistered / equal_weight_gain / descriptive"
"RD_HistData_Pollen_auto__depth_upper_tail_enriched","rdatasets_HistData","empirical_public","normal_like","TAX-Q1R023","normal","locked_unseen_similar",3,3,0,0,FALSE,"",FALSE,3,"mean",-0.100449115196735,-0.223151410914752,-0.255103214468769,-0.201819537669001,1,1,FALSE,FALSE,"equal_weight_gain","descriptive","eligible / in_regime / primary_preregistered / equal_weight_gain / descriptive"
"RD_HistData_Pollen_auto__depth_upper_tail_enriched","rdatasets_HistData","empirical_public","normal_like","TAX-Q1R023","normal","original_regime",6,6,0,0,FALSE,"",TRUE,2,"mean",0.324806958725047,0.601782116595174,0.512741411500642,0.687943244265198,0,0,TRUE,TRUE,"strong_win","ci_confirmed","eligible / in_regime / primary_preregistered / strong_win / ci_confirmed"
"RD_HistData_Pollen_auto__depth_upper_tail_enriched","rdatasets_HistData","empirical_public","normal_like","TAX-Q1R024","normal","locked_unseen_similar",2,2,0,0,FALSE,"",FALSE,2,"mean",-0.0777878153069331,-0.138216583979398,-0.170274132094953,-0.120165286462038,1,1,FALSE,FALSE,"equal_weight_gain","descriptive","eligible / in_regime / primary_preregistered / equal_weight_gain / descriptive"
"RD_HistData_Pollen_auto__depth_upper_tail_enriched","rdatasets_HistData","empirical_public","normal_like","TAX-Q1R024","normal","original_regime",2,2,0,0,FALSE,"",FALSE,2,"mean",-0.0783998409591422,-0.148884113064389,-0.176210112525466,-0.134221201209367,1,1,FALSE,FALSE,"equal_weight_gain","descriptive","eligible / in_regime / primary_preregistered / equal_weight_gain / descriptive"
"RD_HistData_Pollen_auto__depth_upper_tail_enriched","rdatasets_HistData","empirical_public","normal_like","TAX-Q1R025","normal","locked_unseen_similar",3,3,0,0,FALSE,"",FALSE,3,"mean",-0.107555607949124,-0.219324142943036,-0.231432682140936,-0.201286949621561,1,1,FALSE,FALSE,"equal_weight_gain","descriptive","eligible / in_regime / primary_preregistered / equal_weight_gain / descriptive"
"RD_HistData_Pollen_auto__depth_upper_tail_enriched","rdatasets_HistData","empirical_public","normal_like","TAX-Q1R025","normal","original_regime",6,6,0,0,FALSE,"",TRUE,2,"mean",0.333542632785229,0.535729877396435,0.460240260485679,0.654052226089134,0,0,TRUE,TRUE,"strong_win","ci_confirmed","eligible / in_regime / primary_preregistered / strong_win / ci_confirmed"
"RD_HistData_Pollen_auto","rdatasets_HistData","empirical_public","normal_like","TAX-Q1R010","normal","original_regime",16,16,10,10,TRUE,"",TRUE,13,"mean",0.0405669692181079,0.13115545232235,0.0855316975587011,0.154937904336678,0,0,TRUE,TRUE,"strong_win","ci_confirmed","eligible / in_regime / primary_preregistered / strong_win / ci_confirmed"
"RD_ISLR_Default_auto__depth_body_10_90","rdatasets_ISLR","empirical_public","normal_like","TAX-Q1R010","normal","locked_unseen_similar",3,3,0,0,FALSE,"",FALSE,3,"mean",-23.8993741523815,-94.3965767499749,-122.675320779858,-53.0790599404406,1,1,FALSE,FALSE,"equal_weight_gain","descriptive","eligible / in_regime / primary_preregistered / equal_weight_gain / descriptive"
"RD_ISLR_Default_auto__depth_body_10_90","rdatasets_ISLR","empirical_public","normal_like","TAX-Q1R010","normal","original_regime",36,36,0,0,FALSE,"",FALSE,26,"mean",-23.9511859316129,-93.3681141657702,-115.707779714737,-63.9312957659977,1,1,FALSE,FALSE,"equal_weight_gain","descriptive","eligible / in_regime / primary_preregistered / equal_weight_gain / descriptive"
"RD_ISLR_Default_auto__depth_body_10_90","rdatasets_ISLR","empirical_public","normal_like","TAX-Q1R016","normal","locked_unseen_similar",2,2,0,0,FALSE,"",FALSE,2,"mean",-10.6797259725273,-43.0630218266506,-64.6191131727456,-3.27534560300816,0.988,1,FALSE,FALSE,"equal_weight_gain","descriptive","eligible / in_regime / primary_preregistered / equal_weight_gain / descriptive"
"RD_ISLR_Default_auto__depth_body_10_90","rdatasets_ISLR","empirical_public","normal_like","TAX-Q1R016","normal","original_regime",2,2,0,0,FALSE,"",FALSE,2,"mean",-11.4839708932034,-61.3042526373986,-89.60128432182,-25.9080030730759,1,1,FALSE,FALSE,"equal_weight_gain","descriptive","eligible / in_regime / primary_preregistered / equal_weight_gain / descriptive"
"RD_ISLR_Default_auto__depth_body_10_90","rdatasets_ISLR","empirical_public","normal_like","TAX-Q1R017","normal","locked_unseen_similar",2,2,0,0,FALSE,"",FALSE,2,"mean",-13.7423332901512,-51.6629224537921,-80.3386705191053,-23.8078024216499,1,1,FALSE,FALSE,"equal_weight_gain","descriptive","eligible / in_regime / primary_preregistered / equal_weight_gain / descriptive"
"RD_ISLR_Default_auto__depth_body_10_90","rdatasets_ISLR","empirical_public","normal_like","TAX-Q1R017","normal","original_regime",2,2,0,0,FALSE,"",FALSE,2,"mean",-14.2245257400112,-68.8157842984531,-92.0841158137429,-28.6644603475994,1,1,FALSE,FALSE,"equal_weight_gain","descriptive","eligible / in_regime / primary_preregistered / equal_weight_gain / descriptive"
"RD_ISLR_Default_auto__depth_body_10_90","rdatasets_ISLR","empirical_public","normal_like","TAX-Q1R023","normal","locked_unseen_similar",3,3,0,0,FALSE,"",FALSE,3,"mean",-18.0676180529373,-86.4257333262806,-108.697799434292,-49.3411637487692,1,1,FALSE,FALSE,"equal_weight_gain","descriptive","eligible / in_regime / primary_preregistered / equal_weight_gain / descriptive"
"RD_ISLR_Default_auto__depth_body_10_90","rdatasets_ISLR","empirical_public","normal_like","TAX-Q1R023","normal","original_regime",6,6,0,0,FALSE,"",FALSE,5,"mean",-15.6412011910979,-54.5702470694895,-100.358823868345,-38.7077184375354,1,1,FALSE,FALSE,"equal_weight_gain","descriptive","eligible / in_regime / primary_preregistered / equal_weight_gain / descriptive"
"RD_ISLR_Default_auto__depth_body_10_90","rdatasets_ISLR","empirical_public","normal_like","TAX-Q1R024","normal","locked_unseen_similar",2,2,0,0,FALSE,"",FALSE,2,"mean",-18.1567109016015,-75.1490922431857,-109.884368960517,-40.8288877541005,1,1,FALSE,FALSE,"equal_weight_gain","descriptive","eligible / in_regime / primary_preregistered / equal_weight_gain / descriptive"
"RD_ISLR_Default_auto__depth_body_10_90","rdatasets_ISLR","empirical_public","normal_like","TAX-Q1R024","normal","original_regime",2,2,0,0,FALSE,"",FALSE,2,"mean",-18.7956909690932,-58.5929453371367,-87.3804068686915,-47.1636140535151,1,1,FALSE,FALSE,"equal_weight_gain","descriptive","eligible / in_regime / primary_preregistered / equal_weight_gain / descriptive"
"RD_ISLR_Default_auto__depth_body_10_90","rdatasets_ISLR","empirical_public","normal_like","TAX-Q1R025","normal","locked_unseen_similar",3,3,0,0,FALSE,"",FALSE,3,"mean",-16.5457099560378,-65.5651268942331,-96.3114115859623,-44.7434546399416,1,1,FALSE,FALSE,"equal_weight_gain","descriptive","eligible / in_regime / primary_preregistered / equal_weight_gain / descriptive"
"RD_ISLR_Default_auto__depth_body_10_90","rdatasets_ISLR","empirical_public","normal_like","TAX-Q1R025","normal","original_regime",6,6,0,0,FALSE,"",FALSE,5,"mean",-16.2388704807655,-69.1153564558552,-78.8102718190035,-34.6878144755816,1,1,FALSE,FALSE,"equal_weight_gain","descriptive","eligible / in_regime / primary_preregistered / equal_weight_gain / descriptive"
"RD_ISLR_Default_auto__depth_bootstrap_full","rdatasets_ISLR","empirical_public","normal_like","TAX-Q1R010","normal","locked_unseen_similar",3,3,0,0,FALSE,"",TRUE,3,"mean",4479.36101104565,4918.35360386581,4685.19489377988,5689.08270871872,0,0,TRUE,TRUE,"strong_win","ci_confirmed","eligible / in_regime / primary_preregistered / strong_win / ci_confirmed"
"RD_ISLR_Default_auto__depth_bootstrap_full","rdatasets_ISLR","empirical_public","normal_like","TAX-Q1R010","normal","original_regime",36,36,0,0,FALSE,"",TRUE,29,"mean",7187.50460145545,7206.27059703691,6838.96605378919,7672.82474516985,0,0,TRUE,TRUE,"strong_win","ci_confirmed","eligible / in_regime / primary_preregistered / strong_win / ci_confirmed"
"RD_ISLR_Default_auto__depth_bootstrap_full","rdatasets_ISLR","empirical_public","normal_like","TAX-Q1R016","normal","locked_unseen_similar",2,2,0,0,FALSE,"",FALSE,2,"mean",-131.723751859003,-386.745446406427,-493.210146500175,-279.409265489354,1,1,FALSE,FALSE,"equal_weight_gain","descriptive","eligible / in_regime / primary_preregistered / equal_weight_gain / descriptive"
"RD_ISLR_Default_auto__depth_bootstrap_full","rdatasets_ISLR","empirical_public","normal_like","TAX-Q1R016","normal","original_regime",2,2,0,0,FALSE,"",FALSE,2,"mean",-113.172795777297,-405.009513534781,-559.921004632739,-324.433154976533,1,1,FALSE,FALSE,"equal_weight_gain","descriptive","eligible / in_regime / primary_preregistered / equal_weight_gain / descriptive"
"RD_ISLR_Default_auto__depth_bootstrap_full","rdatasets_ISLR","empirical_public","normal_like","TAX-Q1R017","normal","locked_unseen_similar",2,2,0,0,FALSE,"",FALSE,2,"mean",-291.254020927996,-760.515828637703,-823.70537057862,-623.583773420831,1,1,FALSE,FALSE,"no_win","descriptive","eligible / in_regime / primary_preregistered / no_win / descriptive"
"RD_ISLR_Default_auto__depth_bootstrap_full","rdatasets_ISLR","empirical_public","normal_like","TAX-Q1R017","normal","original_regime",2,2,0,0,FALSE,"",FALSE,2,"mean",-193.105036752112,-561.255831274445,-723.695040836417,-386.41684427209,1,1,FALSE,FALSE,"equal_weight_gain","descriptive","eligible / in_regime / primary_preregistered / equal_weight_gain / descriptive"
"RD_ISLR_Default_auto__depth_bootstrap_full","rdatasets_ISLR","empirical_public","normal_like","TAX-Q1R023","normal","locked_unseen_similar",3,3,0,0,FALSE,"",FALSE,3,"mean",-167.228596487471,-636.314187191516,-776.294591814006,-535.195759546287,1,1,FALSE,FALSE,"equal_weight_gain","descriptive","eligible / in_regime / primary_preregistered / equal_weight_gain / descriptive"
"RD_ISLR_Default_auto__depth_bootstrap_full","rdatasets_ISLR","empirical_public","normal_like","TAX-Q1R023","normal","original_regime",6,6,0,0,FALSE,"",TRUE,6,"mean",4076.24230492717,4730.45522628493,4447.13155618559,4942.76370913023,0,0,TRUE,TRUE,"strong_win","ci_confirmed","eligible / in_regime / primary_preregistered / strong_win / ci_confirmed"
"RD_ISLR_Default_auto__depth_bootstrap_full","rdatasets_ISLR","empirical_public","normal_like","TAX-Q1R024","normal","locked_unseen_similar",2,2,0,0,FALSE,"",FALSE,2,"mean",-295.874105617765,-843.803104058887,-920.708400712379,-724.568742844726,1,1,FALSE,FALSE,"no_win","descriptive","eligible / in_regime / primary_preregistered / no_win / descriptive"
"RD_ISLR_Default_auto__depth_bootstrap_full","rdatasets_ISLR","empirical_public","normal_like","TAX-Q1R024","normal","original_regime",2,2,0,0,FALSE,"",FALSE,2,"mean",-222.134929570883,-684.704163156949,-837.010317617663,-578.340056695382,1,1,FALSE,FALSE,"equal_weight_gain","descriptive","eligible / in_regime / primary_preregistered / equal_weight_gain / descriptive"
"RD_ISLR_Default_auto__depth_bootstrap_full","rdatasets_ISLR","empirical_public","normal_like","TAX-Q1R025","normal","locked_unseen_similar",3,3,0,0,FALSE,"",FALSE,3,"mean",-184.528747403913,-475.427184696636,-652.003934510346,-330.134877185081,1,1,FALSE,FALSE,"equal_weight_gain","descriptive","eligible / in_regime / primary_preregistered / equal_weight_gain / descriptive"
"RD_ISLR_Default_auto__depth_bootstrap_full","rdatasets_ISLR","empirical_public","normal_like","TAX-Q1R025","normal","original_regime",6,6,0,0,FALSE,"",TRUE,4,"mean",3989.25477354703,4679.93251784955,4429.09562319823,5041.66472823376,0,0,TRUE,TRUE,"strong_win","ci_confirmed","eligible / in_regime / primary_preregistered / strong_win / ci_confirmed"
"RD_ISLR_Default_auto__depth_upper_tail_enriched","rdatasets_ISLR","empirical_public","normal_like","TAX-Q1R010","normal","locked_unseen_similar",3,3,0,0,FALSE,"",TRUE,2,"mean",4618.52743685423,4861.08524292888,4421.26787091141,5393.84674580125,0,0,TRUE,TRUE,"strong_win","ci_confirmed","eligible / in_regime / primary_preregistered / strong_win / ci_confirmed"
"RD_ISLR_Default_auto__depth_upper_tail_enriched","rdatasets_ISLR","empirical_public","normal_like","TAX-Q1R010","normal","original_regime",36,36,0,0,FALSE,"",TRUE,21,"mean",7091.44640356547,6811.08711259654,6011.66165369961,7487.78172026024,0,0,TRUE,TRUE,"strong_win","ci_confirmed","eligible / in_regime / primary_preregistered / strong_win / ci_confirmed"
"RD_ISLR_Default_auto__depth_upper_tail_enriched","rdatasets_ISLR","empirical_public","normal_like","TAX-Q1R016","normal","locked_unseen_similar",2,2,0,0,FALSE,"",FALSE,2,"mean",-48.5678470491288,-208.121006568855,-330.184777817848,-121.614259613467,1,1,FALSE,FALSE,"equal_weight_gain","descriptive","eligible / in_regime / primary_preregistered / equal_weight_gain / descriptive"
"RD_ISLR_Default_auto__depth_upper_tail_enriched","rdatasets_ISLR","empirical_public","normal_like","TAX-Q1R016","normal","original_regime",2,2,0,0,FALSE,"",FALSE,2,"mean",-19.8449467042454,-66.0700156716773,-202.004404120162,-14.3334280390289,0.988,1,FALSE,FALSE,"equal_weight_gain","descriptive","eligible / in_regime / primary_preregistered / equal_weight_gain / descriptive"
"RD_ISLR_Default_auto__depth_upper_tail_enriched","rdatasets_ISLR","empirical_public","normal_like","TAX-Q1R017","normal","locked_unseen_similar",2,2,0,0,FALSE,"",FALSE,2,"mean",-45.3021136617881,-173.967728176287,-306.530995401568,-42.7967881685527,0.992,1,FALSE,FALSE,"equal_weight_gain","descriptive","eligible / in_regime / primary_preregistered / equal_weight_gain / descriptive"
"RD_ISLR_Default_auto__depth_upper_tail_enriched","rdatasets_ISLR","empirical_public","normal_like","TAX-Q1R017","normal","original_regime",2,2,0,0,FALSE,"",TRUE,2,"mean",119.41132084477,341.089965847508,264.183717417471,444.909145577835,0,0,TRUE,TRUE,"strong_win","ci_confirmed","eligible / in_regime / primary_preregistered / strong_win / ci_confirmed"
"RD_ISLR_Default_auto__depth_upper_tail_enriched","rdatasets_ISLR","empirical_public","normal_like","TAX-Q1R023","normal","locked_unseen_similar",3,3,0,0,FALSE,"",FALSE,3,"mean",20.2955253087651,-12.7504624485621,-88.6102699862834,96.8688083436119,0.5,1,FALSE,FALSE,"equal_weight_gain","descriptive","eligible / in_regime / primary_preregistered / equal_weight_gain / descriptive"
"RD_ISLR_Default_auto__depth_upper_tail_enriched","rdatasets_ISLR","empirical_public","normal_like","TAX-Q1R023","normal","original_regime",6,6,0,0,FALSE,"",TRUE,4,"mean",3854.31498730586,3962.84257574065,3517.50323737586,4394.4172099331,0,0,TRUE,TRUE,"strong_win","ci_confirmed","eligible / in_regime / primary_preregistered / strong_win / ci_confirmed"
"RD_ISLR_Default_auto__depth_upper_tail_enriched","rdatasets_ISLR","empirical_public","normal_like","TAX-Q1R024","normal","locked_unseen_similar",2,2,0,0,FALSE,"",FALSE,2,"mean",-51.2892516586837,-205.251606995176,-305.250886792589,-22.2440172332264,0.99,1,FALSE,FALSE,"equal_weight_gain","descriptive","eligible / in_regime / primary_preregistered / equal_weight_gain / descriptive"
"RD_ISLR_Default_auto__depth_upper_tail_enriched","rdatasets_ISLR","empirical_public","normal_like","TAX-Q1R024","normal","original_regime",2,2,0,0,FALSE,"",TRUE,2,"mean",107.783436490975,316.264349247572,221.636832001849,378.218165189684,0,0,TRUE,TRUE,"strong_win","ci_confirmed","eligible / in_regime / primary_preregistered / strong_win / ci_confirmed"
"RD_ISLR_Default_auto__depth_upper_tail_enriched","rdatasets_ISLR","empirical_public","normal_like","TAX-Q1R025","normal","locked_unseen_similar",3,3,0,0,FALSE,"",FALSE,3,"mean",21.9131238806918,-28.8454267593763,-164.790740384731,53.7398347723236,0.804,1,FALSE,FALSE,"equal_weight_gain","descriptive","eligible / in_regime / primary_preregistered / equal_weight_gain / descriptive"
"RD_ISLR_Default_auto__depth_upper_tail_enriched","rdatasets_ISLR","empirical_public","normal_like","TAX-Q1R025","normal","original_regime",6,6,0,0,FALSE,"",TRUE,4,"mean",3768.07740931943,3585.66738748994,3364.51487602981,4426.11009671367,0,0,TRUE,TRUE,"strong_win","ci_confirmed","eligible / in_regime / primary_preregistered / strong_win / ci_confirmed"
"RD_ISLR_Default_auto","rdatasets_ISLR","empirical_public","normal_like","TAX-Q1R010","normal","original_regime",10,10,10,10,TRUE,"",TRUE,1,"mean",7526.86802677496,7554.69883276416,6954.21863768991,8428.23827539878,0,0,TRUE,TRUE,"strong_win","ci_confirmed","eligible / in_regime / primary_preregistered / strong_win / ci_confirmed"
"RD_OncoDataSets_ProstateSurvival_df_auto__depth_body_10_90","rdatasets_OncoDataSets","empirical_public","normal_like","TAX-Q1R010","normal","locked_unseen_similar",3,3,0,0,FALSE,"",TRUE,3,"mean",5.02693095741495,6.35716204735227,6.19217313451733,6.95151147523686,0,0,TRUE,TRUE,"strong_win","ci_confirmed","eligible / in_regime / primary_preregistered / strong_win / ci_confirmed"
"RD_OncoDataSets_ProstateSurvival_df_auto__depth_body_10_90","rdatasets_OncoDataSets","empirical_public","normal_like","TAX-Q1R010","normal","original_regime",36,36,0,0,FALSE,"",TRUE,27,"mean",7.66281110384076,8.04767647786493,7.32942792220057,8.41724849596241,0,0,TRUE,TRUE,"strong_win","ci_confirmed","eligible / in_regime / primary_preregistered / strong_win / ci_confirmed"
"RD_OncoDataSets_ProstateSurvival_df_auto__depth_body_10_90","rdatasets_OncoDataSets","empirical_public","normal_like","TAX-Q1R016","normal","locked_unseen_similar",2,2,0,0,FALSE,"",FALSE,2,"mean",-2.77031248122641,-4.54203675227931,-4.87701425223918,-4.22535244727186,1,1,FALSE,FALSE,"equal_weight_gain","descriptive","eligible / in_regime / primary_preregistered / equal_weight_gain / descriptive"
"RD_OncoDataSets_ProstateSurvival_df_auto__depth_body_10_90","rdatasets_OncoDataSets","empirical_public","normal_like","TAX-Q1R016","normal","original_regime",2,2,0,0,FALSE,"",FALSE,2,"mean",-2.19788227451771,-4.42023939865777,-4.56718971857654,-3.87453409474397,1,1,FALSE,FALSE,"equal_weight_gain","descriptive","eligible / in_regime / primary_preregistered / equal_weight_gain / descriptive"
"RD_OncoDataSets_ProstateSurvival_df_auto__depth_body_10_90","rdatasets_OncoDataSets","empirical_public","normal_like","TAX-Q1R017","normal","locked_unseen_similar",2,2,0,0,FALSE,"",FALSE,2,"mean",-2.30365345565194,-4.20971590855783,-4.54322339060411,-3.85668546055954,1,1,FALSE,FALSE,"equal_weight_gain","descriptive","eligible / in_regime / primary_preregistered / equal_weight_gain / descriptive"
"RD_OncoDataSets_ProstateSurvival_df_auto__depth_body_10_90","rdatasets_OncoDataSets","empirical_public","normal_like","TAX-Q1R017","normal","original_regime",2,2,0,0,FALSE,"",FALSE,2,"mean",-1.85025989513252,-3.41224154907972,-3.83157583073247,-3.20007607754446,1,1,FALSE,FALSE,"equal_weight_gain","descriptive","eligible / in_regime / primary_preregistered / equal_weight_gain / descriptive"
"RD_OncoDataSets_ProstateSurvival_df_auto__depth_body_10_90","rdatasets_OncoDataSets","empirical_public","normal_like","TAX-Q1R023","normal","locked_unseen_similar",3,3,0,0,FALSE,"",FALSE,3,"mean",-3.15372853324661,-5.95748363961342,-6.52286682850933,-5.28434809234901,1,1,FALSE,FALSE,"equal_weight_gain","descriptive","eligible / in_regime / primary_preregistered / equal_weight_gain / descriptive"
"RD_OncoDataSets_ProstateSurvival_df_auto__depth_body_10_90","rdatasets_OncoDataSets","empirical_public","normal_like","TAX-Q1R023","normal","original_regime",6,6,0,0,FALSE,"",TRUE,4,"mean",3.90645652261927,5.41835867918753,4.90265997286528,5.98647417473562,0,0,TRUE,TRUE,"strong_win","ci_confirmed","eligible / in_regime / primary_preregistered / strong_win / ci_confirmed"
"RD_OncoDataSets_ProstateSurvival_df_auto__depth_body_10_90","rdatasets_OncoDataSets","empirical_public","normal_like","TAX-Q1R024","normal","locked_unseen_similar",2,2,0,0,FALSE,"",FALSE,2,"mean",-3.85973909693682,-6.51261227915389,-6.6901999315398,-5.89869867118104,1,1,FALSE,FALSE,"equal_weight_gain","descriptive","eligible / in_regime / primary_preregistered / equal_weight_gain / descriptive"
"RD_OncoDataSets_ProstateSurvival_df_auto__depth_body_10_90","rdatasets_OncoDataSets","empirical_public","normal_like","TAX-Q1R024","normal","original_regime",2,2,0,0,FALSE,"",FALSE,2,"mean",-3.19652915657208,-5.62336979426312,-5.95784105606193,-5.31630223493699,1,1,FALSE,FALSE,"equal_weight_gain","descriptive","eligible / in_regime / primary_preregistered / equal_weight_gain / descriptive"
"RD_OncoDataSets_ProstateSurvival_df_auto__depth_body_10_90","rdatasets_OncoDataSets","empirical_public","normal_like","TAX-Q1R025","normal","locked_unseen_similar",3,3,0,0,FALSE,"",FALSE,3,"mean",-3.27596588265562,-6.17211224804404,-6.66501488300061,-5.81387092520316,1,1,FALSE,FALSE,"equal_weight_gain","descriptive","eligible / in_regime / primary_preregistered / equal_weight_gain / descriptive"
"RD_OncoDataSets_ProstateSurvival_df_auto__depth_body_10_90","rdatasets_OncoDataSets","empirical_public","normal_like","TAX-Q1R025","normal","original_regime",6,6,0,0,FALSE,"",TRUE,4,"mean",3.86291558628755,5.31882452127885,4.71472508118336,5.71174978926372,0,0,TRUE,TRUE,"strong_win","ci_confirmed","eligible / in_regime / primary_preregistered / strong_win / ci_confirmed"
"RD_OncoDataSets_ProstateSurvival_df_auto__depth_bootstrap_full","rdatasets_OncoDataSets","empirical_public","weibull_like","TAX-Q1R011","weibull","locked_unseen_similar",3,3,0,0,FALSE,"",FALSE,3,"huber_k1.345",-43.3788667625237,-56.3506750972478,-57.3757655239329,-53.962923042878,1,1,FALSE,FALSE,"no_win","descriptive","eligible / in_regime / primary_preregistered / no_win / descriptive"
"RD_OncoDataSets_ProstateSurvival_df_auto__depth_bootstrap_full","rdatasets_OncoDataSets","empirical_public","weibull_like","TAX-Q1R011","weibull","original_regime",6,6,0,0,FALSE,"",FALSE,6,"huber_k1.345",-17.8731785959031,-33.539508965985,-34.7793599459289,-30.6812562016493,1,1,FALSE,FALSE,"no_win","descriptive","eligible / in_regime / primary_preregistered / no_win / descriptive"
"RD_OncoDataSets_ProstateSurvival_df_auto__depth_bootstrap_full","rdatasets_OncoDataSets","empirical_public","weibull_like","TAX-Q1R012","weibull","locked_unseen_similar",3,3,0,0,FALSE,"",FALSE,3,"huber_k1.345",-32.30673401163,-40.3543000602907,-42.0302236604617,-38.4845558740848,1,1,FALSE,FALSE,"equal_weight_gain","descriptive","eligible / in_regime / primary_preregistered / equal_weight_gain / descriptive"
"RD_OncoDataSets_ProstateSurvival_df_auto__depth_bootstrap_full","rdatasets_OncoDataSets","empirical_public","weibull_like","TAX-Q1R012","weibull","original_regime",6,6,0,0,FALSE,"",FALSE,6,"huber_k1.345",-12.4857667743382,-21.6856985903177,-23.0753226258823,-20.7198440048504,1,1,FALSE,FALSE,"equal_weight_gain","descriptive","eligible / in_regime / primary_preregistered / equal_weight_gain / descriptive"
"RD_OncoDataSets_ProstateSurvival_df_auto__depth_bootstrap_full","rdatasets_OncoDataSets","empirical_public","weibull_like","TAX-Q1R018","weibull","locked_unseen_similar",3,3,0,0,FALSE,"",TRUE,2,"huber_k1.345",13.1760980722886,24.4018625036995,22.6187262854406,26.1912841357034,0,0,TRUE,TRUE,"strong_win","ci_confirmed","eligible / in_regime / primary_preregistered / strong_win / ci_confirmed"
"RD_OncoDataSets_ProstateSurvival_df_auto__depth_bootstrap_full","rdatasets_OncoDataSets","empirical_public","weibull_like","TAX-Q1R018","weibull","original_regime",3,3,0,0,FALSE,"",FALSE,3,"huber_k1.345",-15.6399864562581,-27.4141804104965,-29.7030058518305,-25.8513102052532,1,1,FALSE,FALSE,"equal_weight_gain","descriptive","eligible / in_regime / primary_preregistered / equal_weight_gain / descriptive"
"RD_OncoDataSets_ProstateSurvival_df_auto__depth_bootstrap_full","rdatasets_OncoDataSets","empirical_public","weibull_like","TAX-Q1R019","weibull","locked_unseen_similar",3,3,0,0,FALSE,"",FALSE,3,"huber_k1.345",-21.4775693767713,-38.7137103158604,-42.3897363866434,-35.8671298956718,1,1,FALSE,FALSE,"no_win","descriptive","eligible / in_regime / primary_preregistered / no_win / descriptive"
"RD_OncoDataSets_ProstateSurvival_df_auto__depth_bootstrap_full","rdatasets_OncoDataSets","empirical_public","weibull_like","TAX-Q1R019","weibull","original_regime",36,36,0,0,FALSE,"",TRUE,24,"huber_k1.345",57.2036239354343,67.755437078586,65.5092028568898,69.8320960596836,0,0,TRUE,TRUE,"strong_win","ci_confirmed","eligible / in_regime / primary_preregistered / strong_win / ci_confirmed"
"RD_OncoDataSets_ProstateSurvival_df_auto__depth_upper_tail_enriched","rdatasets_OncoDataSets","empirical_public","normal_like","TAX-Q1R010","normal","locked_unseen_similar",3,3,0,0,FALSE,"",FALSE,3,"mean",-1.21998349993125,-4.347029672109,-4.88032162914383,-3.27285373412138,1,1,FALSE,FALSE,"equal_weight_gain","descriptive","eligible / in_regime / primary_preregistered / equal_weight_gain / descriptive"
"RD_OncoDataSets_ProstateSurvival_df_auto__depth_upper_tail_enriched","rdatasets_OncoDataSets","empirical_public","normal_like","TAX-Q1R010","normal","original_regime",36,36,0,0,FALSE,"",FALSE,35,"mean",-1.27204892735651,-3.93308972041758,-4.3327540635069,-3.04777735119166,1,1,FALSE,FALSE,"equal_weight_gain","descriptive","eligible / in_regime / primary_preregistered / equal_weight_gain / descriptive"
"RD_OncoDataSets_ProstateSurvival_df_auto__depth_upper_tail_enriched","rdatasets_OncoDataSets","empirical_public","normal_like","TAX-Q1R016","normal","locked_unseen_similar",2,2,0,0,FALSE,"",FALSE,2,"mean",-0.401800519764428,-1.82095953399668,-2.68368004586416,-0.913092839888172,1,1,FALSE,FALSE,"equal_weight_gain","descriptive","eligible / in_regime / primary_preregistered / equal_weight_gain / descriptive"
"RD_OncoDataSets_ProstateSurvival_df_auto__depth_upper_tail_enriched","rdatasets_OncoDataSets","empirical_public","normal_like","TAX-Q1R016","normal","original_regime",2,2,0,0,FALSE,"",FALSE,2,"mean",-0.469612333405636,-1.61838987614224,-2.31051541405825,-0.745256511868725,1,1,FALSE,FALSE,"equal_weight_gain","descriptive","eligible / in_regime / primary_preregistered / equal_weight_gain / descriptive"
"RD_OncoDataSets_ProstateSurvival_df_auto__depth_upper_tail_enriched","rdatasets_OncoDataSets","empirical_public","normal_like","TAX-Q1R017","normal","locked_unseen_similar",2,2,0,0,FALSE,"",FALSE,2,"mean",-0.440931255200679,-1.55564231314556,-2.63710128637521,-0.458503989921938,1,1,FALSE,FALSE,"equal_weight_gain","descriptive","eligible / in_regime / primary_preregistered / equal_weight_gain / descriptive"
"RD_OncoDataSets_ProstateSurvival_df_auto__depth_upper_tail_enriched","rdatasets_OncoDataSets","empirical_public","normal_like","TAX-Q1R017","normal","original_regime",2,2,0,0,FALSE,"",FALSE,2,"mean",-0.684672465097252,-2.68732877169846,-3.5700705192164,-1.72310857458611,1,1,FALSE,FALSE,"equal_weight_gain","descriptive","eligible / in_regime / primary_preregistered / equal_weight_gain / descriptive"
"RD_OncoDataSets_ProstateSurvival_df_auto__depth_upper_tail_enriched","rdatasets_OncoDataSets","empirical_public","normal_like","TAX-Q1R023","normal","locked_unseen_similar",3,3,0,0,FALSE,"",FALSE,3,"mean",-0.539333763872961,-1.66190203346674,-2.51248659156118,-0.822968862478545,1,1,FALSE,FALSE,"equal_weight_gain","descriptive","eligible / in_regime / primary_preregistered / equal_weight_gain / descriptive"
"RD_OncoDataSets_ProstateSurvival_df_auto__depth_upper_tail_enriched","rdatasets_OncoDataSets","empirical_public","normal_like","TAX-Q1R023","normal","original_regime",6,6,0,0,FALSE,"",FALSE,6,"mean",-0.542783133027569,-2.0777898273221,-3.31259007356916,-1.19254949141295,1,1,FALSE,FALSE,"equal_weight_gain","descriptive","eligible / in_regime / primary_preregistered / equal_weight_gain / descriptive"
"RD_OncoDataSets_ProstateSurvival_df_auto__depth_upper_tail_enriched","rdatasets_OncoDataSets","empirical_public","normal_like","TAX-Q1R024","normal","locked_unseen_similar",2,2,0,0,FALSE,"",FALSE,2,"mean",-1.1975195380543,-4.58763532178591,-5.61460262136136,-3.29178902720988,1,1,FALSE,FALSE,"equal_weight_gain","descriptive","eligible / in_regime / primary_preregistered / equal_weight_gain / descriptive"
"RD_OncoDataSets_ProstateSurvival_df_auto__depth_upper_tail_enriched","rdatasets_OncoDataSets","empirical_public","normal_like","TAX-Q1R024","normal","original_regime",2,2,0,0,FALSE,"",FALSE,2,"mean",-1.30205292812656,-4.40458054828185,-5.18164093032243,-3.36030935326155,1,1,FALSE,FALSE,"equal_weight_gain","descriptive","eligible / in_regime / primary_preregistered / equal_weight_gain / descriptive"
"RD_OncoDataSets_ProstateSurvival_df_auto__depth_upper_tail_enriched","rdatasets_OncoDataSets","empirical_public","normal_like","TAX-Q1R025","normal","locked_unseen_similar",3,3,0,0,FALSE,"",FALSE,3,"mean",-0.603681958106181,-2.82282313078181,-3.27870276310796,-1.83474258963748,1,1,FALSE,FALSE,"equal_weight_gain","descriptive","eligible / in_regime / primary_preregistered / equal_weight_gain / descriptive"
"RD_OncoDataSets_ProstateSurvival_df_auto__depth_upper_tail_enriched","rdatasets_OncoDataSets","empirical_public","normal_like","TAX-Q1R025","normal","original_regime",6,6,0,0,FALSE,"",FALSE,5,"mean",-0.58776257257549,-2.48671463708656,-3.16420182604981,-1.21452572616242,1,1,FALSE,FALSE,"equal_weight_gain","descriptive","eligible / in_regime / primary_preregistered / equal_weight_gain / descriptive"
"RD_OncoDataSets_ProstateSurvival_df_auto","rdatasets_OncoDataSets","empirical_public","weibull_like","TAX-Q1R011","weibull","locked_unseen_similar",3,3,0,0,FALSE,"",FALSE,3,"huber_k1.345",-41.3308494116361,-51.459981827303,-53.1131421994047,-49.1209976449361,1,1,FALSE,FALSE,"no_win","descriptive","eligible / in_regime / primary_preregistered / no_win / descriptive"
"RD_OncoDataSets_ProstateSurvival_df_auto","rdatasets_OncoDataSets","empirical_public","weibull_like","TAX-Q1R011","weibull","original_regime",6,6,0,0,FALSE,"",FALSE,6,"huber_k1.345",-15.2620696036673,-26.4698046320998,-29.1068606201745,-24.9707412201013,1,1,FALSE,FALSE,"no_win","descriptive","eligible / in_regime / primary_preregistered / no_win / descriptive"
"RD_OncoDataSets_ProstateSurvival_df_auto","rdatasets_OncoDataSets","empirical_public","weibull_like","TAX-Q1R012","weibull","locked_unseen_similar",3,3,0,0,FALSE,"",FALSE,3,"huber_k1.345",-30.5766653781831,-39.3323912666104,-41.4911607418361,-37.108872914693,1,1,FALSE,FALSE,"equal_weight_gain","descriptive","eligible / in_regime / primary_preregistered / equal_weight_gain / descriptive"
"RD_OncoDataSets_ProstateSurvival_df_auto","rdatasets_OncoDataSets","empirical_public","weibull_like","TAX-Q1R012","weibull","original_regime",6,6,0,0,FALSE,"",FALSE,6,"huber_k1.345",-11.3213406815464,-21.4492711586922,-22.8285839389578,-19.6406822875336,1,1,FALSE,FALSE,"equal_weight_gain","descriptive","eligible / in_regime / primary_preregistered / equal_weight_gain / descriptive"
"RD_OncoDataSets_ProstateSurvival_df_auto","rdatasets_OncoDataSets","empirical_public","weibull_like","TAX-Q1R018","weibull","locked_unseen_similar",3,3,3,3,FALSE,"",TRUE,2,"huber_k1.345",14.6643709752711,27.2624294689908,24.6901511530755,28.0594826790584,0,0,TRUE,TRUE,"strong_win","ci_confirmed","eligible / in_regime / primary_preregistered / strong_win / ci_confirmed"
"RD_OncoDataSets_ProstateSurvival_df_auto","rdatasets_OncoDataSets","empirical_public","weibull_like","TAX-Q1R018","weibull","original_regime",3,3,0,0,FALSE,"",FALSE,3,"huber_k1.345",-14.202771450765,-26.5708462997741,-30.3366267300698,-24.0805764935109,1,1,FALSE,FALSE,"equal_weight_gain","descriptive","eligible / in_regime / primary_preregistered / equal_weight_gain / descriptive"
"RD_OncoDataSets_ProstateSurvival_df_auto","rdatasets_OncoDataSets","empirical_public","weibull_like","TAX-Q1R019","weibull","original_regime",7,7,7,7,TRUE,"",TRUE,4,"huber_k1.345",58.6409769976226,67.6856237774478,63.5146283599678,70.7867704884499,0,0,TRUE,TRUE,"strong_win","ci_confirmed","eligible / in_regime / primary_preregistered / strong_win / ci_confirmed"
"RD_psych_bfi_auto__depth_body_10_90","rdatasets_psych","empirical_public","weibull_like","TAX-Q1R011","weibull","locked_unseen_similar",3,3,0,0,FALSE,"",FALSE,3,"huber_k1.345",-1.59052905653346,-1.94958306386471,-2.07606544913702,-1.86373097243802,1,1,FALSE,FALSE,"equal_weight_gain","descriptive","eligible / in_regime / primary_preregistered / equal_weight_gain / descriptive"
"RD_psych_bfi_auto__depth_body_10_90","rdatasets_psych","empirical_public","weibull_like","TAX-Q1R011","weibull","original_regime",6,6,0,0,FALSE,"",FALSE,6,"huber_k1.345",-1.13454187186241,-1.36358390111041,-1.39716540775613,-1.33563523491051,1,1,FALSE,FALSE,"equal_weight_gain","descriptive","eligible / in_regime / primary_preregistered / equal_weight_gain / descriptive"
"RD_psych_bfi_auto__depth_body_10_90","rdatasets_psych","empirical_public","weibull_like","TAX-Q1R012","weibull","locked_unseen_similar",3,3,0,0,FALSE,"",FALSE,3,"huber_k1.345",-1.44534184447498,-1.66210870368607,-1.77441782990247,-1.5571818964553,1,1,FALSE,FALSE,"equal_weight_gain","descriptive","eligible / in_regime / primary_preregistered / equal_weight_gain / descriptive"
"RD_psych_bfi_auto__depth_body_10_90","rdatasets_psych","empirical_public","weibull_like","TAX-Q1R012","weibull","original_regime",6,6,0,0,FALSE,"",FALSE,6,"huber_k1.345",-1.05358781122822,-1.26406339957144,-1.35926652283376,-1.22513041897396,1,1,FALSE,FALSE,"equal_weight_gain","descriptive","eligible / in_regime / primary_preregistered / equal_weight_gain / descriptive"
"RD_psych_bfi_auto__depth_body_10_90","rdatasets_psych","empirical_public","weibull_like","TAX-Q1R018","weibull","locked_unseen_similar",3,3,0,0,FALSE,"",TRUE,3,"huber_k1.345",0.236742394205801,0.415255671556155,0.380815691292232,0.472570068761264,0,0,TRUE,TRUE,"strong_win","ci_confirmed","eligible / in_regime / primary_preregistered / strong_win / ci_confirmed"
"RD_psych_bfi_auto__depth_body_10_90","rdatasets_psych","empirical_public","weibull_like","TAX-Q1R018","weibull","original_regime",3,3,0,0,FALSE,"",FALSE,3,"huber_k1.345",-0.882801294460593,-1.05517749733561,-1.10361446077864,-1.01642764169854,1,1,FALSE,FALSE,"equal_weight_gain","descriptive","eligible / in_regime / primary_preregistered / equal_weight_gain / descriptive"
"RD_psych_bfi_auto__depth_body_10_90","rdatasets_psych","empirical_public","weibull_like","TAX-Q1R019","weibull","locked_unseen_similar",3,3,0,0,FALSE,"",FALSE,3,"huber_k1.345",-1.28481822796764,-1.51906028704911,-1.55533369908112,-1.51411762886017,1,1,FALSE,FALSE,"equal_weight_gain","descriptive","eligible / in_regime / primary_preregistered / equal_weight_gain / descriptive"
"RD_psych_bfi_auto__depth_body_10_90","rdatasets_psych","empirical_public","weibull_like","TAX-Q1R019","weibull","original_regime",36,36,0,0,FALSE,"",TRUE,16,"huber_k1.345",2.23300212996168,3.18200985360563,3.08777751026539,3.27127639798244,0,0,TRUE,TRUE,"strong_win","ci_confirmed","eligible / in_regime / primary_preregistered / strong_win / ci_confirmed"
"RD_psych_bfi_auto__depth_bootstrap_full","rdatasets_psych","empirical_public","weibull_like","TAX-Q1R011","weibull","locked_unseen_similar",3,3,0,0,FALSE,"",FALSE,3,"huber_k1.345",-2.93559079885383,-3.30493324472314,-3.48140859930323,-3.04011470254912,1,1,FALSE,FALSE,"equal_weight_gain","descriptive","eligible / in_regime / primary_preregistered / equal_weight_gain / descriptive"
"RD_psych_bfi_auto__depth_bootstrap_full","rdatasets_psych","empirical_public","weibull_like","TAX-Q1R011","weibull","original_regime",6,6,0,0,FALSE,"",FALSE,5,"huber_k1.345",-2.96474465140366,-2.89043934872932,-2.98034578938528,-2.61870034173673,1,1,FALSE,FALSE,"equal_weight_gain","descriptive","eligible / in_regime / primary_preregistered / equal_weight_gain / descriptive"
"RD_psych_bfi_auto__depth_bootstrap_full","rdatasets_psych","empirical_public","weibull_like","TAX-Q1R012","weibull","locked_unseen_similar",3,3,0,0,FALSE,"",FALSE,3,"huber_k1.345",-2.73856289536708,-2.56374242079478,-2.73734905905777,-2.46244303175869,1,1,FALSE,FALSE,"equal_weight_gain","descriptive","eligible / in_regime / primary_preregistered / equal_weight_gain / descriptive"
"RD_psych_bfi_auto__depth_bootstrap_full","rdatasets_psych","empirical_public","weibull_like","TAX-Q1R012","weibull","original_regime",6,6,0,0,FALSE,"",FALSE,6,"huber_k1.345",-2.05945080246655,-2.76010775772837,-2.92129455610637,-2.58053022875588,1,1,FALSE,FALSE,"equal_weight_gain","descriptive","eligible / in_regime / primary_preregistered / equal_weight_gain / descriptive"
"RD_psych_bfi_auto__depth_bootstrap_full","rdatasets_psych","empirical_public","weibull_like","TAX-Q1R018","weibull","locked_unseen_similar",3,3,0,0,FALSE,"",TRUE,1,"huber_k1.345",0.31472940774127,0.909774716117142,0.582595270673959,1.21412878484727,0,0,TRUE,TRUE,"strong_win","ci_confirmed","eligible / in_regime / primary_preregistered / strong_win / ci_confirmed"
"RD_psych_bfi_auto__depth_bootstrap_full","rdatasets_psych","empirical_public","weibull_like","TAX-Q1R018","weibull","original_regime",3,3,0,0,FALSE,"",FALSE,3,"huber_k1.345",-1.59020211279024,-2.1708078361666,-2.3017745729698,-2.00766792560656,1,1,FALSE,FALSE,"equal_weight_gain","descriptive","eligible / in_regime / primary_preregistered / equal_weight_gain / descriptive"
"RD_psych_bfi_auto__depth_bootstrap_full","rdatasets_psych","empirical_public","weibull_like","TAX-Q1R019","weibull","locked_unseen_similar",3,3,0,0,FALSE,"",FALSE,1,"huber_k1.345",-2.19558929970698,-3.41043003798972,-3.57417221276207,-3.03067721082649,1,1,FALSE,FALSE,"no_win","descriptive","eligible / in_regime / primary_preregistered / no_win / descriptive"
"RD_psych_bfi_auto__depth_bootstrap_full","rdatasets_psych","empirical_public","weibull_like","TAX-Q1R019","weibull","original_regime",36,36,0,0,FALSE,"",TRUE,6,"huber_k1.345",5.31773360069742,7.84227945785356,7.48339210576877,8.14583013036324,0,0,TRUE,TRUE,"strong_win","ci_confirmed","eligible / in_regime / primary_preregistered / strong_win / ci_confirmed"
"RD_psych_bfi_auto__depth_upper_tail_enriched","rdatasets_psych","empirical_public","normal_like","TAX-Q1R010","normal","locked_unseen_similar",3,3,0,0,FALSE,"",TRUE,2,"mean",2.39739250263185,3.24191571049121,2.96537005760189,3.46296791265817,0,0,TRUE,TRUE,"strong_win","ci_confirmed","eligible / in_regime / primary_preregistered / strong_win / ci_confirmed"
"RD_psych_bfi_auto__depth_upper_tail_enriched","rdatasets_psych","empirical_public","normal_like","TAX-Q1R010","normal","original_regime",36,36,0,0,FALSE,"",TRUE,15,"mean",4.13230339999606,4.50627627964587,4.21192309543459,4.8824081168866,0,0,TRUE,TRUE,"strong_win","ci_confirmed","eligible / in_regime / primary_preregistered / strong_win / ci_confirmed"
"RD_psych_bfi_auto__depth_upper_tail_enriched","rdatasets_psych","empirical_public","normal_like","TAX-Q1R016","normal","locked_unseen_similar",2,2,0,0,FALSE,"",FALSE,2,"mean",-0.419999089476963,-0.714084867162744,-0.801986681447712,-0.658314538256695,1,1,FALSE,FALSE,"equal_weight_gain","descriptive","eligible / in_regime / primary_preregistered / equal_weight_gain / descriptive"
"RD_psych_bfi_auto__depth_upper_tail_enriched","rdatasets_psych","empirical_public","normal_like","TAX-Q1R016","normal","original_regime",2,2,0,0,FALSE,"",FALSE,2,"mean",-0.31617149909985,-0.605424662278724,-0.705340058310751,-0.549334001921051,1,1,FALSE,FALSE,"equal_weight_gain","descriptive","eligible / in_regime / primary_preregistered / equal_weight_gain / descriptive"
"RD_psych_bfi_auto__depth_upper_tail_enriched","rdatasets_psych","empirical_public","normal_like","TAX-Q1R017","normal","locked_unseen_similar",2,2,0,0,FALSE,"",FALSE,2,"mean",-0.47444373646875,-0.768747551409554,-0.810088123021111,-0.70031808974416,1,1,FALSE,FALSE,"equal_weight_gain","descriptive","eligible / in_regime / primary_preregistered / equal_weight_gain / descriptive"
"RD_psych_bfi_auto__depth_upper_tail_enriched","rdatasets_psych","empirical_public","normal_like","TAX-Q1R017","normal","original_regime",2,2,0,0,FALSE,"",FALSE,2,"mean",-0.386905415327287,-0.716240220399115,-0.803845762659107,-0.626612066899056,1,1,FALSE,FALSE,"equal_weight_gain","descriptive","eligible / in_regime / primary_preregistered / equal_weight_gain / descriptive"
"RD_psych_bfi_auto__depth_upper_tail_enriched","rdatasets_psych","empirical_public","normal_like","TAX-Q1R023","normal","locked_unseen_similar",3,3,0,0,FALSE,"",FALSE,3,"mean",-0.602994182703618,-1.20009155871452,-1.27110975384136,-1.0410498978049,1,1,FALSE,FALSE,"equal_weight_gain","descriptive","eligible / in_regime / primary_preregistered / equal_weight_gain / descriptive"
"RD_psych_bfi_auto__depth_upper_tail_enriched","rdatasets_psych","empirical_public","normal_like","TAX-Q1R023","normal","original_regime",6,6,0,0,FALSE,"",TRUE,4,"mean",1.9194672433031,2.45127167692407,2.2955842852512,2.65163502675407,0,0,TRUE,TRUE,"strong_win","ci_confirmed","eligible / in_regime / primary_preregistered / strong_win / ci_confirmed"
"RD_psych_bfi_auto__depth_upper_tail_enriched","rdatasets_psych","empirical_public","normal_like","TAX-Q1R024","normal","locked_unseen_similar",2,2,0,0,FALSE,"",FALSE,2,"mean",-0.851101810776766,-1.33846015616889,-1.43335437188558,-1.24974734832048,1,1,FALSE,FALSE,"equal_weight_gain","descriptive","eligible / in_regime / primary_preregistered / equal_weight_gain / descriptive"
"RD_psych_bfi_auto__depth_upper_tail_enriched","rdatasets_psych","empirical_public","normal_like","TAX-Q1R024","normal","original_regime",2,2,0,0,FALSE,"",FALSE,2,"mean",-0.711018116636704,-1.20350341171931,-1.30482353293413,-1.14034160555906,1,1,FALSE,FALSE,"equal_weight_gain","descriptive","eligible / in_regime / primary_preregistered / equal_weight_gain / descriptive"
"RD_psych_bfi_auto__depth_upper_tail_enriched","rdatasets_psych","empirical_public","normal_like","TAX-Q1R025","normal","locked_unseen_similar",3,3,0,0,FALSE,"",FALSE,3,"mean",-0.590265467515782,-1.07448358700885,-1.19442463149998,-1.03253930678438,1,1,FALSE,FALSE,"equal_weight_gain","descriptive","eligible / in_regime / primary_preregistered / equal_weight_gain / descriptive"
"RD_psych_bfi_auto__depth_upper_tail_enriched","rdatasets_psych","empirical_public","normal_like","TAX-Q1R025","normal","original_regime",6,6,0,0,FALSE,"",TRUE,2,"mean",1.84012386697239,2.54690949443489,2.25671409913791,2.79365401402796,0,0,TRUE,TRUE,"strong_win","ci_confirmed","eligible / in_regime / primary_preregistered / strong_win / ci_confirmed"
"RD_psych_bfi_auto","rdatasets_psych","empirical_public","weibull_like","TAX-Q1R011","weibull","locked_unseen_similar",3,3,0,0,FALSE,"",FALSE,3,"huber_k1.345",-3.41301704022878,-3.59074600648144,-3.67813153582626,-3.34293533588855,1,1,FALSE,FALSE,"no_win","descriptive","eligible / in_regime / primary_preregistered / no_win / descriptive"
"RD_psych_bfi_auto","rdatasets_psych","empirical_public","weibull_like","TAX-Q1R011","weibull","original_regime",6,6,0,0,FALSE,"",FALSE,6,"huber_k1.345",-2.50757895134117,-3.37850796150696,-3.45849135792135,-3.28277081205841,1,1,FALSE,FALSE,"equal_weight_gain","descriptive","eligible / in_regime / primary_preregistered / equal_weight_gain / descriptive"
"RD_psych_bfi_auto","rdatasets_psych","empirical_public","weibull_like","TAX-Q1R012","weibull","locked_unseen_similar",3,3,0,0,FALSE,"",FALSE,3,"huber_k1.345",-3.10397983715978,-2.97279100321069,-3.18618632916765,-2.77040673080481,1,1,FALSE,FALSE,"equal_weight_gain","descriptive","eligible / in_regime / primary_preregistered / equal_weight_gain / descriptive"
"RD_psych_bfi_auto","rdatasets_psych","empirical_public","weibull_like","TAX-Q1R012","weibull","original_regime",6,6,0,0,FALSE,"",FALSE,6,"huber_k1.345",-2.31175256922928,-2.9922379735965,-3.11792079832995,-2.89244969479631,1,1,FALSE,FALSE,"equal_weight_gain","descriptive","eligible / in_regime / primary_preregistered / equal_weight_gain / descriptive"
"RD_psych_bfi_auto","rdatasets_psych","empirical_public","weibull_like","TAX-Q1R018","weibull","locked_unseen_similar",3,3,2,2,FALSE,"",TRUE,3,"huber_k1.345",0.164435424624664,0.267896999593233,0.202720471450089,0.358711233178105,0,0,TRUE,TRUE,"strong_win","ci_confirmed","eligible / in_regime / primary_preregistered / strong_win / ci_confirmed"
"RD_psych_bfi_auto","rdatasets_psych","empirical_public","weibull_like","TAX-Q1R018","weibull","original_regime",3,3,0,0,FALSE,"",FALSE,2,"huber_k1.345",-1.89473612079278,-2.44564559092194,-2.61135533146733,-2.29095137366666,1,1,FALSE,FALSE,"equal_weight_gain","descriptive","eligible / in_regime / primary_preregistered / equal_weight_gain / descriptive"
"RD_psych_bfi_auto","rdatasets_psych","empirical_public","weibull_like","TAX-Q1R019","weibull","original_regime",16,16,8,8,TRUE,"",TRUE,2,"huber_k1.345",5.09934798519858,7.55825491648463,7.25368056180583,7.96312446368618,0,0,TRUE,TRUE,"strong_win","ci_confirmed","eligible / in_regime / primary_preregistered / strong_win / ci_confirmed"
"UCI_abalone_whole_weight__depth_body_10_90","biological_positive","lognormal","lognormal_like","TAX-Q1R008","lognormal","locked_unseen_similar",3,3,0,0,FALSE,"",FALSE,3,"huber_k1.345",-7.69063649082369e-05,-0.000286898279075204,-0.000354284961434532,-0.000200448953455187,1,1,FALSE,FALSE,"equal_weight_gain","descriptive","eligible / in_regime / primary_preregistered / equal_weight_gain / descriptive"
"UCI_abalone_whole_weight__depth_body_10_90","biological_positive","lognormal","lognormal_like","TAX-Q1R008","lognormal","original_regime",6,6,0,0,FALSE,"",FALSE,6,"huber_k1.345",-7.9413982626374e-05,-0.000264851756546927,-0.000344388039136252,-0.000206323087004972,1,1,FALSE,FALSE,"equal_weight_gain","descriptive","eligible / in_regime / primary_preregistered / equal_weight_gain / descriptive"
"UCI_abalone_whole_weight__depth_body_10_90","biological_positive","lognormal","lognormal_like","TAX-Q1R009","lognormal","locked_unseen_similar",3,3,0,0,FALSE,"",FALSE,3,"huber_k1.345",-4.75304008791905e-05,-0.00019274736297403,-0.000257621415300554,-0.000121679781862828,1,1,FALSE,FALSE,"equal_weight_gain","descriptive","eligible / in_regime / primary_preregistered / equal_weight_gain / descriptive"
"UCI_abalone_whole_weight__depth_body_10_90","biological_positive","lognormal","lognormal_like","TAX-Q1R009","lognormal","original_regime",36,36,0,0,FALSE,"",FALSE,33,"huber_k1.345",-4.10153255499726e-05,-0.000141085015346539,-0.000178044617856789,-7.87680303038137e-05,1,1,FALSE,FALSE,"equal_weight_gain","descriptive","eligible / in_regime / primary_preregistered / equal_weight_gain / descriptive"
"UCI_abalone_whole_weight__depth_bootstrap_full","biological_positive","lognormal","lognormal_like","TAX-Q1R008","lognormal","locked_unseen_similar",3,3,0,0,FALSE,"",TRUE,2,"huber_k1.345",0.0144358449940832,0.0145208467739431,0.0136860498072897,0.0155411450977616,0,0,TRUE,TRUE,"strong_win","ci_confirmed","eligible / in_regime / primary_preregistered / strong_win / ci_confirmed"
"UCI_abalone_whole_weight__depth_bootstrap_full","biological_positive","lognormal","lognormal_like","TAX-Q1R008","lognormal","original_regime",6,6,0,0,FALSE,"",TRUE,2,"huber_k1.345",0.0310915617759807,0.0290624502549072,0.02737682248982,0.030107831702131,0,0,TRUE,TRUE,"strong_win","ci_confirmed","eligible / in_regime / primary_preregistered / strong_win / ci_confirmed"
"UCI_abalone_whole_weight__depth_bootstrap_full","biological_positive","lognormal","lognormal_like","TAX-Q1R009","lognormal","locked_unseen_similar",3,3,0,0,FALSE,"",TRUE,1,"huber_k1.345",0.000982793105775968,0.00162528742010944,0.00133541575891856,0.0021507585151602,0,0,TRUE,TRUE,"strong_win","ci_confirmed","eligible / in_regime / primary_preregistered / strong_win / ci_confirmed"
"UCI_abalone_whole_weight__depth_bootstrap_full","biological_positive","lognormal","lognormal_like","TAX-Q1R009","lognormal","original_regime",36,36,0,0,FALSE,"",TRUE,2,"huber_k1.345",0.00994183227238632,0.0109484574589579,0.0100136174109301,0.0116329133154614,0,0,TRUE,TRUE,"strong_win","ci_confirmed","eligible / in_regime / primary_preregistered / strong_win / ci_confirmed"
"UCI_abalone_whole_weight__depth_upper_tail_enriched","biological_positive","lognormal","lognormal_like","TAX-Q1R008","lognormal","locked_unseen_similar",3,3,0,0,FALSE,"",TRUE,1,"huber_k1.345",0.0137397011223677,0.0150205687789336,0.0135446250658544,0.016323886990275,0,0,TRUE,TRUE,"strong_win","ci_confirmed","eligible / in_regime / primary_preregistered / strong_win / ci_confirmed"
"UCI_abalone_whole_weight__depth_upper_tail_enriched","biological_positive","lognormal","lognormal_like","TAX-Q1R008","lognormal","original_regime",6,6,0,0,FALSE,"",TRUE,1,"huber_k1.345",0.0258058332866573,0.0262583825675192,0.0246481799631514,0.0274288104479491,0,0,TRUE,TRUE,"strong_win","ci_confirmed","eligible / in_regime / primary_preregistered / strong_win / ci_confirmed"
"UCI_abalone_whole_weight__depth_upper_tail_enriched","biological_positive","lognormal","lognormal_like","TAX-Q1R009","lognormal","locked_unseen_similar",3,3,0,0,FALSE,"",FALSE,3,"huber_k1.345",-0.00010345351282416,-0.000283325784105692,-0.000423996047526841,-7.34511468948142e-05,0.998,1,FALSE,FALSE,"no_win","descriptive","eligible / in_regime / primary_preregistered / no_win / descriptive"
"UCI_abalone_whole_weight__depth_upper_tail_enriched","biological_positive","lognormal","lognormal_like","TAX-Q1R009","lognormal","original_regime",36,36,0,0,FALSE,"",TRUE,2,"huber_k1.345",0.00991714363865009,0.0103489787199022,0.00873436692946819,0.0108716893422583,0,0,TRUE,TRUE,"strong_win","ci_confirmed","eligible / in_regime / primary_preregistered / strong_win / ci_confirmed"
"UCI_abalone_whole_weight","biological_positive","lognormal","lognormal_like","TAX-Q1R008","lognormal","locked_unseen_similar",3,3,3,3,FALSE,"",TRUE,1,"huber_k1.345",0.0156603885768315,0.0180271700653285,0.0161272547429321,0.0188921662814029,0,0,TRUE,TRUE,"strong_win","ci_confirmed","eligible / in_regime / primary_preregistered / strong_win / ci_confirmed"
"UCI_abalone_whole_weight","biological_positive","lognormal","lognormal_like","TAX-Q1R008","lognormal","original_regime",6,6,6,6,FALSE,"",TRUE,1,"huber_k1.345",0.0351583696469227,0.0326460327731496,0.031967964075464,0.0347719319147673,0,0,TRUE,TRUE,"strong_win","ci_confirmed","eligible / in_regime / primary_preregistered / strong_win / ci_confirmed"
"UCI_abalone_whole_weight","biological_positive","lognormal","lognormal_like","TAX-Q1R009","lognormal","original_regime",1,1,1,1,TRUE,"",TRUE,1,"huber_k1.345",0.00367584999416987,0.00529346156324922,0.00409993517113283,0.00592106691640282,0,0,TRUE,TRUE,"strong_win","ci_confirmed","eligible / in_regime / primary_preregistered / strong_win / ci_confirmed"
"UCI_auto_horsepower","engineering_positive","lognormal","lognormal_like","TAX-Q1R008","lognormal","locked_unseen_similar",3,3,0,0,FALSE,"",FALSE,1,"huber_k1.345",-10.9581547242938,-20.2730840890807,-22.144146499169,-18.3909164529281,1,1,FALSE,FALSE,"equal_weight_gain","descriptive","eligible / in_regime / primary_preregistered / equal_weight_gain / descriptive"
"UCI_auto_horsepower","engineering_positive","lognormal","lognormal_like","TAX-Q1R008","lognormal","original_regime",6,6,0,0,FALSE,"",FALSE,2,"huber_k1.345",-11.2262304282506,-20.7991469280777,-22.1353620288592,-18.4353115027429,1,1,FALSE,FALSE,"equal_weight_gain","descriptive","eligible / in_regime / primary_preregistered / equal_weight_gain / descriptive"
"UCI_auto_horsepower","engineering_positive","lognormal","lognormal_like","TAX-Q1R009","lognormal","locked_unseen_similar",3,3,0,0,FALSE,"",FALSE,2,"huber_k1.345",-22.0686133420786,-22.2846124014181,-22.294936250112,-22.2652020523244,1,1,FALSE,FALSE,"equal_weight_gain","descriptive","eligible / in_regime / primary_preregistered / equal_weight_gain / descriptive"
"UCI_auto_horsepower","engineering_positive","lognormal","lognormal_like","TAX-Q1R009","lognormal","original_regime",36,36,0,0,FALSE,"",FALSE,4,"huber_k1.345",-7.04470360706621,-15.0001381480332,-15.8063716872746,-13.8768331084604,1,1,FALSE,FALSE,"equal_weight_gain","descriptive","eligible / in_regime / primary_preregistered / equal_weight_gain / descriptive"
"UCI_auto_mpg","engineering_efficiency","normal","normal_like","TAX-Q1R010","normal","locked_unseen_similar",3,3,0,0,FALSE,"",FALSE,2,"mean",-0.11194325590222,-0.128836666769935,-0.129075034857652,-0.128333485089672,1,1,FALSE,FALSE,"equal_weight_gain","descriptive","eligible / in_regime / primary_preregistered / equal_weight_gain / descriptive"
"UCI_auto_mpg","engineering_efficiency","normal","normal_like","TAX-Q1R010","normal","original_regime",36,36,0,0,FALSE,"",FALSE,26,"mean",-0.110492951653487,-0.128012857066602,-0.12887373187263,-0.12747647566941,1,1,FALSE,FALSE,"equal_weight_gain","descriptive","eligible / in_regime / primary_preregistered / equal_weight_gain / descriptive"
"UCI_auto_mpg","engineering_efficiency","normal","normal_like","TAX-Q1R016","normal","locked_unseen_similar",2,2,0,0,FALSE,"",FALSE,2,"mean",-0.0424267995165195,-0.0419182513844505,-0.0419480303774401,-0.0418831560281711,1,1,FALSE,FALSE,"equal_weight_gain","descriptive","eligible / in_regime / primary_preregistered / equal_weight_gain / descriptive"
"UCI_auto_mpg","engineering_efficiency","normal","normal_like","TAX-Q1R016","normal","original_regime",2,2,0,0,FALSE,"",FALSE,2,"mean",-0.0293933527151501,-0.0404177917559061,-0.0412804497526679,-0.0397400484540058,1,1,FALSE,FALSE,"equal_weight_gain","descriptive","eligible / in_regime / primary_preregistered / equal_weight_gain / descriptive"
"UCI_auto_mpg","engineering_efficiency","normal","normal_like","TAX-Q1R017","normal","locked_unseen_similar",2,2,0,0,FALSE,"",FALSE,2,"mean",-0.0666747726578384,-0.0698484475951474,-0.0700683421700681,-0.0692897558019655,1,1,FALSE,FALSE,"equal_weight_gain","descriptive","eligible / in_regime / primary_preregistered / equal_weight_gain / descriptive"
"UCI_auto_mpg","engineering_efficiency","normal","normal_like","TAX-Q1R017","normal","original_regime",2,2,0,0,FALSE,"",FALSE,2,"mean",-0.0520102105731797,-0.068918657401238,-0.0698243507142519,-0.0667227469856436,1,1,FALSE,FALSE,"equal_weight_gain","descriptive","eligible / in_regime / primary_preregistered / equal_weight_gain / descriptive"
"UCI_auto_mpg","engineering_efficiency","normal","normal_like","TAX-Q1R023","normal","locked_unseen_similar",3,3,0,0,FALSE,"",FALSE,2,"mean",-0.0889078318055349,-0.107117106946087,-0.107665157002118,-0.105819644073236,1,1,FALSE,FALSE,"equal_weight_gain","descriptive","eligible / in_regime / primary_preregistered / equal_weight_gain / descriptive"
"UCI_auto_mpg","engineering_efficiency","normal","normal_like","TAX-Q1R023","normal","original_regime",6,6,0,0,FALSE,"",FALSE,6,"mean",-0.0897963892286792,-0.10712725839515,-0.107515340923043,-0.105850349951748,1,1,FALSE,FALSE,"equal_weight_gain","descriptive","eligible / in_regime / primary_preregistered / equal_weight_gain / descriptive"
"UCI_auto_mpg","engineering_efficiency","normal","normal_like","TAX-Q1R024","normal","locked_unseen_similar",2,2,0,0,FALSE,"",FALSE,2,"mean",-0.0952738274753072,-0.0973339431571657,-0.0977609969006053,-0.0969054286551647,1,1,FALSE,FALSE,"equal_weight_gain","descriptive","eligible / in_regime / primary_preregistered / equal_weight_gain / descriptive"
"UCI_auto_mpg","engineering_efficiency","normal","normal_like","TAX-Q1R024","normal","original_regime",2,2,0,0,FALSE,"",FALSE,2,"mean",-0.0791543117788747,-0.0977441039354202,-0.0984435368267954,-0.0966663074515492,1,1,FALSE,FALSE,"equal_weight_gain","descriptive","eligible / in_regime / primary_preregistered / equal_weight_gain / descriptive"
"UCI_auto_mpg","engineering_efficiency","normal","normal_like","TAX-Q1R025","normal","locked_unseen_similar",3,3,0,0,FALSE,"",FALSE,2,"mean",-0.0882650021681971,-0.105830077317618,-0.106382503474683,-0.105535531190608,1,1,FALSE,FALSE,"equal_weight_gain","descriptive","eligible / in_regime / primary_preregistered / equal_weight_gain / descriptive"
"UCI_auto_mpg","engineering_efficiency","normal","normal_like","TAX-Q1R025","normal","original_regime",6,6,0,0,FALSE,"",FALSE,3,"mean",-0.0879241449268647,-0.105787175195239,-0.105832349839331,-0.105004400215619,1,1,FALSE,FALSE,"equal_weight_gain","descriptive","eligible / in_regime / primary_preregistered / equal_weight_gain / descriptive"
"UCI_bike_hour_casual__depth_body_10_90","mobility_demand","lognormal","lognormal_like","TAX-Q1R008","lognormal","locked_unseen_similar",3,3,0,0,FALSE,"",FALSE,3,"huber_k1.345",0.312017615951973,-0.0856081745728936,-0.523880087063322,0.453697733156832,0.586,1,FALSE,FALSE,"equal_weight_gain","descriptive","eligible / in_regime / primary_preregistered / equal_weight_gain / descriptive"
"UCI_bike_hour_casual__depth_body_10_90","mobility_demand","lognormal","lognormal_like","TAX-Q1R008","lognormal","original_regime",6,6,0,0,FALSE,"",TRUE,1,"huber_k1.345",43.8865281059863,49.4023373487395,48.0557737571009,51.1832191870118,0,0,TRUE,TRUE,"strong_win","ci_confirmed","eligible / in_regime / primary_preregistered / strong_win / ci_confirmed"
"UCI_bike_hour_casual__depth_body_10_90","mobility_demand","lognormal","lognormal_like","TAX-Q1R009","lognormal","locked_unseen_similar",3,3,0,0,FALSE,"",FALSE,3,"huber_k1.345",-15.5493396970205,-19.2807486182994,-19.7423986104007,-18.2613173243252,1,1,FALSE,FALSE,"equal_weight_gain","descriptive","eligible / in_regime / primary_preregistered / equal_weight_gain / descriptive"
"UCI_bike_hour_casual__depth_body_10_90","mobility_demand","lognormal","lognormal_like","TAX-Q1R009","lognormal","original_regime",36,36,0,0,FALSE,"",TRUE,28,"huber_k1.345",2.41711978706088,4.27867523744188,3.80067347566501,4.74214727030138,0,0,TRUE,TRUE,"strong_win","ci_confirmed","eligible / in_regime / primary_preregistered / strong_win / ci_confirmed"
"UCI_bike_hour_casual__depth_bootstrap_full","mobility_demand","lognormal","lognormal_like","TAX-Q1R008","lognormal","locked_unseen_similar",3,3,0,0,FALSE,"",FALSE,3,"huber_k1.345",-85.3140163862118,-100.025516816798,-103.54008924626,-96.6484803973697,1,1,FALSE,FALSE,"no_win","descriptive","eligible / in_regime / primary_preregistered / no_win / descriptive"
"UCI_bike_hour_casual__depth_bootstrap_full","mobility_demand","lognormal","lognormal_like","TAX-Q1R008","lognormal","original_regime",6,6,0,0,FALSE,"",TRUE,5,"huber_k1.345",1.88755899190987,2.14952096867259,0.858051619031199,3.41684475410585,0,0,TRUE,TRUE,"strong_win","ci_confirmed","eligible / in_regime / primary_preregistered / strong_win / ci_confirmed"
"UCI_bike_hour_casual__depth_bootstrap_full","mobility_demand","lognormal","lognormal_like","TAX-Q1R009","lognormal","locked_unseen_similar",3,3,0,0,FALSE,"",FALSE,3,"huber_k1.345",-79.5793636665026,-85.7049617642901,-89.0897073205961,-81.7480722007145,1,1,FALSE,FALSE,"no_win","descriptive","eligible / in_regime / primary_preregistered / no_win / descriptive"
"UCI_bike_hour_casual__depth_bootstrap_full","mobility_demand","lognormal","lognormal_like","TAX-Q1R009","lognormal","original_regime",36,36,0,0,FALSE,"",FALSE,28,"huber_k1.345",-73.2916042676316,-87.2814431896515,-89.5217116497484,-84.2158625195625,1,1,FALSE,FALSE,"equal_weight_gain","descriptive","eligible / in_regime / primary_preregistered / equal_weight_gain / descriptive"
"UCI_bike_hour_casual__depth_upper_tail_enriched","mobility_demand","lognormal","lognormal_like","TAX-Q1R008","lognormal","locked_unseen_similar",3,3,0,0,FALSE,"",TRUE,3,"huber_k1.345",10.0101574997672,13.0905684929373,10.2030295468918,15.8303171321854,0,0,TRUE,TRUE,"strong_win","ci_confirmed","eligible / in_regime / primary_preregistered / strong_win / ci_confirmed"
"UCI_bike_hour_casual__depth_upper_tail_enriched","mobility_demand","lognormal","lognormal_like","TAX-Q1R008","lognormal","original_regime",6,6,0,0,FALSE,"",TRUE,3,"huber_k1.345",261.583707171079,300.669784971841,292.910580127149,308.417668920342,0,0,TRUE,TRUE,"strong_win","ci_confirmed","eligible / in_regime / primary_preregistered / strong_win / ci_confirmed"
"UCI_bike_hour_casual__depth_upper_tail_enriched","mobility_demand","lognormal","lognormal_like","TAX-Q1R009","lognormal","locked_unseen_similar",3,3,0,0,FALSE,"",FALSE,3,"huber_k1.345",-75.5748702617537,-93.8754545838432,-96.1701810017621,-90.0542396314592,1,1,FALSE,FALSE,"equal_weight_gain","descriptive","eligible / in_regime / primary_preregistered / equal_weight_gain / descriptive"
"UCI_bike_hour_casual__depth_upper_tail_enriched","mobility_demand","lognormal","lognormal_like","TAX-Q1R009","lognormal","original_regime",36,36,0,0,FALSE,"",TRUE,14,"huber_k1.345",13.6381089555939,28.4125124584082,23.7844183884343,31.1172410574234,0,0,TRUE,TRUE,"strong_win","ci_confirmed","eligible / in_regime / primary_preregistered / strong_win / ci_confirmed"
"UCI_bike_hour_casual","mobility_demand","lognormal","lognormal_like","TAX-Q1R008","lognormal","locked_unseen_similar",3,3,0,0,FALSE,"",FALSE,3,"huber_k1.345",-81.7087827515365,-99.2475029219011,-101.395343680698,-95.1349893464427,1,1,FALSE,FALSE,"no_win","descriptive","eligible / in_regime / primary_preregistered / no_win / descriptive"
"UCI_bike_hour_casual","mobility_demand","lognormal","lognormal_like","TAX-Q1R008","lognormal","original_regime",6,6,6,6,FALSE,"",TRUE,1,"huber_k1.345",17.6029765210387,28.6636769828587,26.2477897520304,31.379470375714,0,0,TRUE,TRUE,"strong_win","ci_confirmed","eligible / in_regime / primary_preregistered / strong_win / ci_confirmed"
"UCI_bike_hour_casual","mobility_demand","lognormal","lognormal_like","TAX-Q1R009","lognormal","locked_unseen_similar",3,3,0,0,FALSE,"",FALSE,3,"huber_k1.345",-79.979751876212,-90.1377724155199,-92.9131371362424,-85.2915925496593,1,1,FALSE,FALSE,"no_win","descriptive","eligible / in_regime / primary_preregistered / no_win / descriptive"
"UCI_bike_hour_casual","mobility_demand","lognormal","lognormal_like","TAX-Q1R009","lognormal","original_regime",36,36,0,0,FALSE,"",FALSE,30,"huber_k1.345",-69.3200331457162,-83.4639852561875,-85.9636414712295,-81.9751995191676,1,1,FALSE,FALSE,"equal_weight_gain","descriptive","eligible / in_regime / primary_preregistered / equal_weight_gain / descriptive"
"UCI_bike_hour_count__depth_body_10_90","mobility_demand","lognormal","lognormal_like","TAX-Q1R008","lognormal","locked_unseen_similar",3,3,0,0,FALSE,"",TRUE,3,"huber_k1.345",1215.25293638715,1233.06046108742,1215.61449836909,1264.61737592491,0,0,TRUE,TRUE,"strong_win","ci_confirmed","eligible / in_regime / primary_preregistered / strong_win / ci_confirmed"
"UCI_bike_hour_count__depth_body_10_90","mobility_demand","lognormal","lognormal_like","TAX-Q1R008","lognormal","original_regime",6,6,0,0,FALSE,"",TRUE,6,"huber_k1.345",1452.09719724616,1375.89371206274,1334.50154059572,1407.00735050536,0,0,TRUE,TRUE,"strong_win","ci_confirmed","eligible / in_regime / primary_preregistered / strong_win / ci_confirmed"
"UCI_bike_hour_count__depth_body_10_90","mobility_demand","lognormal","lognormal_like","TAX-Q1R009","lognormal","locked_unseen_similar",3,3,0,0,FALSE,"",TRUE,1,"huber_k1.345",223.080482494308,403.221953625654,369.655799855361,428.631213498468,0,0,TRUE,TRUE,"strong_win","ci_confirmed","eligible / in_regime / primary_preregistered / strong_win / ci_confirmed"
"UCI_bike_hour_count__depth_body_10_90","mobility_demand","lognormal","lognormal_like","TAX-Q1R009","lognormal","original_regime",36,36,0,0,FALSE,"",TRUE,30,"huber_k1.345",741.585978267163,723.897316539301,697.963981960177,740.437042270286,0,0,TRUE,TRUE,"strong_win","ci_confirmed","eligible / in_regime / primary_preregistered / strong_win / ci_confirmed"
"UCI_bike_hour_count__depth_bootstrap_full","mobility_demand","lognormal","lognormal_like","TAX-Q1R008","lognormal","locked_unseen_similar",3,3,0,0,FALSE,"",TRUE,1,"huber_k1.345",1324.33453290418,1951.95086441516,1847.80958145263,2021.28111287724,0,0,TRUE,TRUE,"strong_win","ci_confirmed","eligible / in_regime / primary_preregistered / strong_win / ci_confirmed"
"UCI_bike_hour_count__depth_bootstrap_full","mobility_demand","lognormal","lognormal_like","TAX-Q1R008","lognormal","original_regime",6,6,0,0,FALSE,"",TRUE,5,"huber_k1.345",4682.18252291314,4885.76349428187,4779.44951053438,4929.38758136172,0,0,TRUE,TRUE,"strong_win","ci_confirmed","eligible / in_regime / primary_preregistered / strong_win / ci_confirmed"
"UCI_bike_hour_count__depth_bootstrap_full","mobility_demand","lognormal","lognormal_like","TAX-Q1R009","lognormal","locked_unseen_similar",3,3,0,0,FALSE,"",FALSE,3,"huber_k1.345",-399.94621737734,-598.262692196835,-623.212768700729,-575.570416724708,1,1,FALSE,FALSE,"equal_weight_gain","descriptive","eligible / in_regime / primary_preregistered / equal_weight_gain / descriptive"
"UCI_bike_hour_count__depth_bootstrap_full","mobility_demand","lognormal","lognormal_like","TAX-Q1R009","lognormal","original_regime",36,36,0,0,FALSE,"",TRUE,10,"huber_k1.345",1018.13992926626,1370.93378203921,1312.72676110204,1412.80263338228,0,0,TRUE,TRUE,"strong_win","ci_confirmed","eligible / in_regime / primary_preregistered / strong_win / ci_confirmed"
"UCI_bike_hour_count__depth_upper_tail_enriched","mobility_demand","lognormal","lognormal_like","TAX-Q1R008","lognormal","locked_unseen_similar",3,3,0,0,FALSE,"",TRUE,1,"huber_k1.345",3592.48910339469,4013.70517356539,3931.63680320428,4276.07793122537,0,0,TRUE,TRUE,"strong_win","ci_confirmed","eligible / in_regime / primary_preregistered / strong_win / ci_confirmed"
"UCI_bike_hour_count__depth_upper_tail_enriched","mobility_demand","lognormal","lognormal_like","TAX-Q1R008","lognormal","original_regime",6,6,0,0,FALSE,"",TRUE,6,"huber_k1.345",7422.94639762891,7421.02780945269,7273.65364787284,7491.90159023641,0,0,TRUE,TRUE,"strong_win","ci_confirmed","eligible / in_regime / primary_preregistered / strong_win / ci_confirmed"
"UCI_bike_hour_count__depth_upper_tail_enriched","mobility_demand","lognormal","lognormal_like","TAX-Q1R009","lognormal","locked_unseen_similar",3,3,0,0,FALSE,"",TRUE,2,"huber_k1.345",210.943164563251,528.907816825488,477.067705932198,554.026088037534,0,0,TRUE,TRUE,"strong_win","ci_confirmed","eligible / in_regime / primary_preregistered / strong_win / ci_confirmed"
"UCI_bike_hour_count__depth_upper_tail_enriched","mobility_demand","lognormal","lognormal_like","TAX-Q1R009","lognormal","original_regime",36,36,0,0,FALSE,"",TRUE,10,"huber_k1.345",2622.87421693848,2940.62986666739,2791.79988885449,3033.11002611284,0,0,TRUE,TRUE,"strong_win","ci_confirmed","eligible / in_regime / primary_preregistered / strong_win / ci_confirmed"
"UCI_bike_hour_count","mobility_demand","lognormal","lognormal_like","TAX-Q1R008","lognormal","locked_unseen_similar",3,3,3,3,FALSE,"",TRUE,1,"huber_k1.345",1323.61963115132,1827.26806244644,1746.81382250139,1910.39488767334,0,0,TRUE,TRUE,"strong_win","ci_confirmed","eligible / in_regime / primary_preregistered / strong_win / ci_confirmed"
"UCI_bike_hour_count","mobility_demand","lognormal","lognormal_like","TAX-Q1R008","lognormal","original_regime",6,6,6,6,FALSE,"",TRUE,3,"huber_k1.345",4660.47974191264,4888.7112520839,4771.69892706106,4973.67219748158,0,0,TRUE,TRUE,"strong_win","ci_confirmed","eligible / in_regime / primary_preregistered / strong_win / ci_confirmed"
"UCI_bike_hour_count","mobility_demand","lognormal","lognormal_like","TAX-Q1R009","lognormal","original_regime",1,1,1,1,TRUE,"",TRUE,1,"huber_k1.345",110.655116824185,261.858929235747,183.792386229012,326.792474864484,0,0,TRUE,TRUE,"strong_win","ci_confirmed","eligible / in_regime / primary_preregistered / strong_win / ci_confirmed"
"UCI_bike_hour_registered__depth_body_10_90","mobility_demand","lognormal","lognormal_like","TAX-Q1R008","lognormal","locked_unseen_similar",3,3,0,0,FALSE,"",TRUE,3,"huber_k1.345",723.206056452021,753.238580001464,729.737587357453,767.866170344429,0,0,TRUE,TRUE,"strong_win","ci_confirmed","eligible / in_regime / primary_preregistered / strong_win / ci_confirmed"
"UCI_bike_hour_registered__depth_body_10_90","mobility_demand","lognormal","lognormal_like","TAX-Q1R008","lognormal","original_regime",6,6,0,0,FALSE,"",TRUE,6,"huber_k1.345",913.525761341778,583.189179322964,535.171735013637,763.493442538357,0,0,TRUE,TRUE,"strong_win","ci_confirmed","eligible / in_regime / primary_preregistered / strong_win / ci_confirmed"
"UCI_bike_hour_registered__depth_body_10_90","mobility_demand","lognormal","lognormal_like","TAX-Q1R009","lognormal","locked_unseen_similar",3,3,0,0,FALSE,"",TRUE,2,"huber_k1.345",113.711536122932,190.636954006749,176.713967215032,203.019040715338,0,0,TRUE,TRUE,"strong_win","ci_confirmed","eligible / in_regime / primary_preregistered / strong_win / ci_confirmed"
"UCI_bike_hour_registered__depth_body_10_90","mobility_demand","lognormal","lognormal_like","TAX-Q1R009","lognormal","original_regime",36,36,0,0,FALSE,"",TRUE,30,"huber_k1.345",464.558196619431,462.499875165419,445.357207996029,472.406590868244,0,0,TRUE,TRUE,"strong_win","ci_confirmed","eligible / in_regime / primary_preregistered / strong_win / ci_confirmed"
"UCI_bike_hour_registered__depth_bootstrap_full","mobility_demand","lognormal","lognormal_like","TAX-Q1R008","lognormal","locked_unseen_similar",3,3,0,0,FALSE,"",TRUE,1,"huber_k1.345",738.937859656693,1012.92740978549,966.792010093158,1043.64510665454,0,0,TRUE,TRUE,"strong_win","ci_confirmed","eligible / in_regime / primary_preregistered / strong_win / ci_confirmed"
"UCI_bike_hour_registered__depth_bootstrap_full","mobility_demand","lognormal","lognormal_like","TAX-Q1R008","lognormal","original_regime",6,6,0,0,FALSE,"",TRUE,1,"huber_k1.345",3063.06493653765,3301.05887359199,3196.96041854624,3415.32981389554,0,0,TRUE,TRUE,"strong_win","ci_confirmed","eligible / in_regime / primary_preregistered / strong_win / ci_confirmed"
"UCI_bike_hour_registered__depth_bootstrap_full","mobility_demand","lognormal","lognormal_like","TAX-Q1R009","lognormal","locked_unseen_similar",3,3,0,0,FALSE,"",FALSE,3,"huber_k1.345",-259.783194264122,-385.551216780072,-413.119071332078,-358.546984764338,1,1,FALSE,FALSE,"equal_weight_gain","descriptive","eligible / in_regime / primary_preregistered / equal_weight_gain / descriptive"
"UCI_bike_hour_registered__depth_bootstrap_full","mobility_demand","lognormal","lognormal_like","TAX-Q1R009","lognormal","original_regime",36,36,0,0,FALSE,"",TRUE,10,"huber_k1.345",602.923410092093,811.399461554016,783.182827087597,845.04082911873,0,0,TRUE,TRUE,"strong_win","ci_confirmed","eligible / in_regime / primary_preregistered / strong_win / ci_confirmed"
"UCI_bike_hour_registered__depth_upper_tail_enriched","mobility_demand","lognormal","lognormal_like","TAX-Q1R008","lognormal","locked_unseen_similar",3,3,0,0,FALSE,"",TRUE,2,"huber_k1.345",1487.51971395143,1793.76056183125,1697.56188264011,1832.9706471771,0,0,TRUE,TRUE,"strong_win","ci_confirmed","eligible / in_regime / primary_preregistered / strong_win / ci_confirmed"
"UCI_bike_hour_registered__depth_upper_tail_enriched","mobility_demand","lognormal","lognormal_like","TAX-Q1R008","lognormal","original_regime",6,6,0,0,FALSE,"",TRUE,4,"huber_k1.345",4727.76230202082,4891.58013606806,4784.02146379585,5049.50098817892,0,0,TRUE,TRUE,"strong_win","ci_confirmed","eligible / in_regime / primary_preregistered / strong_win / ci_confirmed"
"UCI_bike_hour_registered__depth_upper_tail_enriched","mobility_demand","lognormal","lognormal_like","TAX-Q1R009","lognormal","locked_unseen_similar",3,3,0,0,FALSE,"",FALSE,3,"huber_k1.345",-81.806077575714,-214.585630461095,-236.75809610699,-193.273403692582,1,1,FALSE,FALSE,"equal_weight_gain","descriptive","eligible / in_regime / primary_preregistered / equal_weight_gain / descriptive"
"UCI_bike_hour_registered__depth_upper_tail_enriched","mobility_demand","lognormal","lognormal_like","TAX-Q1R009","lognormal","original_regime",36,36,0,0,FALSE,"",TRUE,14,"huber_k1.345",1211.640070937,1423.41010922815,1357.97388204745,1469.00416282954,0,0,TRUE,TRUE,"strong_win","ci_confirmed","eligible / in_regime / primary_preregistered / strong_win / ci_confirmed"
"UCI_bike_hour_registered","mobility_demand","lognormal","lognormal_like","TAX-Q1R008","lognormal","locked_unseen_similar",3,3,3,3,FALSE,"",TRUE,1,"huber_k1.345",714.929345445015,1033.20592923211,988.472470471951,1084.73678071388,0,0,TRUE,TRUE,"strong_win","ci_confirmed","eligible / in_regime / primary_preregistered / strong_win / ci_confirmed"
"UCI_bike_hour_registered","mobility_demand","lognormal","lognormal_like","TAX-Q1R008","lognormal","original_regime",6,6,6,6,FALSE,"",TRUE,1,"huber_k1.345",3043.53058523156,3255.24674756693,3153.91846239946,3352.03623880898,0,0,TRUE,TRUE,"strong_win","ci_confirmed","eligible / in_regime / primary_preregistered / strong_win / ci_confirmed"
"UCI_bike_hour_registered","mobility_demand","lognormal","lognormal_like","TAX-Q1R009","lognormal","original_regime",2,2,1,1,TRUE,"",TRUE,2,"huber_k1.345",587.314128270893,810.750971545749,777.918769563272,835.325113865678,0,0,TRUE,TRUE,"strong_win","ci_confirmed","eligible / in_regime / primary_preregistered / strong_win / ci_confirmed"
"UCI_forestfires_log_area","environmental_extremes","lognormal","lognormal_like","TAX-Q1R008","lognormal","locked_unseen_similar",3,3,0,0,FALSE,"",FALSE,3,"huber_k1.345",-0.0732876229415366,-0.0739829524909603,-0.0740229627459869,-0.0739163148948679,1,1,FALSE,FALSE,"equal_weight_gain","descriptive","eligible / in_regime / primary_preregistered / equal_weight_gain / descriptive"
"UCI_forestfires_log_area","environmental_extremes","lognormal","lognormal_like","TAX-Q1R008","lognormal","original_regime",6,6,0,0,FALSE,"",FALSE,5,"huber_k1.345",-0.0726720649597675,-0.0732563000657745,-0.0733355132505947,-0.073199933961909,1,1,FALSE,FALSE,"equal_weight_gain","descriptive","eligible / in_regime / primary_preregistered / equal_weight_gain / descriptive"
"UCI_forestfires_log_area","environmental_extremes","lognormal","lognormal_like","TAX-Q1R009","lognormal","locked_unseen_similar",3,3,0,0,FALSE,"",FALSE,3,"huber_k1.345",-0.05388572353255,-0.0541695106338062,-0.0541987243562682,-0.0541452339408687,1,1,FALSE,FALSE,"equal_weight_gain","descriptive","eligible / in_regime / primary_preregistered / equal_weight_gain / descriptive"
"UCI_forestfires_log_area","environmental_extremes","lognormal","lognormal_like","TAX-Q1R009","lognormal","original_regime",36,36,0,0,FALSE,"",FALSE,34,"huber_k1.345",-0.054116696453127,-0.054408807373709,-0.0544179013112093,-0.0543791824731736,1,1,FALSE,FALSE,"equal_weight_gain","descriptive","eligible / in_regime / primary_preregistered / equal_weight_gain / descriptive"
"UCI_online_news_log_shares__depth_body_10_90","web_popularity","lognormal","lognormal_like","TAX-Q1R008","lognormal","locked_unseen_similar",3,3,0,0,FALSE,"",TRUE,2,"huber_k1.345",0.0147072410446185,0.0170301476148016,0.015906876829974,0.0177595463077576,0,0,TRUE,TRUE,"strong_win","ci_confirmed","eligible / in_regime / primary_preregistered / strong_win / ci_confirmed"
"UCI_online_news_log_shares__depth_body_10_90","web_popularity","lognormal","lognormal_like","TAX-Q1R008","lognormal","original_regime",6,6,0,0,FALSE,"",TRUE,6,"huber_k1.345",0.0218251864580046,0.0201892590457303,0.0196209419814783,0.0208118263995579,0,0,TRUE,TRUE,"strong_win","ci_confirmed","eligible / in_regime / primary_preregistered / strong_win / ci_confirmed"
"UCI_online_news_log_shares__depth_body_10_90","web_popularity","lognormal","lognormal_like","TAX-Q1R009","lognormal","locked_unseen_similar",3,3,0,0,FALSE,"",TRUE,2,"huber_k1.345",0.000404692547882051,0.00145430934813754,0.00106877172277192,0.00170805889959288,0,0,TRUE,TRUE,"strong_win","ci_confirmed","eligible / in_regime / primary_preregistered / strong_win / ci_confirmed"
"UCI_online_news_log_shares__depth_body_10_90","web_popularity","lognormal","lognormal_like","TAX-Q1R009","lognormal","original_regime",36,36,0,0,FALSE,"",TRUE,30,"huber_k1.345",0.0110266155225433,0.0123451701846021,0.0117979427193195,0.0126847316598026,0,0,TRUE,TRUE,"strong_win","ci_confirmed","eligible / in_regime / primary_preregistered / strong_win / ci_confirmed"
"UCI_online_news_log_shares__depth_bootstrap_full","web_popularity","lognormal","lognormal_like","TAX-Q1R008","lognormal","locked_unseen_similar",3,3,0,0,FALSE,"",TRUE,1,"huber_k1.345",0.0131733461993873,0.0204490760044823,0.0194023410837635,0.02172222349676,0,0,TRUE,TRUE,"strong_win","ci_confirmed","eligible / in_regime / primary_preregistered / strong_win / ci_confirmed"
"UCI_online_news_log_shares__depth_bootstrap_full","web_popularity","lognormal","lognormal_like","TAX-Q1R008","lognormal","original_regime",6,6,0,0,FALSE,"",TRUE,6,"huber_k1.345",0.0648652765929727,0.0652095322766225,0.0632789756108144,0.0668985352031425,0,0,TRUE,TRUE,"strong_win","ci_confirmed","eligible / in_regime / primary_preregistered / strong_win / ci_confirmed"
"UCI_online_news_log_shares__depth_bootstrap_full","web_popularity","lognormal","lognormal_like","TAX-Q1R009","lognormal","locked_unseen_similar",3,3,0,0,FALSE,"",FALSE,3,"huber_k1.345",-0.00567764003082818,-0.00760649220874724,-0.00819501848864004,-0.00686994089054268,1,1,FALSE,FALSE,"no_win","descriptive","eligible / in_regime / primary_preregistered / no_win / descriptive"
"UCI_online_news_log_shares__depth_bootstrap_full","web_popularity","lognormal","lognormal_like","TAX-Q1R009","lognormal","original_regime",36,36,0,0,FALSE,"",TRUE,4,"huber_k1.345",0.0111926869986225,0.0164940391142803,0.0154364375670784,0.0178151330555199,0,0,TRUE,TRUE,"strong_win","ci_confirmed","eligible / in_regime / primary_preregistered / strong_win / ci_confirmed"
"UCI_online_news_log_shares__depth_upper_tail_enriched","web_popularity","lognormal","lognormal_like","TAX-Q1R008","lognormal","locked_unseen_similar",3,3,0,0,FALSE,"",TRUE,1,"huber_k1.345",0.0428697017207451,0.0496893841112311,0.0465262013330601,0.0529017023611354,0,0,TRUE,TRUE,"strong_win","ci_confirmed","eligible / in_regime / primary_preregistered / strong_win / ci_confirmed"
"UCI_online_news_log_shares__depth_upper_tail_enriched","web_popularity","lognormal","lognormal_like","TAX-Q1R008","lognormal","original_regime",6,6,0,0,FALSE,"",TRUE,5,"huber_k1.345",0.110516085871107,0.111641053045046,0.108262696516323,0.115129761961749,0,0,TRUE,TRUE,"strong_win","ci_confirmed","eligible / in_regime / primary_preregistered / strong_win / ci_confirmed"
"UCI_online_news_log_shares__depth_upper_tail_enriched","web_popularity","lognormal","lognormal_like","TAX-Q1R009","lognormal","locked_unseen_similar",3,3,0,0,FALSE,"",TRUE,3,"huber_k1.345",0.00101539523383333,0.00335862358537782,0.0023177407029913,0.00396134153237776,0,0,TRUE,TRUE,"strong_win","ci_confirmed","eligible / in_regime / primary_preregistered / strong_win / ci_confirmed"
"UCI_online_news_log_shares__depth_upper_tail_enriched","web_popularity","lognormal","lognormal_like","TAX-Q1R009","lognormal","original_regime",36,36,0,0,FALSE,"",TRUE,16,"huber_k1.345",0.0369004754310694,0.0411746505160711,0.0392413709169901,0.0427099677614898,0,0,TRUE,TRUE,"strong_win","ci_confirmed","eligible / in_regime / primary_preregistered / strong_win / ci_confirmed"
"UCI_online_news_log_shares","web_popularity","lognormal","lognormal_like","TAX-Q1R008","lognormal","locked_unseen_similar",3,3,3,3,FALSE,"",TRUE,1,"huber_k1.345",0.0120698972933676,0.0202006940168701,0.0191105372566396,0.021996586927848,0,0,TRUE,TRUE,"strong_win","ci_confirmed","eligible / in_regime / primary_preregistered / strong_win / ci_confirmed"
"UCI_online_news_log_shares","web_popularity","lognormal","lognormal_like","TAX-Q1R008","lognormal","original_regime",6,6,6,6,FALSE,"",TRUE,3,"huber_k1.345",0.0631609974620757,0.065886618048599,0.063135895656957,0.068216060155811,0,0,TRUE,TRUE,"strong_win","ci_confirmed","eligible / in_regime / primary_preregistered / strong_win / ci_confirmed"
"UCI_online_news_log_shares","web_popularity","lognormal","lognormal_like","TAX-Q1R009","lognormal","original_regime",2,2,1,1,TRUE,"",TRUE,2,"huber_k1.345",0.0100943985939256,0.0149534973708426,0.0141722545414882,0.0170530380335853,0,0,TRUE,TRUE,"strong_win","ci_confirmed","eligible / in_regime / primary_preregistered / strong_win / ci_confirmed"
"UCI_online_news_tokens__depth_body_10_90","web_popularity","lognormal","lognormal_like","TAX-Q1R008","lognormal","locked_unseen_similar",3,3,0,0,FALSE,"",TRUE,2,"huber_k1.345",2753.77219776649,3326.06739231668,3235.17273999875,3393.98676140052,0,0,TRUE,TRUE,"strong_win","ci_confirmed","eligible / in_regime / primary_preregistered / strong_win / ci_confirmed"
"UCI_online_news_tokens__depth_body_10_90","web_popularity","lognormal","lognormal_like","TAX-Q1R008","lognormal","original_regime",6,6,0,0,FALSE,"",TRUE,5,"huber_k1.345",5501.39380276854,5370.30818692483,5212.44344152146,5506.87418994855,0,0,TRUE,TRUE,"strong_win","ci_confirmed","eligible / in_regime / primary_preregistered / strong_win / ci_confirmed"
"UCI_online_news_tokens__depth_body_10_90","web_popularity","lognormal","lognormal_like","TAX-Q1R009","lognormal","locked_unseen_similar",3,3,0,0,FALSE,"",FALSE,3,"huber_k1.345",-361.591555208899,-694.857687205959,-729.865003233245,-653.964065844645,1,1,FALSE,FALSE,"equal_weight_gain","descriptive","eligible / in_regime / primary_preregistered / equal_weight_gain / descriptive"
"UCI_online_news_tokens__depth_body_10_90","web_popularity","lognormal","lognormal_like","TAX-Q1R009","lognormal","original_regime",36,36,0,0,FALSE,"",TRUE,2,"huber_k1.345",2010.77839433326,2394.09254607245,2295.13885657123,2463.29070209045,0,0,TRUE,TRUE,"strong_win","ci_confirmed","eligible / in_regime / primary_preregistered / strong_win / ci_confirmed"
"UCI_online_news_tokens__depth_bootstrap_full","web_popularity","lognormal","lognormal_like","TAX-Q1R008","lognormal","locked_unseen_similar",3,3,0,0,FALSE,"",FALSE,3,"huber_k1.345",-1193.31263839681,-2167.55288457689,-2409.78350272896,-1989.90930084208,1,1,FALSE,FALSE,"equal_weight_gain","descriptive","eligible / in_regime / primary_preregistered / equal_weight_gain / descriptive"
"UCI_online_news_tokens__depth_bootstrap_full","web_popularity","lognormal","lognormal_like","TAX-Q1R008","lognormal","original_regime",6,6,0,0,FALSE,"",TRUE,2,"huber_k1.345",10473.1722897573,12359.7443471632,11878.4563495539,13031.9642469309,0,0,TRUE,TRUE,"strong_win","ci_confirmed","eligible / in_regime / primary_preregistered / strong_win / ci_confirmed"
"UCI_online_news_tokens__depth_bootstrap_full","web_popularity","lognormal","lognormal_like","TAX-Q1R009","lognormal","locked_unseen_similar",3,3,0,0,FALSE,"",FALSE,3,"huber_k1.345",-3782.14104245442,-4430.53086685341,-4702.89567339781,-4226.58132022578,1,1,FALSE,FALSE,"equal_weight_gain","descriptive","eligible / in_regime / primary_preregistered / equal_weight_gain / descriptive"
"UCI_online_news_tokens__depth_bootstrap_full","web_popularity","lognormal","lognormal_like","TAX-Q1R009","lognormal","original_regime",36,36,0,0,FALSE,"",FALSE,32,"huber_k1.345",-640.07332518663,-1395.05711168548,-1541.35630742982,-1230.1786036357,1,1,FALSE,FALSE,"equal_weight_gain","descriptive","eligible / in_regime / primary_preregistered / equal_weight_gain / descriptive"
"UCI_online_news_tokens__depth_upper_tail_enriched","web_popularity","lognormal","lognormal_like","TAX-Q1R008","lognormal","locked_unseen_similar",3,3,0,0,FALSE,"",TRUE,1,"huber_k1.345",6719.98530421073,9326.8907254329,8512.83839282266,10071.2089586332,0,0,TRUE,TRUE,"strong_win","ci_confirmed","eligible / in_regime / primary_preregistered / strong_win / ci_confirmed"
"UCI_online_news_tokens__depth_upper_tail_enriched","web_popularity","lognormal","lognormal_like","TAX-Q1R008","lognormal","original_regime",6,6,0,0,FALSE,"",TRUE,1,"huber_k1.345",28647.2214078341,31287.0384811903,29975.8529718265,32363.2645441892,0,0,TRUE,TRUE,"strong_win","ci_confirmed","eligible / in_regime / primary_preregistered / strong_win / ci_confirmed"
"UCI_online_news_tokens__depth_upper_tail_enriched","web_popularity","lognormal","lognormal_like","TAX-Q1R009","lognormal","locked_unseen_similar",3,3,0,0,FALSE,"",FALSE,3,"huber_k1.345",-2425.59899016625,-3633.32988461459,-3830.24484438047,-3488.81487491535,1,1,FALSE,FALSE,"equal_weight_gain","descriptive","eligible / in_regime / primary_preregistered / equal_weight_gain / descriptive"
"UCI_online_news_tokens__depth_upper_tail_enriched","web_popularity","lognormal","lognormal_like","TAX-Q1R009","lognormal","original_regime",36,36,0,0,FALSE,"",TRUE,8,"huber_k1.345",5887.47441717056,8271.33922581111,7722.7731236642,8546.81280788085,0,0,TRUE,TRUE,"strong_win","ci_confirmed","eligible / in_regime / primary_preregistered / strong_win / ci_confirmed"
"UCI_online_news_tokens","web_popularity","lognormal","lognormal_like","TAX-Q1R008","lognormal","locked_unseen_similar",3,3,0,0,FALSE,"",FALSE,3,"huber_k1.345",-846.024510487927,-1716.66876146393,-1935.85061287457,-1491.05309459869,1,1,FALSE,FALSE,"equal_weight_gain","descriptive","eligible / in_regime / primary_preregistered / equal_weight_gain / descriptive"
"UCI_online_news_tokens","web_popularity","lognormal","lognormal_like","TAX-Q1R008","lognormal","original_regime",6,6,6,6,FALSE,"",TRUE,2,"huber_k1.345",10842.5488005752,12854.7633107162,12234.0676318599,13207.7185980962,0,0,TRUE,TRUE,"strong_win","ci_confirmed","eligible / in_regime / primary_preregistered / strong_win / ci_confirmed"
"UCI_online_news_tokens","web_popularity","lognormal","lognormal_like","TAX-Q1R009","lognormal","locked_unseen_similar",3,3,0,0,FALSE,"",FALSE,3,"huber_k1.345",-3714.55519227174,-4351.9063929538,-4522.24821394309,-4099.48809334369,1,1,FALSE,FALSE,"equal_weight_gain","descriptive","eligible / in_regime / primary_preregistered / equal_weight_gain / descriptive"
"UCI_online_news_tokens","web_popularity","lognormal","lognormal_like","TAX-Q1R009","lognormal","original_regime",36,36,0,0,FALSE,"",FALSE,34,"huber_k1.345",-411.145881196785,-877.099604937345,-1058.38270633637,-655.062520513005,1,1,FALSE,FALSE,"equal_weight_gain","descriptive","eligible / in_regime / primary_preregistered / equal_weight_gain / descriptive"
"UCI_parkinsons_HNR","biomedical_signal","normal","normal_like","TAX-Q1R010","normal","locked_unseen_similar",3,3,0,0,FALSE,"",FALSE,1,"mean",-0.0689869539169819,-0.0851435734842395,-0.0867943430506889,-0.0845534879507399,1,1,FALSE,FALSE,"equal_weight_gain","descriptive","eligible / in_regime / primary_preregistered / equal_weight_gain / descriptive"
"UCI_parkinsons_HNR","biomedical_signal","normal","normal_like","TAX-Q1R010","normal","original_regime",36,36,0,0,FALSE,"",FALSE,7,"mean",-0.0700865532878779,-0.0862341553413203,-0.0866882966925526,-0.0846406202814844,1,1,FALSE,FALSE,"equal_weight_gain","descriptive","eligible / in_regime / primary_preregistered / equal_weight_gain / descriptive"
"UCI_parkinsons_HNR","biomedical_signal","normal","normal_like","TAX-Q1R016","normal","locked_unseen_similar",2,2,0,0,FALSE,"",FALSE,2,"mean",-0.0195909652680293,-0.024957049403595,-0.0252543974815885,-0.0249375693055407,1,1,FALSE,FALSE,"equal_weight_gain","descriptive","eligible / in_regime / primary_preregistered / equal_weight_gain / descriptive"
"UCI_parkinsons_HNR","biomedical_signal","normal","normal_like","TAX-Q1R016","normal","original_regime",2,2,0,0,FALSE,"",FALSE,1,"mean",-0.0199533555993523,-0.0249512288301766,-0.0249742312764064,-0.0249413251806904,1,1,FALSE,FALSE,"equal_weight_gain","descriptive","eligible / in_regime / primary_preregistered / equal_weight_gain / descriptive"
"UCI_parkinsons_HNR","biomedical_signal","normal","normal_like","TAX-Q1R017","normal","locked_unseen_similar",2,2,0,0,FALSE,"",FALSE,1,"mean",-0.0181440171062618,-0.0245326548252189,-0.0246612146285626,-0.0243638729997681,1,1,FALSE,FALSE,"equal_weight_gain","descriptive","eligible / in_regime / primary_preregistered / equal_weight_gain / descriptive"
"UCI_parkinsons_HNR","biomedical_signal","normal","normal_like","TAX-Q1R017","normal","original_regime",2,2,0,0,FALSE,"",FALSE,1,"mean",-0.0191125546193012,-0.0242723364793584,-0.0243834377024627,-0.0240732014690631,1,1,FALSE,FALSE,"equal_weight_gain","descriptive","eligible / in_regime / primary_preregistered / equal_weight_gain / descriptive"
"UCI_parkinsons_HNR","biomedical_signal","normal","normal_like","TAX-Q1R023","normal","locked_unseen_similar",3,3,0,0,FALSE,"",FALSE,1,"mean",-0.0556059347674844,-0.0649859169018195,-0.0649892722262235,-0.0649803417564784,1,1,FALSE,FALSE,"equal_weight_gain","descriptive","eligible / in_regime / primary_preregistered / equal_weight_gain / descriptive"
"UCI_parkinsons_HNR","biomedical_signal","normal","normal_like","TAX-Q1R023","normal","original_regime",6,6,0,0,FALSE,"",FALSE,1,"mean",-0.0574489298965925,-0.0649871977555752,-0.0649930418350933,-0.0649808199022962,1,1,FALSE,FALSE,"equal_weight_gain","descriptive","eligible / in_regime / primary_preregistered / equal_weight_gain / descriptive"
"UCI_parkinsons_HNR","biomedical_signal","normal","normal_like","TAX-Q1R024","normal","locked_unseen_similar",2,2,0,0,FALSE,"",FALSE,1,"mean",-0.0428094932904899,-0.0492253430493142,-0.0494371903124995,-0.0491094918519838,1,1,FALSE,FALSE,"equal_weight_gain","descriptive","eligible / in_regime / primary_preregistered / equal_weight_gain / descriptive"
"UCI_parkinsons_HNR","biomedical_signal","normal","normal_like","TAX-Q1R024","normal","original_regime",2,2,0,0,FALSE,"",FALSE,2,"mean",-0.0419106450634708,-0.0490821455825152,-0.0493897552417401,-0.0489940738373395,1,1,FALSE,FALSE,"equal_weight_gain","descriptive","eligible / in_regime / primary_preregistered / equal_weight_gain / descriptive"
"UCI_parkinsons_HNR","biomedical_signal","normal","normal_like","TAX-Q1R025","normal","locked_unseen_similar",3,3,0,0,FALSE,"",FALSE,2,"mean",-0.0548704622304846,-0.0643452769642641,-0.064353949074203,-0.0643402739412016,1,1,FALSE,FALSE,"equal_weight_gain","descriptive","eligible / in_regime / primary_preregistered / equal_weight_gain / descriptive"
"UCI_parkinsons_HNR","biomedical_signal","normal","normal_like","TAX-Q1R025","normal","original_regime",6,6,0,0,FALSE,"",FALSE,1,"mean",-0.0545831585223063,-0.064345904826115,-0.064349683723414,-0.0643422783129114,1,1,FALSE,FALSE,"equal_weight_gain","descriptive","eligible / in_regime / primary_preregistered / equal_weight_gain / descriptive"
"UCI_parkinsons_PPE","biomedical_signal","lognormal","lognormal_like","TAX-Q1R008","lognormal","locked_unseen_similar",3,3,0,0,FALSE,"",FALSE,2,"huber_k1.345",-1.8685489936742e-05,-1.91810463261341e-05,-1.95770867734378e-05,-1.87574886074465e-05,1,1,FALSE,FALSE,"equal_weight_gain","descriptive","eligible / in_regime / primary_preregistered / equal_weight_gain / descriptive"
"UCI_parkinsons_PPE","biomedical_signal","lognormal","lognormal_like","TAX-Q1R008","lognormal","original_regime",6,6,0,0,FALSE,"",FALSE,3,"huber_k1.345",-1.78614281608584e-05,-1.88241657072034e-05,-1.92344346674727e-05,-1.84020560515853e-05,1,1,FALSE,FALSE,"equal_weight_gain","descriptive","eligible / in_regime / primary_preregistered / equal_weight_gain / descriptive"
"UCI_parkinsons_PPE","biomedical_signal","lognormal","lognormal_like","TAX-Q1R009","lognormal","locked_unseen_similar",3,3,0,0,FALSE,"",FALSE,2,"huber_k1.345",-1.86460537794415e-05,-1.86976849497272e-05,-1.90145768026375e-05,-1.84093183286977e-05,1,1,FALSE,FALSE,"equal_weight_gain","descriptive","eligible / in_regime / primary_preregistered / equal_weight_gain / descriptive"
"UCI_parkinsons_PPE","biomedical_signal","lognormal","lognormal_like","TAX-Q1R009","lognormal","original_regime",36,36,0,0,FALSE,"",FALSE,27,"huber_k1.345",-1.90372202545216e-05,-1.86896665768591e-05,-1.89371540509924e-05,-1.84254433699039e-05,1,1,FALSE,FALSE,"equal_weight_gain","descriptive","eligible / in_regime / primary_preregistered / equal_weight_gain / descriptive"
"UCI_student_math_G3__depth_body_10_90","education_scores","normal","normal_like","TAX-Q1R010","normal","locked_unseen_similar",3,3,0,0,FALSE,"",FALSE,3,"mean",-0.0066291405989446,-0.00838126670548049,-0.00848269017047513,-0.0081854877311255,1,1,FALSE,FALSE,"equal_weight_gain","descriptive","eligible / in_regime / primary_preregistered / equal_weight_gain / descriptive"
"UCI_student_math_G3__depth_body_10_90","education_scores","normal","normal_like","TAX-Q1R010","normal","original_regime",36,36,0,0,FALSE,"",FALSE,34,"mean",-0.00658480427301597,-0.00838236999214335,-0.00839640019534206,-0.00812924118991981,1,1,FALSE,FALSE,"equal_weight_gain","descriptive","eligible / in_regime / primary_preregistered / equal_weight_gain / descriptive"
"UCI_student_math_G3__depth_body_10_90","education_scores","normal","normal_like","TAX-Q1R016","normal","locked_unseen_similar",2,2,0,0,FALSE,"",FALSE,2,"mean",-0.000805408095732907,-0.000816698144134889,-0.000818350197898823,-0.000815126808265244,1,1,FALSE,FALSE,"equal_weight_gain","descriptive","eligible / in_regime / primary_preregistered / equal_weight_gain / descriptive"
"UCI_student_math_G3__depth_body_10_90","education_scores","normal","normal_like","TAX-Q1R016","normal","original_regime",2,2,0,0,FALSE,"",FALSE,2,"mean",-0.000309721788138586,-0.000833779440489685,-0.00083857378679509,-0.000720569695794256,1,1,FALSE,FALSE,"equal_weight_gain","descriptive","eligible / in_regime / primary_preregistered / equal_weight_gain / descriptive"
"UCI_student_math_G3__depth_body_10_90","education_scores","normal","normal_like","TAX-Q1R017","normal","locked_unseen_similar",2,2,0,0,FALSE,"",FALSE,2,"mean",-0.0115803078161673,-0.0121028788635194,-0.0121917646771397,-0.0120186090966218,1,1,FALSE,FALSE,"no_win","descriptive","eligible / in_regime / primary_preregistered / no_win / descriptive"
"UCI_student_math_G3__depth_body_10_90","education_scores","normal","normal_like","TAX-Q1R017","normal","original_regime",2,2,0,0,FALSE,"",FALSE,2,"mean",-0.00971165514056869,-0.0118422845412127,-0.0119066450225975,-0.0116948319519629,1,1,FALSE,FALSE,"equal_weight_gain","descriptive","eligible / in_regime / primary_preregistered / equal_weight_gain / descriptive"
"UCI_student_math_G3__depth_body_10_90","education_scores","normal","normal_like","TAX-Q1R023","normal","locked_unseen_similar",3,3,0,0,FALSE,"",FALSE,3,"mean",-0.00142375599460414,-0.00232984551299622,-0.00241683786440432,-0.00232836444782671,1,1,FALSE,FALSE,"equal_weight_gain","descriptive","eligible / in_regime / primary_preregistered / equal_weight_gain / descriptive"
"UCI_student_math_G3__depth_body_10_90","education_scores","normal","normal_like","TAX-Q1R023","normal","original_regime",6,6,0,0,FALSE,"",FALSE,3,"mean",-0.00135366385782509,-0.002327452114726,-0.0023924877272747,-0.00212107210408074,1,1,FALSE,FALSE,"equal_weight_gain","descriptive","eligible / in_regime / primary_preregistered / equal_weight_gain / descriptive"
"UCI_student_math_G3__depth_body_10_90","education_scores","normal","normal_like","TAX-Q1R024","normal","locked_unseen_similar",2,2,0,0,FALSE,"",FALSE,2,"mean",-0.0180776121069274,-0.0185328823673418,-0.018573774299593,-0.0184799962644651,1,1,FALSE,FALSE,"no_win","descriptive","eligible / in_regime / primary_preregistered / no_win / descriptive"
"UCI_student_math_G3__depth_body_10_90","education_scores","normal","normal_like","TAX-Q1R024","normal","original_regime",2,2,0,0,FALSE,"",FALSE,2,"mean",-0.0158838603601544,-0.0181712149123919,-0.01826504812268,-0.0180962486625224,1,1,FALSE,FALSE,"no_win","descriptive","eligible / in_regime / primary_preregistered / no_win / descriptive"
"UCI_student_math_G3__depth_body_10_90","education_scores","normal","normal_like","TAX-Q1R025","normal","locked_unseen_similar",3,3,0,0,FALSE,"",FALSE,3,"mean",-0.0014171796280742,-0.00234780613830092,-0.0024365364162604,-0.00234650948263387,1,1,FALSE,FALSE,"equal_weight_gain","descriptive","eligible / in_regime / primary_preregistered / equal_weight_gain / descriptive"
"UCI_student_math_G3__depth_body_10_90","education_scores","normal","normal_like","TAX-Q1R025","normal","original_regime",6,6,0,0,FALSE,"",FALSE,5,"mean",-0.00140625489012852,-0.00234758895003088,-0.00241587057603399,-0.00213856850529031,1,1,FALSE,FALSE,"equal_weight_gain","descriptive","eligible / in_regime / primary_preregistered / equal_weight_gain / descriptive"
"UCI_student_math_G3__depth_bootstrap_full","education_scores","normal","normal_like","TAX-Q1R010","normal","locked_unseen_similar",3,3,0,0,FALSE,"",FALSE,2,"mean",-0.283532556029299,-0.293362855043,-0.293405100174526,-0.290788019560728,1,1,FALSE,FALSE,"no_win","descriptive","eligible / in_regime / primary_preregistered / no_win / descriptive"
"UCI_student_math_G3__depth_bootstrap_full","education_scores","normal","normal_like","TAX-Q1R010","normal","original_regime",36,36,0,0,FALSE,"",FALSE,4,"mean",-0.119540652133097,-0.223849383201678,-0.252107181827509,-0.211255455849503,1,1,FALSE,FALSE,"no_win","descriptive","eligible / in_regime / primary_preregistered / no_win / descriptive"
"UCI_student_math_G3__depth_bootstrap_full","education_scores","normal","normal_like","TAX-Q1R016","normal","locked_unseen_similar",2,2,0,0,FALSE,"",FALSE,1,"mean",-0.0337111984408153,-0.0316610948557416,-0.0444253162180822,-0.00620566194710578,0.99,1,FALSE,FALSE,"no_win","descriptive","eligible / in_regime / primary_preregistered / no_win / descriptive"
"UCI_student_math_G3__depth_bootstrap_full","education_scores","normal","normal_like","TAX-Q1R016","normal","original_regime",2,2,0,0,FALSE,"",FALSE,1,"mean",-0.0655730528910407,-0.0374952162810915,-0.0546815695081037,-0.0266119451217861,1,1,FALSE,FALSE,"no_win","descriptive","eligible / in_regime / primary_preregistered / no_win / descriptive"
"UCI_student_math_G3__depth_bootstrap_full","education_scores","normal","normal_like","TAX-Q1R017","normal","locked_unseen_similar",2,2,0,0,FALSE,"",FALSE,1,"mean",-0.0803866037113684,-0.0434242978903367,-0.0535741808497656,-0.0315697353681782,1,1,FALSE,FALSE,"no_win","descriptive","eligible / in_regime / primary_preregistered / no_win / descriptive"
"UCI_student_math_G3__depth_bootstrap_full","education_scores","normal","normal_like","TAX-Q1R017","normal","original_regime",2,2,0,0,FALSE,"",FALSE,1,"mean",-0.115012567205147,-0.0601417341525237,-0.0807878153444181,-0.0415606378091164,1,1,FALSE,FALSE,"no_win","descriptive","eligible / in_regime / primary_preregistered / no_win / descriptive"
"UCI_student_math_G3__depth_bootstrap_full","education_scores","normal","normal_like","TAX-Q1R023","normal","locked_unseen_similar",3,3,0,0,FALSE,"",FALSE,1,"mean",-0.11138240453452,-0.076861565823382,-0.0968675805692131,-0.0584177636249519,1,1,FALSE,FALSE,"no_win","descriptive","eligible / in_regime / primary_preregistered / no_win / descriptive"
"UCI_student_math_G3__depth_bootstrap_full","education_scores","normal","normal_like","TAX-Q1R023","normal","original_regime",6,6,0,0,FALSE,"",FALSE,1,"mean",-0.254524492981842,-0.249503013638049,-0.270128167003746,-0.211138768067833,1,1,FALSE,FALSE,"no_win","descriptive","eligible / in_regime / primary_preregistered / no_win / descriptive"
"UCI_student_math_G3__depth_bootstrap_full","education_scores","normal","normal_like","TAX-Q1R024","normal","locked_unseen_similar",2,2,0,0,FALSE,"",FALSE,1,"mean",-0.0873718330034055,-0.0439552145760636,-0.0583777540706795,-0.0332326507054731,1,1,FALSE,FALSE,"no_win","descriptive","eligible / in_regime / primary_preregistered / no_win / descriptive"
"UCI_student_math_G3__depth_bootstrap_full","education_scores","normal","normal_like","TAX-Q1R024","normal","original_regime",2,2,0,0,FALSE,"",FALSE,1,"mean",-0.128942310143505,-0.0716193034987426,-0.0867603440994763,-0.0570623192270434,1,1,FALSE,FALSE,"no_win","descriptive","eligible / in_regime / primary_preregistered / no_win / descriptive"
"UCI_student_math_G3__depth_bootstrap_full","education_scores","normal","normal_like","TAX-Q1R025","normal","locked_unseen_similar",3,3,0,0,FALSE,"",FALSE,1,"mean",-0.107553778423203,-0.0469219670623622,-0.0741823423739258,-0.0322459921020569,1,1,FALSE,FALSE,"no_win","descriptive","eligible / in_regime / primary_preregistered / no_win / descriptive"
"UCI_student_math_G3__depth_bootstrap_full","education_scores","normal","normal_like","TAX-Q1R025","normal","original_regime",6,6,0,0,FALSE,"",FALSE,1,"mean",-0.253147482980601,-0.244031997269623,-0.269526047615868,-0.222832917724676,1,1,FALSE,FALSE,"no_win","descriptive","eligible / in_regime / primary_preregistered / no_win / descriptive"
"UCI_student_math_G3__depth_upper_tail_enriched","education_scores","normal","normal_like","TAX-Q1R010","normal","locked_unseen_similar",3,3,0,0,FALSE,"",TRUE,1,"mean",0.00923736814064128,0.0178097249617803,0.00271507982743884,0.0317508794490843,0.01,0.0318503937007874,TRUE,TRUE,"strong_win","ci_confirmed","eligible / in_regime / primary_preregistered / strong_win / ci_confirmed"
"UCI_student_math_G3__depth_upper_tail_enriched","education_scores","normal","normal_like","TAX-Q1R010","normal","original_regime",36,36,0,0,FALSE,"",TRUE,9,"mean",0.0108269237899297,0.0239527469885952,0.00459711573251307,0.0381353545477672,0.0146666666666667,0.0465307189542484,TRUE,TRUE,"strong_win","ci_confirmed","eligible / in_regime / primary_preregistered / strong_win / ci_confirmed"
"UCI_student_math_G3__depth_upper_tail_enriched","education_scores","normal","normal_like","TAX-Q1R016","normal","locked_unseen_similar",2,2,0,0,FALSE,"",FALSE,2,"mean",-0.0975241873330047,-0.0976833770608826,-0.0977015729866938,-0.0976609857973286,1,1,FALSE,FALSE,"equal_weight_gain","descriptive","eligible / in_regime / primary_preregistered / equal_weight_gain / descriptive"
"UCI_student_math_G3__depth_upper_tail_enriched","education_scores","normal","normal_like","TAX-Q1R016","normal","original_regime",2,2,0,0,FALSE,"",FALSE,2,"mean",-0.0974806062574095,-0.0976517037758524,-0.097665844115689,-0.0976400784019935,1,1,FALSE,FALSE,"equal_weight_gain","descriptive","eligible / in_regime / primary_preregistered / equal_weight_gain / descriptive"
"UCI_student_math_G3__depth_upper_tail_enriched","education_scores","normal","normal_like","TAX-Q1R017","normal","locked_unseen_similar",2,2,0,0,FALSE,"",FALSE,2,"mean",-0.0931590879405107,-0.0952215687182508,-0.0954502411084653,-0.0950268428803885,1,1,FALSE,FALSE,"equal_weight_gain","descriptive","eligible / in_regime / primary_preregistered / equal_weight_gain / descriptive"
"UCI_student_math_G3__depth_upper_tail_enriched","education_scores","normal","normal_like","TAX-Q1R017","normal","original_regime",2,2,0,0,FALSE,"",FALSE,2,"mean",-0.0929802808210562,-0.0950687677727528,-0.0953105157856534,-0.0948254156137393,1,1,FALSE,FALSE,"equal_weight_gain","descriptive","eligible / in_regime / primary_preregistered / equal_weight_gain / descriptive"
"UCI_student_math_G3__depth_upper_tail_enriched","education_scores","normal","normal_like","TAX-Q1R023","normal","locked_unseen_similar",3,3,0,0,FALSE,"",FALSE,3,"mean",-0.203250101641985,-0.203269250592035,-0.203271051786354,-0.203267087136437,1,1,FALSE,FALSE,"equal_weight_gain","descriptive","eligible / in_regime / primary_preregistered / equal_weight_gain / descriptive"
"UCI_student_math_G3__depth_upper_tail_enriched","education_scores","normal","normal_like","TAX-Q1R023","normal","original_regime",6,6,0,0,FALSE,"",FALSE,2,"mean",0.00821775547495965,0.00886294476556479,-0.00715022415363168,0.0193819119069252,0.139333333333333,0.423761904761905,FALSE,FALSE,"strong_point_signal","near_ci","eligible / in_regime / primary_preregistered / strong_point_signal / near_ci"
"UCI_student_math_G3__depth_upper_tail_enriched","education_scores","normal","normal_like","TAX-Q1R024","normal","locked_unseen_similar",2,2,0,0,FALSE,"",FALSE,1,"mean",-0.0488316168983042,-0.117208237554458,-0.144805768334218,-0.0830443062103603,1,1,FALSE,FALSE,"equal_weight_gain","descriptive","eligible / in_regime / primary_preregistered / equal_weight_gain / descriptive"
"UCI_student_math_G3__depth_upper_tail_enriched","education_scores","normal","normal_like","TAX-Q1R024","normal","original_regime",2,2,0,0,FALSE,"",FALSE,2,"mean",-0.143907385483167,-0.145456127570379,-0.145602948460644,-0.145254846739752,1,1,FALSE,FALSE,"equal_weight_gain","descriptive","eligible / in_regime / primary_preregistered / equal_weight_gain / descriptive"
"UCI_student_math_G3__depth_upper_tail_enriched","education_scores","normal","normal_like","TAX-Q1R025","normal","locked_unseen_similar",3,3,0,0,FALSE,"",FALSE,3,"mean",-0.201956528368299,-0.201975001762143,-0.201976975314324,-0.201974164934441,1,1,FALSE,FALSE,"equal_weight_gain","descriptive","eligible / in_regime / primary_preregistered / equal_weight_gain / descriptive"
"UCI_student_math_G3__depth_upper_tail_enriched","education_scores","normal","normal_like","TAX-Q1R025","normal","original_regime",6,6,0,0,FALSE,"",FALSE,2,"mean",0.00702704088395575,0.00376221244616212,-0.0113050369999189,0.0307090980615395,0.262,0.78502962962963,FALSE,FALSE,"strong_point_signal","near_ci","eligible / in_regime / primary_preregistered / strong_point_signal / near_ci"
"UCI_student_math_G3","education_scores","normal","normal_like","TAX-Q1R010","normal","original_regime",10,10,10,10,TRUE,"",TRUE,1,"mean",0.0572050773707202,0.086910877599909,0.0661774033131268,0.10408308146126,0,0,TRUE,TRUE,"strong_win","ci_confirmed","eligible / in_regime / primary_preregistered / strong_win / ci_confirmed"
"UCI_student_por_G3","education_scores","normal","normal_like","TAX-Q1R010","normal","original_regime",12,12,0,0,FALSE,"",FALSE,3,"mean",-0.0166855153502268,-0.023114803355435,-0.0337248507085786,0.0127049430340947,0.882,1,FALSE,FALSE,"no_win","descriptive","eligible / in_regime / primary_preregistered / no_win / descriptive"
"UCI_wine_red_alcohol__depth_body_10_90","positive_skew_tabular","lognormal","lognormal_like","TAX-Q1R008","lognormal","locked_unseen_similar",3,3,0,0,FALSE,"",TRUE,1,"huber_k1.345",0.0106022692951949,0.0155569747395145,0.0143842893792537,0.0161702750755527,0,0,TRUE,TRUE,"strong_win","ci_confirmed","eligible / in_regime / primary_preregistered / strong_win / ci_confirmed"
"UCI_wine_red_alcohol__depth_body_10_90","positive_skew_tabular","lognormal","lognormal_like","TAX-Q1R008","lognormal","original_regime",6,6,0,0,FALSE,"",TRUE,1,"huber_k1.345",0.0107960153577077,0.0144287238859984,0.0134181094869935,0.0161950009351777,0,0,TRUE,TRUE,"strong_win","ci_confirmed","eligible / in_regime / primary_preregistered / strong_win / ci_confirmed"
"UCI_wine_red_alcohol__depth_body_10_90","positive_skew_tabular","lognormal","lognormal_like","TAX-Q1R009","lognormal","locked_unseen_similar",3,3,0,0,FALSE,"",TRUE,1,"huber_k1.345",0.00862295845809378,0.0127995655580053,0.011786387409476,0.0135517468824645,0,0,TRUE,TRUE,"strong_win","ci_confirmed","eligible / in_regime / primary_preregistered / strong_win / ci_confirmed"
"UCI_wine_red_alcohol__depth_body_10_90","positive_skew_tabular","lognormal","lognormal_like","TAX-Q1R009","lognormal","original_regime",36,36,0,0,FALSE,"",TRUE,7,"huber_k1.345",0.00935315481782392,0.0131111996372294,0.0123708795129166,0.0139287266133871,0,0,TRUE,TRUE,"strong_win","ci_confirmed","eligible / in_regime / primary_preregistered / strong_win / ci_confirmed"
"UCI_wine_red_alcohol__depth_bootstrap_full","positive_skew_tabular","lognormal","lognormal_like","TAX-Q1R008","lognormal","locked_unseen_similar",3,3,0,0,FALSE,"",TRUE,1,"huber_k1.345",0.0543551402911356,0.0597457812705634,0.0552209688639745,0.0631797302271,0,0,TRUE,TRUE,"strong_win","ci_confirmed","eligible / in_regime / primary_preregistered / strong_win / ci_confirmed"
"UCI_wine_red_alcohol__depth_bootstrap_full","positive_skew_tabular","lognormal","lognormal_like","TAX-Q1R008","lognormal","original_regime",6,6,0,0,FALSE,"",TRUE,1,"huber_k1.345",0.0933260425939647,0.0848476927917122,0.0791711051864065,0.0888911314140203,0,0,TRUE,TRUE,"strong_win","ci_confirmed","eligible / in_regime / primary_preregistered / strong_win / ci_confirmed"
"UCI_wine_red_alcohol__depth_bootstrap_full","positive_skew_tabular","lognormal","lognormal_like","TAX-Q1R009","lognormal","locked_unseen_similar",3,3,0,0,FALSE,"",TRUE,2,"huber_k1.345",0.00227434925856218,0.00576093076665052,0.00470102118450831,0.00659048273556194,0,0,TRUE,TRUE,"strong_win","ci_confirmed","eligible / in_regime / primary_preregistered / strong_win / ci_confirmed"
"UCI_wine_red_alcohol__depth_bootstrap_full","positive_skew_tabular","lognormal","lognormal_like","TAX-Q1R009","lognormal","original_regime",36,36,0,0,FALSE,"",TRUE,10,"huber_k1.345",0.0416624418144772,0.0449913469697532,0.0425227738526108,0.0464293053234343,0,0,TRUE,TRUE,"strong_win","ci_confirmed","eligible / in_regime / primary_preregistered / strong_win / ci_confirmed"
"UCI_wine_red_alcohol__depth_upper_tail_enriched","positive_skew_tabular","lognormal","lognormal_like","TAX-Q1R008","lognormal","locked_unseen_similar",3,3,0,0,FALSE,"",TRUE,1,"huber_k1.345",0.011788418365792,0.0178711613623842,0.0137492264337055,0.0209337231603709,0,0,TRUE,TRUE,"strong_win","ci_confirmed","eligible / in_regime / primary_preregistered / strong_win / ci_confirmed"
"UCI_wine_red_alcohol__depth_upper_tail_enriched","positive_skew_tabular","lognormal","lognormal_like","TAX-Q1R008","lognormal","original_regime",6,6,0,0,FALSE,"",TRUE,1,"huber_k1.345",0.0114651079533695,0.0160445035356867,0.0126273248230012,0.0204888150785622,0,0,TRUE,TRUE,"strong_win","ci_confirmed","eligible / in_regime / primary_preregistered / strong_win / ci_confirmed"
"UCI_wine_red_alcohol__depth_upper_tail_enriched","positive_skew_tabular","lognormal","lognormal_like","TAX-Q1R009","lognormal","locked_unseen_similar",3,3,0,0,FALSE,"",TRUE,1,"huber_k1.345",0.0115977757975635,0.0166113224523935,0.0130684584004304,0.0190674677701386,0,0,TRUE,TRUE,"strong_win","ci_confirmed","eligible / in_regime / primary_preregistered / strong_win / ci_confirmed"
"UCI_wine_red_alcohol__depth_upper_tail_enriched","positive_skew_tabular","lognormal","lognormal_like","TAX-Q1R009","lognormal","original_regime",36,36,0,0,FALSE,"",TRUE,1,"huber_k1.345",0.0117390955192167,0.0188658593600713,0.0149425416637943,0.022530854417685,0,0,TRUE,TRUE,"strong_win","ci_confirmed","eligible / in_regime / primary_preregistered / strong_win / ci_confirmed"
"UCI_wine_red_alcohol","positive_skew_tabular","lognormal","lognormal_like","TAX-Q1R008","lognormal","locked_unseen_similar",3,3,2,2,FALSE,"",TRUE,2,"huber_k1.345",0.0565318736043625,0.0648317695691455,0.0623974806894415,0.0668017722445476,0,0,TRUE,TRUE,"strong_win","ci_confirmed","eligible / in_regime / primary_preregistered / strong_win / ci_confirmed"
"UCI_wine_red_alcohol","positive_skew_tabular","lognormal","lognormal_like","TAX-Q1R008","lognormal","original_regime",6,6,4,4,FALSE,"",TRUE,2,"huber_k1.345",0.101779435496911,0.0929033030030902,0.0880765220741419,0.0986185140497957,0,0,TRUE,TRUE,"strong_win","ci_confirmed","eligible / in_regime / primary_preregistered / strong_win / ci_confirmed"
"UCI_wine_red_alcohol","positive_skew_tabular","lognormal","lognormal_like","TAX-Q1R009","lognormal","original_regime",4,4,4,4,TRUE,"",TRUE,4,"huber_k1.345",0.0438486548187261,0.0484917876647107,0.0454188790757905,0.0497921432641086,0,0,TRUE,TRUE,"strong_win","ci_confirmed","eligible / in_regime / primary_preregistered / strong_win / ci_confirmed"
"UCI_wine_red_residual_sugar__depth_body_10_90","positive_skew_tabular","lognormal","lognormal_like","TAX-Q1R008","lognormal","locked_unseen_similar",3,3,0,0,FALSE,"",TRUE,1,"huber_k1.345",0.00615988656046829,0.00952373622006029,0.00905303237618733,0.0100377091798486,0,0,TRUE,TRUE,"strong_win","ci_confirmed","eligible / in_regime / primary_preregistered / strong_win / ci_confirmed"
"UCI_wine_red_residual_sugar__depth_body_10_90","positive_skew_tabular","lognormal","lognormal_like","TAX-Q1R008","lognormal","original_regime",6,6,0,0,FALSE,"",TRUE,2,"huber_k1.345",0.00640515819849568,0.00987485136528574,0.00937588902506855,0.010211490481415,0,0,TRUE,TRUE,"strong_win","ci_confirmed","eligible / in_regime / primary_preregistered / strong_win / ci_confirmed"
"UCI_wine_red_residual_sugar__depth_body_10_90","positive_skew_tabular","lognormal","lognormal_like","TAX-Q1R009","lognormal","locked_unseen_similar",3,3,0,0,FALSE,"",TRUE,1,"huber_k1.345",0.000141264385027888,0.000571694541771264,0.000349859177589441,0.000802363891514335,0,0,TRUE,TRUE,"strong_win","ci_confirmed","eligible / in_regime / primary_preregistered / strong_win / ci_confirmed"
"UCI_wine_red_residual_sugar__depth_body_10_90","positive_skew_tabular","lognormal","lognormal_like","TAX-Q1R009","lognormal","original_regime",36,36,0,0,FALSE,"",TRUE,8,"huber_k1.345",0.00517912577306917,0.00785745943785805,0.00738782868238778,0.00836806277300008,0,0,TRUE,TRUE,"strong_win","ci_confirmed","eligible / in_regime / primary_preregistered / strong_win / ci_confirmed"
"UCI_wine_red_residual_sugar__depth_bootstrap_full","positive_skew_tabular","lognormal","lognormal_like","TAX-Q1R008","lognormal","locked_unseen_similar",3,3,0,0,FALSE,"",FALSE,1,"huber_k1.345",-0.0106050278731933,-0.0113172837335286,-0.0134026941047535,-0.00993446218531273,1,1,FALSE,FALSE,"no_win","descriptive","eligible / in_regime / primary_preregistered / no_win / descriptive"
"UCI_wine_red_residual_sugar__depth_bootstrap_full","positive_skew_tabular","lognormal","lognormal_like","TAX-Q1R008","lognormal","original_regime",6,6,0,0,FALSE,"",TRUE,2,"huber_k1.345",0.0247652262786332,0.033391807288054,0.0318474357128854,0.0360981855649842,0,0,TRUE,TRUE,"strong_win","ci_confirmed","eligible / in_regime / primary_preregistered / strong_win / ci_confirmed"
"UCI_wine_red_residual_sugar__depth_bootstrap_full","positive_skew_tabular","lognormal","lognormal_like","TAX-Q1R009","lognormal","locked_unseen_similar",3,3,0,0,FALSE,"",FALSE,3,"huber_k1.345",-0.0107644583160814,-0.00926298229885107,-0.00997202237302688,-0.00872211072146481,1,1,FALSE,FALSE,"no_win","descriptive","eligible / in_regime / primary_preregistered / no_win / descriptive"
"UCI_wine_red_residual_sugar__depth_bootstrap_full","positive_skew_tabular","lognormal","lognormal_like","TAX-Q1R009","lognormal","original_regime",36,36,0,0,FALSE,"",FALSE,17,"huber_k1.345",-0.0162381216438299,-0.0158279811820014,-0.0172566413639759,-0.0148258079550357,1,1,FALSE,FALSE,"no_win","descriptive","eligible / in_regime / primary_preregistered / no_win / descriptive"
"UCI_wine_red_residual_sugar__depth_upper_tail_enriched","positive_skew_tabular","lognormal","lognormal_like","TAX-Q1R008","lognormal","locked_unseen_similar",3,3,0,0,FALSE,"",FALSE,2,"huber_k1.345",-0.0301252134751317,-0.0272491415100981,-0.0292113451716098,-0.0248974542930842,1,1,FALSE,FALSE,"no_win","descriptive","eligible / in_regime / primary_preregistered / no_win / descriptive"
"UCI_wine_red_residual_sugar__depth_upper_tail_enriched","positive_skew_tabular","lognormal","lognormal_like","TAX-Q1R008","lognormal","original_regime",6,6,0,0,FALSE,"",TRUE,1,"huber_k1.345",0.00801014596977804,0.0176502195078608,0.0157030497441102,0.0199109635106349,0,0,TRUE,TRUE,"strong_win","ci_confirmed","eligible / in_regime / primary_preregistered / strong_win / ci_confirmed"
"UCI_wine_red_residual_sugar__depth_upper_tail_enriched","positive_skew_tabular","lognormal","lognormal_like","TAX-Q1R009","lognormal","locked_unseen_similar",3,3,0,0,FALSE,"",FALSE,2,"huber_k1.345",-0.0263402955101865,-0.030900757944089,-0.0336833450182032,-0.0278296440172781,1,1,FALSE,FALSE,"no_win","descriptive","eligible / in_regime / primary_preregistered / no_win / descriptive"
"UCI_wine_red_residual_sugar__depth_upper_tail_enriched","positive_skew_tabular","lognormal","lognormal_like","TAX-Q1R009","lognormal","original_regime",36,36,0,0,FALSE,"",FALSE,31,"huber_k1.345",-0.0343877724500402,-0.0345230624854592,-0.0363224888372985,-0.0338498129515724,1,1,FALSE,FALSE,"no_win","descriptive","eligible / in_regime / primary_preregistered / no_win / descriptive"
"UCI_wine_red_residual_sugar","positive_skew_tabular","lognormal","lognormal_like","TAX-Q1R008","lognormal","locked_unseen_similar",3,3,0,0,FALSE,"",FALSE,1,"huber_k1.345",-0.0140925942541209,-0.0132563486781184,-0.0160049588293884,-0.0111136082173823,1,1,FALSE,FALSE,"no_win","descriptive","eligible / in_regime / primary_preregistered / no_win / descriptive"
"UCI_wine_red_residual_sugar","positive_skew_tabular","lognormal","lognormal_like","TAX-Q1R008","lognormal","original_regime",6,6,4,4,FALSE,"",TRUE,2,"huber_k1.345",0.0110431929584408,0.0197751488289704,0.0182541993489975,0.021464153702211,0,0,TRUE,TRUE,"strong_win","ci_confirmed","eligible / in_regime / primary_preregistered / strong_win / ci_confirmed"
"UCI_wine_red_residual_sugar","positive_skew_tabular","lognormal","lognormal_like","TAX-Q1R009","lognormal","locked_unseen_similar",3,3,0,0,FALSE,"",FALSE,3,"huber_k1.345",-0.012104900919263,-0.0121366491954954,-0.0131447746110192,-0.0116551809818714,1,1,FALSE,FALSE,"no_win","descriptive","eligible / in_regime / primary_preregistered / no_win / descriptive"
"UCI_wine_red_residual_sugar","positive_skew_tabular","lognormal","lognormal_like","TAX-Q1R009","lognormal","original_regime",36,36,0,0,FALSE,"",FALSE,35,"huber_k1.345",-0.0196847681979717,-0.0187661301286365,-0.0195992907920865,-0.0175774093110702,1,1,FALSE,FALSE,"no_win","descriptive","eligible / in_regime / primary_preregistered / no_win / descriptive"
"UCI_wine_white_alcohol__depth_body_10_90","positive_skew_tabular","lognormal","lognormal_like","TAX-Q1R008","lognormal","locked_unseen_similar",3,3,0,0,FALSE,"",FALSE,3,"huber_k1.345",-0.00307129495089555,-0.00718525446226845,-0.00809930316679522,-0.00601619461270981,1,1,FALSE,FALSE,"equal_weight_gain","descriptive","eligible / in_regime / primary_preregistered / equal_weight_gain / descriptive"
"UCI_wine_white_alcohol__depth_body_10_90","positive_skew_tabular","lognormal","lognormal_like","TAX-Q1R008","lognormal","original_regime",6,6,0,0,FALSE,"",FALSE,5,"huber_k1.345",-0.00292965974743733,-0.00664928125751252,-0.0076185404228849,-0.00600785891104388,1,1,FALSE,FALSE,"equal_weight_gain","descriptive","eligible / in_regime / primary_preregistered / equal_weight_gain / descriptive"
"UCI_wine_white_alcohol__depth_body_10_90","positive_skew_tabular","lognormal","lognormal_like","TAX-Q1R009","lognormal","locked_unseen_similar",3,3,0,0,FALSE,"",FALSE,3,"huber_k1.345",-0.00235086706152488,-0.00635735506069195,-0.00655650142469499,-0.00560765993516768,1,1,FALSE,FALSE,"equal_weight_gain","descriptive","eligible / in_regime / primary_preregistered / equal_weight_gain / descriptive"
"UCI_wine_white_alcohol__depth_body_10_90","positive_skew_tabular","lognormal","lognormal_like","TAX-Q1R009","lognormal","original_regime",36,36,0,0,FALSE,"",FALSE,32,"huber_k1.345",-0.00234463005974761,-0.00593387365380974,-0.00633887776002153,-0.00527153347592467,1,1,FALSE,FALSE,"equal_weight_gain","descriptive","eligible / in_regime / primary_preregistered / equal_weight_gain / descriptive"
"UCI_wine_white_alcohol__depth_bootstrap_full","positive_skew_tabular","lognormal","lognormal_like","TAX-Q1R008","lognormal","locked_unseen_similar",3,3,0,0,FALSE,"",TRUE,2,"huber_k1.345",0.114682140490071,0.116067431597623,0.108791862094842,0.119826907378131,0,0,TRUE,TRUE,"strong_win","ci_confirmed","eligible / in_regime / primary_preregistered / strong_win / ci_confirmed"
"UCI_wine_white_alcohol__depth_bootstrap_full","positive_skew_tabular","lognormal","lognormal_like","TAX-Q1R008","lognormal","original_regime",6,6,0,0,FALSE,"",TRUE,4,"huber_k1.345",0.124200007693634,0.119455635638987,0.113987159542657,0.127607144625229,0,0,TRUE,TRUE,"strong_win","ci_confirmed","eligible / in_regime / primary_preregistered / strong_win / ci_confirmed"
"UCI_wine_white_alcohol__depth_bootstrap_full","positive_skew_tabular","lognormal","lognormal_like","TAX-Q1R009","lognormal","locked_unseen_similar",3,3,0,0,FALSE,"",TRUE,1,"huber_k1.345",0.0194884315626611,0.0335342900714935,0.0294438612033109,0.0360172256627206,0,0,TRUE,TRUE,"strong_win","ci_confirmed","eligible / in_regime / primary_preregistered / strong_win / ci_confirmed"
"UCI_wine_white_alcohol__depth_bootstrap_full","positive_skew_tabular","lognormal","lognormal_like","TAX-Q1R009","lognormal","original_regime",36,36,0,0,FALSE,"",TRUE,22,"huber_k1.345",0.0808792717303995,0.0763589750697733,0.0732819544079741,0.0808619493687424,0,0,TRUE,TRUE,"strong_win","ci_confirmed","eligible / in_regime / primary_preregistered / strong_win / ci_confirmed"
"UCI_wine_white_alcohol__depth_upper_tail_enriched","positive_skew_tabular","lognormal","lognormal_like","TAX-Q1R008","lognormal","locked_unseen_similar",3,3,0,0,FALSE,"",FALSE,3,"huber_k1.345",-0.00113570785125792,-0.00402737176768676,-0.00479244068542426,-0.00318977298116419,1,1,FALSE,FALSE,"equal_weight_gain","descriptive","eligible / in_regime / primary_preregistered / equal_weight_gain / descriptive"
"UCI_wine_white_alcohol__depth_upper_tail_enriched","positive_skew_tabular","lognormal","lognormal_like","TAX-Q1R008","lognormal","original_regime",6,6,0,0,FALSE,"",FALSE,6,"huber_k1.345",-0.0010673195512627,-0.00429632958891242,-0.00471269533463545,-0.00356977133686614,1,1,FALSE,FALSE,"equal_weight_gain","descriptive","eligible / in_regime / primary_preregistered / equal_weight_gain / descriptive"
"UCI_wine_white_alcohol__depth_upper_tail_enriched","positive_skew_tabular","lognormal","lognormal_like","TAX-Q1R009","lognormal","locked_unseen_similar",3,3,0,0,FALSE,"",FALSE,3,"huber_k1.345",-0.000632626174539982,-0.00288625474562049,-0.00339656747383258,-0.00195085957436816,1,1,FALSE,FALSE,"equal_weight_gain","descriptive","eligible / in_regime / primary_preregistered / equal_weight_gain / descriptive"
"UCI_wine_white_alcohol__depth_upper_tail_enriched","positive_skew_tabular","lognormal","lognormal_like","TAX-Q1R009","lognormal","original_regime",36,36,0,0,FALSE,"",FALSE,33,"huber_k1.345",-0.00058695386352291,-0.00190023869908775,-0.0027642046042912,-0.00144047342286233,1,1,FALSE,FALSE,"equal_weight_gain","descriptive","eligible / in_regime / primary_preregistered / equal_weight_gain / descriptive"
"UCI_wine_white_alcohol","positive_skew_tabular","lognormal","lognormal_like","TAX-Q1R008","lognormal","locked_unseen_similar",3,3,3,3,FALSE,"",TRUE,1,"huber_k1.345",0.124764191404766,0.125282214291804,0.114746436150467,0.133342508299325,0,0,TRUE,TRUE,"strong_win","ci_confirmed","eligible / in_regime / primary_preregistered / strong_win / ci_confirmed"
"UCI_wine_white_alcohol","positive_skew_tabular","lognormal","lognormal_like","TAX-Q1R008","lognormal","original_regime",6,6,6,6,FALSE,"",TRUE,1,"huber_k1.345",0.124676387158919,0.124866846418578,0.117296092158935,0.13188811713044,0,0,TRUE,TRUE,"strong_win","ci_confirmed","eligible / in_regime / primary_preregistered / strong_win / ci_confirmed"
"UCI_wine_white_alcohol","positive_skew_tabular","lognormal","lognormal_like","TAX-Q1R009","lognormal","original_regime",1,1,1,1,TRUE,"",TRUE,1,"huber_k1.345",0.0614441573366226,0.0683486043128617,0.0602770603460258,0.0701890609300686,0,0,TRUE,TRUE,"strong_win","ci_confirmed","eligible / in_regime / primary_preregistered / strong_win / ci_confirmed"
"UCI_wine_white_residual_sugar__depth_body_10_90","positive_skew_tabular","lognormal","lognormal_like","TAX-Q1R008","lognormal","locked_unseen_similar",3,3,0,0,FALSE,"",FALSE,3,"huber_k1.345",-0.118549744130637,-0.247739458383817,-0.263700540261264,-0.211737789449861,1,1,FALSE,FALSE,"equal_weight_gain","descriptive","eligible / in_regime / primary_preregistered / equal_weight_gain / descriptive"
"UCI_wine_white_residual_sugar__depth_body_10_90","positive_skew_tabular","lognormal","lognormal_like","TAX-Q1R008","lognormal","original_regime",6,6,0,0,FALSE,"",FALSE,5,"huber_k1.345",-0.119622759267422,-0.231727549666206,-0.25171703215878,-0.216425890797505,1,1,FALSE,FALSE,"equal_weight_gain","descriptive","eligible / in_regime / primary_preregistered / equal_weight_gain / descriptive"
"UCI_wine_white_residual_sugar__depth_body_10_90","positive_skew_tabular","lognormal","lognormal_like","TAX-Q1R009","lognormal","locked_unseen_similar",3,3,0,0,FALSE,"",FALSE,3,"huber_k1.345",-0.0713185596696723,-0.171686390483201,-0.185121422226769,-0.154651729352475,1,1,FALSE,FALSE,"equal_weight_gain","descriptive","eligible / in_regime / primary_preregistered / equal_weight_gain / descriptive"
"UCI_wine_white_residual_sugar__depth_body_10_90","positive_skew_tabular","lognormal","lognormal_like","TAX-Q1R009","lognormal","original_regime",36,36,0,0,FALSE,"",FALSE,27,"huber_k1.345",-0.074332421250752,-0.15439834763455,-0.170044925683881,-0.139921018532185,1,1,FALSE,FALSE,"equal_weight_gain","descriptive","eligible / in_regime / primary_preregistered / equal_weight_gain / descriptive"
"UCI_wine_white_residual_sugar__depth_bootstrap_full","positive_skew_tabular","lognormal","lognormal_like","TAX-Q1R008","lognormal","locked_unseen_similar",3,3,0,0,FALSE,"",TRUE,2,"huber_k1.345",1.71755861245081,1.88274454239025,1.82127700643211,1.92948511532458,0,0,TRUE,TRUE,"strong_win","ci_confirmed","eligible / in_regime / primary_preregistered / strong_win / ci_confirmed"
"UCI_wine_white_residual_sugar__depth_bootstrap_full","positive_skew_tabular","lognormal","lognormal_like","TAX-Q1R008","lognormal","original_regime",6,6,0,0,FALSE,"",TRUE,4,"huber_k1.345",2.63370103065125,2.48412872329982,2.38389870813812,2.5968200621425,0,0,TRUE,TRUE,"strong_win","ci_confirmed","eligible / in_regime / primary_preregistered / strong_win / ci_confirmed"
"UCI_wine_white_residual_sugar__depth_bootstrap_full","positive_skew_tabular","lognormal","lognormal_like","TAX-Q1R009","lognormal","locked_unseen_similar",3,3,0,0,FALSE,"",TRUE,2,"huber_k1.345",0.191183592878971,0.410230375441372,0.381904768434473,0.452313296588938,0,0,TRUE,TRUE,"strong_win","ci_confirmed","eligible / in_regime / primary_preregistered / strong_win / ci_confirmed"
"UCI_wine_white_residual_sugar__depth_bootstrap_full","positive_skew_tabular","lognormal","lognormal_like","TAX-Q1R009","lognormal","original_regime",36,36,0,0,FALSE,"",TRUE,14,"huber_k1.345",1.16727920811423,1.21152429368909,1.16674762626302,1.24270750599786,0,0,TRUE,TRUE,"strong_win","ci_confirmed","eligible / in_regime / primary_preregistered / strong_win / ci_confirmed"
"UCI_wine_white_residual_sugar__depth_upper_tail_enriched","positive_skew_tabular","lognormal","lognormal_like","TAX-Q1R008","lognormal","locked_unseen_similar",3,3,0,0,FALSE,"",FALSE,1,"huber_k1.345",0.0339542090755345,0.0281741060293293,-0.0577694732543997,0.13360826807003,0.262,0.78502962962963,FALSE,FALSE,"strong_point_signal","near_ci","eligible / in_regime / primary_preregistered / strong_point_signal / near_ci"
"UCI_wine_white_residual_sugar__depth_upper_tail_enriched","positive_skew_tabular","lognormal","lognormal_like","TAX-Q1R008","lognormal","original_regime",6,6,0,0,FALSE,"",FALSE,1,"huber_k1.345",0.0310015808143267,0.0398063421486574,-0.0282102105315789,0.125315272734185,0.138,0.421290566037736,FALSE,FALSE,"strong_point_signal","near_ci","eligible / in_regime / primary_preregistered / strong_point_signal / near_ci"
"UCI_wine_white_residual_sugar__depth_upper_tail_enriched","positive_skew_tabular","lognormal","lognormal_like","TAX-Q1R009","lognormal","locked_unseen_similar",3,3,0,0,FALSE,"",TRUE,1,"huber_k1.345",0.0449384753186043,0.112148326610845,0.0599015557261046,0.188662802523515,0,0,TRUE,TRUE,"strong_win","ci_confirmed","eligible / in_regime / primary_preregistered / strong_win / ci_confirmed"
"UCI_wine_white_residual_sugar__depth_upper_tail_enriched","positive_skew_tabular","lognormal","lognormal_like","TAX-Q1R009","lognormal","original_regime",36,36,0,0,FALSE,"",TRUE,3,"huber_k1.345",0.0392020130553747,0.169284674118008,0.113423609908189,0.210822120403515,0,0,TRUE,TRUE,"strong_win","ci_confirmed","eligible / in_regime / primary_preregistered / strong_win / ci_confirmed"
"UCI_wine_white_residual_sugar","positive_skew_tabular","lognormal","lognormal_like","TAX-Q1R008","lognormal","locked_unseen_similar",3,3,3,3,FALSE,"",TRUE,1,"huber_k1.345",1.78793228354339,1.99573475533457,1.91752626869023,2.08607674342185,0,0,TRUE,TRUE,"strong_win","ci_confirmed","eligible / in_regime / primary_preregistered / strong_win / ci_confirmed"
"UCI_wine_white_residual_sugar","positive_skew_tabular","lognormal","lognormal_like","TAX-Q1R008","lognormal","original_regime",6,6,6,6,FALSE,"",TRUE,3,"huber_k1.345",2.85067088639498,2.76820077095644,2.65949426123772,2.82011984050644,0,0,TRUE,TRUE,"strong_win","ci_confirmed","eligible / in_regime / primary_preregistered / strong_win / ci_confirmed"
"UCI_wine_white_residual_sugar","positive_skew_tabular","lognormal","lognormal_like","TAX-Q1R009","lognormal","original_regime",1,1,1,1,TRUE,"",TRUE,1,"huber_k1.345",0.776531006062731,0.952809359536336,0.904001221611809,1.0147128142465,0,0,TRUE,TRUE,"strong_win","ci_confirmed","eligible / in_regime / primary_preregistered / strong_win / ci_confirmed"
