"dataset_id","parent_dataset_id","analysis_role","selected_for_primary","selected_for_evaluation","selection_status","selection_reason","source_group","empirical_profile","domain","source_url","accessed_at","source_file","source_md5","loader","variable","transform","subset_rule","family_hint","n","skewness","excess_kurtosis","support_sign","theta_star","load_ok","load_error","notes","preregistration_version","profile_gate_enabled","profile_gate_policy","benchmark_policy_primary","oracle_audit_secondary_only","paired_ci_policy","strict_ci_contains_point_policy","fdr_policy","output_layout_policy","pareto_tolerance_relative","wins_saturation_cap","futility_stop_enabled","depth_probe_secondary_only"
"MKT_SPY_logret","MKT_SPY_logret","primary_dataset",FALSE,FALSE,"load_failed","more columns than column names","market_returns","load_failed","market_returns","https://stooq.com/q/d/l/?s=spy.us&i=d","2026-06-15 17:52:02 -0400","/home/alrier/Documents/Final_Results_15June2026/06_REALWORLD_EXTERNAL_BATTERY_40DATASETS/realworld_battery_40datasets_full_run/99_recovery_logs/downloads/MKT_SPY_logret.dat","ffb1288738c62b271240550f9e95a763","stooq_daily_close_logret","Close","diff(log(Close))","full","normal_heavytail",0,NA,NA,"failed",NA,FALSE,"more columns than column names","","V5_audit_ready",TRUE,"Pre-registered empirical profile gate: bounded/proportion by hint/domain; zero-inflated/count by hint/domain; normal_like when abs(skew)<=0.50 and excess_kurtosis<=1.00; heavy_tail_symmetric when abs(skew)<=1.00 and excess_kurtosis>3.00; lognormal_like when skew>1.00 with positive support; weibull_like when skew>0.50 with positive support; otherwise empirical_unknown.","profile_preregistered",TRUE,"paired bootstrap aligned to the same reported gain statistic",TRUE,"Benjamini-Hochberg FDR is computed at dataset level on external_dataset_level_decisions.csv for primary eligible in-regime rows only. Primary alpha=0.05; secondary sensitivity alpha=0.1.","01_results_basic contains compact final results; 02_reports contains generated report files; 03_audit_ready contains full provenance, decisions, oracle audit, and split CSVs; 98_discarded_nonfinal is reserved for obsolete or nonfinal byproducts; 99_recovery_logs contains downloads, checkpoints, temporary recovery outputs, and logs.",0.005,10,TRUE,TRUE
"MKT_QQQ_logret","MKT_QQQ_logret","primary_dataset",FALSE,FALSE,"load_failed","more columns than column names","market_returns","load_failed","market_returns","https://stooq.com/q/d/l/?s=qqq.us&i=d","2026-06-15 17:52:03 -0400","/home/alrier/Documents/Final_Results_15June2026/06_REALWORLD_EXTERNAL_BATTERY_40DATASETS/realworld_battery_40datasets_full_run/99_recovery_logs/downloads/MKT_QQQ_logret.dat","3d7134154b41cfb9eac353b37fb9ba4e","stooq_daily_close_logret","Close","diff(log(Close))","full","normal_heavytail",0,NA,NA,"failed",NA,FALSE,"more columns than column names","","V5_audit_ready",TRUE,"Pre-registered empirical profile gate: bounded/proportion by hint/domain; zero-inflated/count by hint/domain; normal_like when abs(skew)<=0.50 and excess_kurtosis<=1.00; heavy_tail_symmetric when abs(skew)<=1.00 and excess_kurtosis>3.00; lognormal_like when skew>1.00 with positive support; weibull_like when skew>0.50 with positive support; otherwise empirical_unknown.","profile_preregistered",TRUE,"paired bootstrap aligned to the same reported gain statistic",TRUE,"Benjamini-Hochberg FDR is computed at dataset level on external_dataset_level_decisions.csv for primary eligible in-regime rows only. Primary alpha=0.05; secondary sensitivity alpha=0.1.","01_results_basic contains compact final results; 02_reports contains generated report files; 03_audit_ready contains full provenance, decisions, oracle audit, and split CSVs; 98_discarded_nonfinal is reserved for obsolete or nonfinal byproducts; 99_recovery_logs contains downloads, checkpoints, temporary recovery outputs, and logs.",0.005,10,TRUE,TRUE
"MKT_IWM_logret","MKT_IWM_logret","primary_dataset",FALSE,FALSE,"load_failed","more columns than column names","market_returns","load_failed","market_returns","https://stooq.com/q/d/l/?s=iwm.us&i=d","2026-06-15 17:52:04 -0400","/home/alrier/Documents/Final_Results_15June2026/06_REALWORLD_EXTERNAL_BATTERY_40DATASETS/realworld_battery_40datasets_full_run/99_recovery_logs/downloads/MKT_IWM_logret.dat","cc0083ad01731ba6a70f8ff65446e2d5","stooq_daily_close_logret","Close","diff(log(Close))","full","normal_heavytail",0,NA,NA,"failed",NA,FALSE,"more columns than column names","","V5_audit_ready",TRUE,"Pre-registered empirical profile gate: bounded/proportion by hint/domain; zero-inflated/count by hint/domain; normal_like when abs(skew)<=0.50 and excess_kurtosis<=1.00; heavy_tail_symmetric when abs(skew)<=1.00 and excess_kurtosis>3.00; lognormal_like when skew>1.00 with positive support; weibull_like when skew>0.50 with positive support; otherwise empirical_unknown.","profile_preregistered",TRUE,"paired bootstrap aligned to the same reported gain statistic",TRUE,"Benjamini-Hochberg FDR is computed at dataset level on external_dataset_level_decisions.csv for primary eligible in-regime rows only. Primary alpha=0.05; secondary sensitivity alpha=0.1.","01_results_basic contains compact final results; 02_reports contains generated report files; 03_audit_ready contains full provenance, decisions, oracle audit, and split CSVs; 98_discarded_nonfinal is reserved for obsolete or nonfinal byproducts; 99_recovery_logs contains downloads, checkpoints, temporary recovery outputs, and logs.",0.005,10,TRUE,TRUE
"MKT_EEM_logret","MKT_EEM_logret","primary_dataset",FALSE,FALSE,"load_failed","more columns than column names","market_returns","load_failed","market_returns","https://stooq.com/q/d/l/?s=eem.us&i=d","2026-06-15 17:52:04 -0400","/home/alrier/Documents/Final_Results_15June2026/06_REALWORLD_EXTERNAL_BATTERY_40DATASETS/realworld_battery_40datasets_full_run/99_recovery_logs/downloads/MKT_EEM_logret.dat","b91ce469d7c5e86ae9aacd9ba5c6cee3","stooq_daily_close_logret","Close","diff(log(Close))","full","normal_heavytail",0,NA,NA,"failed",NA,FALSE,"more columns than column names","","V5_audit_ready",TRUE,"Pre-registered empirical profile gate: bounded/proportion by hint/domain; zero-inflated/count by hint/domain; normal_like when abs(skew)<=0.50 and excess_kurtosis<=1.00; heavy_tail_symmetric when abs(skew)<=1.00 and excess_kurtosis>3.00; lognormal_like when skew>1.00 with positive support; weibull_like when skew>0.50 with positive support; otherwise empirical_unknown.","profile_preregistered",TRUE,"paired bootstrap aligned to the same reported gain statistic",TRUE,"Benjamini-Hochberg FDR is computed at dataset level on external_dataset_level_decisions.csv for primary eligible in-regime rows only. Primary alpha=0.05; secondary sensitivity alpha=0.1.","01_results_basic contains compact final results; 02_reports contains generated report files; 03_audit_ready contains full provenance, decisions, oracle audit, and split CSVs; 98_discarded_nonfinal is reserved for obsolete or nonfinal byproducts; 99_recovery_logs contains downloads, checkpoints, temporary recovery outputs, and logs.",0.005,10,TRUE,TRUE
"MKT_EFA_logret","MKT_EFA_logret","primary_dataset",FALSE,FALSE,"load_failed","more columns than column names","market_returns","load_failed","market_returns","https://stooq.com/q/d/l/?s=efa.us&i=d","2026-06-15 17:52:05 -0400","/home/alrier/Documents/Final_Results_15June2026/06_REALWORLD_EXTERNAL_BATTERY_40DATASETS/realworld_battery_40datasets_full_run/99_recovery_logs/downloads/MKT_EFA_logret.dat","0d522d4943cf6ed63cdc97c659db607f","stooq_daily_close_logret","Close","diff(log(Close))","full","normal_heavytail",0,NA,NA,"failed",NA,FALSE,"more columns than column names","","V5_audit_ready",TRUE,"Pre-registered empirical profile gate: bounded/proportion by hint/domain; zero-inflated/count by hint/domain; normal_like when abs(skew)<=0.50 and excess_kurtosis<=1.00; heavy_tail_symmetric when abs(skew)<=1.00 and excess_kurtosis>3.00; lognormal_like when skew>1.00 with positive support; weibull_like when skew>0.50 with positive support; otherwise empirical_unknown.","profile_preregistered",TRUE,"paired bootstrap aligned to the same reported gain statistic",TRUE,"Benjamini-Hochberg FDR is computed at dataset level on external_dataset_level_decisions.csv for primary eligible in-regime rows only. Primary alpha=0.05; secondary sensitivity alpha=0.1.","01_results_basic contains compact final results; 02_reports contains generated report files; 03_audit_ready contains full provenance, decisions, oracle audit, and split CSVs; 98_discarded_nonfinal is reserved for obsolete or nonfinal byproducts; 99_recovery_logs contains downloads, checkpoints, temporary recovery outputs, and logs.",0.005,10,TRUE,TRUE
"MKT_GLD_logret","MKT_GLD_logret","primary_dataset",FALSE,FALSE,"load_failed","more columns than column names","market_returns","load_failed","market_returns","https://stooq.com/q/d/l/?s=gld.us&i=d","2026-06-15 17:52:05 -0400","/home/alrier/Documents/Final_Results_15June2026/06_REALWORLD_EXTERNAL_BATTERY_40DATASETS/realworld_battery_40datasets_full_run/99_recovery_logs/downloads/MKT_GLD_logret.dat","00f7a91396a96d3bb53af1f384945b09","stooq_daily_close_logret","Close","diff(log(Close))","full","normal_heavytail",0,NA,NA,"failed",NA,FALSE,"more columns than column names","","V5_audit_ready",TRUE,"Pre-registered empirical profile gate: bounded/proportion by hint/domain; zero-inflated/count by hint/domain; normal_like when abs(skew)<=0.50 and excess_kurtosis<=1.00; heavy_tail_symmetric when abs(skew)<=1.00 and excess_kurtosis>3.00; lognormal_like when skew>1.00 with positive support; weibull_like when skew>0.50 with positive support; otherwise empirical_unknown.","profile_preregistered",TRUE,"paired bootstrap aligned to the same reported gain statistic",TRUE,"Benjamini-Hochberg FDR is computed at dataset level on external_dataset_level_decisions.csv for primary eligible in-regime rows only. Primary alpha=0.05; secondary sensitivity alpha=0.1.","01_results_basic contains compact final results; 02_reports contains generated report files; 03_audit_ready contains full provenance, decisions, oracle audit, and split CSVs; 98_discarded_nonfinal is reserved for obsolete or nonfinal byproducts; 99_recovery_logs contains downloads, checkpoints, temporary recovery outputs, and logs.",0.005,10,TRUE,TRUE
"MKT_SLV_logret","MKT_SLV_logret","primary_dataset",FALSE,FALSE,"load_failed","more columns than column names","market_returns","load_failed","market_returns","https://stooq.com/q/d/l/?s=slv.us&i=d","2026-06-15 17:52:06 -0400","/home/alrier/Documents/Final_Results_15June2026/06_REALWORLD_EXTERNAL_BATTERY_40DATASETS/realworld_battery_40datasets_full_run/99_recovery_logs/downloads/MKT_SLV_logret.dat","ad744214d3f6cca9986d750f69a3b3f1","stooq_daily_close_logret","Close","diff(log(Close))","full","normal_heavytail",0,NA,NA,"failed",NA,FALSE,"more columns than column names","","V5_audit_ready",TRUE,"Pre-registered empirical profile gate: bounded/proportion by hint/domain; zero-inflated/count by hint/domain; normal_like when abs(skew)<=0.50 and excess_kurtosis<=1.00; heavy_tail_symmetric when abs(skew)<=1.00 and excess_kurtosis>3.00; lognormal_like when skew>1.00 with positive support; weibull_like when skew>0.50 with positive support; otherwise empirical_unknown.","profile_preregistered",TRUE,"paired bootstrap aligned to the same reported gain statistic",TRUE,"Benjamini-Hochberg FDR is computed at dataset level on external_dataset_level_decisions.csv for primary eligible in-regime rows only. Primary alpha=0.05; secondary sensitivity alpha=0.1.","01_results_basic contains compact final results; 02_reports contains generated report files; 03_audit_ready contains full provenance, decisions, oracle audit, and split CSVs; 98_discarded_nonfinal is reserved for obsolete or nonfinal byproducts; 99_recovery_logs contains downloads, checkpoints, temporary recovery outputs, and logs.",0.005,10,TRUE,TRUE
"MKT_USO_logret","MKT_USO_logret","primary_dataset",FALSE,FALSE,"load_failed","more columns than column names","market_returns","load_failed","market_returns","https://stooq.com/q/d/l/?s=uso.us&i=d","2026-06-15 17:52:06 -0400","/home/alrier/Documents/Final_Results_15June2026/06_REALWORLD_EXTERNAL_BATTERY_40DATASETS/realworld_battery_40datasets_full_run/99_recovery_logs/downloads/MKT_USO_logret.dat","32c385ea28aa0cd9a34215687406fae9","stooq_daily_close_logret","Close","diff(log(Close))","full","normal_heavytail",0,NA,NA,"failed",NA,FALSE,"more columns than column names","","V5_audit_ready",TRUE,"Pre-registered empirical profile gate: bounded/proportion by hint/domain; zero-inflated/count by hint/domain; normal_like when abs(skew)<=0.50 and excess_kurtosis<=1.00; heavy_tail_symmetric when abs(skew)<=1.00 and excess_kurtosis>3.00; lognormal_like when skew>1.00 with positive support; weibull_like when skew>0.50 with positive support; otherwise empirical_unknown.","profile_preregistered",TRUE,"paired bootstrap aligned to the same reported gain statistic",TRUE,"Benjamini-Hochberg FDR is computed at dataset level on external_dataset_level_decisions.csv for primary eligible in-regime rows only. Primary alpha=0.05; secondary sensitivity alpha=0.1.","01_results_basic contains compact final results; 02_reports contains generated report files; 03_audit_ready contains full provenance, decisions, oracle audit, and split CSVs; 98_discarded_nonfinal is reserved for obsolete or nonfinal byproducts; 99_recovery_logs contains downloads, checkpoints, temporary recovery outputs, and logs.",0.005,10,TRUE,TRUE
"MKT_TLT_logret","MKT_TLT_logret","primary_dataset",FALSE,FALSE,"load_failed","more columns than column names","market_returns","load_failed","market_returns","https://stooq.com/q/d/l/?s=tlt.us&i=d","2026-06-15 17:52:07 -0400","/home/alrier/Documents/Final_Results_15June2026/06_REALWORLD_EXTERNAL_BATTERY_40DATASETS/realworld_battery_40datasets_full_run/99_recovery_logs/downloads/MKT_TLT_logret.dat","81f3d4459e7d3fe4810370acabedb388","stooq_daily_close_logret","Close","diff(log(Close))","full","normal_heavytail",0,NA,NA,"failed",NA,FALSE,"more columns than column names","","V5_audit_ready",TRUE,"Pre-registered empirical profile gate: bounded/proportion by hint/domain; zero-inflated/count by hint/domain; normal_like when abs(skew)<=0.50 and excess_kurtosis<=1.00; heavy_tail_symmetric when abs(skew)<=1.00 and excess_kurtosis>3.00; lognormal_like when skew>1.00 with positive support; weibull_like when skew>0.50 with positive support; otherwise empirical_unknown.","profile_preregistered",TRUE,"paired bootstrap aligned to the same reported gain statistic",TRUE,"Benjamini-Hochberg FDR is computed at dataset level on external_dataset_level_decisions.csv for primary eligible in-regime rows only. Primary alpha=0.05; secondary sensitivity alpha=0.1.","01_results_basic contains compact final results; 02_reports contains generated report files; 03_audit_ready contains full provenance, decisions, oracle audit, and split CSVs; 98_discarded_nonfinal is reserved for obsolete or nonfinal byproducts; 99_recovery_logs contains downloads, checkpoints, temporary recovery outputs, and logs.",0.005,10,TRUE,TRUE
"MKT_HYG_logret","MKT_HYG_logret","primary_dataset",FALSE,FALSE,"load_failed","more columns than column names","market_returns","load_failed","market_returns","https://stooq.com/q/d/l/?s=hyg.us&i=d","2026-06-15 17:52:07 -0400","/home/alrier/Documents/Final_Results_15June2026/06_REALWORLD_EXTERNAL_BATTERY_40DATASETS/realworld_battery_40datasets_full_run/99_recovery_logs/downloads/MKT_HYG_logret.dat","2d58460067276172f1f7efebe869a399","stooq_daily_close_logret","Close","diff(log(Close))","full","normal_heavytail",0,NA,NA,"failed",NA,FALSE,"more columns than column names","","V5_audit_ready",TRUE,"Pre-registered empirical profile gate: bounded/proportion by hint/domain; zero-inflated/count by hint/domain; normal_like when abs(skew)<=0.50 and excess_kurtosis<=1.00; heavy_tail_symmetric when abs(skew)<=1.00 and excess_kurtosis>3.00; lognormal_like when skew>1.00 with positive support; weibull_like when skew>0.50 with positive support; otherwise empirical_unknown.","profile_preregistered",TRUE,"paired bootstrap aligned to the same reported gain statistic",TRUE,"Benjamini-Hochberg FDR is computed at dataset level on external_dataset_level_decisions.csv for primary eligible in-regime rows only. Primary alpha=0.05; secondary sensitivity alpha=0.1.","01_results_basic contains compact final results; 02_reports contains generated report files; 03_audit_ready contains full provenance, decisions, oracle audit, and split CSVs; 98_discarded_nonfinal is reserved for obsolete or nonfinal byproducts; 99_recovery_logs contains downloads, checkpoints, temporary recovery outputs, and logs.",0.005,10,TRUE,TRUE
"MKT_LQD_logret","MKT_LQD_logret","primary_dataset",FALSE,FALSE,"load_failed","more columns than column names","market_returns","load_failed","market_returns","https://stooq.com/q/d/l/?s=lqd.us&i=d","2026-06-15 17:52:08 -0400","/home/alrier/Documents/Final_Results_15June2026/06_REALWORLD_EXTERNAL_BATTERY_40DATASETS/realworld_battery_40datasets_full_run/99_recovery_logs/downloads/MKT_LQD_logret.dat","568ec0ed1022a23f95a370424e9da5af","stooq_daily_close_logret","Close","diff(log(Close))","full","normal_heavytail",0,NA,NA,"failed",NA,FALSE,"more columns than column names","","V5_audit_ready",TRUE,"Pre-registered empirical profile gate: bounded/proportion by hint/domain; zero-inflated/count by hint/domain; normal_like when abs(skew)<=0.50 and excess_kurtosis<=1.00; heavy_tail_symmetric when abs(skew)<=1.00 and excess_kurtosis>3.00; lognormal_like when skew>1.00 with positive support; weibull_like when skew>0.50 with positive support; otherwise empirical_unknown.","profile_preregistered",TRUE,"paired bootstrap aligned to the same reported gain statistic",TRUE,"Benjamini-Hochberg FDR is computed at dataset level on external_dataset_level_decisions.csv for primary eligible in-regime rows only. Primary alpha=0.05; secondary sensitivity alpha=0.1.","01_results_basic contains compact final results; 02_reports contains generated report files; 03_audit_ready contains full provenance, decisions, oracle audit, and split CSVs; 98_discarded_nonfinal is reserved for obsolete or nonfinal byproducts; 99_recovery_logs contains downloads, checkpoints, temporary recovery outputs, and logs.",0.005,10,TRUE,TRUE
"MKT_XLF_logret","MKT_XLF_logret","primary_dataset",FALSE,FALSE,"load_failed","more columns than column names","market_returns","load_failed","market_returns","https://stooq.com/q/d/l/?s=xlf.us&i=d","2026-06-15 17:52:08 -0400","/home/alrier/Documents/Final_Results_15June2026/06_REALWORLD_EXTERNAL_BATTERY_40DATASETS/realworld_battery_40datasets_full_run/99_recovery_logs/downloads/MKT_XLF_logret.dat","ef7e870c122200efd7cc654a6dba81b1","stooq_daily_close_logret","Close","diff(log(Close))","full","normal_heavytail",0,NA,NA,"failed",NA,FALSE,"more columns than column names","","V5_audit_ready",TRUE,"Pre-registered empirical profile gate: bounded/proportion by hint/domain; zero-inflated/count by hint/domain; normal_like when abs(skew)<=0.50 and excess_kurtosis<=1.00; heavy_tail_symmetric when abs(skew)<=1.00 and excess_kurtosis>3.00; lognormal_like when skew>1.00 with positive support; weibull_like when skew>0.50 with positive support; otherwise empirical_unknown.","profile_preregistered",TRUE,"paired bootstrap aligned to the same reported gain statistic",TRUE,"Benjamini-Hochberg FDR is computed at dataset level on external_dataset_level_decisions.csv for primary eligible in-regime rows only. Primary alpha=0.05; secondary sensitivity alpha=0.1.","01_results_basic contains compact final results; 02_reports contains generated report files; 03_audit_ready contains full provenance, decisions, oracle audit, and split CSVs; 98_discarded_nonfinal is reserved for obsolete or nonfinal byproducts; 99_recovery_logs contains downloads, checkpoints, temporary recovery outputs, and logs.",0.005,10,TRUE,TRUE
"MKT_XLE_logret","MKT_XLE_logret","primary_dataset",FALSE,FALSE,"load_failed","more columns than column names","market_returns","load_failed","market_returns","https://stooq.com/q/d/l/?s=xle.us&i=d","2026-06-15 17:52:09 -0400","/home/alrier/Documents/Final_Results_15June2026/06_REALWORLD_EXTERNAL_BATTERY_40DATASETS/realworld_battery_40datasets_full_run/99_recovery_logs/downloads/MKT_XLE_logret.dat","a906c7100d8127d543c2ddf55aa36ca5","stooq_daily_close_logret","Close","diff(log(Close))","full","normal_heavytail",0,NA,NA,"failed",NA,FALSE,"more columns than column names","","V5_audit_ready",TRUE,"Pre-registered empirical profile gate: bounded/proportion by hint/domain; zero-inflated/count by hint/domain; normal_like when abs(skew)<=0.50 and excess_kurtosis<=1.00; heavy_tail_symmetric when abs(skew)<=1.00 and excess_kurtosis>3.00; lognormal_like when skew>1.00 with positive support; weibull_like when skew>0.50 with positive support; otherwise empirical_unknown.","profile_preregistered",TRUE,"paired bootstrap aligned to the same reported gain statistic",TRUE,"Benjamini-Hochberg FDR is computed at dataset level on external_dataset_level_decisions.csv for primary eligible in-regime rows only. Primary alpha=0.05; secondary sensitivity alpha=0.1.","01_results_basic contains compact final results; 02_reports contains generated report files; 03_audit_ready contains full provenance, decisions, oracle audit, and split CSVs; 98_discarded_nonfinal is reserved for obsolete or nonfinal byproducts; 99_recovery_logs contains downloads, checkpoints, temporary recovery outputs, and logs.",0.005,10,TRUE,TRUE
"MKT_XLK_logret","MKT_XLK_logret","primary_dataset",FALSE,FALSE,"load_failed","more columns than column names","market_returns","load_failed","market_returns","https://stooq.com/q/d/l/?s=xlk.us&i=d","2026-06-15 17:52:10 -0400","/home/alrier/Documents/Final_Results_15June2026/06_REALWORLD_EXTERNAL_BATTERY_40DATASETS/realworld_battery_40datasets_full_run/99_recovery_logs/downloads/MKT_XLK_logret.dat","155349b1fc102da621aa6af4a8e74fd0","stooq_daily_close_logret","Close","diff(log(Close))","full","normal_heavytail",0,NA,NA,"failed",NA,FALSE,"more columns than column names","","V5_audit_ready",TRUE,"Pre-registered empirical profile gate: bounded/proportion by hint/domain; zero-inflated/count by hint/domain; normal_like when abs(skew)<=0.50 and excess_kurtosis<=1.00; heavy_tail_symmetric when abs(skew)<=1.00 and excess_kurtosis>3.00; lognormal_like when skew>1.00 with positive support; weibull_like when skew>0.50 with positive support; otherwise empirical_unknown.","profile_preregistered",TRUE,"paired bootstrap aligned to the same reported gain statistic",TRUE,"Benjamini-Hochberg FDR is computed at dataset level on external_dataset_level_decisions.csv for primary eligible in-regime rows only. Primary alpha=0.05; secondary sensitivity alpha=0.1.","01_results_basic contains compact final results; 02_reports contains generated report files; 03_audit_ready contains full provenance, decisions, oracle audit, and split CSVs; 98_discarded_nonfinal is reserved for obsolete or nonfinal byproducts; 99_recovery_logs contains downloads, checkpoints, temporary recovery outputs, and logs.",0.005,10,TRUE,TRUE
"MKT_XLU_logret","MKT_XLU_logret","primary_dataset",FALSE,FALSE,"load_failed","more columns than column names","market_returns","load_failed","market_returns","https://stooq.com/q/d/l/?s=xlu.us&i=d","2026-06-15 17:52:10 -0400","/home/alrier/Documents/Final_Results_15June2026/06_REALWORLD_EXTERNAL_BATTERY_40DATASETS/realworld_battery_40datasets_full_run/99_recovery_logs/downloads/MKT_XLU_logret.dat","019399678c802066d1cb14bd6093e25b","stooq_daily_close_logret","Close","diff(log(Close))","full","normal_heavytail",0,NA,NA,"failed",NA,FALSE,"more columns than column names","","V5_audit_ready",TRUE,"Pre-registered empirical profile gate: bounded/proportion by hint/domain; zero-inflated/count by hint/domain; normal_like when abs(skew)<=0.50 and excess_kurtosis<=1.00; heavy_tail_symmetric when abs(skew)<=1.00 and excess_kurtosis>3.00; lognormal_like when skew>1.00 with positive support; weibull_like when skew>0.50 with positive support; otherwise empirical_unknown.","profile_preregistered",TRUE,"paired bootstrap aligned to the same reported gain statistic",TRUE,"Benjamini-Hochberg FDR is computed at dataset level on external_dataset_level_decisions.csv for primary eligible in-regime rows only. Primary alpha=0.05; secondary sensitivity alpha=0.1.","01_results_basic contains compact final results; 02_reports contains generated report files; 03_audit_ready contains full provenance, decisions, oracle audit, and split CSVs; 98_discarded_nonfinal is reserved for obsolete or nonfinal byproducts; 99_recovery_logs contains downloads, checkpoints, temporary recovery outputs, and logs.",0.005,10,TRUE,TRUE
"MKT_XLP_logret","MKT_XLP_logret","primary_dataset",FALSE,FALSE,"load_failed","more columns than column names","market_returns","load_failed","market_returns","https://stooq.com/q/d/l/?s=xlp.us&i=d","2026-06-15 17:52:11 -0400","/home/alrier/Documents/Final_Results_15June2026/06_REALWORLD_EXTERNAL_BATTERY_40DATASETS/realworld_battery_40datasets_full_run/99_recovery_logs/downloads/MKT_XLP_logret.dat","547f8aed21541944627ba14f5ad43041","stooq_daily_close_logret","Close","diff(log(Close))","full","normal_heavytail",0,NA,NA,"failed",NA,FALSE,"more columns than column names","","V5_audit_ready",TRUE,"Pre-registered empirical profile gate: bounded/proportion by hint/domain; zero-inflated/count by hint/domain; normal_like when abs(skew)<=0.50 and excess_kurtosis<=1.00; heavy_tail_symmetric when abs(skew)<=1.00 and excess_kurtosis>3.00; lognormal_like when skew>1.00 with positive support; weibull_like when skew>0.50 with positive support; otherwise empirical_unknown.","profile_preregistered",TRUE,"paired bootstrap aligned to the same reported gain statistic",TRUE,"Benjamini-Hochberg FDR is computed at dataset level on external_dataset_level_decisions.csv for primary eligible in-regime rows only. Primary alpha=0.05; secondary sensitivity alpha=0.1.","01_results_basic contains compact final results; 02_reports contains generated report files; 03_audit_ready contains full provenance, decisions, oracle audit, and split CSVs; 98_discarded_nonfinal is reserved for obsolete or nonfinal byproducts; 99_recovery_logs contains downloads, checkpoints, temporary recovery outputs, and logs.",0.005,10,TRUE,TRUE
"MKT_XLY_logret","MKT_XLY_logret","primary_dataset",FALSE,FALSE,"load_failed","more columns than column names","market_returns","load_failed","market_returns","https://stooq.com/q/d/l/?s=xly.us&i=d","2026-06-15 17:52:11 -0400","/home/alrier/Documents/Final_Results_15June2026/06_REALWORLD_EXTERNAL_BATTERY_40DATASETS/realworld_battery_40datasets_full_run/99_recovery_logs/downloads/MKT_XLY_logret.dat","1f4710633eac57542f8f414cf7e01d07","stooq_daily_close_logret","Close","diff(log(Close))","full","normal_heavytail",0,NA,NA,"failed",NA,FALSE,"more columns than column names","","V5_audit_ready",TRUE,"Pre-registered empirical profile gate: bounded/proportion by hint/domain; zero-inflated/count by hint/domain; normal_like when abs(skew)<=0.50 and excess_kurtosis<=1.00; heavy_tail_symmetric when abs(skew)<=1.00 and excess_kurtosis>3.00; lognormal_like when skew>1.00 with positive support; weibull_like when skew>0.50 with positive support; otherwise empirical_unknown.","profile_preregistered",TRUE,"paired bootstrap aligned to the same reported gain statistic",TRUE,"Benjamini-Hochberg FDR is computed at dataset level on external_dataset_level_decisions.csv for primary eligible in-regime rows only. Primary alpha=0.05; secondary sensitivity alpha=0.1.","01_results_basic contains compact final results; 02_reports contains generated report files; 03_audit_ready contains full provenance, decisions, oracle audit, and split CSVs; 98_discarded_nonfinal is reserved for obsolete or nonfinal byproducts; 99_recovery_logs contains downloads, checkpoints, temporary recovery outputs, and logs.",0.005,10,TRUE,TRUE
"MKT_XLI_logret","MKT_XLI_logret","primary_dataset",FALSE,FALSE,"load_failed","more columns than column names","market_returns","load_failed","market_returns","https://stooq.com/q/d/l/?s=xli.us&i=d","2026-06-15 17:52:12 -0400","/home/alrier/Documents/Final_Results_15June2026/06_REALWORLD_EXTERNAL_BATTERY_40DATASETS/realworld_battery_40datasets_full_run/99_recovery_logs/downloads/MKT_XLI_logret.dat","cd93630c04c8f74bc451cefcf8714f7d","stooq_daily_close_logret","Close","diff(log(Close))","full","normal_heavytail",0,NA,NA,"failed",NA,FALSE,"more columns than column names","","V5_audit_ready",TRUE,"Pre-registered empirical profile gate: bounded/proportion by hint/domain; zero-inflated/count by hint/domain; normal_like when abs(skew)<=0.50 and excess_kurtosis<=1.00; heavy_tail_symmetric when abs(skew)<=1.00 and excess_kurtosis>3.00; lognormal_like when skew>1.00 with positive support; weibull_like when skew>0.50 with positive support; otherwise empirical_unknown.","profile_preregistered",TRUE,"paired bootstrap aligned to the same reported gain statistic",TRUE,"Benjamini-Hochberg FDR is computed at dataset level on external_dataset_level_decisions.csv for primary eligible in-regime rows only. Primary alpha=0.05; secondary sensitivity alpha=0.1.","01_results_basic contains compact final results; 02_reports contains generated report files; 03_audit_ready contains full provenance, decisions, oracle audit, and split CSVs; 98_discarded_nonfinal is reserved for obsolete or nonfinal byproducts; 99_recovery_logs contains downloads, checkpoints, temporary recovery outputs, and logs.",0.005,10,TRUE,TRUE
"MKT_XLV_logret","MKT_XLV_logret","primary_dataset",FALSE,FALSE,"load_failed","more columns than column names","market_returns","load_failed","market_returns","https://stooq.com/q/d/l/?s=xlv.us&i=d","2026-06-15 17:52:12 -0400","/home/alrier/Documents/Final_Results_15June2026/06_REALWORLD_EXTERNAL_BATTERY_40DATASETS/realworld_battery_40datasets_full_run/99_recovery_logs/downloads/MKT_XLV_logret.dat","f6c74d3e7b00049032f61a54b2664019","stooq_daily_close_logret","Close","diff(log(Close))","full","normal_heavytail",0,NA,NA,"failed",NA,FALSE,"more columns than column names","","V5_audit_ready",TRUE,"Pre-registered empirical profile gate: bounded/proportion by hint/domain; zero-inflated/count by hint/domain; normal_like when abs(skew)<=0.50 and excess_kurtosis<=1.00; heavy_tail_symmetric when abs(skew)<=1.00 and excess_kurtosis>3.00; lognormal_like when skew>1.00 with positive support; weibull_like when skew>0.50 with positive support; otherwise empirical_unknown.","profile_preregistered",TRUE,"paired bootstrap aligned to the same reported gain statistic",TRUE,"Benjamini-Hochberg FDR is computed at dataset level on external_dataset_level_decisions.csv for primary eligible in-regime rows only. Primary alpha=0.05; secondary sensitivity alpha=0.1.","01_results_basic contains compact final results; 02_reports contains generated report files; 03_audit_ready contains full provenance, decisions, oracle audit, and split CSVs; 98_discarded_nonfinal is reserved for obsolete or nonfinal byproducts; 99_recovery_logs contains downloads, checkpoints, temporary recovery outputs, and logs.",0.005,10,TRUE,TRUE
"MKT_XLB_logret","MKT_XLB_logret","primary_dataset",FALSE,FALSE,"load_failed","more columns than column names","market_returns","load_failed","market_returns","https://stooq.com/q/d/l/?s=xlb.us&i=d","2026-06-15 17:52:13 -0400","/home/alrier/Documents/Final_Results_15June2026/06_REALWORLD_EXTERNAL_BATTERY_40DATASETS/realworld_battery_40datasets_full_run/99_recovery_logs/downloads/MKT_XLB_logret.dat","d635fd690ca9fab6d9c681a5d35b4ed2","stooq_daily_close_logret","Close","diff(log(Close))","full","normal_heavytail",0,NA,NA,"failed",NA,FALSE,"more columns than column names","","V5_audit_ready",TRUE,"Pre-registered empirical profile gate: bounded/proportion by hint/domain; zero-inflated/count by hint/domain; normal_like when abs(skew)<=0.50 and excess_kurtosis<=1.00; heavy_tail_symmetric when abs(skew)<=1.00 and excess_kurtosis>3.00; lognormal_like when skew>1.00 with positive support; weibull_like when skew>0.50 with positive support; otherwise empirical_unknown.","profile_preregistered",TRUE,"paired bootstrap aligned to the same reported gain statistic",TRUE,"Benjamini-Hochberg FDR is computed at dataset level on external_dataset_level_decisions.csv for primary eligible in-regime rows only. Primary alpha=0.05; secondary sensitivity alpha=0.1.","01_results_basic contains compact final results; 02_reports contains generated report files; 03_audit_ready contains full provenance, decisions, oracle audit, and split CSVs; 98_discarded_nonfinal is reserved for obsolete or nonfinal byproducts; 99_recovery_logs contains downloads, checkpoints, temporary recovery outputs, and logs.",0.005,10,TRUE,TRUE
"MKT_DIA_logret","MKT_DIA_logret","primary_dataset",FALSE,FALSE,"load_failed","more columns than column names","market_returns","load_failed","market_returns","https://stooq.com/q/d/l/?s=dia.us&i=d","2026-06-15 17:52:13 -0400","/home/alrier/Documents/Final_Results_15June2026/06_REALWORLD_EXTERNAL_BATTERY_40DATASETS/realworld_battery_40datasets_full_run/99_recovery_logs/downloads/MKT_DIA_logret.dat","57671d61e7fcc81f49ee10ae8edfff88","stooq_daily_close_logret","Close","diff(log(Close))","full","normal_heavytail",0,NA,NA,"failed",NA,FALSE,"more columns than column names","","V5_audit_ready",TRUE,"Pre-registered empirical profile gate: bounded/proportion by hint/domain; zero-inflated/count by hint/domain; normal_like when abs(skew)<=0.50 and excess_kurtosis<=1.00; heavy_tail_symmetric when abs(skew)<=1.00 and excess_kurtosis>3.00; lognormal_like when skew>1.00 with positive support; weibull_like when skew>0.50 with positive support; otherwise empirical_unknown.","profile_preregistered",TRUE,"paired bootstrap aligned to the same reported gain statistic",TRUE,"Benjamini-Hochberg FDR is computed at dataset level on external_dataset_level_decisions.csv for primary eligible in-regime rows only. Primary alpha=0.05; secondary sensitivity alpha=0.1.","01_results_basic contains compact final results; 02_reports contains generated report files; 03_audit_ready contains full provenance, decisions, oracle audit, and split CSVs; 98_discarded_nonfinal is reserved for obsolete or nonfinal byproducts; 99_recovery_logs contains downloads, checkpoints, temporary recovery outputs, and logs.",0.005,10,TRUE,TRUE
"MKT_IEF_logret","MKT_IEF_logret","primary_dataset",FALSE,FALSE,"load_failed","more columns than column names","market_returns","load_failed","market_returns","https://stooq.com/q/d/l/?s=ief.us&i=d","2026-06-15 17:52:14 -0400","/home/alrier/Documents/Final_Results_15June2026/06_REALWORLD_EXTERNAL_BATTERY_40DATASETS/realworld_battery_40datasets_full_run/99_recovery_logs/downloads/MKT_IEF_logret.dat","cb48e328c01cd6419447ef0cc40a9cc2","stooq_daily_close_logret","Close","diff(log(Close))","full","normal_heavytail",0,NA,NA,"failed",NA,FALSE,"more columns than column names","","V5_audit_ready",TRUE,"Pre-registered empirical profile gate: bounded/proportion by hint/domain; zero-inflated/count by hint/domain; normal_like when abs(skew)<=0.50 and excess_kurtosis<=1.00; heavy_tail_symmetric when abs(skew)<=1.00 and excess_kurtosis>3.00; lognormal_like when skew>1.00 with positive support; weibull_like when skew>0.50 with positive support; otherwise empirical_unknown.","profile_preregistered",TRUE,"paired bootstrap aligned to the same reported gain statistic",TRUE,"Benjamini-Hochberg FDR is computed at dataset level on external_dataset_level_decisions.csv for primary eligible in-regime rows only. Primary alpha=0.05; secondary sensitivity alpha=0.1.","01_results_basic contains compact final results; 02_reports contains generated report files; 03_audit_ready contains full provenance, decisions, oracle audit, and split CSVs; 98_discarded_nonfinal is reserved for obsolete or nonfinal byproducts; 99_recovery_logs contains downloads, checkpoints, temporary recovery outputs, and logs.",0.005,10,TRUE,TRUE
"MKT_SHY_logret","MKT_SHY_logret","primary_dataset",FALSE,FALSE,"load_failed","more columns than column names","market_returns","load_failed","market_returns","https://stooq.com/q/d/l/?s=shy.us&i=d","2026-06-15 17:52:14 -0400","/home/alrier/Documents/Final_Results_15June2026/06_REALWORLD_EXTERNAL_BATTERY_40DATASETS/realworld_battery_40datasets_full_run/99_recovery_logs/downloads/MKT_SHY_logret.dat","d809cfd7415bfe13b9a5ff7661bc16f7","stooq_daily_close_logret","Close","diff(log(Close))","full","normal_heavytail",0,NA,NA,"failed",NA,FALSE,"more columns than column names","","V5_audit_ready",TRUE,"Pre-registered empirical profile gate: bounded/proportion by hint/domain; zero-inflated/count by hint/domain; normal_like when abs(skew)<=0.50 and excess_kurtosis<=1.00; heavy_tail_symmetric when abs(skew)<=1.00 and excess_kurtosis>3.00; lognormal_like when skew>1.00 with positive support; weibull_like when skew>0.50 with positive support; otherwise empirical_unknown.","profile_preregistered",TRUE,"paired bootstrap aligned to the same reported gain statistic",TRUE,"Benjamini-Hochberg FDR is computed at dataset level on external_dataset_level_decisions.csv for primary eligible in-regime rows only. Primary alpha=0.05; secondary sensitivity alpha=0.1.","01_results_basic contains compact final results; 02_reports contains generated report files; 03_audit_ready contains full provenance, decisions, oracle audit, and split CSVs; 98_discarded_nonfinal is reserved for obsolete or nonfinal byproducts; 99_recovery_logs contains downloads, checkpoints, temporary recovery outputs, and logs.",0.005,10,TRUE,TRUE
"MKT_VNQ_logret","MKT_VNQ_logret","primary_dataset",FALSE,FALSE,"load_failed","more columns than column names","market_returns","load_failed","market_returns","https://stooq.com/q/d/l/?s=vnq.us&i=d","2026-06-15 17:52:15 -0400","/home/alrier/Documents/Final_Results_15June2026/06_REALWORLD_EXTERNAL_BATTERY_40DATASETS/realworld_battery_40datasets_full_run/99_recovery_logs/downloads/MKT_VNQ_logret.dat","7c34ab384dcc5212020c72693c416b9a","stooq_daily_close_logret","Close","diff(log(Close))","full","normal_heavytail",0,NA,NA,"failed",NA,FALSE,"more columns than column names","","V5_audit_ready",TRUE,"Pre-registered empirical profile gate: bounded/proportion by hint/domain; zero-inflated/count by hint/domain; normal_like when abs(skew)<=0.50 and excess_kurtosis<=1.00; heavy_tail_symmetric when abs(skew)<=1.00 and excess_kurtosis>3.00; lognormal_like when skew>1.00 with positive support; weibull_like when skew>0.50 with positive support; otherwise empirical_unknown.","profile_preregistered",TRUE,"paired bootstrap aligned to the same reported gain statistic",TRUE,"Benjamini-Hochberg FDR is computed at dataset level on external_dataset_level_decisions.csv for primary eligible in-regime rows only. Primary alpha=0.05; secondary sensitivity alpha=0.1.","01_results_basic contains compact final results; 02_reports contains generated report files; 03_audit_ready contains full provenance, decisions, oracle audit, and split CSVs; 98_discarded_nonfinal is reserved for obsolete or nonfinal byproducts; 99_recovery_logs contains downloads, checkpoints, temporary recovery outputs, and logs.",0.005,10,TRUE,TRUE
"UCI_wine_red_alcohol","UCI_wine_red_alcohol","primary_dataset",TRUE,TRUE,"selected","selected_by_preregistered_breadth_quota","UCI","lognormal_like","positive_skew_tabular","https://archive.ics.uci.edu/ml/machine-learning-databases/wine-quality/winequality-red.csv","2026-06-15 17:52:16 -0400","/home/alrier/Documents/Final_Results_15June2026/06_REALWORLD_EXTERNAL_BATTERY_40DATASETS/realworld_battery_40datasets_full_run/99_recovery_logs/downloads/UCI_wine_red_alcohol.csv","2daeecee174368f8a33b82c8cccae3a5","csv_semicolon","alcohol","raw","full","lognormal",1599,0.859214416825242,0.191658559940045,"strictly_positive",10.4229831144465,TRUE,NA,"","V5_audit_ready",TRUE,"Pre-registered empirical profile gate: bounded/proportion by hint/domain; zero-inflated/count by hint/domain; normal_like when abs(skew)<=0.50 and excess_kurtosis<=1.00; heavy_tail_symmetric when abs(skew)<=1.00 and excess_kurtosis>3.00; lognormal_like when skew>1.00 with positive support; weibull_like when skew>0.50 with positive support; otherwise empirical_unknown.","profile_preregistered",TRUE,"paired bootstrap aligned to the same reported gain statistic",TRUE,"Benjamini-Hochberg FDR is computed at dataset level on external_dataset_level_decisions.csv for primary eligible in-regime rows only. Primary alpha=0.05; secondary sensitivity alpha=0.1.","01_results_basic contains compact final results; 02_reports contains generated report files; 03_audit_ready contains full provenance, decisions, oracle audit, and split CSVs; 98_discarded_nonfinal is reserved for obsolete or nonfinal byproducts; 99_recovery_logs contains downloads, checkpoints, temporary recovery outputs, and logs.",0.005,10,TRUE,TRUE
"UCI_wine_red_residual_sugar","UCI_wine_red_residual_sugar","primary_dataset",TRUE,TRUE,"selected","selected_by_preregistered_breadth_quota","UCI","lognormal_like","positive_skew_tabular","https://archive.ics.uci.edu/ml/machine-learning-databases/wine-quality/winequality-red.csv","2026-06-15 18:00:54 -0400","/home/alrier/Documents/Final_Results_15June2026/06_REALWORLD_EXTERNAL_BATTERY_40DATASETS/realworld_battery_40datasets_full_run/99_recovery_logs/downloads/UCI_wine_red_residual_sugar.csv","2daeecee174368f8a33b82c8cccae3a5","csv_semicolon","residual.sugar","raw","full","lognormal",1599,4.53213992439673,28.4850199627432,"strictly_positive",2.53880550343965,TRUE,NA,"","V5_audit_ready",TRUE,"Pre-registered empirical profile gate: bounded/proportion by hint/domain; zero-inflated/count by hint/domain; normal_like when abs(skew)<=0.50 and excess_kurtosis<=1.00; heavy_tail_symmetric when abs(skew)<=1.00 and excess_kurtosis>3.00; lognormal_like when skew>1.00 with positive support; weibull_like when skew>0.50 with positive support; otherwise empirical_unknown.","profile_preregistered",TRUE,"paired bootstrap aligned to the same reported gain statistic",TRUE,"Benjamini-Hochberg FDR is computed at dataset level on external_dataset_level_decisions.csv for primary eligible in-regime rows only. Primary alpha=0.05; secondary sensitivity alpha=0.1.","01_results_basic contains compact final results; 02_reports contains generated report files; 03_audit_ready contains full provenance, decisions, oracle audit, and split CSVs; 98_discarded_nonfinal is reserved for obsolete or nonfinal byproducts; 99_recovery_logs contains downloads, checkpoints, temporary recovery outputs, and logs.",0.005,10,TRUE,TRUE
"UCI_wine_white_alcohol","UCI_wine_white_alcohol","primary_dataset",TRUE,TRUE,"selected","selected_by_preregistered_breadth_quota","UCI","lognormal_like","positive_skew_tabular","https://archive.ics.uci.edu/ml/machine-learning-databases/wine-quality/winequality-white.csv","2026-06-15 18:08:41 -0400","/home/alrier/Documents/Final_Results_15June2026/06_REALWORLD_EXTERNAL_BATTERY_40DATASETS/realworld_battery_40datasets_full_run/99_recovery_logs/downloads/UCI_wine_white_alcohol.csv","5d9ff0f7f716dace19e3ab4578775fd7","csv_semicolon","alcohol","raw","full","lognormal",4898,0.487043539360814,-0.699876798233513,"strictly_positive",10.5142670477746,TRUE,NA,"","V5_audit_ready",TRUE,"Pre-registered empirical profile gate: bounded/proportion by hint/domain; zero-inflated/count by hint/domain; normal_like when abs(skew)<=0.50 and excess_kurtosis<=1.00; heavy_tail_symmetric when abs(skew)<=1.00 and excess_kurtosis>3.00; lognormal_like when skew>1.00 with positive support; weibull_like when skew>0.50 with positive support; otherwise empirical_unknown.","profile_preregistered",TRUE,"paired bootstrap aligned to the same reported gain statistic",TRUE,"Benjamini-Hochberg FDR is computed at dataset level on external_dataset_level_decisions.csv for primary eligible in-regime rows only. Primary alpha=0.05; secondary sensitivity alpha=0.1.","01_results_basic contains compact final results; 02_reports contains generated report files; 03_audit_ready contains full provenance, decisions, oracle audit, and split CSVs; 98_discarded_nonfinal is reserved for obsolete or nonfinal byproducts; 99_recovery_logs contains downloads, checkpoints, temporary recovery outputs, and logs.",0.005,10,TRUE,TRUE
"UCI_wine_white_residual_sugar","UCI_wine_white_residual_sugar","primary_dataset",TRUE,TRUE,"selected","selected_by_preregistered_breadth_quota","UCI","lognormal_like","positive_skew_tabular","https://archive.ics.uci.edu/ml/machine-learning-databases/wine-quality/winequality-white.csv","2026-06-15 18:17:19 -0400","/home/alrier/Documents/Final_Results_15June2026/06_REALWORLD_EXTERNAL_BATTERY_40DATASETS/realworld_battery_40datasets_full_run/99_recovery_logs/downloads/UCI_wine_white_residual_sugar.csv","5d9ff0f7f716dace19e3ab4578775fd7","csv_semicolon","residual.sugar","raw","full","lognormal",4898,1.07643413178961,3.4624146909175,"strictly_positive",6.39141486320947,TRUE,NA,"","V5_audit_ready",TRUE,"Pre-registered empirical profile gate: bounded/proportion by hint/domain; zero-inflated/count by hint/domain; normal_like when abs(skew)<=0.50 and excess_kurtosis<=1.00; heavy_tail_symmetric when abs(skew)<=1.00 and excess_kurtosis>3.00; lognormal_like when skew>1.00 with positive support; weibull_like when skew>0.50 with positive support; otherwise empirical_unknown.","profile_preregistered",TRUE,"paired bootstrap aligned to the same reported gain statistic",TRUE,"Benjamini-Hochberg FDR is computed at dataset level on external_dataset_level_decisions.csv for primary eligible in-regime rows only. Primary alpha=0.05; secondary sensitivity alpha=0.1.","01_results_basic contains compact final results; 02_reports contains generated report files; 03_audit_ready contains full provenance, decisions, oracle audit, and split CSVs; 98_discarded_nonfinal is reserved for obsolete or nonfinal byproducts; 99_recovery_logs contains downloads, checkpoints, temporary recovery outputs, and logs.",0.005,10,TRUE,TRUE
"UCI_forestfires_log_area","UCI_forestfires_log_area","primary_dataset",TRUE,TRUE,"selected","selected_by_preregistered_breadth_quota","UCI","lognormal_like","environmental_extremes","https://archive.ics.uci.edu/ml/machine-learning-databases/forest-fires/forestfires.csv","2026-06-15 18:25:55 -0400","/home/alrier/Documents/Final_Results_15June2026/06_REALWORLD_EXTERNAL_BATTERY_40DATASETS/realworld_battery_40datasets_full_run/99_recovery_logs/downloads/UCI_forestfires_log_area.csv","6a3e45dc816f3123f544fbec94a01559","csv","area","log1p","full","lognormal",517,1.21078001224549,0.909795140854542,"contains_nonpositive",1.11102576529609,TRUE,NA,"","V5_audit_ready",TRUE,"Pre-registered empirical profile gate: bounded/proportion by hint/domain; zero-inflated/count by hint/domain; normal_like when abs(skew)<=0.50 and excess_kurtosis<=1.00; heavy_tail_symmetric when abs(skew)<=1.00 and excess_kurtosis>3.00; lognormal_like when skew>1.00 with positive support; weibull_like when skew>0.50 with positive support; otherwise empirical_unknown.","profile_preregistered",TRUE,"paired bootstrap aligned to the same reported gain statistic",TRUE,"Benjamini-Hochberg FDR is computed at dataset level on external_dataset_level_decisions.csv for primary eligible in-regime rows only. Primary alpha=0.05; secondary sensitivity alpha=0.1.","01_results_basic contains compact final results; 02_reports contains generated report files; 03_audit_ready contains full provenance, decisions, oracle audit, and split CSVs; 98_discarded_nonfinal is reserved for obsolete or nonfinal byproducts; 99_recovery_logs contains downloads, checkpoints, temporary recovery outputs, and logs.",0.005,10,TRUE,TRUE
"UCI_abalone_whole_weight","UCI_abalone_whole_weight","primary_dataset",TRUE,TRUE,"selected","selected_by_preregistered_breadth_quota","UCI","lognormal_like","biological_positive","https://archive.ics.uci.edu/ml/machine-learning-databases/abalone/abalone.data","2026-06-15 18:34:18 -0400","/home/alrier/Documents/Final_Results_15June2026/06_REALWORLD_EXTERNAL_BATTERY_40DATASETS/realworld_battery_40datasets_full_run/99_recovery_logs/downloads/UCI_abalone_whole_weight.data","a769fd0119787cac09158fe08971e480","abalone","whole_weight","raw","full","lognormal",4177,0.530577279685123,-0.0264755778080157,"strictly_positive",0.828742159444577,TRUE,NA,"","V5_audit_ready",TRUE,"Pre-registered empirical profile gate: bounded/proportion by hint/domain; zero-inflated/count by hint/domain; normal_like when abs(skew)<=0.50 and excess_kurtosis<=1.00; heavy_tail_symmetric when abs(skew)<=1.00 and excess_kurtosis>3.00; lognormal_like when skew>1.00 with positive support; weibull_like when skew>0.50 with positive support; otherwise empirical_unknown.","profile_preregistered",TRUE,"paired bootstrap aligned to the same reported gain statistic",TRUE,"Benjamini-Hochberg FDR is computed at dataset level on external_dataset_level_decisions.csv for primary eligible in-regime rows only. Primary alpha=0.05; secondary sensitivity alpha=0.1.","01_results_basic contains compact final results; 02_reports contains generated report files; 03_audit_ready contains full provenance, decisions, oracle audit, and split CSVs; 98_discarded_nonfinal is reserved for obsolete or nonfinal byproducts; 99_recovery_logs contains downloads, checkpoints, temporary recovery outputs, and logs.",0.005,10,TRUE,TRUE
"UCI_abalone_rings","UCI_abalone_rings","primary_dataset",TRUE,TRUE,"selected","selected_by_preregistered_breadth_quota","UCI","zero_inflated_count","duration_count","https://archive.ics.uci.edu/ml/machine-learning-databases/abalone/abalone.data","2026-06-15 18:43:11 -0400","/home/alrier/Documents/Final_Results_15June2026/06_REALWORLD_EXTERNAL_BATTERY_40DATASETS/realworld_battery_40datasets_full_run/99_recovery_logs/downloads/UCI_abalone_rings.data","a769fd0119787cac09158fe08971e480","abalone","rings","raw","full","weibull",4177,1.11330185711816,2.32391229030215,"strictly_positive",9.93368446253292,TRUE,NA,"","V5_audit_ready",TRUE,"Pre-registered empirical profile gate: bounded/proportion by hint/domain; zero-inflated/count by hint/domain; normal_like when abs(skew)<=0.50 and excess_kurtosis<=1.00; heavy_tail_symmetric when abs(skew)<=1.00 and excess_kurtosis>3.00; lognormal_like when skew>1.00 with positive support; weibull_like when skew>0.50 with positive support; otherwise empirical_unknown.","profile_preregistered",TRUE,"paired bootstrap aligned to the same reported gain statistic",TRUE,"Benjamini-Hochberg FDR is computed at dataset level on external_dataset_level_decisions.csv for primary eligible in-regime rows only. Primary alpha=0.05; secondary sensitivity alpha=0.1.","01_results_basic contains compact final results; 02_reports contains generated report files; 03_audit_ready contains full provenance, decisions, oracle audit, and split CSVs; 98_discarded_nonfinal is reserved for obsolete or nonfinal byproducts; 99_recovery_logs contains downloads, checkpoints, temporary recovery outputs, and logs.",0.005,10,TRUE,TRUE
"UCI_auto_mpg","UCI_auto_mpg","primary_dataset",TRUE,TRUE,"selected","selected_by_preregistered_breadth_quota","UCI","normal_like","engineering_efficiency","https://archive.ics.uci.edu/ml/machine-learning-databases/auto-mpg/auto-mpg.data","2026-06-15 18:43:12 -0400","/home/alrier/Documents/Final_Results_15June2026/06_REALWORLD_EXTERNAL_BATTERY_40DATASETS/realworld_battery_40datasets_full_run/99_recovery_logs/downloads/UCI_auto_mpg.data","b858f4580d0066c48e260dd3b96f1ed8","auto_mpg","mpg","raw","full","normal",398,0.453626891190432,-0.531874084109459,"strictly_positive",23.5145728643216,TRUE,NA,"","V5_audit_ready",TRUE,"Pre-registered empirical profile gate: bounded/proportion by hint/domain; zero-inflated/count by hint/domain; normal_like when abs(skew)<=0.50 and excess_kurtosis<=1.00; heavy_tail_symmetric when abs(skew)<=1.00 and excess_kurtosis>3.00; lognormal_like when skew>1.00 with positive support; weibull_like when skew>0.50 with positive support; otherwise empirical_unknown.","profile_preregistered",TRUE,"paired bootstrap aligned to the same reported gain statistic",TRUE,"Benjamini-Hochberg FDR is computed at dataset level on external_dataset_level_decisions.csv for primary eligible in-regime rows only. Primary alpha=0.05; secondary sensitivity alpha=0.1.","01_results_basic contains compact final results; 02_reports contains generated report files; 03_audit_ready contains full provenance, decisions, oracle audit, and split CSVs; 98_discarded_nonfinal is reserved for obsolete or nonfinal byproducts; 99_recovery_logs contains downloads, checkpoints, temporary recovery outputs, and logs.",0.005,10,TRUE,TRUE
"UCI_auto_horsepower","UCI_auto_horsepower","primary_dataset",TRUE,TRUE,"selected","selected_by_preregistered_breadth_quota","UCI","lognormal_like","engineering_positive","https://archive.ics.uci.edu/ml/machine-learning-databases/auto-mpg/auto-mpg.data","2026-06-15 18:51:26 -0400","/home/alrier/Documents/Final_Results_15June2026/06_REALWORLD_EXTERNAL_BATTERY_40DATASETS/realworld_battery_40datasets_full_run/99_recovery_logs/downloads/UCI_auto_horsepower.data","b858f4580d0066c48e260dd3b96f1ed8","auto_mpg","horsepower","raw","full","lognormal",392,1.07901905979226,0.654106899578502,"strictly_positive",104.469387755102,TRUE,NA,"","V5_audit_ready",TRUE,"Pre-registered empirical profile gate: bounded/proportion by hint/domain; zero-inflated/count by hint/domain; normal_like when abs(skew)<=0.50 and excess_kurtosis<=1.00; heavy_tail_symmetric when abs(skew)<=1.00 and excess_kurtosis>3.00; lognormal_like when skew>1.00 with positive support; weibull_like when skew>0.50 with positive support; otherwise empirical_unknown.","profile_preregistered",TRUE,"paired bootstrap aligned to the same reported gain statistic",TRUE,"Benjamini-Hochberg FDR is computed at dataset level on external_dataset_level_decisions.csv for primary eligible in-regime rows only. Primary alpha=0.05; secondary sensitivity alpha=0.1.","01_results_basic contains compact final results; 02_reports contains generated report files; 03_audit_ready contains full provenance, decisions, oracle audit, and split CSVs; 98_discarded_nonfinal is reserved for obsolete or nonfinal byproducts; 99_recovery_logs contains downloads, checkpoints, temporary recovery outputs, and logs.",0.005,10,TRUE,TRUE
"UCI_parkinsons_PPE","UCI_parkinsons_PPE","primary_dataset",TRUE,TRUE,"selected","selected_by_preregistered_breadth_quota","UCI","lognormal_like","biomedical_signal","https://archive.ics.uci.edu/ml/machine-learning-databases/parkinsons/parkinsons.data","2026-06-15 18:57:48 -0400","/home/alrier/Documents/Final_Results_15June2026/06_REALWORLD_EXTERNAL_BATTERY_40DATASETS/realworld_battery_40datasets_full_run/99_recovery_logs/downloads/UCI_parkinsons_PPE.data","d39150ece93cc717703cfa072d3219b2","csv","PPE","raw","full","lognormal",195,0.785263923854909,0.448628061892805,"strictly_positive",0.206551641025641,TRUE,NA,"","V5_audit_ready",TRUE,"Pre-registered empirical profile gate: bounded/proportion by hint/domain; zero-inflated/count by hint/domain; normal_like when abs(skew)<=0.50 and excess_kurtosis<=1.00; heavy_tail_symmetric when abs(skew)<=1.00 and excess_kurtosis>3.00; lognormal_like when skew>1.00 with positive support; weibull_like when skew>0.50 with positive support; otherwise empirical_unknown.","profile_preregistered",TRUE,"paired bootstrap aligned to the same reported gain statistic",TRUE,"Benjamini-Hochberg FDR is computed at dataset level on external_dataset_level_decisions.csv for primary eligible in-regime rows only. Primary alpha=0.05; secondary sensitivity alpha=0.1.","01_results_basic contains compact final results; 02_reports contains generated report files; 03_audit_ready contains full provenance, decisions, oracle audit, and split CSVs; 98_discarded_nonfinal is reserved for obsolete or nonfinal byproducts; 99_recovery_logs contains downloads, checkpoints, temporary recovery outputs, and logs.",0.005,10,TRUE,TRUE
"UCI_parkinsons_HNR","UCI_parkinsons_HNR","primary_dataset",TRUE,TRUE,"selected","selected_by_preregistered_breadth_quota","UCI","normal_like","biomedical_signal","https://archive.ics.uci.edu/ml/machine-learning-databases/parkinsons/parkinsons.data","2026-06-15 19:03:00 -0400","/home/alrier/Documents/Final_Results_15June2026/06_REALWORLD_EXTERNAL_BATTERY_40DATASETS/realworld_battery_40datasets_full_run/99_recovery_logs/downloads/UCI_parkinsons_HNR.data","d39150ece93cc717703cfa072d3219b2","csv","HNR","raw","full","normal",195,-0.506431972224499,0.533221944832534,"strictly_positive",21.8859743589744,TRUE,NA,"","V5_audit_ready",TRUE,"Pre-registered empirical profile gate: bounded/proportion by hint/domain; zero-inflated/count by hint/domain; normal_like when abs(skew)<=0.50 and excess_kurtosis<=1.00; heavy_tail_symmetric when abs(skew)<=1.00 and excess_kurtosis>3.00; lognormal_like when skew>1.00 with positive support; weibull_like when skew>0.50 with positive support; otherwise empirical_unknown.","profile_preregistered",TRUE,"paired bootstrap aligned to the same reported gain statistic",TRUE,"Benjamini-Hochberg FDR is computed at dataset level on external_dataset_level_decisions.csv for primary eligible in-regime rows only. Primary alpha=0.05; secondary sensitivity alpha=0.1.","01_results_basic contains compact final results; 02_reports contains generated report files; 03_audit_ready contains full provenance, decisions, oracle audit, and split CSVs; 98_discarded_nonfinal is reserved for obsolete or nonfinal byproducts; 99_recovery_logs contains downloads, checkpoints, temporary recovery outputs, and logs.",0.005,10,TRUE,TRUE
"UCI_bike_hour_count","UCI_bike_hour_count","primary_dataset",TRUE,TRUE,"selected","selected_by_preregistered_breadth_quota","UCI","lognormal_like","mobility_demand","https://archive.ics.uci.edu/ml/machine-learning-databases/00275/Bike-Sharing-Dataset.zip","2026-06-15 19:10:35 -0400","/home/alrier/Documents/Final_Results_15June2026/06_REALWORLD_EXTERNAL_BATTERY_40DATASETS/realworld_battery_40datasets_full_run/99_recovery_logs/downloads/UCI_bike_hour_count.zip","2e92088f4617dfee0ec48a6452a6375a","bike_zip_hour","cnt","raw","full","lognormal",17379,1.27719110269578,1.41594211793267,"strictly_positive",189.463087634501,TRUE,NA,"","V5_audit_ready",TRUE,"Pre-registered empirical profile gate: bounded/proportion by hint/domain; zero-inflated/count by hint/domain; normal_like when abs(skew)<=0.50 and excess_kurtosis<=1.00; heavy_tail_symmetric when abs(skew)<=1.00 and excess_kurtosis>3.00; lognormal_like when skew>1.00 with positive support; weibull_like when skew>0.50 with positive support; otherwise empirical_unknown.","profile_preregistered",TRUE,"paired bootstrap aligned to the same reported gain statistic",TRUE,"Benjamini-Hochberg FDR is computed at dataset level on external_dataset_level_decisions.csv for primary eligible in-regime rows only. Primary alpha=0.05; secondary sensitivity alpha=0.1.","01_results_basic contains compact final results; 02_reports contains generated report files; 03_audit_ready contains full provenance, decisions, oracle audit, and split CSVs; 98_discarded_nonfinal is reserved for obsolete or nonfinal byproducts; 99_recovery_logs contains downloads, checkpoints, temporary recovery outputs, and logs.",0.005,10,TRUE,TRUE
"UCI_bike_hour_casual","UCI_bike_hour_casual","primary_dataset",TRUE,TRUE,"selected","selected_by_preregistered_breadth_quota","UCI","lognormal_like","mobility_demand","https://archive.ics.uci.edu/ml/machine-learning-databases/00275/Bike-Sharing-Dataset.zip","2026-06-15 19:21:03 -0400","/home/alrier/Documents/Final_Results_15June2026/06_REALWORLD_EXTERNAL_BATTERY_40DATASETS/realworld_battery_40datasets_full_run/99_recovery_logs/downloads/UCI_bike_hour_casual.zip","2e92088f4617dfee0ec48a6452a6375a","bike_zip_hour","casual","raw","full","lognormal",17379,2.49880548428451,7.56726229381734,"contains_nonpositive",35.6762184245354,TRUE,NA,"","V5_audit_ready",TRUE,"Pre-registered empirical profile gate: bounded/proportion by hint/domain; zero-inflated/count by hint/domain; normal_like when abs(skew)<=0.50 and excess_kurtosis<=1.00; heavy_tail_symmetric when abs(skew)<=1.00 and excess_kurtosis>3.00; lognormal_like when skew>1.00 with positive support; weibull_like when skew>0.50 with positive support; otherwise empirical_unknown.","profile_preregistered",TRUE,"paired bootstrap aligned to the same reported gain statistic",TRUE,"Benjamini-Hochberg FDR is computed at dataset level on external_dataset_level_decisions.csv for primary eligible in-regime rows only. Primary alpha=0.05; secondary sensitivity alpha=0.1.","01_results_basic contains compact final results; 02_reports contains generated report files; 03_audit_ready contains full provenance, decisions, oracle audit, and split CSVs; 98_discarded_nonfinal is reserved for obsolete or nonfinal byproducts; 99_recovery_logs contains downloads, checkpoints, temporary recovery outputs, and logs.",0.005,10,TRUE,TRUE
"UCI_bike_hour_registered","UCI_bike_hour_registered","primary_dataset",TRUE,TRUE,"selected","selected_by_preregistered_breadth_quota","UCI","lognormal_like","mobility_demand","https://archive.ics.uci.edu/ml/machine-learning-databases/00275/Bike-Sharing-Dataset.zip","2026-06-15 19:30:18 -0400","/home/alrier/Documents/Final_Results_15June2026/06_REALWORLD_EXTERNAL_BATTERY_40DATASETS/realworld_battery_40datasets_full_run/99_recovery_logs/downloads/UCI_bike_hour_registered.zip","2e92088f4617dfee0ec48a6452a6375a","bike_zip_hour","registered","raw","full","lognormal",17379,1.55763530721832,2.74821983605464,"contains_nonpositive",153.786869209966,TRUE,NA,"","V5_audit_ready",TRUE,"Pre-registered empirical profile gate: bounded/proportion by hint/domain; zero-inflated/count by hint/domain; normal_like when abs(skew)<=0.50 and excess_kurtosis<=1.00; heavy_tail_symmetric when abs(skew)<=1.00 and excess_kurtosis>3.00; lognormal_like when skew>1.00 with positive support; weibull_like when skew>0.50 with positive support; otherwise empirical_unknown.","profile_preregistered",TRUE,"paired bootstrap aligned to the same reported gain statistic",TRUE,"Benjamini-Hochberg FDR is computed at dataset level on external_dataset_level_decisions.csv for primary eligible in-regime rows only. Primary alpha=0.05; secondary sensitivity alpha=0.1.","01_results_basic contains compact final results; 02_reports contains generated report files; 03_audit_ready contains full provenance, decisions, oracle audit, and split CSVs; 98_discarded_nonfinal is reserved for obsolete or nonfinal byproducts; 99_recovery_logs contains downloads, checkpoints, temporary recovery outputs, and logs.",0.005,10,TRUE,TRUE
"UCI_online_news_log_shares","UCI_online_news_log_shares","primary_dataset",TRUE,TRUE,"selected","selected_by_preregistered_breadth_quota","UCI","lognormal_like","web_popularity","https://archive.ics.uci.edu/ml/machine-learning-databases/00332/OnlineNewsPopularity.zip","2026-06-15 19:41:12 -0400","/home/alrier/Documents/Final_Results_15June2026/06_REALWORLD_EXTERNAL_BATTERY_40DATASETS/realworld_battery_40datasets_full_run/99_recovery_logs/downloads/UCI_online_news_log_shares.zip","9435b6e9b7884da49406764d6307a0f2","online_news_zip","shares","log1p","full","lognormal",39644,1.02639933070567,2.38374724331086,"strictly_positive",7.47569154065089,TRUE,NA,"","V5_audit_ready",TRUE,"Pre-registered empirical profile gate: bounded/proportion by hint/domain; zero-inflated/count by hint/domain; normal_like when abs(skew)<=0.50 and excess_kurtosis<=1.00; heavy_tail_symmetric when abs(skew)<=1.00 and excess_kurtosis>3.00; lognormal_like when skew>1.00 with positive support; weibull_like when skew>0.50 with positive support; otherwise empirical_unknown.","profile_preregistered",TRUE,"paired bootstrap aligned to the same reported gain statistic",TRUE,"Benjamini-Hochberg FDR is computed at dataset level on external_dataset_level_decisions.csv for primary eligible in-regime rows only. Primary alpha=0.05; secondary sensitivity alpha=0.1.","01_results_basic contains compact final results; 02_reports contains generated report files; 03_audit_ready contains full provenance, decisions, oracle audit, and split CSVs; 98_discarded_nonfinal is reserved for obsolete or nonfinal byproducts; 99_recovery_logs contains downloads, checkpoints, temporary recovery outputs, and logs.",0.005,10,TRUE,TRUE
"UCI_online_news_tokens","UCI_online_news_tokens","primary_dataset",TRUE,TRUE,"selected","selected_by_preregistered_breadth_quota","UCI","lognormal_like","web_popularity","https://archive.ics.uci.edu/ml/machine-learning-databases/00332/OnlineNewsPopularity.zip","2026-06-15 19:53:12 -0400","/home/alrier/Documents/Final_Results_15June2026/06_REALWORLD_EXTERNAL_BATTERY_40DATASETS/realworld_battery_40datasets_full_run/99_recovery_logs/downloads/UCI_online_news_tokens.zip","9435b6e9b7884da49406764d6307a0f2","online_news_zip","n_tokens_content","raw","full","lognormal",39644,2.94519905216521,19.4746698327853,"contains_nonpositive",546.514731106851,TRUE,NA,"","V5_audit_ready",TRUE,"Pre-registered empirical profile gate: bounded/proportion by hint/domain; zero-inflated/count by hint/domain; normal_like when abs(skew)<=0.50 and excess_kurtosis<=1.00; heavy_tail_symmetric when abs(skew)<=1.00 and excess_kurtosis>3.00; lognormal_like when skew>1.00 with positive support; weibull_like when skew>0.50 with positive support; otherwise empirical_unknown.","profile_preregistered",TRUE,"paired bootstrap aligned to the same reported gain statistic",TRUE,"Benjamini-Hochberg FDR is computed at dataset level on external_dataset_level_decisions.csv for primary eligible in-regime rows only. Primary alpha=0.05; secondary sensitivity alpha=0.1.","01_results_basic contains compact final results; 02_reports contains generated report files; 03_audit_ready contains full provenance, decisions, oracle audit, and split CSVs; 98_discarded_nonfinal is reserved for obsolete or nonfinal byproducts; 99_recovery_logs contains downloads, checkpoints, temporary recovery outputs, and logs.",0.005,10,TRUE,TRUE
"UCI_airquality_CO","UCI_airquality_CO","primary_dataset",FALSE,FALSE,"load_failed","n_lt_30","UCI","load_failed","air_quality","https://archive.ics.uci.edu/ml/machine-learning-databases/00360/AirQualityUCI.zip","2026-06-15 20:04:08 -0400","/home/alrier/Documents/Final_Results_15June2026/06_REALWORLD_EXTERNAL_BATTERY_40DATASETS/realworld_battery_40datasets_full_run/99_recovery_logs/downloads/UCI_airquality_CO.zip","2abcb4e334d2bee9be4a5c34723c6705","airquality_zip","CO.GT","raw","full","lognormal",0,NA,NA,"failed",NA,FALSE,"n_lt_30","","V5_audit_ready",TRUE,"Pre-registered empirical profile gate: bounded/proportion by hint/domain; zero-inflated/count by hint/domain; normal_like when abs(skew)<=0.50 and excess_kurtosis<=1.00; heavy_tail_symmetric when abs(skew)<=1.00 and excess_kurtosis>3.00; lognormal_like when skew>1.00 with positive support; weibull_like when skew>0.50 with positive support; otherwise empirical_unknown.","profile_preregistered",TRUE,"paired bootstrap aligned to the same reported gain statistic",TRUE,"Benjamini-Hochberg FDR is computed at dataset level on external_dataset_level_decisions.csv for primary eligible in-regime rows only. Primary alpha=0.05; secondary sensitivity alpha=0.1.","01_results_basic contains compact final results; 02_reports contains generated report files; 03_audit_ready contains full provenance, decisions, oracle audit, and split CSVs; 98_discarded_nonfinal is reserved for obsolete or nonfinal byproducts; 99_recovery_logs contains downloads, checkpoints, temporary recovery outputs, and logs.",0.005,10,TRUE,TRUE
"UCI_airquality_NOx","UCI_airquality_NOx","primary_dataset",FALSE,FALSE,"load_failed","n_lt_30","UCI","load_failed","air_quality","https://archive.ics.uci.edu/ml/machine-learning-databases/00360/AirQualityUCI.zip","2026-06-15 20:04:10 -0400","/home/alrier/Documents/Final_Results_15June2026/06_REALWORLD_EXTERNAL_BATTERY_40DATASETS/realworld_battery_40datasets_full_run/99_recovery_logs/downloads/UCI_airquality_NOx.zip","2abcb4e334d2bee9be4a5c34723c6705","airquality_zip","NOx.GT","raw","full","lognormal",0,NA,NA,"failed",NA,FALSE,"n_lt_30","","V5_audit_ready",TRUE,"Pre-registered empirical profile gate: bounded/proportion by hint/domain; zero-inflated/count by hint/domain; normal_like when abs(skew)<=0.50 and excess_kurtosis<=1.00; heavy_tail_symmetric when abs(skew)<=1.00 and excess_kurtosis>3.00; lognormal_like when skew>1.00 with positive support; weibull_like when skew>0.50 with positive support; otherwise empirical_unknown.","profile_preregistered",TRUE,"paired bootstrap aligned to the same reported gain statistic",TRUE,"Benjamini-Hochberg FDR is computed at dataset level on external_dataset_level_decisions.csv for primary eligible in-regime rows only. Primary alpha=0.05; secondary sensitivity alpha=0.1.","01_results_basic contains compact final results; 02_reports contains generated report files; 03_audit_ready contains full provenance, decisions, oracle audit, and split CSVs; 98_discarded_nonfinal is reserved for obsolete or nonfinal byproducts; 99_recovery_logs contains downloads, checkpoints, temporary recovery outputs, and logs.",0.005,10,TRUE,TRUE
"UCI_student_math_G3","UCI_student_math_G3","primary_dataset",TRUE,TRUE,"selected","selected_by_preregistered_breadth_quota","UCI","normal_like","education_scores","https://archive.ics.uci.edu/ml/machine-learning-databases/00320/student.zip","2026-06-15 20:04:12 -0400","/home/alrier/Documents/Final_Results_15June2026/06_REALWORLD_EXTERNAL_BATTERY_40DATASETS/realworld_battery_40datasets_full_run/99_recovery_logs/downloads/UCI_student_math_G3.zip","cbb2b0deb4c00e8edda91dd43c2a793f","student_zip_math","G3","raw","full","normal",395,-0.72711714462485,0.366072426458909,"contains_nonpositive",10.4151898734177,TRUE,NA,"","V5_audit_ready",TRUE,"Pre-registered empirical profile gate: bounded/proportion by hint/domain; zero-inflated/count by hint/domain; normal_like when abs(skew)<=0.50 and excess_kurtosis<=1.00; heavy_tail_symmetric when abs(skew)<=1.00 and excess_kurtosis>3.00; lognormal_like when skew>1.00 with positive support; weibull_like when skew>0.50 with positive support; otherwise empirical_unknown.","profile_preregistered",TRUE,"paired bootstrap aligned to the same reported gain statistic",TRUE,"Benjamini-Hochberg FDR is computed at dataset level on external_dataset_level_decisions.csv for primary eligible in-regime rows only. Primary alpha=0.05; secondary sensitivity alpha=0.1.","01_results_basic contains compact final results; 02_reports contains generated report files; 03_audit_ready contains full provenance, decisions, oracle audit, and split CSVs; 98_discarded_nonfinal is reserved for obsolete or nonfinal byproducts; 99_recovery_logs contains downloads, checkpoints, temporary recovery outputs, and logs.",0.005,10,TRUE,TRUE
"UCI_student_math_absences","UCI_student_math_absences","primary_dataset",TRUE,TRUE,"selected","selected_by_preregistered_breadth_quota","UCI","zero_inflated_count","education_counts","https://archive.ics.uci.edu/ml/machine-learning-databases/00320/student.zip","2026-06-15 20:09:06 -0400","/home/alrier/Documents/Final_Results_15June2026/06_REALWORLD_EXTERNAL_BATTERY_40DATASETS/realworld_battery_40datasets_full_run/99_recovery_logs/downloads/UCI_student_math_absences.zip","cbb2b0deb4c00e8edda91dd43c2a793f","student_zip_math","absences","raw","full","lognormal",395,3.64374060470814,21.3065050684386,"contains_nonpositive",5.70886075949367,TRUE,NA,"","V5_audit_ready",TRUE,"Pre-registered empirical profile gate: bounded/proportion by hint/domain; zero-inflated/count by hint/domain; normal_like when abs(skew)<=0.50 and excess_kurtosis<=1.00; heavy_tail_symmetric when abs(skew)<=1.00 and excess_kurtosis>3.00; lognormal_like when skew>1.00 with positive support; weibull_like when skew>0.50 with positive support; otherwise empirical_unknown.","profile_preregistered",TRUE,"paired bootstrap aligned to the same reported gain statistic",TRUE,"Benjamini-Hochberg FDR is computed at dataset level on external_dataset_level_decisions.csv for primary eligible in-regime rows only. Primary alpha=0.05; secondary sensitivity alpha=0.1.","01_results_basic contains compact final results; 02_reports contains generated report files; 03_audit_ready contains full provenance, decisions, oracle audit, and split CSVs; 98_discarded_nonfinal is reserved for obsolete or nonfinal byproducts; 99_recovery_logs contains downloads, checkpoints, temporary recovery outputs, and logs.",0.005,10,TRUE,TRUE
"UCI_student_por_G3","UCI_student_por_G3","primary_dataset",TRUE,TRUE,"selected","selected_by_preregistered_breadth_quota","UCI","normal_like","education_scores","https://archive.ics.uci.edu/ml/machine-learning-databases/00320/student.zip","2026-06-15 20:09:07 -0400","/home/alrier/Documents/Final_Results_15June2026/06_REALWORLD_EXTERNAL_BATTERY_40DATASETS/realworld_battery_40datasets_full_run/99_recovery_logs/downloads/UCI_student_por_G3.zip","cbb2b0deb4c00e8edda91dd43c2a793f","student_zip_por","G3","raw","full","normal",649,-0.908693769532111,2.66462641304518,"contains_nonpositive",11.9060092449923,TRUE,NA,"","V5_audit_ready",TRUE,"Pre-registered empirical profile gate: bounded/proportion by hint/domain; zero-inflated/count by hint/domain; normal_like when abs(skew)<=0.50 and excess_kurtosis<=1.00; heavy_tail_symmetric when abs(skew)<=1.00 and excess_kurtosis>3.00; lognormal_like when skew>1.00 with positive support; weibull_like when skew>0.50 with positive support; otherwise empirical_unknown.","profile_preregistered",TRUE,"paired bootstrap aligned to the same reported gain statistic",TRUE,"Benjamini-Hochberg FDR is computed at dataset level on external_dataset_level_decisions.csv for primary eligible in-regime rows only. Primary alpha=0.05; secondary sensitivity alpha=0.1.","01_results_basic contains compact final results; 02_reports contains generated report files; 03_audit_ready contains full provenance, decisions, oracle audit, and split CSVs; 98_discarded_nonfinal is reserved for obsolete or nonfinal byproducts; 99_recovery_logs contains downloads, checkpoints, temporary recovery outputs, and logs.",0.005,10,TRUE,TRUE
"UCI_student_por_absences","UCI_student_por_absences","primary_dataset",TRUE,TRUE,"selected","selected_by_preregistered_breadth_quota","UCI","zero_inflated_count","education_counts","https://archive.ics.uci.edu/ml/machine-learning-databases/00320/student.zip","2026-06-15 20:13:27 -0400","/home/alrier/Documents/Final_Results_15June2026/06_REALWORLD_EXTERNAL_BATTERY_40DATASETS/realworld_battery_40datasets_full_run/99_recovery_logs/downloads/UCI_student_por_absences.zip","cbb2b0deb4c00e8edda91dd43c2a793f","student_zip_por","absences","raw","full","lognormal",649,2.01136265006517,5.70053028365382,"contains_nonpositive",3.65947611710324,TRUE,NA,"","V5_audit_ready",TRUE,"Pre-registered empirical profile gate: bounded/proportion by hint/domain; zero-inflated/count by hint/domain; normal_like when abs(skew)<=0.50 and excess_kurtosis<=1.00; heavy_tail_symmetric when abs(skew)<=1.00 and excess_kurtosis>3.00; lognormal_like when skew>1.00 with positive support; weibull_like when skew>0.50 with positive support; otherwise empirical_unknown.","profile_preregistered",TRUE,"paired bootstrap aligned to the same reported gain statistic",TRUE,"Benjamini-Hochberg FDR is computed at dataset level on external_dataset_level_decisions.csv for primary eligible in-regime rows only. Primary alpha=0.05; secondary sensitivity alpha=0.1.","01_results_basic contains compact final results; 02_reports contains generated report files; 03_audit_ready contains full provenance, decisions, oracle audit, and split CSVs; 98_discarded_nonfinal is reserved for obsolete or nonfinal byproducts; 99_recovery_logs contains downloads, checkpoints, temporary recovery outputs, and logs.",0.005,10,TRUE,TRUE
"RD_admiral_admiral_adlb_auto","RD_admiral_admiral_adlb_auto","primary_dataset",TRUE,TRUE,"selected","selected_by_preregistered_breadth_quota","Rdatasets","lognormal_like","rdatasets_admiral","https://vincentarelbundock.github.io/Rdatasets/csv/admiral/admiral_adlb.csv","2026-06-15 20:13:28 -0400","/home/alrier/Documents/Final_Results_15June2026/06_REALWORLD_EXTERNAL_BATTERY_40DATASETS/realworld_battery_40datasets_full_run/99_recovery_logs/downloads/RD_admiral_admiral_adlb_auto.csv","de1f21feadb46c16955b45f8cd2998e1","rdatasets_auto_numeric","R2BASE","raw_auto_numeric","auto_numeric_column; rdatasets_rows=330; rdatasets_n_numeric=25","empirical_public",330,5.31613188894351,34.1794278411127,"strictly_positive",1.32679393376274,TRUE,NA,"Rdatasets public catalog: admiral admiral_adlb - Lab Analysis Dataset ; doc=https://vincentarelbundock.github.io/Rdatasets/doc/admiral/admiral_adlb.html","V5_audit_ready",TRUE,"Pre-registered empirical profile gate: bounded/proportion by hint/domain; zero-inflated/count by hint/domain; normal_like when abs(skew)<=0.50 and excess_kurtosis<=1.00; heavy_tail_symmetric when abs(skew)<=1.00 and excess_kurtosis>3.00; lognormal_like when skew>1.00 with positive support; weibull_like when skew>0.50 with positive support; otherwise empirical_unknown.","profile_preregistered",TRUE,"paired bootstrap aligned to the same reported gain statistic",TRUE,"Benjamini-Hochberg FDR is computed at dataset level on external_dataset_level_decisions.csv for primary eligible in-regime rows only. Primary alpha=0.05; secondary sensitivity alpha=0.1.","01_results_basic contains compact final results; 02_reports contains generated report files; 03_audit_ready contains full provenance, decisions, oracle audit, and split CSVs; 98_discarded_nonfinal is reserved for obsolete or nonfinal byproducts; 99_recovery_logs contains downloads, checkpoints, temporary recovery outputs, and logs.",0.005,10,TRUE,TRUE
"RD_AER_Fertility_auto","RD_AER_Fertility_auto","primary_dataset",TRUE,TRUE,"selected","selected_by_preregistered_breadth_quota","Rdatasets","normal_like","rdatasets_AER","https://vincentarelbundock.github.io/Rdatasets/csv/AER/Fertility.csv","2026-06-15 20:20:33 -0400","/home/alrier/Documents/Final_Results_15June2026/06_REALWORLD_EXTERNAL_BATTERY_40DATASETS/realworld_battery_40datasets_full_run/99_recovery_logs/downloads/RD_AER_Fertility_auto.csv","d9e72f4695ccfc82d4b91668659ea454","rdatasets_auto_numeric","work","raw_auto_numeric","auto_numeric_column; rdatasets_rows=254654; rdatasets_n_numeric=2","empirical_public",254654,0.536065389610109,-1.47568824961504,"contains_nonpositive",19.0183346815679,TRUE,NA,"Rdatasets public catalog: AER Fertility - Fertility and Women's Labor Supply ; doc=https://vincentarelbundock.github.io/Rdatasets/doc/AER/Fertility.html","V5_audit_ready",TRUE,"Pre-registered empirical profile gate: bounded/proportion by hint/domain; zero-inflated/count by hint/domain; normal_like when abs(skew)<=0.50 and excess_kurtosis<=1.00; heavy_tail_symmetric when abs(skew)<=1.00 and excess_kurtosis>3.00; lognormal_like when skew>1.00 with positive support; weibull_like when skew>0.50 with positive support; otherwise empirical_unknown.","profile_preregistered",TRUE,"paired bootstrap aligned to the same reported gain statistic",TRUE,"Benjamini-Hochberg FDR is computed at dataset level on external_dataset_level_decisions.csv for primary eligible in-regime rows only. Primary alpha=0.05; secondary sensitivity alpha=0.1.","01_results_basic contains compact final results; 02_reports contains generated report files; 03_audit_ready contains full provenance, decisions, oracle audit, and split CSVs; 98_discarded_nonfinal is reserved for obsolete or nonfinal byproducts; 99_recovery_logs contains downloads, checkpoints, temporary recovery outputs, and logs.",0.005,10,TRUE,TRUE
"RD_agridat_lee.potatoblight_auto","RD_agridat_lee.potatoblight_auto","primary_dataset",TRUE,TRUE,"selected","selected_by_preregistered_breadth_quota","Rdatasets","normal_like","rdatasets_agridat","https://vincentarelbundock.github.io/Rdatasets/csv/agridat/lee.potatoblight.csv","2026-06-15 20:57:26 -0400","/home/alrier/Documents/Final_Results_15June2026/06_REALWORLD_EXTERNAL_BATTERY_40DATASETS/realworld_battery_40datasets_full_run/99_recovery_logs/downloads/RD_agridat_lee.potatoblight_auto.csv","d50bdee3ff578b4708938e5efd8d3b85","rdatasets_auto_numeric","gen","raw_auto_numeric","auto_numeric_column; rdatasets_rows=14570; rdatasets_n_numeric=5","empirical_public",6371,0.252429772170065,-1.32009353776397,"strictly_positive",1953.72694867368,TRUE,NA,"Rdatasets public catalog: agridat lee.potatoblight - Repeated measurements of resistance to potato blight ; doc=https://vincentarelbundock.github.io/Rdatasets/doc/agridat/lee.potatoblight.html","V5_audit_ready",TRUE,"Pre-registered empirical profile gate: bounded/proportion by hint/domain; zero-inflated/count by hint/domain; normal_like when abs(skew)<=0.50 and excess_kurtosis<=1.00; heavy_tail_symmetric when abs(skew)<=1.00 and excess_kurtosis>3.00; lognormal_like when skew>1.00 with positive support; weibull_like when skew>0.50 with positive support; otherwise empirical_unknown.","profile_preregistered",TRUE,"paired bootstrap aligned to the same reported gain statistic",TRUE,"Benjamini-Hochberg FDR is computed at dataset level on external_dataset_level_decisions.csv for primary eligible in-regime rows only. Primary alpha=0.05; secondary sensitivity alpha=0.1.","01_results_basic contains compact final results; 02_reports contains generated report files; 03_audit_ready contains full provenance, decisions, oracle audit, and split CSVs; 98_discarded_nonfinal is reserved for obsolete or nonfinal byproducts; 99_recovery_logs contains downloads, checkpoints, temporary recovery outputs, and logs.",0.005,10,TRUE,TRUE
"RD_alone_loadouts_auto","RD_alone_loadouts_auto","primary_dataset",TRUE,TRUE,"selected","selected_by_preregistered_breadth_quota","Rdatasets","normal_like","rdatasets_alone","https://vincentarelbundock.github.io/Rdatasets/csv/alone/loadouts.csv","2026-06-15 21:06:14 -0400","/home/alrier/Documents/Final_Results_15June2026/06_REALWORLD_EXTERNAL_BATTERY_40DATASETS/realworld_battery_40datasets_full_run/99_recovery_logs/downloads/RD_alone_loadouts_auto.csv","b057cb3228df5a0001df6ac058a24582","rdatasets_auto_numeric","season","raw_auto_numeric","auto_numeric_column; rdatasets_rows=1240; rdatasets_n_numeric=2","empirical_public",1240,0.05804028753451,-1.20972829002443,"strictly_positive",6.41935483870968,TRUE,NA,"Rdatasets public catalog: alone loadouts - Loadouts ; doc=https://vincentarelbundock.github.io/Rdatasets/doc/alone/loadouts.html","V5_audit_ready",TRUE,"Pre-registered empirical profile gate: bounded/proportion by hint/domain; zero-inflated/count by hint/domain; normal_like when abs(skew)<=0.50 and excess_kurtosis<=1.00; heavy_tail_symmetric when abs(skew)<=1.00 and excess_kurtosis>3.00; lognormal_like when skew>1.00 with positive support; weibull_like when skew>0.50 with positive support; otherwise empirical_unknown.","profile_preregistered",TRUE,"paired bootstrap aligned to the same reported gain statistic",TRUE,"Benjamini-Hochberg FDR is computed at dataset level on external_dataset_level_decisions.csv for primary eligible in-regime rows only. Primary alpha=0.05; secondary sensitivity alpha=0.1.","01_results_basic contains compact final results; 02_reports contains generated report files; 03_audit_ready contains full provenance, decisions, oracle audit, and split CSVs; 98_discarded_nonfinal is reserved for obsolete or nonfinal byproducts; 99_recovery_logs contains downloads, checkpoints, temporary recovery outputs, and logs.",0.005,10,TRUE,TRUE
"RD_archdata_Handaxes_auto","RD_archdata_Handaxes_auto","primary_dataset",TRUE,TRUE,"selected","selected_by_preregistered_breadth_quota","Rdatasets","lognormal_like","rdatasets_archdata","https://vincentarelbundock.github.io/Rdatasets/csv/archdata/Handaxes.csv","2026-06-15 21:15:13 -0400","/home/alrier/Documents/Final_Results_15June2026/06_REALWORLD_EXTERNAL_BATTERY_40DATASETS/realworld_battery_40datasets_full_run/99_recovery_logs/downloads/RD_archdata_Handaxes_auto.csv","c7bc09ae20a91c8bd059fab82cf92a5c","rdatasets_auto_numeric","L1","raw_auto_numeric","auto_numeric_column; rdatasets_rows=600; rdatasets_n_numeric=7","empirical_public",600,1.2760933488161,3.64246464222571,"strictly_positive",41.64,TRUE,NA,"Rdatasets public catalog: archdata Handaxes - Lower Paleolithic handaxes from Furze Platt, Maidenhead, Berkshire, England ; doc=https://vincentarelbundock.github.io/Rdatasets/doc/archdata/Handaxes.html","V5_audit_ready",TRUE,"Pre-registered empirical profile gate: bounded/proportion by hint/domain; zero-inflated/count by hint/domain; normal_like when abs(skew)<=0.50 and excess_kurtosis<=1.00; heavy_tail_symmetric when abs(skew)<=1.00 and excess_kurtosis>3.00; lognormal_like when skew>1.00 with positive support; weibull_like when skew>0.50 with positive support; otherwise empirical_unknown.","profile_preregistered",TRUE,"paired bootstrap aligned to the same reported gain statistic",TRUE,"Benjamini-Hochberg FDR is computed at dataset level on external_dataset_level_decisions.csv for primary eligible in-regime rows only. Primary alpha=0.05; secondary sensitivity alpha=0.1.","01_results_basic contains compact final results; 02_reports contains generated report files; 03_audit_ready contains full provenance, decisions, oracle audit, and split CSVs; 98_discarded_nonfinal is reserved for obsolete or nonfinal byproducts; 99_recovery_logs contains downloads, checkpoints, temporary recovery outputs, and logs.",0.005,10,TRUE,TRUE
"RD_asaur_prostateSurvival_auto","RD_asaur_prostateSurvival_auto","primary_dataset",TRUE,TRUE,"selected","selected_by_preregistered_breadth_quota","Rdatasets","weibull_like","rdatasets_asaur","https://vincentarelbundock.github.io/Rdatasets/csv/asaur/prostateSurvival.csv","2026-06-15 21:22:15 -0400","/home/alrier/Documents/Final_Results_15June2026/06_REALWORLD_EXTERNAL_BATTERY_40DATASETS/realworld_battery_40datasets_full_run/99_recovery_logs/downloads/RD_asaur_prostateSurvival_auto.csv","377a7622788c60511f34a2f829cf58e6","rdatasets_auto_numeric","survTime","raw_auto_numeric","auto_numeric_column; rdatasets_rows=14294; rdatasets_n_numeric=2","empirical_public",14294,0.743148607042646,-0.492961391073237,"contains_nonpositive",38.9638309780327,TRUE,NA,"Rdatasets public catalog: asaur prostateSurvival - prostateSurvival ; doc=https://vincentarelbundock.github.io/Rdatasets/doc/asaur/prostateSurvival.html","V5_audit_ready",TRUE,"Pre-registered empirical profile gate: bounded/proportion by hint/domain; zero-inflated/count by hint/domain; normal_like when abs(skew)<=0.50 and excess_kurtosis<=1.00; heavy_tail_symmetric when abs(skew)<=1.00 and excess_kurtosis>3.00; lognormal_like when skew>1.00 with positive support; weibull_like when skew>0.50 with positive support; otherwise empirical_unknown.","profile_preregistered",TRUE,"paired bootstrap aligned to the same reported gain statistic",TRUE,"Benjamini-Hochberg FDR is computed at dataset level on external_dataset_level_decisions.csv for primary eligible in-regime rows only. Primary alpha=0.05; secondary sensitivity alpha=0.1.","01_results_basic contains compact final results; 02_reports contains generated report files; 03_audit_ready contains full provenance, decisions, oracle audit, and split CSVs; 98_discarded_nonfinal is reserved for obsolete or nonfinal byproducts; 99_recovery_logs contains downloads, checkpoints, temporary recovery outputs, and logs.",0.005,10,TRUE,TRUE
"RD_bakeoff_challenges_data__auto","RD_bakeoff_challenges_data__auto","primary_dataset",TRUE,TRUE,"selected","selected_by_preregistered_breadth_quota","Rdatasets","normal_like","rdatasets_bakeoff","https://vincentarelbundock.github.io/Rdatasets/csv/bakeoff/challenges.csv","2026-06-15 21:33:57 -0400","/home/alrier/Documents/Final_Results_15June2026/06_REALWORLD_EXTERNAL_BATTERY_40DATASETS/realworld_battery_40datasets_full_run/99_recovery_logs/downloads/RD_bakeoff_challenges_data__auto.csv","df788c157e98b48b13ea295e0034a929","rdatasets_auto_numeric","technical","raw_auto_numeric","auto_numeric_column; rdatasets_rows=1136; rdatasets_n_numeric=3","empirical_public",696,0.567161972056993,-0.595769963004463,"strictly_positive",4.8433908045977,TRUE,NA,"Rdatasets public catalog: bakeoff challenges (data) - Challenges ; doc=https://vincentarelbundock.github.io/Rdatasets/doc/bakeoff/challenges.html","V5_audit_ready",TRUE,"Pre-registered empirical profile gate: bounded/proportion by hint/domain; zero-inflated/count by hint/domain; normal_like when abs(skew)<=0.50 and excess_kurtosis<=1.00; heavy_tail_symmetric when abs(skew)<=1.00 and excess_kurtosis>3.00; lognormal_like when skew>1.00 with positive support; weibull_like when skew>0.50 with positive support; otherwise empirical_unknown.","profile_preregistered",TRUE,"paired bootstrap aligned to the same reported gain statistic",TRUE,"Benjamini-Hochberg FDR is computed at dataset level on external_dataset_level_decisions.csv for primary eligible in-regime rows only. Primary alpha=0.05; secondary sensitivity alpha=0.1.","01_results_basic contains compact final results; 02_reports contains generated report files; 03_audit_ready contains full provenance, decisions, oracle audit, and split CSVs; 98_discarded_nonfinal is reserved for obsolete or nonfinal byproducts; 99_recovery_logs contains downloads, checkpoints, temporary recovery outputs, and logs.",0.005,10,TRUE,TRUE
"RD_bayesrules_bird_counts_auto","RD_bayesrules_bird_counts_auto","primary_dataset",TRUE,TRUE,"selected","selected_by_preregistered_breadth_quota","Rdatasets","lognormal_like","rdatasets_bayesrules","https://vincentarelbundock.github.io/Rdatasets/csv/bayesrules/bird_counts.csv","2026-06-15 21:39:38 -0400","/home/alrier/Documents/Final_Results_15June2026/06_REALWORLD_EXTERNAL_BATTERY_40DATASETS/realworld_battery_40datasets_full_run/99_recovery_logs/downloads/RD_bayesrules_bird_counts_auto.csv","2a72e801dbeecbfadb5a9ea6cd48224e","rdatasets_auto_numeric","count","raw_auto_numeric","auto_numeric_column; rdatasets_rows=18706; rdatasets_n_numeric=5","empirical_public",18706,24.8396131124294,753.087475499987,"contains_nonpositive",193.510959050572,TRUE,NA,"Rdatasets public catalog: bayesrules bird_counts - Bird Counts Data ; doc=https://vincentarelbundock.github.io/Rdatasets/doc/bayesrules/bird_counts.html","V5_audit_ready",TRUE,"Pre-registered empirical profile gate: bounded/proportion by hint/domain; zero-inflated/count by hint/domain; normal_like when abs(skew)<=0.50 and excess_kurtosis<=1.00; heavy_tail_symmetric when abs(skew)<=1.00 and excess_kurtosis>3.00; lognormal_like when skew>1.00 with positive support; weibull_like when skew>0.50 with positive support; otherwise empirical_unknown.","profile_preregistered",TRUE,"paired bootstrap aligned to the same reported gain statistic",TRUE,"Benjamini-Hochberg FDR is computed at dataset level on external_dataset_level_decisions.csv for primary eligible in-regime rows only. Primary alpha=0.05; secondary sensitivity alpha=0.1.","01_results_basic contains compact final results; 02_reports contains generated report files; 03_audit_ready contains full provenance, decisions, oracle audit, and split CSVs; 98_discarded_nonfinal is reserved for obsolete or nonfinal byproducts; 99_recovery_logs contains downloads, checkpoints, temporary recovery outputs, and logs.",0.005,10,TRUE,TRUE
"RD_betareg_LossAversion_auto","RD_betareg_LossAversion_auto","primary_dataset",TRUE,TRUE,"selected","selected_by_preregistered_breadth_quota","Rdatasets","normal_like","rdatasets_betareg","https://vincentarelbundock.github.io/Rdatasets/csv/betareg/LossAversion.csv","2026-06-15 21:53:16 -0400","/home/alrier/Documents/Final_Results_15June2026/06_REALWORLD_EXTERNAL_BATTERY_40DATASETS/realworld_battery_40datasets_full_run/99_recovery_logs/downloads/RD_betareg_LossAversion_auto.csv","f954c62e11a0614033f785d245689f22","rdatasets_auto_numeric","age","raw_auto_numeric","auto_numeric_column; rdatasets_rows=570; rdatasets_n_numeric=2","empirical_public",570,0.346637261627904,-1.01008336722298,"strictly_positive",14.3330556610174,TRUE,NA,"Rdatasets public catalog: betareg LossAversion - (No) Myopic Loss Aversion in Adolescents ; doc=https://vincentarelbundock.github.io/Rdatasets/doc/betareg/LossAversion.html","V5_audit_ready",TRUE,"Pre-registered empirical profile gate: bounded/proportion by hint/domain; zero-inflated/count by hint/domain; normal_like when abs(skew)<=0.50 and excess_kurtosis<=1.00; heavy_tail_symmetric when abs(skew)<=1.00 and excess_kurtosis>3.00; lognormal_like when skew>1.00 with positive support; weibull_like when skew>0.50 with positive support; otherwise empirical_unknown.","profile_preregistered",TRUE,"paired bootstrap aligned to the same reported gain statistic",TRUE,"Benjamini-Hochberg FDR is computed at dataset level on external_dataset_level_decisions.csv for primary eligible in-regime rows only. Primary alpha=0.05; secondary sensitivity alpha=0.1.","01_results_basic contains compact final results; 02_reports contains generated report files; 03_audit_ready contains full provenance, decisions, oracle audit, and split CSVs; 98_discarded_nonfinal is reserved for obsolete or nonfinal byproducts; 99_recovery_logs contains downloads, checkpoints, temporary recovery outputs, and logs.",0.005,10,TRUE,TRUE
"RD_boot_amis_auto","RD_boot_amis_auto","primary_dataset",TRUE,TRUE,"selected","selected_by_preregistered_breadth_quota","Rdatasets","normal_like","rdatasets_boot","https://vincentarelbundock.github.io/Rdatasets/csv/boot/amis.csv","2026-06-15 22:01:49 -0400","/home/alrier/Documents/Final_Results_15June2026/06_REALWORLD_EXTERNAL_BATTERY_40DATASETS/realworld_battery_40datasets_full_run/99_recovery_logs/downloads/RD_boot_amis_auto.csv","f3df7b699d2c7efdaac5ed7391c35775","rdatasets_auto_numeric","speed","raw_auto_numeric","auto_numeric_column; rdatasets_rows=8437; rdatasets_n_numeric=4","empirical_public",8437,0.420198749272438,0.307277661747256,"strictly_positive",37.8242266208368,TRUE,NA,"Rdatasets public catalog: boot amis - Car Speeding and Warning Signs ; doc=https://vincentarelbundock.github.io/Rdatasets/doc/boot/amis.html","V5_audit_ready",TRUE,"Pre-registered empirical profile gate: bounded/proportion by hint/domain; zero-inflated/count by hint/domain; normal_like when abs(skew)<=0.50 and excess_kurtosis<=1.00; heavy_tail_symmetric when abs(skew)<=1.00 and excess_kurtosis>3.00; lognormal_like when skew>1.00 with positive support; weibull_like when skew>0.50 with positive support; otherwise empirical_unknown.","profile_preregistered",TRUE,"paired bootstrap aligned to the same reported gain statistic",TRUE,"Benjamini-Hochberg FDR is computed at dataset level on external_dataset_level_decisions.csv for primary eligible in-regime rows only. Primary alpha=0.05; secondary sensitivity alpha=0.1.","01_results_basic contains compact final results; 02_reports contains generated report files; 03_audit_ready contains full provenance, decisions, oracle audit, and split CSVs; 98_discarded_nonfinal is reserved for obsolete or nonfinal byproducts; 99_recovery_logs contains downloads, checkpoints, temporary recovery outputs, and logs.",0.005,10,TRUE,TRUE
"RD_camerondata_vietnam_ind_auto","RD_camerondata_vietnam_ind_auto","primary_dataset",TRUE,TRUE,"selected","selected_by_preregistered_breadth_quota","Rdatasets","lognormal_like","rdatasets_camerondata","https://vincentarelbundock.github.io/Rdatasets/csv/camerondata/vietnam_ind.csv","2026-06-15 22:09:16 -0400","/home/alrier/Documents/Final_Results_15June2026/06_REALWORLD_EXTERNAL_BATTERY_40DATASETS/realworld_battery_40datasets_full_run/99_recovery_logs/downloads/RD_camerondata_vietnam_ind_auto.csv","29a266d9e5d71ee8fbdb7ba3635f64f0","rdatasets_auto_numeric","actdays","raw_auto_numeric","auto_numeric_column; rdatasets_rows=27766; rdatasets_n_numeric=12","empirical_public",27765,21.6963289429252,513.437901311368,"contains_nonpositive",0.0657302359085179,TRUE,NA,"Rdatasets public catalog: camerondata vietnam_ind - Vietnam health care use (individual level) ; doc=https://vincentarelbundock.github.io/Rdatasets/doc/camerondata/vietnam_ind.html","V5_audit_ready",TRUE,"Pre-registered empirical profile gate: bounded/proportion by hint/domain; zero-inflated/count by hint/domain; normal_like when abs(skew)<=0.50 and excess_kurtosis<=1.00; heavy_tail_symmetric when abs(skew)<=1.00 and excess_kurtosis>3.00; lognormal_like when skew>1.00 with positive support; weibull_like when skew>0.50 with positive support; otherwise empirical_unknown.","profile_preregistered",TRUE,"paired bootstrap aligned to the same reported gain statistic",TRUE,"Benjamini-Hochberg FDR is computed at dataset level on external_dataset_level_decisions.csv for primary eligible in-regime rows only. Primary alpha=0.05; secondary sensitivity alpha=0.1.","01_results_basic contains compact final results; 02_reports contains generated report files; 03_audit_ready contains full provenance, decisions, oracle audit, and split CSVs; 98_discarded_nonfinal is reserved for obsolete or nonfinal byproducts; 99_recovery_logs contains downloads, checkpoints, temporary recovery outputs, and logs.",0.005,10,TRUE,TRUE
"RD_carData_MplsStops_auto","RD_carData_MplsStops_auto","primary_dataset",FALSE,FALSE,"load_failed","no_valid_numeric_column","Rdatasets","load_failed","rdatasets_carData","https://vincentarelbundock.github.io/Rdatasets/csv/carData/MplsStops.csv","2026-06-15 22:22:23 -0400","/home/alrier/Documents/Final_Results_15June2026/06_REALWORLD_EXTERNAL_BATTERY_40DATASETS/realworld_battery_40datasets_full_run/99_recovery_logs/downloads/RD_carData_MplsStops_auto.csv","d2d189758f09d4f9c9a28be19183edf8","rdatasets_auto_numeric","__auto_numeric__","raw","auto_numeric_column; rdatasets_rows=51920; rdatasets_n_numeric=3","empirical_public",0,NA,NA,"failed",NA,FALSE,"no_valid_numeric_column","Rdatasets public catalog: carData MplsStops - Minneapolis Police Department 2017 Stop Data ; doc=https://vincentarelbundock.github.io/Rdatasets/doc/carData/MplsStops.html","V5_audit_ready",TRUE,"Pre-registered empirical profile gate: bounded/proportion by hint/domain; zero-inflated/count by hint/domain; normal_like when abs(skew)<=0.50 and excess_kurtosis<=1.00; heavy_tail_symmetric when abs(skew)<=1.00 and excess_kurtosis>3.00; lognormal_like when skew>1.00 with positive support; weibull_like when skew>0.50 with positive support; otherwise empirical_unknown.","profile_preregistered",TRUE,"paired bootstrap aligned to the same reported gain statistic",TRUE,"Benjamini-Hochberg FDR is computed at dataset level on external_dataset_level_decisions.csv for primary eligible in-regime rows only. Primary alpha=0.05; secondary sensitivity alpha=0.1.","01_results_basic contains compact final results; 02_reports contains generated report files; 03_audit_ready contains full provenance, decisions, oracle audit, and split CSVs; 98_discarded_nonfinal is reserved for obsolete or nonfinal byproducts; 99_recovery_logs contains downloads, checkpoints, temporary recovery outputs, and logs.",0.005,10,TRUE,TRUE
"RD_CardioDataSets_muscatine_coronary_risk_df_auto","RD_CardioDataSets_muscatine_coronary_risk_df_auto","primary_dataset",FALSE,FALSE,"load_failed","no_valid_numeric_column","Rdatasets","load_failed","rdatasets_CardioDataSets","https://vincentarelbundock.github.io/Rdatasets/csv/CardioDataSets/muscatine_coronary_risk_df.csv","2026-06-15 22:22:27 -0400","/home/alrier/Documents/Final_Results_15June2026/06_REALWORLD_EXTERNAL_BATTERY_40DATASETS/realworld_battery_40datasets_full_run/99_recovery_logs/downloads/RD_CardioDataSets_muscatine_coronary_risk_df_auto.csv","bb0d410405f4b25677fe3a705da0cc35","rdatasets_auto_numeric","__auto_numeric__","raw","auto_numeric_column; rdatasets_rows=14568; rdatasets_n_numeric=5","empirical_public",0,NA,NA,"failed",NA,FALSE,"no_valid_numeric_column","Rdatasets public catalog: CardioDataSets muscatine_coronary_risk_df - Muscatine pediatric CRF ; doc=https://vincentarelbundock.github.io/Rdatasets/doc/CardioDataSets/muscatine_coronary_risk_df.html","V5_audit_ready",TRUE,"Pre-registered empirical profile gate: bounded/proportion by hint/domain; zero-inflated/count by hint/domain; normal_like when abs(skew)<=0.50 and excess_kurtosis<=1.00; heavy_tail_symmetric when abs(skew)<=1.00 and excess_kurtosis>3.00; lognormal_like when skew>1.00 with positive support; weibull_like when skew>0.50 with positive support; otherwise empirical_unknown.","profile_preregistered",TRUE,"paired bootstrap aligned to the same reported gain statistic",TRUE,"Benjamini-Hochberg FDR is computed at dataset level on external_dataset_level_decisions.csv for primary eligible in-regime rows only. Primary alpha=0.05; secondary sensitivity alpha=0.1.","01_results_basic contains compact final results; 02_reports contains generated report files; 03_audit_ready contains full provenance, decisions, oracle audit, and split CSVs; 98_discarded_nonfinal is reserved for obsolete or nonfinal byproducts; 99_recovery_logs contains downloads, checkpoints, temporary recovery outputs, and logs.",0.005,10,TRUE,TRUE
"RD_causaldata_mortgages_auto","RD_causaldata_mortgages_auto","primary_dataset",TRUE,TRUE,"selected","selected_by_preregistered_breadth_quota","Rdatasets","normal_like","rdatasets_causaldata","https://vincentarelbundock.github.io/Rdatasets/csv/causaldata/mortgages.csv","2026-06-15 22:22:29 -0400","/home/alrier/Documents/Final_Results_15June2026/06_REALWORLD_EXTERNAL_BATTERY_40DATASETS/realworld_battery_40datasets_full_run/99_recovery_logs/downloads/RD_causaldata_mortgages_auto.csv","aa77a46317c8c5d8384b3c80d815828d","rdatasets_auto_numeric","qob_minus_kw","raw_auto_numeric","auto_numeric_column; rdatasets_rows=214144; rdatasets_n_numeric=5","empirical_public",214144,0.0919690343632472,-1.19447051482558,"contains_nonpositive",-14.5632798490735,TRUE,NA,"Rdatasets public catalog: causaldata mortgages - Data from ""How do Mortgage Subsidies Affect Home Ownership? Evidence from the Mid-Century GI Bills"" ; doc=https://vincentarelbundock.github.io/Rdatasets/doc/causaldata/mortgages.html","V5_audit_ready",TRUE,"Pre-registered empirical profile gate: bounded/proportion by hint/domain; zero-inflated/count by hint/domain; normal_like when abs(skew)<=0.50 and excess_kurtosis<=1.00; heavy_tail_symmetric when abs(skew)<=1.00 and excess_kurtosis>3.00; lognormal_like when skew>1.00 with positive support; weibull_like when skew>0.50 with positive support; otherwise empirical_unknown.","profile_preregistered",TRUE,"paired bootstrap aligned to the same reported gain statistic",TRUE,"Benjamini-Hochberg FDR is computed at dataset level on external_dataset_level_decisions.csv for primary eligible in-regime rows only. Primary alpha=0.05; secondary sensitivity alpha=0.1.","01_results_basic contains compact final results; 02_reports contains generated report files; 03_audit_ready contains full provenance, decisions, oracle audit, and split CSVs; 98_discarded_nonfinal is reserved for obsolete or nonfinal byproducts; 99_recovery_logs contains downloads, checkpoints, temporary recovery outputs, and logs.",0.005,10,TRUE,TRUE
"RD_cluster_xclara_auto","RD_cluster_xclara_auto","primary_dataset",TRUE,TRUE,"selected","selected_by_preregistered_breadth_quota","Rdatasets","normal_like","rdatasets_cluster","https://vincentarelbundock.github.io/Rdatasets/csv/cluster/xclara.csv","2026-06-15 22:49:52 -0400","/home/alrier/Documents/Final_Results_15June2026/06_REALWORLD_EXTERNAL_BATTERY_40DATASETS/realworld_battery_40datasets_full_run/99_recovery_logs/downloads/RD_cluster_xclara_auto.csv","e2263d29e7e26eb1ab08dfb2cb4dd687","rdatasets_auto_numeric","V2","raw_auto_numeric","auto_numeric_column; rdatasets_rows=3000; rdatasets_n_numeric=2","empirical_public",3000,0.212773077646078,-1.37695919535228,"contains_nonpositive",22.862141031766,TRUE,NA,"Rdatasets public catalog: cluster xclara - Bivariate Data Set with 3 Clusters ; doc=https://vincentarelbundock.github.io/Rdatasets/doc/cluster/xclara.html","V5_audit_ready",TRUE,"Pre-registered empirical profile gate: bounded/proportion by hint/domain; zero-inflated/count by hint/domain; normal_like when abs(skew)<=0.50 and excess_kurtosis<=1.00; heavy_tail_symmetric when abs(skew)<=1.00 and excess_kurtosis>3.00; lognormal_like when skew>1.00 with positive support; weibull_like when skew>0.50 with positive support; otherwise empirical_unknown.","profile_preregistered",TRUE,"paired bootstrap aligned to the same reported gain statistic",TRUE,"Benjamini-Hochberg FDR is computed at dataset level on external_dataset_level_decisions.csv for primary eligible in-regime rows only. Primary alpha=0.05; secondary sensitivity alpha=0.1.","01_results_basic contains compact final results; 02_reports contains generated report files; 03_audit_ready contains full provenance, decisions, oracle audit, and split CSVs; 98_discarded_nonfinal is reserved for obsolete or nonfinal byproducts; 99_recovery_logs contains downloads, checkpoints, temporary recovery outputs, and logs.",0.005,10,TRUE,TRUE
"RD_collegeScorecard_scorecard_auto","RD_collegeScorecard_scorecard_auto","primary_dataset",TRUE,TRUE,"selected","selected_by_preregistered_breadth_quota","Rdatasets","lognormal_like","rdatasets_collegeScorecard","https://vincentarelbundock.github.io/Rdatasets/csv/collegeScorecard/scorecard.csv","2026-06-15 22:58:09 -0400","/home/alrier/Documents/Final_Results_15June2026/06_REALWORLD_EXTERNAL_BATTERY_40DATASETS/realworld_battery_40datasets_full_run/99_recovery_logs/downloads/RD_collegeScorecard_scorecard_auto.csv","9457e32174ee97ed5412ff670e712ca8","rdatasets_auto_numeric","n_undergrads","raw_auto_numeric","auto_numeric_column; rdatasets_rows=183306; rdatasets_n_numeric=23","empirical_public",162743,8.14575686572487,200.651780219562,"contains_nonpositive",2285.35809835139,TRUE,NA,"Rdatasets public catalog: collegeScorecard scorecard - College Scorecard: Scorecard Data ; doc=https://vincentarelbundock.github.io/Rdatasets/doc/collegeScorecard/scorecard.html","V5_audit_ready",TRUE,"Pre-registered empirical profile gate: bounded/proportion by hint/domain; zero-inflated/count by hint/domain; normal_like when abs(skew)<=0.50 and excess_kurtosis<=1.00; heavy_tail_symmetric when abs(skew)<=1.00 and excess_kurtosis>3.00; lognormal_like when skew>1.00 with positive support; weibull_like when skew>0.50 with positive support; otherwise empirical_unknown.","profile_preregistered",TRUE,"paired bootstrap aligned to the same reported gain statistic",TRUE,"Benjamini-Hochberg FDR is computed at dataset level on external_dataset_level_decisions.csv for primary eligible in-regime rows only. Primary alpha=0.05; secondary sensitivity alpha=0.1.","01_results_basic contains compact final results; 02_reports contains generated report files; 03_audit_ready contains full provenance, decisions, oracle audit, and split CSVs; 98_discarded_nonfinal is reserved for obsolete or nonfinal byproducts; 99_recovery_logs contains downloads, checkpoints, temporary recovery outputs, and logs.",0.005,10,TRUE,TRUE
"RD_COUNT_rwm_auto","RD_COUNT_rwm_auto","primary_dataset",TRUE,TRUE,"selected","selected_by_preregistered_breadth_quota","Rdatasets","zero_inflated_count","rdatasets_COUNT","https://vincentarelbundock.github.io/Rdatasets/csv/COUNT/rwm.csv","2026-06-15 23:24:06 -0400","/home/alrier/Documents/Final_Results_15June2026/06_REALWORLD_EXTERNAL_BATTERY_40DATASETS/realworld_battery_40datasets_full_run/99_recovery_logs/downloads/RD_COUNT_rwm_auto.csv","956f4d935710f3ec05ccd6bd48cebd9e","rdatasets_auto_numeric","docvis","raw_auto_numeric","auto_numeric_column; rdatasets_rows=27326; rdatasets_n_numeric=4","empirical_public",27326,5.1845723482474,47.0999166412206,"contains_nonpositive",3.18352484812999,TRUE,NA,"Rdatasets public catalog: COUNT rwm - rwm ; doc=https://vincentarelbundock.github.io/Rdatasets/doc/COUNT/rwm.html","V5_audit_ready",TRUE,"Pre-registered empirical profile gate: bounded/proportion by hint/domain; zero-inflated/count by hint/domain; normal_like when abs(skew)<=0.50 and excess_kurtosis<=1.00; heavy_tail_symmetric when abs(skew)<=1.00 and excess_kurtosis>3.00; lognormal_like when skew>1.00 with positive support; weibull_like when skew>0.50 with positive support; otherwise empirical_unknown.","profile_preregistered",TRUE,"paired bootstrap aligned to the same reported gain statistic",TRUE,"Benjamini-Hochberg FDR is computed at dataset level on external_dataset_level_decisions.csv for primary eligible in-regime rows only. Primary alpha=0.05; secondary sensitivity alpha=0.1.","01_results_basic contains compact final results; 02_reports contains generated report files; 03_audit_ready contains full provenance, decisions, oracle audit, and split CSVs; 98_discarded_nonfinal is reserved for obsolete or nonfinal byproducts; 99_recovery_logs contains downloads, checkpoints, temporary recovery outputs, and logs.",0.005,10,TRUE,TRUE
"RD_crch_RainIbk_auto","RD_crch_RainIbk_auto","primary_dataset",TRUE,TRUE,"selected","selected_by_preregistered_breadth_quota","Rdatasets","lognormal_like","rdatasets_crch","https://vincentarelbundock.github.io/Rdatasets/csv/crch/RainIbk.csv","2026-06-15 23:24:06 -0400","/home/alrier/Documents/Final_Results_15June2026/06_REALWORLD_EXTERNAL_BATTERY_40DATASETS/realworld_battery_40datasets_full_run/99_recovery_logs/downloads/RD_crch_RainIbk_auto.csv","28cea734798274f4705784a6257eb694","rdatasets_auto_numeric","rain","raw_auto_numeric","auto_numeric_column; rdatasets_rows=4971; rdatasets_n_numeric=12","empirical_public",4971,2.64528159729462,9.99963312527668,"contains_nonpositive",7.50766445383223,TRUE,NA,"Rdatasets public catalog: crch RainIbk - Precipitation Observations and Forecasts for Innsbruck ; doc=https://vincentarelbundock.github.io/Rdatasets/doc/crch/RainIbk.html","V5_audit_ready",TRUE,"Pre-registered empirical profile gate: bounded/proportion by hint/domain; zero-inflated/count by hint/domain; normal_like when abs(skew)<=0.50 and excess_kurtosis<=1.00; heavy_tail_symmetric when abs(skew)<=1.00 and excess_kurtosis>3.00; lognormal_like when skew>1.00 with positive support; weibull_like when skew>0.50 with positive support; otherwise empirical_unknown.","profile_preregistered",TRUE,"paired bootstrap aligned to the same reported gain statistic",TRUE,"Benjamini-Hochberg FDR is computed at dataset level on external_dataset_level_decisions.csv for primary eligible in-regime rows only. Primary alpha=0.05; secondary sensitivity alpha=0.1.","01_results_basic contains compact final results; 02_reports contains generated report files; 03_audit_ready contains full provenance, decisions, oracle audit, and split CSVs; 98_discarded_nonfinal is reserved for obsolete or nonfinal byproducts; 99_recovery_logs contains downloads, checkpoints, temporary recovery outputs, and logs.",0.005,10,TRUE,TRUE
"RD_crimedatasets_vehiclethefts_tbl_df_auto","RD_crimedatasets_vehiclethefts_tbl_df_auto","primary_dataset",TRUE,TRUE,"selected","selected_by_preregistered_breadth_quota","Rdatasets","normal_like","rdatasets_crimedatasets","https://vincentarelbundock.github.io/Rdatasets/csv/crimedatasets/vehiclethefts_tbl_df.csv","2026-06-15 23:32:41 -0400","/home/alrier/Documents/Final_Results_15June2026/06_REALWORLD_EXTERNAL_BATTERY_40DATASETS/realworld_battery_40datasets_full_run/99_recovery_logs/downloads/RD_crimedatasets_vehiclethefts_tbl_df_auto.csv","4eadcde98aed2d801fbe224b60a28aa3","rdatasets_auto_numeric","census_block","raw_auto_numeric","auto_numeric_column; rdatasets_rows=35746; rdatasets_n_numeric=3","empirical_public",35746,-0.585641802846472,-0.824481903853506,"strictly_positive",360524223504116,TRUE,NA,"Rdatasets public catalog: crimedatasets vehiclethefts_tbl_df - NYC Vehicle Thefts (2014-2017) ; doc=https://vincentarelbundock.github.io/Rdatasets/doc/crimedatasets/vehiclethefts_tbl_df.html","V5_audit_ready",TRUE,"Pre-registered empirical profile gate: bounded/proportion by hint/domain; zero-inflated/count by hint/domain; normal_like when abs(skew)<=0.50 and excess_kurtosis<=1.00; heavy_tail_symmetric when abs(skew)<=1.00 and excess_kurtosis>3.00; lognormal_like when skew>1.00 with positive support; weibull_like when skew>0.50 with positive support; otherwise empirical_unknown.","profile_preregistered",TRUE,"paired bootstrap aligned to the same reported gain statistic",TRUE,"Benjamini-Hochberg FDR is computed at dataset level on external_dataset_level_decisions.csv for primary eligible in-regime rows only. Primary alpha=0.05; secondary sensitivity alpha=0.1.","01_results_basic contains compact final results; 02_reports contains generated report files; 03_audit_ready contains full provenance, decisions, oracle audit, and split CSVs; 98_discarded_nonfinal is reserved for obsolete or nonfinal byproducts; 99_recovery_logs contains downloads, checkpoints, temporary recovery outputs, and logs.",0.005,10,TRUE,TRUE
"RD_DAAG_nassCDS_auto","RD_DAAG_nassCDS_auto","primary_dataset",TRUE,TRUE,"selected","selected_by_preregistered_breadth_quota","Rdatasets","lognormal_like","rdatasets_DAAG","https://vincentarelbundock.github.io/Rdatasets/csv/DAAG/nassCDS.csv","2026-06-15 23:38:45 -0400","/home/alrier/Documents/Final_Results_15June2026/06_REALWORLD_EXTERNAL_BATTERY_40DATASETS/realworld_battery_40datasets_full_run/99_recovery_logs/downloads/RD_DAAG_nassCDS_auto.csv","6fb61e93888f5e30fb045915fd01a86b","rdatasets_auto_numeric","weight","raw_auto_numeric","auto_numeric_column; rdatasets_rows=26217; rdatasets_n_numeric=7","empirical_public",26217,14.3088563592403,354.224947244204,"contains_nonpositive",462.811610937125,TRUE,NA,"Rdatasets public catalog: DAAG nassCDS - Airbag and other influences on accident fatalities ; doc=https://vincentarelbundock.github.io/Rdatasets/doc/DAAG/nassCDS.html","V5_audit_ready",TRUE,"Pre-registered empirical profile gate: bounded/proportion by hint/domain; zero-inflated/count by hint/domain; normal_like when abs(skew)<=0.50 and excess_kurtosis<=1.00; heavy_tail_symmetric when abs(skew)<=1.00 and excess_kurtosis>3.00; lognormal_like when skew>1.00 with positive support; weibull_like when skew>0.50 with positive support; otherwise empirical_unknown.","profile_preregistered",TRUE,"paired bootstrap aligned to the same reported gain statistic",TRUE,"Benjamini-Hochberg FDR is computed at dataset level on external_dataset_level_decisions.csv for primary eligible in-regime rows only. Primary alpha=0.05; secondary sensitivity alpha=0.1.","01_results_basic contains compact final results; 02_reports contains generated report files; 03_audit_ready contains full provenance, decisions, oracle audit, and split CSVs; 98_discarded_nonfinal is reserved for obsolete or nonfinal byproducts; 99_recovery_logs contains downloads, checkpoints, temporary recovery outputs, and logs.",0.005,10,TRUE,TRUE
"RD_datasets_treering_auto","RD_datasets_treering_auto","primary_dataset",TRUE,TRUE,"selected","selected_by_preregistered_breadth_quota","Rdatasets","empirical_unknown","rdatasets_datasets","https://vincentarelbundock.github.io/Rdatasets/csv/datasets/treering.csv","2026-06-15 23:49:08 -0400","/home/alrier/Documents/Final_Results_15June2026/06_REALWORLD_EXTERNAL_BATTERY_40DATASETS/realworld_battery_40datasets_full_run/99_recovery_logs/downloads/RD_datasets_treering_auto.csv","82a30d60b1eae0f2b63d61c2aa2adc7f","rdatasets_auto_numeric","value","raw_auto_numeric","auto_numeric_column; rdatasets_rows=7980; rdatasets_n_numeric=2","empirical_public",7980,-0.606181627196645,0.494628311522173,"contains_nonpositive",0.996836215538847,TRUE,NA,"Rdatasets public catalog: datasets treering - Yearly Tree-Ring Data, -6000-1979 ; doc=https://vincentarelbundock.github.io/Rdatasets/doc/datasets/treering.html","V5_audit_ready",TRUE,"Pre-registered empirical profile gate: bounded/proportion by hint/domain; zero-inflated/count by hint/domain; normal_like when abs(skew)<=0.50 and excess_kurtosis<=1.00; heavy_tail_symmetric when abs(skew)<=1.00 and excess_kurtosis>3.00; lognormal_like when skew>1.00 with positive support; weibull_like when skew>0.50 with positive support; otherwise empirical_unknown.","profile_preregistered",TRUE,"paired bootstrap aligned to the same reported gain statistic",TRUE,"Benjamini-Hochberg FDR is computed at dataset level on external_dataset_level_decisions.csv for primary eligible in-regime rows only. Primary alpha=0.05; secondary sensitivity alpha=0.1.","01_results_basic contains compact final results; 02_reports contains generated report files; 03_audit_ready contains full provenance, decisions, oracle audit, and split CSVs; 98_discarded_nonfinal is reserved for obsolete or nonfinal byproducts; 99_recovery_logs contains downloads, checkpoints, temporary recovery outputs, and logs.",0.005,10,TRUE,TRUE
"RD_dplyr_storms_auto","RD_dplyr_storms_auto","primary_dataset",FALSE,FALSE,"skipped_profile_quota","profile quota reached for lognormal_like","Rdatasets","lognormal_like","rdatasets_dplyr","https://vincentarelbundock.github.io/Rdatasets/csv/dplyr/storms.csv","2026-06-15 23:49:08 -0400","/home/alrier/Documents/Final_Results_15June2026/06_REALWORLD_EXTERNAL_BATTERY_40DATASETS/realworld_battery_40datasets_full_run/99_recovery_logs/downloads/RD_dplyr_storms_auto.csv","9a829758f29dcf73bfc37b7e55219203","rdatasets_auto_numeric","hurricane_force_diameter","raw_auto_numeric","auto_numeric_column; rdatasets_rows=20778; rdatasets_n_numeric=11","empirical_public",11266,2.82224462800171,9.09837964886309,"contains_nonpositive",14.8238061423753,TRUE,NA,"Rdatasets public catalog: dplyr storms - Storm tracks data ; doc=https://vincentarelbundock.github.io/Rdatasets/doc/dplyr/storms.html","V5_audit_ready",TRUE,"Pre-registered empirical profile gate: bounded/proportion by hint/domain; zero-inflated/count by hint/domain; normal_like when abs(skew)<=0.50 and excess_kurtosis<=1.00; heavy_tail_symmetric when abs(skew)<=1.00 and excess_kurtosis>3.00; lognormal_like when skew>1.00 with positive support; weibull_like when skew>0.50 with positive support; otherwise empirical_unknown.","profile_preregistered",TRUE,"paired bootstrap aligned to the same reported gain statistic",TRUE,"Benjamini-Hochberg FDR is computed at dataset level on external_dataset_level_decisions.csv for primary eligible in-regime rows only. Primary alpha=0.05; secondary sensitivity alpha=0.1.","01_results_basic contains compact final results; 02_reports contains generated report files; 03_audit_ready contains full provenance, decisions, oracle audit, and split CSVs; 98_discarded_nonfinal is reserved for obsolete or nonfinal byproducts; 99_recovery_logs contains downloads, checkpoints, temporary recovery outputs, and logs.",0.005,10,TRUE,TRUE
"RD_dragracer_rpdr_contep_auto","RD_dragracer_rpdr_contep_auto","primary_dataset",TRUE,TRUE,"selected","selected_by_preregistered_breadth_quota","Rdatasets","normal_like","rdatasets_dragracer","https://vincentarelbundock.github.io/Rdatasets/csv/dragracer/rpdr_contep.csv","2026-06-15 23:49:11 -0400","/home/alrier/Documents/Final_Results_15June2026/06_REALWORLD_EXTERNAL_BATTERY_40DATASETS/realworld_battery_40datasets_full_run/99_recovery_logs/downloads/RD_dragracer_rpdr_contep_auto.csv","10ee955aa5e7746efa913bb49b11aaac","rdatasets_auto_numeric","episode","raw_auto_numeric","auto_numeric_column; rdatasets_rows=2320; rdatasets_n_numeric=4","empirical_public",2320,0.247407709180946,-0.934587664328783,"strictly_positive",7.13189655172414,TRUE,NA,"Rdatasets public catalog: dragracer rpdr_contep - RuPaul's Drag Race Episode-Contestant Data ; doc=https://vincentarelbundock.github.io/Rdatasets/doc/dragracer/rpdr_contep.html","V5_audit_ready",TRUE,"Pre-registered empirical profile gate: bounded/proportion by hint/domain; zero-inflated/count by hint/domain; normal_like when abs(skew)<=0.50 and excess_kurtosis<=1.00; heavy_tail_symmetric when abs(skew)<=1.00 and excess_kurtosis>3.00; lognormal_like when skew>1.00 with positive support; weibull_like when skew>0.50 with positive support; otherwise empirical_unknown.","profile_preregistered",TRUE,"paired bootstrap aligned to the same reported gain statistic",TRUE,"Benjamini-Hochberg FDR is computed at dataset level on external_dataset_level_decisions.csv for primary eligible in-regime rows only. Primary alpha=0.05; secondary sensitivity alpha=0.1.","01_results_basic contains compact final results; 02_reports contains generated report files; 03_audit_ready contains full provenance, decisions, oracle audit, and split CSVs; 98_discarded_nonfinal is reserved for obsolete or nonfinal byproducts; 99_recovery_logs contains downloads, checkpoints, temporary recovery outputs, and logs.",0.005,10,TRUE,TRUE
"RD_drc_metals_auto","RD_drc_metals_auto","primary_dataset",FALSE,FALSE,"skipped_profile_quota","profile quota reached for lognormal_like","Rdatasets","lognormal_like","rdatasets_drc","https://vincentarelbundock.github.io/Rdatasets/csv/drc/metals.csv","2026-06-15 23:56:06 -0400","/home/alrier/Documents/Final_Results_15June2026/06_REALWORLD_EXTERNAL_BATTERY_40DATASETS/realworld_battery_40datasets_full_run/99_recovery_logs/downloads/RD_drc_metals_auto.csv","994cfa0d25c2fd10ab314dde9397783c","rdatasets_auto_numeric","conc","raw_auto_numeric","auto_numeric_column; rdatasets_rows=543; rdatasets_n_numeric=2","empirical_public",543,3.78097205359349,22.67941455251,"contains_nonpositive",1.84708727870902,TRUE,NA,"Rdatasets public catalog: drc metals - Data from heavy metal mixture experiments ; doc=https://vincentarelbundock.github.io/Rdatasets/doc/drc/metals.html","V5_audit_ready",TRUE,"Pre-registered empirical profile gate: bounded/proportion by hint/domain; zero-inflated/count by hint/domain; normal_like when abs(skew)<=0.50 and excess_kurtosis<=1.00; heavy_tail_symmetric when abs(skew)<=1.00 and excess_kurtosis>3.00; lognormal_like when skew>1.00 with positive support; weibull_like when skew>0.50 with positive support; otherwise empirical_unknown.","profile_preregistered",TRUE,"paired bootstrap aligned to the same reported gain statistic",TRUE,"Benjamini-Hochberg FDR is computed at dataset level on external_dataset_level_decisions.csv for primary eligible in-regime rows only. Primary alpha=0.05; secondary sensitivity alpha=0.1.","01_results_basic contains compact final results; 02_reports contains generated report files; 03_audit_ready contains full provenance, decisions, oracle audit, and split CSVs; 98_discarded_nonfinal is reserved for obsolete or nonfinal byproducts; 99_recovery_logs contains downloads, checkpoints, temporary recovery outputs, and logs.",0.005,10,TRUE,TRUE
"RD_dslabs_movielens_auto","RD_dslabs_movielens_auto","primary_dataset",FALSE,FALSE,"skipped_profile_quota","profile quota reached for lognormal_like","Rdatasets","lognormal_like","rdatasets_dslabs","https://vincentarelbundock.github.io/Rdatasets/csv/dslabs/movielens.csv","2026-06-15 23:56:08 -0400","/home/alrier/Documents/Final_Results_15June2026/06_REALWORLD_EXTERNAL_BATTERY_40DATASETS/realworld_battery_40datasets_full_run/99_recovery_logs/downloads/RD_dslabs_movielens_auto.csv","3a040c914d9f6c2d5b19d5a99402e91e","rdatasets_auto_numeric","movieId","raw_auto_numeric","auto_numeric_column; rdatasets_rows=100004; rdatasets_n_numeric=5","empirical_public",100004,2.68918040523657,6.66342942078008,"strictly_positive",12548.6643634255,TRUE,NA,"Rdatasets public catalog: dslabs movielens - Movie ratings ; doc=https://vincentarelbundock.github.io/Rdatasets/doc/dslabs/movielens.html","V5_audit_ready",TRUE,"Pre-registered empirical profile gate: bounded/proportion by hint/domain; zero-inflated/count by hint/domain; normal_like when abs(skew)<=0.50 and excess_kurtosis<=1.00; heavy_tail_symmetric when abs(skew)<=1.00 and excess_kurtosis>3.00; lognormal_like when skew>1.00 with positive support; weibull_like when skew>0.50 with positive support; otherwise empirical_unknown.","profile_preregistered",TRUE,"paired bootstrap aligned to the same reported gain statistic",TRUE,"Benjamini-Hochberg FDR is computed at dataset level on external_dataset_level_decisions.csv for primary eligible in-regime rows only. Primary alpha=0.05; secondary sensitivity alpha=0.1.","01_results_basic contains compact final results; 02_reports contains generated report files; 03_audit_ready contains full provenance, decisions, oracle audit, and split CSVs; 98_discarded_nonfinal is reserved for obsolete or nonfinal byproducts; 99_recovery_logs contains downloads, checkpoints, temporary recovery outputs, and logs.",0.005,10,TRUE,TRUE
"RD_Ecdat_VietNamI_auto","RD_Ecdat_VietNamI_auto","primary_dataset",FALSE,FALSE,"skipped_profile_quota","profile quota reached for lognormal_like","Rdatasets","lognormal_like","rdatasets_Ecdat","https://vincentarelbundock.github.io/Rdatasets/csv/Ecdat/VietNamI.csv","2026-06-15 23:56:11 -0400","/home/alrier/Documents/Final_Results_15June2026/06_REALWORLD_EXTERNAL_BATTERY_40DATASETS/realworld_battery_40datasets_full_run/99_recovery_logs/downloads/RD_Ecdat_VietNamI_auto.csv","dc1e36460a3add6f77f86fcfadd52e6e","rdatasets_auto_numeric","actdays","raw_auto_numeric","auto_numeric_column; rdatasets_rows=27765; rdatasets_n_numeric=11","empirical_public",27765,21.6963289429252,513.437901311368,"contains_nonpositive",0.0657302359085179,TRUE,NA,"Rdatasets public catalog: Ecdat VietNamI - Medical Expenses in Vietnam (individual Level) ; doc=https://vincentarelbundock.github.io/Rdatasets/doc/Ecdat/VietNamI.html","V5_audit_ready",TRUE,"Pre-registered empirical profile gate: bounded/proportion by hint/domain; zero-inflated/count by hint/domain; normal_like when abs(skew)<=0.50 and excess_kurtosis<=1.00; heavy_tail_symmetric when abs(skew)<=1.00 and excess_kurtosis>3.00; lognormal_like when skew>1.00 with positive support; weibull_like when skew>0.50 with positive support; otherwise empirical_unknown.","profile_preregistered",TRUE,"paired bootstrap aligned to the same reported gain statistic",TRUE,"Benjamini-Hochberg FDR is computed at dataset level on external_dataset_level_decisions.csv for primary eligible in-regime rows only. Primary alpha=0.05; secondary sensitivity alpha=0.1.","01_results_basic contains compact final results; 02_reports contains generated report files; 03_audit_ready contains full provenance, decisions, oracle audit, and split CSVs; 98_discarded_nonfinal is reserved for obsolete or nonfinal byproducts; 99_recovery_logs contains downloads, checkpoints, temporary recovery outputs, and logs.",0.005,10,TRUE,TRUE
"RD_educationR_major_survey_tbl_df_auto","RD_educationR_major_survey_tbl_df_auto","primary_dataset",TRUE,TRUE,"selected","selected_by_preregistered_breadth_quota","Rdatasets","normal_like","rdatasets_educationR","https://vincentarelbundock.github.io/Rdatasets/csv/educationR/major_survey_tbl_df.csv","2026-06-15 23:56:15 -0400","/home/alrier/Documents/Final_Results_15June2026/06_REALWORLD_EXTERNAL_BATTERY_40DATASETS/realworld_battery_40datasets_full_run/99_recovery_logs/downloads/RD_educationR_major_survey_tbl_df_auto.csv","d19f07b228294336a1563b76cc74ff42","rdatasets_auto_numeric","gpa","raw_auto_numeric","auto_numeric_column; rdatasets_rows=218; rdatasets_n_numeric=1","empirical_public",205,-0.519653441194783,-0.00148150409724979,"strictly_positive",3.59280487804878,TRUE,NA,"Rdatasets public catalog: educationR major_survey_tbl_df - Survey of Duke students and the area of their major ; doc=https://vincentarelbundock.github.io/Rdatasets/doc/educationR/major_survey_tbl_df.html","V5_audit_ready",TRUE,"Pre-registered empirical profile gate: bounded/proportion by hint/domain; zero-inflated/count by hint/domain; normal_like when abs(skew)<=0.50 and excess_kurtosis<=1.00; heavy_tail_symmetric when abs(skew)<=1.00 and excess_kurtosis>3.00; lognormal_like when skew>1.00 with positive support; weibull_like when skew>0.50 with positive support; otherwise empirical_unknown.","profile_preregistered",TRUE,"paired bootstrap aligned to the same reported gain statistic",TRUE,"Benjamini-Hochberg FDR is computed at dataset level on external_dataset_level_decisions.csv for primary eligible in-regime rows only. Primary alpha=0.05; secondary sensitivity alpha=0.1.","01_results_basic contains compact final results; 02_reports contains generated report files; 03_audit_ready contains full provenance, decisions, oracle audit, and split CSVs; 98_discarded_nonfinal is reserved for obsolete or nonfinal byproducts; 99_recovery_logs contains downloads, checkpoints, temporary recovery outputs, and logs.",0.005,10,TRUE,TRUE
"RD_evir_sp.raw_auto","RD_evir_sp.raw_auto","primary_dataset",FALSE,FALSE,"skipped_profile_quota","profile quota reached for lognormal_like","Rdatasets","lognormal_like","rdatasets_evir","https://vincentarelbundock.github.io/Rdatasets/csv/evir/sp.raw.csv","2026-06-16 00:04:05 -0400","/home/alrier/Documents/Final_Results_15June2026/06_REALWORLD_EXTERNAL_BATTERY_40DATASETS/realworld_battery_40datasets_full_run/99_recovery_logs/downloads/RD_evir_sp.raw_auto.csv","a4964e1fa679d95fdae3702f00150a23","rdatasets_auto_numeric","dat","raw_auto_numeric","auto_numeric_column; rdatasets_rows=8415; rdatasets_n_numeric=1","empirical_public",8415,1.42000509448784,0.766081742657514,"strictly_positive",152.011538918598,TRUE,NA,"Rdatasets public catalog: evir sp.raw - SP Data to June 1993 ; doc=https://vincentarelbundock.github.io/Rdatasets/doc/evir/sp.raw.html","V5_audit_ready",TRUE,"Pre-registered empirical profile gate: bounded/proportion by hint/domain; zero-inflated/count by hint/domain; normal_like when abs(skew)<=0.50 and excess_kurtosis<=1.00; heavy_tail_symmetric when abs(skew)<=1.00 and excess_kurtosis>3.00; lognormal_like when skew>1.00 with positive support; weibull_like when skew>0.50 with positive support; otherwise empirical_unknown.","profile_preregistered",TRUE,"paired bootstrap aligned to the same reported gain statistic",TRUE,"Benjamini-Hochberg FDR is computed at dataset level on external_dataset_level_decisions.csv for primary eligible in-regime rows only. Primary alpha=0.05; secondary sensitivity alpha=0.1.","01_results_basic contains compact final results; 02_reports contains generated report files; 03_audit_ready contains full provenance, decisions, oracle audit, and split CSVs; 98_discarded_nonfinal is reserved for obsolete or nonfinal byproducts; 99_recovery_logs contains downloads, checkpoints, temporary recovery outputs, and logs.",0.005,10,TRUE,TRUE
"RD_experimentr_rondeau_auto","RD_experimentr_rondeau_auto","primary_dataset",FALSE,FALSE,"skipped_profile_quota","profile quota reached for lognormal_like","Rdatasets","lognormal_like","rdatasets_experimentr","https://vincentarelbundock.github.io/Rdatasets/csv/experimentr/rondeau.csv","2026-06-16 00:04:08 -0400","/home/alrier/Documents/Final_Results_15June2026/06_REALWORLD_EXTERNAL_BATTERY_40DATASETS/realworld_battery_40datasets_full_run/99_recovery_logs/downloads/RD_experimentr_rondeau_auto.csv","7a29db087304b190b53bdf180195579f","rdatasets_auto_numeric","donation","raw_auto_numeric","auto_numeric_column; rdatasets_rows=3000; rdatasets_n_numeric=2","empirical_public",2994,10.104747192745,158.2027570259,"contains_nonpositive",1.72845691382766,TRUE,NA,"Rdatasets public catalog: experimentr rondeau - Data from ""Matching and Challenge Gifts to Charity:Evidence from Laboratory and Natural Field Experiments"" ; doc=https://vincentarelbundock.github.io/Rdatasets/doc/experimentr/rondeau.html","V5_audit_ready",TRUE,"Pre-registered empirical profile gate: bounded/proportion by hint/domain; zero-inflated/count by hint/domain; normal_like when abs(skew)<=0.50 and excess_kurtosis<=1.00; heavy_tail_symmetric when abs(skew)<=1.00 and excess_kurtosis>3.00; lognormal_like when skew>1.00 with positive support; weibull_like when skew>0.50 with positive support; otherwise empirical_unknown.","profile_preregistered",TRUE,"paired bootstrap aligned to the same reported gain statistic",TRUE,"Benjamini-Hochberg FDR is computed at dataset level on external_dataset_level_decisions.csv for primary eligible in-regime rows only. Primary alpha=0.05; secondary sensitivity alpha=0.1.","01_results_basic contains compact final results; 02_reports contains generated report files; 03_audit_ready contains full provenance, decisions, oracle audit, and split CSVs; 98_discarded_nonfinal is reserved for obsolete or nonfinal byproducts; 99_recovery_logs contains downloads, checkpoints, temporary recovery outputs, and logs.",0.005,10,TRUE,TRUE
"RD_fishdata_juvenile_growth_auto","RD_fishdata_juvenile_growth_auto","primary_dataset",FALSE,FALSE,"skipped_profile_quota","profile quota reached for lognormal_like","Rdatasets","lognormal_like","rdatasets_fishdata","https://vincentarelbundock.github.io/Rdatasets/csv/fishdata/juvenile_growth.csv","2026-06-16 00:04:10 -0400","/home/alrier/Documents/Final_Results_15June2026/06_REALWORLD_EXTERNAL_BATTERY_40DATASETS/realworld_battery_40datasets_full_run/99_recovery_logs/downloads/RD_fishdata_juvenile_growth_auto.csv","83085660097dc8092a2d3cdf422934a7","rdatasets_auto_numeric","distance","raw_auto_numeric","auto_numeric_column; rdatasets_rows=87581; rdatasets_n_numeric=4","empirical_public",87581,2.40552052208278,17.7917253880925,"strictly_positive",1.65314380973042,TRUE,NA,"Rdatasets public catalog: fishdata juvenile_growth - Growth data of juvenile fish ; doc=https://vincentarelbundock.github.io/Rdatasets/doc/fishdata/juvenile_growth.html","V5_audit_ready",TRUE,"Pre-registered empirical profile gate: bounded/proportion by hint/domain; zero-inflated/count by hint/domain; normal_like when abs(skew)<=0.50 and excess_kurtosis<=1.00; heavy_tail_symmetric when abs(skew)<=1.00 and excess_kurtosis>3.00; lognormal_like when skew>1.00 with positive support; weibull_like when skew>0.50 with positive support; otherwise empirical_unknown.","profile_preregistered",TRUE,"paired bootstrap aligned to the same reported gain statistic",TRUE,"Benjamini-Hochberg FDR is computed at dataset level on external_dataset_level_decisions.csv for primary eligible in-regime rows only. Primary alpha=0.05; secondary sensitivity alpha=0.1.","01_results_basic contains compact final results; 02_reports contains generated report files; 03_audit_ready contains full provenance, decisions, oracle audit, and split CSVs; 98_discarded_nonfinal is reserved for obsolete or nonfinal byproducts; 99_recovery_logs contains downloads, checkpoints, temporary recovery outputs, and logs.",0.005,10,TRUE,TRUE
"RD_fivethirtyeight_classic_rock_raw_data_auto","RD_fivethirtyeight_classic_rock_raw_data_auto","primary_dataset",FALSE,FALSE,"load_failed","no_valid_numeric_column","Rdatasets","load_failed","rdatasets_fivethirtyeight","https://vincentarelbundock.github.io/Rdatasets/csv/fivethirtyeight/classic_rock_raw_data.csv","2026-06-16 00:04:13 -0400","/home/alrier/Documents/Final_Results_15June2026/06_REALWORLD_EXTERNAL_BATTERY_40DATASETS/realworld_battery_40datasets_full_run/99_recovery_logs/downloads/RD_fivethirtyeight_classic_rock_raw_data_auto.csv","3e328fc092dc03638d2bfbf463e70d79","rdatasets_auto_numeric","__auto_numeric__","raw","auto_numeric_column; rdatasets_rows=37673; rdatasets_n_numeric=1","empirical_public",0,NA,NA,"failed",NA,FALSE,"no_valid_numeric_column","Rdatasets public catalog: fivethirtyeight classic_rock_raw_data - Why Classic Rock Isn't What It Used To Be ; doc=https://vincentarelbundock.github.io/Rdatasets/doc/fivethirtyeight/classic_rock_raw_data.html","V5_audit_ready",TRUE,"Pre-registered empirical profile gate: bounded/proportion by hint/domain; zero-inflated/count by hint/domain; normal_like when abs(skew)<=0.50 and excess_kurtosis<=1.00; heavy_tail_symmetric when abs(skew)<=1.00 and excess_kurtosis>3.00; lognormal_like when skew>1.00 with positive support; weibull_like when skew>0.50 with positive support; otherwise empirical_unknown.","profile_preregistered",TRUE,"paired bootstrap aligned to the same reported gain statistic",TRUE,"Benjamini-Hochberg FDR is computed at dataset level on external_dataset_level_decisions.csv for primary eligible in-regime rows only. Primary alpha=0.05; secondary sensitivity alpha=0.1.","01_results_basic contains compact final results; 02_reports contains generated report files; 03_audit_ready contains full provenance, decisions, oracle audit, and split CSVs; 98_discarded_nonfinal is reserved for obsolete or nonfinal byproducts; 99_recovery_logs contains downloads, checkpoints, temporary recovery outputs, and logs.",0.005,10,TRUE,TRUE
"RD_folio_intcal20_auto","RD_folio_intcal20_auto","primary_dataset",FALSE,FALSE,"skipped_profile_quota","profile quota reached for lognormal_like","Rdatasets","lognormal_like","rdatasets_folio","https://vincentarelbundock.github.io/Rdatasets/csv/folio/intcal20.csv","2026-06-16 00:04:17 -0400","/home/alrier/Documents/Final_Results_15June2026/06_REALWORLD_EXTERNAL_BATTERY_40DATASETS/realworld_battery_40datasets_full_run/99_recovery_logs/downloads/RD_folio_intcal20_auto.csv","9d9a841cc5284a17361b51929b9fb124","rdatasets_auto_numeric","sigma","raw_auto_numeric","auto_numeric_column; rdatasets_rows=9501; rdatasets_n_numeric=5","empirical_public",9501,5.42798795540011,39.2400576962338,"strictly_positive",8.18192821808231,TRUE,NA,"Rdatasets public catalog: folio intcal20 - IntCal20 ; doc=https://vincentarelbundock.github.io/Rdatasets/doc/folio/intcal20.html","V5_audit_ready",TRUE,"Pre-registered empirical profile gate: bounded/proportion by hint/domain; zero-inflated/count by hint/domain; normal_like when abs(skew)<=0.50 and excess_kurtosis<=1.00; heavy_tail_symmetric when abs(skew)<=1.00 and excess_kurtosis>3.00; lognormal_like when skew>1.00 with positive support; weibull_like when skew>0.50 with positive support; otherwise empirical_unknown.","profile_preregistered",TRUE,"paired bootstrap aligned to the same reported gain statistic",TRUE,"Benjamini-Hochberg FDR is computed at dataset level on external_dataset_level_decisions.csv for primary eligible in-regime rows only. Primary alpha=0.05; secondary sensitivity alpha=0.1.","01_results_basic contains compact final results; 02_reports contains generated report files; 03_audit_ready contains full provenance, decisions, oracle audit, and split CSVs; 98_discarded_nonfinal is reserved for obsolete or nonfinal byproducts; 99_recovery_logs contains downloads, checkpoints, temporary recovery outputs, and logs.",0.005,10,TRUE,TRUE
"RD_forecast_taylor_auto","RD_forecast_taylor_auto","primary_dataset",TRUE,TRUE,"selected","selected_by_preregistered_breadth_quota","Rdatasets","normal_like","rdatasets_forecast","https://vincentarelbundock.github.io/Rdatasets/csv/forecast/taylor.csv","2026-06-16 00:04:19 -0400","/home/alrier/Documents/Final_Results_15June2026/06_REALWORLD_EXTERNAL_BATTERY_40DATASETS/realworld_battery_40datasets_full_run/99_recovery_logs/downloads/RD_forecast_taylor_auto.csv","83dbe15861717c47587057b46f98ac33","rdatasets_auto_numeric","x","raw_auto_numeric","auto_numeric_column; rdatasets_rows=4032; rdatasets_n_numeric=1","empirical_public",4032,-0.0771800152202398,-1.34219467422619,"strictly_positive",29617.1361607143,TRUE,NA,"Rdatasets public catalog: forecast taylor - Half-hourly electricity demand ; doc=https://vincentarelbundock.github.io/Rdatasets/doc/forecast/taylor.html","V5_audit_ready",TRUE,"Pre-registered empirical profile gate: bounded/proportion by hint/domain; zero-inflated/count by hint/domain; normal_like when abs(skew)<=0.50 and excess_kurtosis<=1.00; heavy_tail_symmetric when abs(skew)<=1.00 and excess_kurtosis>3.00; lognormal_like when skew>1.00 with positive support; weibull_like when skew>0.50 with positive support; otherwise empirical_unknown.","profile_preregistered",TRUE,"paired bootstrap aligned to the same reported gain statistic",TRUE,"Benjamini-Hochberg FDR is computed at dataset level on external_dataset_level_decisions.csv for primary eligible in-regime rows only. Primary alpha=0.05; secondary sensitivity alpha=0.1.","01_results_basic contains compact final results; 02_reports contains generated report files; 03_audit_ready contains full provenance, decisions, oracle audit, and split CSVs; 98_discarded_nonfinal is reserved for obsolete or nonfinal byproducts; 99_recovery_logs contains downloads, checkpoints, temporary recovery outputs, and logs.",0.005,10,TRUE,TRUE
"RD_fpp2_calls_auto","RD_fpp2_calls_auto","primary_dataset",TRUE,TRUE,"selected","selected_by_preregistered_breadth_quota","Rdatasets","normal_like","rdatasets_fpp2","https://vincentarelbundock.github.io/Rdatasets/csv/fpp2/calls.csv","2026-06-16 00:12:34 -0400","/home/alrier/Documents/Final_Results_15June2026/06_REALWORLD_EXTERNAL_BATTERY_40DATASETS/realworld_battery_40datasets_full_run/99_recovery_logs/downloads/RD_fpp2_calls_auto.csv","0874432b5d2f33c21c01a18efc6a8b2e","rdatasets_auto_numeric","x","raw_auto_numeric","auto_numeric_column; rdatasets_rows=27716; rdatasets_n_numeric=1","empirical_public",27716,-0.105503968395304,-1.11074687121642,"strictly_positive",192.078979650743,TRUE,NA,"Rdatasets public catalog: fpp2 calls - Call volume for a large North American bank ; doc=https://vincentarelbundock.github.io/Rdatasets/doc/fpp2/calls.html","V5_audit_ready",TRUE,"Pre-registered empirical profile gate: bounded/proportion by hint/domain; zero-inflated/count by hint/domain; normal_like when abs(skew)<=0.50 and excess_kurtosis<=1.00; heavy_tail_symmetric when abs(skew)<=1.00 and excess_kurtosis>3.00; lognormal_like when skew>1.00 with positive support; weibull_like when skew>0.50 with positive support; otherwise empirical_unknown.","profile_preregistered",TRUE,"paired bootstrap aligned to the same reported gain statistic",TRUE,"Benjamini-Hochberg FDR is computed at dataset level on external_dataset_level_decisions.csv for primary eligible in-regime rows only. Primary alpha=0.05; secondary sensitivity alpha=0.1.","01_results_basic contains compact final results; 02_reports contains generated report files; 03_audit_ready contains full provenance, decisions, oracle audit, and split CSVs; 98_discarded_nonfinal is reserved for obsolete or nonfinal byproducts; 99_recovery_logs contains downloads, checkpoints, temporary recovery outputs, and logs.",0.005,10,TRUE,TRUE
"RD_fpp3_us_employment_auto","RD_fpp3_us_employment_auto","primary_dataset",FALSE,FALSE,"skipped_profile_quota","profile quota reached for lognormal_like","Rdatasets","lognormal_like","rdatasets_fpp3","https://vincentarelbundock.github.io/Rdatasets/csv/fpp3/us_employment.csv","2026-06-16 00:21:10 -0400","/home/alrier/Documents/Final_Results_15June2026/06_REALWORLD_EXTERNAL_BATTERY_40DATASETS/realworld_battery_40datasets_full_run/99_recovery_logs/downloads/RD_fpp3_us_employment_auto.csv","2516f555a9d8b8587517962e98df47fb","rdatasets_auto_numeric","Employed","raw_auto_numeric","auto_numeric_column; rdatasets_rows=143412; rdatasets_n_numeric=1","empirical_public",72339,5.40370237730669,32.8401559127691,"strictly_positive",6163.42916683946,TRUE,NA,"Rdatasets public catalog: fpp3 us_employment - US monthly employment data ; doc=https://vincentarelbundock.github.io/Rdatasets/doc/fpp3/us_employment.html","V5_audit_ready",TRUE,"Pre-registered empirical profile gate: bounded/proportion by hint/domain; zero-inflated/count by hint/domain; normal_like when abs(skew)<=0.50 and excess_kurtosis<=1.00; heavy_tail_symmetric when abs(skew)<=1.00 and excess_kurtosis>3.00; lognormal_like when skew>1.00 with positive support; weibull_like when skew>0.50 with positive support; otherwise empirical_unknown.","profile_preregistered",TRUE,"paired bootstrap aligned to the same reported gain statistic",TRUE,"Benjamini-Hochberg FDR is computed at dataset level on external_dataset_level_decisions.csv for primary eligible in-regime rows only. Primary alpha=0.05; secondary sensitivity alpha=0.1.","01_results_basic contains compact final results; 02_reports contains generated report files; 03_audit_ready contains full provenance, decisions, oracle audit, and split CSVs; 98_discarded_nonfinal is reserved for obsolete or nonfinal byproducts; 99_recovery_logs contains downloads, checkpoints, temporary recovery outputs, and logs.",0.005,10,TRUE,TRUE
"RD_gapminder_gapminder_unfiltered_auto","RD_gapminder_gapminder_unfiltered_auto","primary_dataset",FALSE,FALSE,"skipped_profile_quota","profile quota reached for lognormal_like","Rdatasets","lognormal_like","rdatasets_gapminder","https://vincentarelbundock.github.io/Rdatasets/csv/gapminder/gapminder_unfiltered.csv","2026-06-16 00:21:14 -0400","/home/alrier/Documents/Final_Results_15June2026/06_REALWORLD_EXTERNAL_BATTERY_40DATASETS/realworld_battery_40datasets_full_run/99_recovery_logs/downloads/RD_gapminder_gapminder_unfiltered_auto.csv","ebf5c7308eed8dcbcd2f3bcb03c2bc66","rdatasets_auto_numeric","pop","raw_auto_numeric","auto_numeric_column; rdatasets_rows=3313; rdatasets_n_numeric=4","empirical_public",3313,7.44292274099457,63.4696268280443,"strictly_positive",31773251.4071838,TRUE,NA,"Rdatasets public catalog: gapminder gapminder_unfiltered - Gapminder data, unfiltered. ; doc=https://vincentarelbundock.github.io/Rdatasets/doc/gapminder/gapminder_unfiltered.html","V5_audit_ready",TRUE,"Pre-registered empirical profile gate: bounded/proportion by hint/domain; zero-inflated/count by hint/domain; normal_like when abs(skew)<=0.50 and excess_kurtosis<=1.00; heavy_tail_symmetric when abs(skew)<=1.00 and excess_kurtosis>3.00; lognormal_like when skew>1.00 with positive support; weibull_like when skew>0.50 with positive support; otherwise empirical_unknown.","profile_preregistered",TRUE,"paired bootstrap aligned to the same reported gain statistic",TRUE,"Benjamini-Hochberg FDR is computed at dataset level on external_dataset_level_decisions.csv for primary eligible in-regime rows only. Primary alpha=0.05; secondary sensitivity alpha=0.1.","01_results_basic contains compact final results; 02_reports contains generated report files; 03_audit_ready contains full provenance, decisions, oracle audit, and split CSVs; 98_discarded_nonfinal is reserved for obsolete or nonfinal byproducts; 99_recovery_logs contains downloads, checkpoints, temporary recovery outputs, and logs.",0.005,10,TRUE,TRUE
"RD_geepack_muscatine_auto","RD_geepack_muscatine_auto","primary_dataset",FALSE,FALSE,"load_failed","no_valid_numeric_column","Rdatasets","load_failed","rdatasets_geepack","https://vincentarelbundock.github.io/Rdatasets/csv/geepack/muscatine.csv","2026-06-16 00:21:16 -0400","/home/alrier/Documents/Final_Results_15June2026/06_REALWORLD_EXTERNAL_BATTERY_40DATASETS/realworld_battery_40datasets_full_run/99_recovery_logs/downloads/RD_geepack_muscatine_auto.csv","bb0d410405f4b25677fe3a705da0cc35","rdatasets_auto_numeric","__auto_numeric__","raw","auto_numeric_column; rdatasets_rows=14568; rdatasets_n_numeric=5","empirical_public",0,NA,NA,"failed",NA,FALSE,"no_valid_numeric_column","Rdatasets public catalog: geepack muscatine - Data on Obesity from the Muscatine Coronary Risk Factor Study. ; doc=https://vincentarelbundock.github.io/Rdatasets/doc/geepack/muscatine.html","V5_audit_ready",TRUE,"Pre-registered empirical profile gate: bounded/proportion by hint/domain; zero-inflated/count by hint/domain; normal_like when abs(skew)<=0.50 and excess_kurtosis<=1.00; heavy_tail_symmetric when abs(skew)<=1.00 and excess_kurtosis>3.00; lognormal_like when skew>1.00 with positive support; weibull_like when skew>0.50 with positive support; otherwise empirical_unknown.","profile_preregistered",TRUE,"paired bootstrap aligned to the same reported gain statistic",TRUE,"Benjamini-Hochberg FDR is computed at dataset level on external_dataset_level_decisions.csv for primary eligible in-regime rows only. Primary alpha=0.05; secondary sensitivity alpha=0.1.","01_results_basic contains compact final results; 02_reports contains generated report files; 03_audit_ready contains full provenance, decisions, oracle audit, and split CSVs; 98_discarded_nonfinal is reserved for obsolete or nonfinal byproducts; 99_recovery_logs contains downloads, checkpoints, temporary recovery outputs, and logs.",0.005,10,TRUE,TRUE
"RD_generalCorr_da_auto","RD_generalCorr_da_auto","primary_dataset",FALSE,FALSE,"skipped_profile_quota","profile quota reached for lognormal_like","Rdatasets","lognormal_like","rdatasets_generalCorr","https://vincentarelbundock.github.io/Rdatasets/csv/generalCorr/da.csv","2026-06-16 00:21:19 -0400","/home/alrier/Documents/Final_Results_15June2026/06_REALWORLD_EXTERNAL_BATTERY_40DATASETS/realworld_battery_40datasets_full_run/99_recovery_logs/downloads/RD_generalCorr_da_auto.csv","fd3e77f84baf20c6e3bb0dab2cb66dc6","rdatasets_auto_numeric","TVSPPRM","raw_auto_numeric","auto_numeric_column; rdatasets_rows=1176; rdatasets_n_numeric=49","empirical_public",1176,6.01472452476944,38.1993276488988,"contains_nonpositive",0.180816326530612,TRUE,NA,"Rdatasets public catalog: generalCorr da - internal da ; doc=https://vincentarelbundock.github.io/Rdatasets/doc/generalCorr/da.html","V5_audit_ready",TRUE,"Pre-registered empirical profile gate: bounded/proportion by hint/domain; zero-inflated/count by hint/domain; normal_like when abs(skew)<=0.50 and excess_kurtosis<=1.00; heavy_tail_symmetric when abs(skew)<=1.00 and excess_kurtosis>3.00; lognormal_like when skew>1.00 with positive support; weibull_like when skew>0.50 with positive support; otherwise empirical_unknown.","profile_preregistered",TRUE,"paired bootstrap aligned to the same reported gain statistic",TRUE,"Benjamini-Hochberg FDR is computed at dataset level on external_dataset_level_decisions.csv for primary eligible in-regime rows only. Primary alpha=0.05; secondary sensitivity alpha=0.1.","01_results_basic contains compact final results; 02_reports contains generated report files; 03_audit_ready contains full provenance, decisions, oracle audit, and split CSVs; 98_discarded_nonfinal is reserved for obsolete or nonfinal byproducts; 99_recovery_logs contains downloads, checkpoints, temporary recovery outputs, and logs.",0.005,10,TRUE,TRUE
"RD_ggplot2_diamonds_auto","RD_ggplot2_diamonds_auto","primary_dataset",FALSE,FALSE,"skipped_profile_quota","profile quota reached for lognormal_like","Rdatasets","lognormal_like","rdatasets_ggplot2","https://vincentarelbundock.github.io/Rdatasets/csv/ggplot2/diamonds.csv","2026-06-16 00:21:22 -0400","/home/alrier/Documents/Final_Results_15June2026/06_REALWORLD_EXTERNAL_BATTERY_40DATASETS/realworld_battery_40datasets_full_run/99_recovery_logs/downloads/RD_ggplot2_diamonds_auto.csv","6e8aa7aa17fc017fca5324415bc09c20","rdatasets_auto_numeric","price","raw_auto_numeric","auto_numeric_column; rdatasets_rows=53940; rdatasets_n_numeric=7","empirical_public",53940,1.61830527363487,2.17719070262441,"strictly_positive",3932.79972191324,TRUE,NA,"Rdatasets public catalog: ggplot2 diamonds - Prices of over 50,000 round cut diamonds ; doc=https://vincentarelbundock.github.io/Rdatasets/doc/ggplot2/diamonds.html","V5_audit_ready",TRUE,"Pre-registered empirical profile gate: bounded/proportion by hint/domain; zero-inflated/count by hint/domain; normal_like when abs(skew)<=0.50 and excess_kurtosis<=1.00; heavy_tail_symmetric when abs(skew)<=1.00 and excess_kurtosis>3.00; lognormal_like when skew>1.00 with positive support; weibull_like when skew>0.50 with positive support; otherwise empirical_unknown.","profile_preregistered",TRUE,"paired bootstrap aligned to the same reported gain statistic",TRUE,"Benjamini-Hochberg FDR is computed at dataset level on external_dataset_level_decisions.csv for primary eligible in-regime rows only. Primary alpha=0.05; secondary sensitivity alpha=0.1.","01_results_basic contains compact final results; 02_reports contains generated report files; 03_audit_ready contains full provenance, decisions, oracle audit, and split CSVs; 98_discarded_nonfinal is reserved for obsolete or nonfinal byproducts; 99_recovery_logs contains downloads, checkpoints, temporary recovery outputs, and logs.",0.005,10,TRUE,TRUE
"RD_ggplot2movies_movies_auto","RD_ggplot2movies_movies_auto","primary_dataset",FALSE,FALSE,"skipped_profile_quota","profile quota reached for lognormal_like","Rdatasets","lognormal_like","rdatasets_ggplot2movies","https://vincentarelbundock.github.io/Rdatasets/csv/ggplot2movies/movies.csv","2026-06-16 00:21:25 -0400","/home/alrier/Documents/Final_Results_15June2026/06_REALWORLD_EXTERNAL_BATTERY_40DATASETS/realworld_battery_40datasets_full_run/99_recovery_logs/downloads/RD_ggplot2movies_movies_auto.csv","b52376c43b198f3e070efbd194e01980","rdatasets_auto_numeric","length","raw_auto_numeric","auto_numeric_column; rdatasets_rows=58788; rdatasets_n_numeric=22","empirical_public",58788,31.0728612120792,3341.86291834275,"strictly_positive",82.3378750765462,TRUE,NA,"Rdatasets public catalog: ggplot2movies movies - Movie information and user ratings from IMDB.com. ; doc=https://vincentarelbundock.github.io/Rdatasets/doc/ggplot2movies/movies.html","V5_audit_ready",TRUE,"Pre-registered empirical profile gate: bounded/proportion by hint/domain; zero-inflated/count by hint/domain; normal_like when abs(skew)<=0.50 and excess_kurtosis<=1.00; heavy_tail_symmetric when abs(skew)<=1.00 and excess_kurtosis>3.00; lognormal_like when skew>1.00 with positive support; weibull_like when skew>0.50 with positive support; otherwise empirical_unknown.","profile_preregistered",TRUE,"paired bootstrap aligned to the same reported gain statistic",TRUE,"Benjamini-Hochberg FDR is computed at dataset level on external_dataset_level_decisions.csv for primary eligible in-regime rows only. Primary alpha=0.05; secondary sensitivity alpha=0.1.","01_results_basic contains compact final results; 02_reports contains generated report files; 03_audit_ready contains full provenance, decisions, oracle audit, and split CSVs; 98_discarded_nonfinal is reserved for obsolete or nonfinal byproducts; 99_recovery_logs contains downloads, checkpoints, temporary recovery outputs, and logs.",0.005,10,TRUE,TRUE
"RD_gt_pizzaplace_auto","RD_gt_pizzaplace_auto","primary_dataset",TRUE,TRUE,"selected","selected_by_preregistered_breadth_quota","Rdatasets","normal_like","rdatasets_gt","https://vincentarelbundock.github.io/Rdatasets/csv/gt/pizzaplace.csv","2026-06-16 00:21:28 -0400","/home/alrier/Documents/Final_Results_15June2026/06_REALWORLD_EXTERNAL_BATTERY_40DATASETS/realworld_battery_40datasets_full_run/99_recovery_logs/downloads/RD_gt_pizzaplace_auto.csv","d17223f4fa00339e46503e8264fca779","rdatasets_auto_numeric","price","raw_auto_numeric","auto_numeric_column; rdatasets_rows=49574; rdatasets_n_numeric=1","empirical_public",49574,0.122920097998495,-0.594151931179657,"strictly_positive",16.4977619316577,TRUE,NA,"Rdatasets public catalog: gt pizzaplace - A year of pizza sales from a pizza place ; doc=https://vincentarelbundock.github.io/Rdatasets/doc/gt/pizzaplace.html","V5_audit_ready",TRUE,"Pre-registered empirical profile gate: bounded/proportion by hint/domain; zero-inflated/count by hint/domain; normal_like when abs(skew)<=0.50 and excess_kurtosis<=1.00; heavy_tail_symmetric when abs(skew)<=1.00 and excess_kurtosis>3.00; lognormal_like when skew>1.00 with positive support; weibull_like when skew>0.50 with positive support; otherwise empirical_unknown.","profile_preregistered",TRUE,"paired bootstrap aligned to the same reported gain statistic",TRUE,"Benjamini-Hochberg FDR is computed at dataset level on external_dataset_level_decisions.csv for primary eligible in-regime rows only. Primary alpha=0.05; secondary sensitivity alpha=0.1.","01_results_basic contains compact final results; 02_reports contains generated report files; 03_audit_ready contains full provenance, decisions, oracle audit, and split CSVs; 98_discarded_nonfinal is reserved for obsolete or nonfinal byproducts; 99_recovery_logs contains downloads, checkpoints, temporary recovery outputs, and logs.",0.005,10,TRUE,TRUE
"RD_heplots_AddHealth_auto","RD_heplots_AddHealth_auto","primary_dataset",FALSE,FALSE,"load_failed","no_valid_numeric_column","Rdatasets","load_failed","rdatasets_heplots","https://vincentarelbundock.github.io/Rdatasets/csv/heplots/AddHealth.csv","2026-06-16 00:32:41 -0400","/home/alrier/Documents/Final_Results_15June2026/06_REALWORLD_EXTERNAL_BATTERY_40DATASETS/realworld_battery_40datasets_full_run/99_recovery_logs/downloads/RD_heplots_AddHealth_auto.csv","b5bf9ed406700038aff7520873385929","rdatasets_auto_numeric","__auto_numeric__","raw","auto_numeric_column; rdatasets_rows=4344; rdatasets_n_numeric=2","empirical_public",0,NA,NA,"failed",NA,FALSE,"no_valid_numeric_column","Rdatasets public catalog: heplots AddHealth - Adolescent Mental Health Data ; doc=https://vincentarelbundock.github.io/Rdatasets/doc/heplots/AddHealth.html","V5_audit_ready",TRUE,"Pre-registered empirical profile gate: bounded/proportion by hint/domain; zero-inflated/count by hint/domain; normal_like when abs(skew)<=0.50 and excess_kurtosis<=1.00; heavy_tail_symmetric when abs(skew)<=1.00 and excess_kurtosis>3.00; lognormal_like when skew>1.00 with positive support; weibull_like when skew>0.50 with positive support; otherwise empirical_unknown.","profile_preregistered",TRUE,"paired bootstrap aligned to the same reported gain statistic",TRUE,"Benjamini-Hochberg FDR is computed at dataset level on external_dataset_level_decisions.csv for primary eligible in-regime rows only. Primary alpha=0.05; secondary sensitivity alpha=0.1.","01_results_basic contains compact final results; 02_reports contains generated report files; 03_audit_ready contains full provenance, decisions, oracle audit, and split CSVs; 98_discarded_nonfinal is reserved for obsolete or nonfinal byproducts; 99_recovery_logs contains downloads, checkpoints, temporary recovery outputs, and logs.",0.005,10,TRUE,TRUE
"RD_HistData_Pollen_auto","RD_HistData_Pollen_auto","primary_dataset",TRUE,TRUE,"selected","selected_by_preregistered_breadth_quota","Rdatasets","normal_like","rdatasets_HistData","https://vincentarelbundock.github.io/Rdatasets/csv/HistData/Pollen.csv","2026-06-16 00:32:44 -0400","/home/alrier/Documents/Final_Results_15June2026/06_REALWORLD_EXTERNAL_BATTERY_40DATASETS/realworld_battery_40datasets_full_run/99_recovery_logs/downloads/RD_HistData_Pollen_auto.csv","9ced6f9217533747b404db4f0bd859af","rdatasets_auto_numeric","ridge","raw_auto_numeric","auto_numeric_column; rdatasets_rows=3848; rdatasets_n_numeric=5","empirical_public",3848,-0.130478664691704,-0.0566946514799391,"contains_nonpositive",-0.00363664241164242,TRUE,NA,"Rdatasets public catalog: HistData Pollen - Pollen Data Challenge ; doc=https://vincentarelbundock.github.io/Rdatasets/doc/HistData/Pollen.html","V5_audit_ready",TRUE,"Pre-registered empirical profile gate: bounded/proportion by hint/domain; zero-inflated/count by hint/domain; normal_like when abs(skew)<=0.50 and excess_kurtosis<=1.00; heavy_tail_symmetric when abs(skew)<=1.00 and excess_kurtosis>3.00; lognormal_like when skew>1.00 with positive support; weibull_like when skew>0.50 with positive support; otherwise empirical_unknown.","profile_preregistered",TRUE,"paired bootstrap aligned to the same reported gain statistic",TRUE,"Benjamini-Hochberg FDR is computed at dataset level on external_dataset_level_decisions.csv for primary eligible in-regime rows only. Primary alpha=0.05; secondary sensitivity alpha=0.1.","01_results_basic contains compact final results; 02_reports contains generated report files; 03_audit_ready contains full provenance, decisions, oracle audit, and split CSVs; 98_discarded_nonfinal is reserved for obsolete or nonfinal byproducts; 99_recovery_logs contains downloads, checkpoints, temporary recovery outputs, and logs.",0.005,10,TRUE,TRUE
"RD_HLMdiag_wages_auto","RD_HLMdiag_wages_auto","primary_dataset",FALSE,FALSE,"skipped_profile_quota","profile quota reached for lognormal_like","Rdatasets","lognormal_like","rdatasets_HLMdiag","https://vincentarelbundock.github.io/Rdatasets/csv/HLMdiag/wages.csv","2026-06-16 00:40:05 -0400","/home/alrier/Documents/Final_Results_15June2026/06_REALWORLD_EXTERNAL_BATTERY_40DATASETS/realworld_battery_40datasets_full_run/99_recovery_logs/downloads/RD_HLMdiag_wages_auto.csv","2a588944c0887b28711690decffc59c8","rdatasets_auto_numeric","postexp","raw_auto_numeric","auto_numeric_column; rdatasets_rows=6402; rdatasets_n_numeric=12","empirical_public",6402,2.44268106315922,5.50396449293956,"contains_nonpositive",0.907643392689784,TRUE,NA,"Rdatasets public catalog: HLMdiag wages - Wages for male high school dropouts ; doc=https://vincentarelbundock.github.io/Rdatasets/doc/HLMdiag/wages.html","V5_audit_ready",TRUE,"Pre-registered empirical profile gate: bounded/proportion by hint/domain; zero-inflated/count by hint/domain; normal_like when abs(skew)<=0.50 and excess_kurtosis<=1.00; heavy_tail_symmetric when abs(skew)<=1.00 and excess_kurtosis>3.00; lognormal_like when skew>1.00 with positive support; weibull_like when skew>0.50 with positive support; otherwise empirical_unknown.","profile_preregistered",TRUE,"paired bootstrap aligned to the same reported gain statistic",TRUE,"Benjamini-Hochberg FDR is computed at dataset level on external_dataset_level_decisions.csv for primary eligible in-regime rows only. Primary alpha=0.05; secondary sensitivity alpha=0.1.","01_results_basic contains compact final results; 02_reports contains generated report files; 03_audit_ready contains full provenance, decisions, oracle audit, and split CSVs; 98_discarded_nonfinal is reserved for obsolete or nonfinal byproducts; 99_recovery_logs contains downloads, checkpoints, temporary recovery outputs, and logs.",0.005,10,TRUE,TRUE
"RD_HSAUR_Forbes2000_auto","RD_HSAUR_Forbes2000_auto","primary_dataset",FALSE,FALSE,"skipped_profile_quota","profile quota reached for lognormal_like","Rdatasets","lognormal_like","rdatasets_HSAUR","https://vincentarelbundock.github.io/Rdatasets/csv/HSAUR/Forbes2000.csv","2026-06-16 00:40:08 -0400","/home/alrier/Documents/Final_Results_15June2026/06_REALWORLD_EXTERNAL_BATTERY_40DATASETS/realworld_battery_40datasets_full_run/99_recovery_logs/downloads/RD_HSAUR_Forbes2000_auto.csv","a5c04a1638d22e66c5de310918bb9e56","rdatasets_auto_numeric","assets","raw_auto_numeric","auto_numeric_column; rdatasets_rows=2000; rdatasets_n_numeric=5","empirical_public",2000,6.54012205892205,50.3846313911569,"strictly_positive",34.04185,TRUE,NA,"Rdatasets public catalog: HSAUR Forbes2000 - The Forbes 2000 Ranking of the World's Biggest Companies (Year 2004) ; doc=https://vincentarelbundock.github.io/Rdatasets/doc/HSAUR/Forbes2000.html","V5_audit_ready",TRUE,"Pre-registered empirical profile gate: bounded/proportion by hint/domain; zero-inflated/count by hint/domain; normal_like when abs(skew)<=0.50 and excess_kurtosis<=1.00; heavy_tail_symmetric when abs(skew)<=1.00 and excess_kurtosis>3.00; lognormal_like when skew>1.00 with positive support; weibull_like when skew>0.50 with positive support; otherwise empirical_unknown.","profile_preregistered",TRUE,"paired bootstrap aligned to the same reported gain statistic",TRUE,"Benjamini-Hochberg FDR is computed at dataset level on external_dataset_level_decisions.csv for primary eligible in-regime rows only. Primary alpha=0.05; secondary sensitivity alpha=0.1.","01_results_basic contains compact final results; 02_reports contains generated report files; 03_audit_ready contains full provenance, decisions, oracle audit, and split CSVs; 98_discarded_nonfinal is reserved for obsolete or nonfinal byproducts; 99_recovery_logs contains downloads, checkpoints, temporary recovery outputs, and logs.",0.005,10,TRUE,TRUE
"RD_insuranceData_ClaimsLong_auto","RD_insuranceData_ClaimsLong_auto","primary_dataset",FALSE,FALSE,"skipped_profile_quota","profile quota reached for lognormal_like","Rdatasets","lognormal_like","rdatasets_insuranceData","https://vincentarelbundock.github.io/Rdatasets/csv/insuranceData/ClaimsLong.csv","2026-06-16 00:40:11 -0400","/home/alrier/Documents/Final_Results_15June2026/06_REALWORLD_EXTERNAL_BATTERY_40DATASETS/realworld_battery_40datasets_full_run/99_recovery_logs/downloads/RD_insuranceData_ClaimsLong_auto.csv","7180ae8111dd7acc5fc96b072bad99bf","rdatasets_auto_numeric","numclaims","raw_auto_numeric","auto_numeric_column; rdatasets_rows=120000; rdatasets_n_numeric=6","empirical_public",120000,11.9186917840301,274.492758294544,"contains_nonpositive",0.242241666666667,TRUE,NA,"Rdatasets public catalog: insuranceData ClaimsLong - Claims Longitudinal ; doc=https://vincentarelbundock.github.io/Rdatasets/doc/insuranceData/ClaimsLong.html","V5_audit_ready",TRUE,"Pre-registered empirical profile gate: bounded/proportion by hint/domain; zero-inflated/count by hint/domain; normal_like when abs(skew)<=0.50 and excess_kurtosis<=1.00; heavy_tail_symmetric when abs(skew)<=1.00 and excess_kurtosis>3.00; lognormal_like when skew>1.00 with positive support; weibull_like when skew>0.50 with positive support; otherwise empirical_unknown.","profile_preregistered",TRUE,"paired bootstrap aligned to the same reported gain statistic",TRUE,"Benjamini-Hochberg FDR is computed at dataset level on external_dataset_level_decisions.csv for primary eligible in-regime rows only. Primary alpha=0.05; secondary sensitivity alpha=0.1.","01_results_basic contains compact final results; 02_reports contains generated report files; 03_audit_ready contains full provenance, decisions, oracle audit, and split CSVs; 98_discarded_nonfinal is reserved for obsolete or nonfinal byproducts; 99_recovery_logs contains downloads, checkpoints, temporary recovery outputs, and logs.",0.005,10,TRUE,TRUE
"RD_ipsRdbs_err_age_auto","RD_ipsRdbs_err_age_auto","primary_dataset",FALSE,FALSE,"skipped_profile_quota","profile quota reached for lognormal_like","Rdatasets","lognormal_like","rdatasets_ipsRdbs","https://vincentarelbundock.github.io/Rdatasets/csv/ipsRdbs/err_age.csv","2026-06-16 00:40:14 -0400","/home/alrier/Documents/Final_Results_15June2026/06_REALWORLD_EXTERNAL_BATTERY_40DATASETS/realworld_battery_40datasets_full_run/99_recovery_logs/downloads/RD_ipsRdbs_err_age_auto.csv","5dddb2574c8754eafe6e5878d850c7cb","rdatasets_auto_numeric","abs_error","raw_auto_numeric","auto_numeric_column; rdatasets_rows=550; rdatasets_n_numeric=8","empirical_public",550,1.37170098017946,1.26117063596083,"contains_nonpositive",5.33636363636364,TRUE,NA,"Rdatasets public catalog: ipsRdbs err_age - Errors in guessing ages of Southampton mathematicians ; doc=https://vincentarelbundock.github.io/Rdatasets/doc/ipsRdbs/err_age.html","V5_audit_ready",TRUE,"Pre-registered empirical profile gate: bounded/proportion by hint/domain; zero-inflated/count by hint/domain; normal_like when abs(skew)<=0.50 and excess_kurtosis<=1.00; heavy_tail_symmetric when abs(skew)<=1.00 and excess_kurtosis>3.00; lognormal_like when skew>1.00 with positive support; weibull_like when skew>0.50 with positive support; otherwise empirical_unknown.","profile_preregistered",TRUE,"paired bootstrap aligned to the same reported gain statistic",TRUE,"Benjamini-Hochberg FDR is computed at dataset level on external_dataset_level_decisions.csv for primary eligible in-regime rows only. Primary alpha=0.05; secondary sensitivity alpha=0.1.","01_results_basic contains compact final results; 02_reports contains generated report files; 03_audit_ready contains full provenance, decisions, oracle audit, and split CSVs; 98_discarded_nonfinal is reserved for obsolete or nonfinal byproducts; 99_recovery_logs contains downloads, checkpoints, temporary recovery outputs, and logs.",0.005,10,TRUE,TRUE
"RD_ISLR_Default_auto","RD_ISLR_Default_auto","primary_dataset",TRUE,TRUE,"selected","selected_by_preregistered_breadth_quota","Rdatasets","normal_like","rdatasets_ISLR","https://vincentarelbundock.github.io/Rdatasets/csv/ISLR/Default.csv","2026-06-16 00:40:17 -0400","/home/alrier/Documents/Final_Results_15June2026/06_REALWORLD_EXTERNAL_BATTERY_40DATASETS/realworld_battery_40datasets_full_run/99_recovery_logs/downloads/RD_ISLR_Default_auto.csv","32afe318b994172fdad9d8add0592d16","rdatasets_auto_numeric","balance","raw_auto_numeric","auto_numeric_column; rdatasets_rows=10000; rdatasets_n_numeric=2","empirical_public",10000,0.245991352359495,-0.355673617215853,"contains_nonpositive",835.374885612557,TRUE,NA,"Rdatasets public catalog: ISLR Default - Credit Card Default Data ; doc=https://vincentarelbundock.github.io/Rdatasets/doc/ISLR/Default.html","V5_audit_ready",TRUE,"Pre-registered empirical profile gate: bounded/proportion by hint/domain; zero-inflated/count by hint/domain; normal_like when abs(skew)<=0.50 and excess_kurtosis<=1.00; heavy_tail_symmetric when abs(skew)<=1.00 and excess_kurtosis>3.00; lognormal_like when skew>1.00 with positive support; weibull_like when skew>0.50 with positive support; otherwise empirical_unknown.","profile_preregistered",TRUE,"paired bootstrap aligned to the same reported gain statistic",TRUE,"Benjamini-Hochberg FDR is computed at dataset level on external_dataset_level_decisions.csv for primary eligible in-regime rows only. Primary alpha=0.05; secondary sensitivity alpha=0.1.","01_results_basic contains compact final results; 02_reports contains generated report files; 03_audit_ready contains full provenance, decisions, oracle audit, and split CSVs; 98_discarded_nonfinal is reserved for obsolete or nonfinal byproducts; 99_recovery_logs contains downloads, checkpoints, temporary recovery outputs, and logs.",0.005,10,TRUE,TRUE
"RD_itsadug_simdat_auto","RD_itsadug_simdat_auto","primary_dataset",FALSE,FALSE,"skipped_profile_quota","profile quota reached for normal_like","Rdatasets","normal_like","rdatasets_itsadug","https://vincentarelbundock.github.io/Rdatasets/csv/itsadug/simdat.csv","2026-06-16 00:47:53 -0400","/home/alrier/Documents/Final_Results_15June2026/06_REALWORLD_EXTERNAL_BATTERY_40DATASETS/realworld_battery_40datasets_full_run/99_recovery_logs/downloads/RD_itsadug_simdat_auto.csv","0bcad04a926065cca05e0f46a539bdf4","rdatasets_auto_numeric","Y","raw_auto_numeric","auto_numeric_column; rdatasets_rows=75600; rdatasets_n_numeric=4","empirical_public",75600,0.345008733119805,1.33020517033844,"contains_nonpositive",3.63899019462589,TRUE,NA,"Rdatasets public catalog: itsadug simdat - Simulated time series data. ; doc=https://vincentarelbundock.github.io/Rdatasets/doc/itsadug/simdat.html","V5_audit_ready",TRUE,"Pre-registered empirical profile gate: bounded/proportion by hint/domain; zero-inflated/count by hint/domain; normal_like when abs(skew)<=0.50 and excess_kurtosis<=1.00; heavy_tail_symmetric when abs(skew)<=1.00 and excess_kurtosis>3.00; lognormal_like when skew>1.00 with positive support; weibull_like when skew>0.50 with positive support; otherwise empirical_unknown.","profile_preregistered",TRUE,"paired bootstrap aligned to the same reported gain statistic",TRUE,"Benjamini-Hochberg FDR is computed at dataset level on external_dataset_level_decisions.csv for primary eligible in-regime rows only. Primary alpha=0.05; secondary sensitivity alpha=0.1.","01_results_basic contains compact final results; 02_reports contains generated report files; 03_audit_ready contains full provenance, decisions, oracle audit, and split CSVs; 98_discarded_nonfinal is reserved for obsolete or nonfinal byproducts; 99_recovery_logs contains downloads, checkpoints, temporary recovery outputs, and logs.",0.005,10,TRUE,TRUE
"RD_KMsurv_pneumon_auto","RD_KMsurv_pneumon_auto","primary_dataset",FALSE,FALSE,"skipped_profile_quota","profile quota reached for lognormal_like","Rdatasets","lognormal_like","rdatasets_KMsurv","https://vincentarelbundock.github.io/Rdatasets/csv/KMsurv/pneumon.csv","2026-06-16 00:47:57 -0400","/home/alrier/Documents/Final_Results_15June2026/06_REALWORLD_EXTERNAL_BATTERY_40DATASETS/realworld_battery_40datasets_full_run/99_recovery_logs/downloads/RD_KMsurv_pneumon_auto.csv","28c6c848f47180cb3709a388fbab4b69","rdatasets_auto_numeric","wmonth","raw_auto_numeric","auto_numeric_column; rdatasets_rows=3470; rdatasets_n_numeric=15","empirical_public",3470,2.6795358885755,8.39448015633273,"contains_nonpositive",1.92564841498559,TRUE,NA,"Rdatasets public catalog: KMsurv pneumon - data from Section 1.13 ; doc=https://vincentarelbundock.github.io/Rdatasets/doc/KMsurv/pneumon.html","V5_audit_ready",TRUE,"Pre-registered empirical profile gate: bounded/proportion by hint/domain; zero-inflated/count by hint/domain; normal_like when abs(skew)<=0.50 and excess_kurtosis<=1.00; heavy_tail_symmetric when abs(skew)<=1.00 and excess_kurtosis>3.00; lognormal_like when skew>1.00 with positive support; weibull_like when skew>0.50 with positive support; otherwise empirical_unknown.","profile_preregistered",TRUE,"paired bootstrap aligned to the same reported gain statistic",TRUE,"Benjamini-Hochberg FDR is computed at dataset level on external_dataset_level_decisions.csv for primary eligible in-regime rows only. Primary alpha=0.05; secondary sensitivity alpha=0.1.","01_results_basic contains compact final results; 02_reports contains generated report files; 03_audit_ready contains full provenance, decisions, oracle audit, and split CSVs; 98_discarded_nonfinal is reserved for obsolete or nonfinal byproducts; 99_recovery_logs contains downloads, checkpoints, temporary recovery outputs, and logs.",0.005,10,TRUE,TRUE
"RD_Lahman_Fielding_auto","RD_Lahman_Fielding_auto","primary_dataset",FALSE,FALSE,"skipped_profile_quota","profile quota reached for lognormal_like","Rdatasets","lognormal_like","rdatasets_Lahman","https://vincentarelbundock.github.io/Rdatasets/csv/Lahman/Fielding.csv","2026-06-16 00:47:59 -0400","/home/alrier/Documents/Final_Results_15June2026/06_REALWORLD_EXTERNAL_BATTERY_40DATASETS/realworld_battery_40datasets_full_run/99_recovery_logs/downloads/RD_Lahman_Fielding_auto.csv","349420a945a77c7b5793037adf246509","rdatasets_auto_numeric","PO","raw_auto_numeric","auto_numeric_column; rdatasets_rows=174332; rdatasets_n_numeric=14","empirical_public",173716,4.46998443982846,24.7970379707878,"contains_nonpositive",74.7383603122338,TRUE,NA,"Rdatasets public catalog: Lahman Fielding - Fielding table ; doc=https://vincentarelbundock.github.io/Rdatasets/doc/Lahman/Fielding.html","V5_audit_ready",TRUE,"Pre-registered empirical profile gate: bounded/proportion by hint/domain; zero-inflated/count by hint/domain; normal_like when abs(skew)<=0.50 and excess_kurtosis<=1.00; heavy_tail_symmetric when abs(skew)<=1.00 and excess_kurtosis>3.00; lognormal_like when skew>1.00 with positive support; weibull_like when skew>0.50 with positive support; otherwise empirical_unknown.","profile_preregistered",TRUE,"paired bootstrap aligned to the same reported gain statistic",TRUE,"Benjamini-Hochberg FDR is computed at dataset level on external_dataset_level_decisions.csv for primary eligible in-regime rows only. Primary alpha=0.05; secondary sensitivity alpha=0.1.","01_results_basic contains compact final results; 02_reports contains generated report files; 03_audit_ready contains full provenance, decisions, oracle audit, and split CSVs; 98_discarded_nonfinal is reserved for obsolete or nonfinal byproducts; 99_recovery_logs contains downloads, checkpoints, temporary recovery outputs, and logs.",0.005,10,TRUE,TRUE
"RD_lattice_USRegionalMortality_auto","RD_lattice_USRegionalMortality_auto","primary_dataset",FALSE,FALSE,"skipped_profile_quota","profile quota reached for lognormal_like","Rdatasets","lognormal_like","rdatasets_lattice","https://vincentarelbundock.github.io/Rdatasets/csv/lattice/USRegionalMortality.csv","2026-06-16 00:48:04 -0400","/home/alrier/Documents/Final_Results_15June2026/06_REALWORLD_EXTERNAL_BATTERY_40DATASETS/realworld_battery_40datasets_full_run/99_recovery_logs/downloads/RD_lattice_USRegionalMortality_auto.csv","5fc61c735537bce295fd8bb053eca77d","rdatasets_auto_numeric","Rate","raw_auto_numeric","auto_numeric_column; rdatasets_rows=400; rdatasets_n_numeric=2","empirical_public",400,1.62990026006832,1.40835742486626,"strictly_positive",56.90675,TRUE,NA,"Rdatasets public catalog: lattice USRegionalMortality - Mortality Rates in US by Cause and Gender ; doc=https://vincentarelbundock.github.io/Rdatasets/doc/lattice/USRegionalMortality.html","V5_audit_ready",TRUE,"Pre-registered empirical profile gate: bounded/proportion by hint/domain; zero-inflated/count by hint/domain; normal_like when abs(skew)<=0.50 and excess_kurtosis<=1.00; heavy_tail_symmetric when abs(skew)<=1.00 and excess_kurtosis>3.00; lognormal_like when skew>1.00 with positive support; weibull_like when skew>0.50 with positive support; otherwise empirical_unknown.","profile_preregistered",TRUE,"paired bootstrap aligned to the same reported gain statistic",TRUE,"Benjamini-Hochberg FDR is computed at dataset level on external_dataset_level_decisions.csv for primary eligible in-regime rows only. Primary alpha=0.05; secondary sensitivity alpha=0.1.","01_results_basic contains compact final results; 02_reports contains generated report files; 03_audit_ready contains full provenance, decisions, oracle audit, and split CSVs; 98_discarded_nonfinal is reserved for obsolete or nonfinal byproducts; 99_recovery_logs contains downloads, checkpoints, temporary recovery outputs, and logs.",0.005,10,TRUE,TRUE
"RD_lme4_InstEval_auto","RD_lme4_InstEval_auto","primary_dataset",FALSE,FALSE,"skipped_profile_quota","profile quota reached for normal_like","Rdatasets","normal_like","rdatasets_lme4","https://vincentarelbundock.github.io/Rdatasets/csv/lme4/InstEval.csv","2026-06-16 00:48:07 -0400","/home/alrier/Documents/Final_Results_15June2026/06_REALWORLD_EXTERNAL_BATTERY_40DATASETS/realworld_battery_40datasets_full_run/99_recovery_logs/downloads/RD_lme4_InstEval_auto.csv","3550ddb7128055fdb7af2a5ca1b7ef02","rdatasets_auto_numeric","s","raw_auto_numeric","auto_numeric_column; rdatasets_rows=73421; rdatasets_n_numeric=1","empirical_public",73421,-0.000985794067006201,-1.19192066424309,"strictly_positive",1482.59192873973,TRUE,NA,"Rdatasets public catalog: lme4 InstEval - University Lecture/Instructor Evaluations by Students at ETH ; doc=https://vincentarelbundock.github.io/Rdatasets/doc/lme4/InstEval.html","V5_audit_ready",TRUE,"Pre-registered empirical profile gate: bounded/proportion by hint/domain; zero-inflated/count by hint/domain; normal_like when abs(skew)<=0.50 and excess_kurtosis<=1.00; heavy_tail_symmetric when abs(skew)<=1.00 and excess_kurtosis>3.00; lognormal_like when skew>1.00 with positive support; weibull_like when skew>0.50 with positive support; otherwise empirical_unknown.","profile_preregistered",TRUE,"paired bootstrap aligned to the same reported gain statistic",TRUE,"Benjamini-Hochberg FDR is computed at dataset level on external_dataset_level_decisions.csv for primary eligible in-regime rows only. Primary alpha=0.05; secondary sensitivity alpha=0.1.","01_results_basic contains compact final results; 02_reports contains generated report files; 03_audit_ready contains full provenance, decisions, oracle audit, and split CSVs; 98_discarded_nonfinal is reserved for obsolete or nonfinal byproducts; 99_recovery_logs contains downloads, checkpoints, temporary recovery outputs, and logs.",0.005,10,TRUE,TRUE
"RD_MASS_Aids2_auto","RD_MASS_Aids2_auto","primary_dataset",TRUE,TRUE,"selected","selected_by_preregistered_breadth_quota","Rdatasets","empirical_unknown","rdatasets_MASS","https://vincentarelbundock.github.io/Rdatasets/csv/MASS/Aids2.csv","2026-06-16 00:48:10 -0400","/home/alrier/Documents/Final_Results_15June2026/06_REALWORLD_EXTERNAL_BATTERY_40DATASETS/realworld_battery_40datasets_full_run/99_recovery_logs/downloads/RD_MASS_Aids2_auto.csv","f37d23274c677718a6713f7b53c8864d","rdatasets_auto_numeric","death","raw_auto_numeric","auto_numeric_column; rdatasets_rows=2843; rdatasets_n_numeric=3","empirical_public",2843,-1.19936307516228,0.557379457121342,"strictly_positive",10990.2588814632,TRUE,NA,"Rdatasets public catalog: MASS Aids2 - Australian AIDS Survival Data ; doc=https://vincentarelbundock.github.io/Rdatasets/doc/MASS/Aids2.html","V5_audit_ready",TRUE,"Pre-registered empirical profile gate: bounded/proportion by hint/domain; zero-inflated/count by hint/domain; normal_like when abs(skew)<=0.50 and excess_kurtosis<=1.00; heavy_tail_symmetric when abs(skew)<=1.00 and excess_kurtosis>3.00; lognormal_like when skew>1.00 with positive support; weibull_like when skew>0.50 with positive support; otherwise empirical_unknown.","profile_preregistered",TRUE,"paired bootstrap aligned to the same reported gain statistic",TRUE,"Benjamini-Hochberg FDR is computed at dataset level on external_dataset_level_decisions.csv for primary eligible in-regime rows only. Primary alpha=0.05; secondary sensitivity alpha=0.1.","01_results_basic contains compact final results; 02_reports contains generated report files; 03_audit_ready contains full provenance, decisions, oracle audit, and split CSVs; 98_discarded_nonfinal is reserved for obsolete or nonfinal byproducts; 99_recovery_logs contains downloads, checkpoints, temporary recovery outputs, and logs.",0.005,10,TRUE,TRUE
"RD_MatchIt_lalonde_auto","RD_MatchIt_lalonde_auto","primary_dataset",FALSE,FALSE,"skipped_profile_quota","profile quota reached for lognormal_like","Rdatasets","lognormal_like","rdatasets_MatchIt","https://vincentarelbundock.github.io/Rdatasets/csv/MatchIt/lalonde.csv","2026-06-16 00:48:10 -0400","/home/alrier/Documents/Final_Results_15June2026/06_REALWORLD_EXTERNAL_BATTERY_40DATASETS/realworld_battery_40datasets_full_run/99_recovery_logs/downloads/RD_MatchIt_lalonde_auto.csv","6adf1a8f610b6cc408bbc058f1ff8abe","rdatasets_auto_numeric","re75","raw_auto_numeric","auto_numeric_column; rdatasets_rows=614; rdatasets_n_numeric=8","empirical_public",614,2.29173049792523,7.13416549059844,"contains_nonpositive",2184.93820708469,TRUE,NA,"Rdatasets public catalog: MatchIt lalonde - Data from National Supported Work Demonstration and PSID, as analyzed by Dehejia and Wahba (1999). ; doc=https://vincentarelbundock.github.io/Rdatasets/doc/MatchIt/lalonde.html","V5_audit_ready",TRUE,"Pre-registered empirical profile gate: bounded/proportion by hint/domain; zero-inflated/count by hint/domain; normal_like when abs(skew)<=0.50 and excess_kurtosis<=1.00; heavy_tail_symmetric when abs(skew)<=1.00 and excess_kurtosis>3.00; lognormal_like when skew>1.00 with positive support; weibull_like when skew>0.50 with positive support; otherwise empirical_unknown.","profile_preregistered",TRUE,"paired bootstrap aligned to the same reported gain statistic",TRUE,"Benjamini-Hochberg FDR is computed at dataset level on external_dataset_level_decisions.csv for primary eligible in-regime rows only. Primary alpha=0.05; secondary sensitivity alpha=0.1.","01_results_basic contains compact final results; 02_reports contains generated report files; 03_audit_ready contains full provenance, decisions, oracle audit, and split CSVs; 98_discarded_nonfinal is reserved for obsolete or nonfinal byproducts; 99_recovery_logs contains downloads, checkpoints, temporary recovery outputs, and logs.",0.005,10,TRUE,TRUE
"RD_MedDataSets_covid19sf_hospital_df_auto","RD_MedDataSets_covid19sf_hospital_df_auto","primary_dataset",FALSE,FALSE,"skipped_profile_quota","profile quota reached for lognormal_like","Rdatasets","lognormal_like","rdatasets_MedDataSets","https://vincentarelbundock.github.io/Rdatasets/csv/MedDataSets/covid19sf_hospital_df.csv","2026-06-16 00:48:13 -0400","/home/alrier/Documents/Final_Results_15June2026/06_REALWORLD_EXTERNAL_BATTERY_40DATASETS/realworld_battery_40datasets_full_run/99_recovery_logs/downloads/RD_MedDataSets_covid19sf_hospital_df_auto.csv","6d68b315bb78a6e3670ec067f2acf668","rdatasets_auto_numeric","count","raw_auto_numeric","auto_numeric_column; rdatasets_rows=4514; rdatasets_n_numeric=1","empirical_public",4514,1.77449506132768,2.36196706118211,"contains_nonpositive",258.226185201595,TRUE,NA,"Rdatasets public catalog: MedDataSets covid19sf_hospital_df - San Francisco COVID-19 Hospital Capacity ; doc=https://vincentarelbundock.github.io/Rdatasets/doc/MedDataSets/covid19sf_hospital_df.html","V5_audit_ready",TRUE,"Pre-registered empirical profile gate: bounded/proportion by hint/domain; zero-inflated/count by hint/domain; normal_like when abs(skew)<=0.50 and excess_kurtosis<=1.00; heavy_tail_symmetric when abs(skew)<=1.00 and excess_kurtosis>3.00; lognormal_like when skew>1.00 with positive support; weibull_like when skew>0.50 with positive support; otherwise empirical_unknown.","profile_preregistered",TRUE,"paired bootstrap aligned to the same reported gain statistic",TRUE,"Benjamini-Hochberg FDR is computed at dataset level on external_dataset_level_decisions.csv for primary eligible in-regime rows only. Primary alpha=0.05; secondary sensitivity alpha=0.1.","01_results_basic contains compact final results; 02_reports contains generated report files; 03_audit_ready contains full provenance, decisions, oracle audit, and split CSVs; 98_discarded_nonfinal is reserved for obsolete or nonfinal byproducts; 99_recovery_logs contains downloads, checkpoints, temporary recovery outputs, and logs.",0.005,10,TRUE,TRUE
"RD_mediation_student_auto","RD_mediation_student_auto","primary_dataset",TRUE,TRUE,"selected","selected_by_preregistered_breadth_quota","Rdatasets","empirical_unknown","rdatasets_mediation","https://vincentarelbundock.github.io/Rdatasets/csv/mediation/student.csv","2026-06-16 00:48:16 -0400","/home/alrier/Documents/Final_Results_15June2026/06_REALWORLD_EXTERNAL_BATTERY_40DATASETS/realworld_battery_40datasets_full_run/99_recovery_logs/downloads/RD_mediation_student_auto.csv","623e4c04a50a0608d992cdff46b0a346","rdatasets_auto_numeric","income","raw_auto_numeric","auto_numeric_column; rdatasets_rows=9679; rdatasets_n_numeric=13","empirical_public",9679,-0.790467969056619,0.71763256524562,"strictly_positive",9.25839446223783,TRUE,NA,"Rdatasets public catalog: mediation student - Hypothetical student-level data ; doc=https://vincentarelbundock.github.io/Rdatasets/doc/mediation/student.html","V5_audit_ready",TRUE,"Pre-registered empirical profile gate: bounded/proportion by hint/domain; zero-inflated/count by hint/domain; normal_like when abs(skew)<=0.50 and excess_kurtosis<=1.00; heavy_tail_symmetric when abs(skew)<=1.00 and excess_kurtosis>3.00; lognormal_like when skew>1.00 with positive support; weibull_like when skew>0.50 with positive support; otherwise empirical_unknown.","profile_preregistered",TRUE,"paired bootstrap aligned to the same reported gain statistic",TRUE,"Benjamini-Hochberg FDR is computed at dataset level on external_dataset_level_decisions.csv for primary eligible in-regime rows only. Primary alpha=0.05; secondary sensitivity alpha=0.1.","01_results_basic contains compact final results; 02_reports contains generated report files; 03_audit_ready contains full provenance, decisions, oracle audit, and split CSVs; 98_discarded_nonfinal is reserved for obsolete or nonfinal byproducts; 99_recovery_logs contains downloads, checkpoints, temporary recovery outputs, and logs.",0.005,10,TRUE,TRUE
"RD_medicaldata_covid_testing_auto","RD_medicaldata_covid_testing_auto","primary_dataset",FALSE,FALSE,"skipped_profile_quota","profile quota reached for lognormal_like","Rdatasets","lognormal_like","rdatasets_medicaldata","https://vincentarelbundock.github.io/Rdatasets/csv/medicaldata/covid_testing.csv","2026-06-16 00:48:16 -0400","/home/alrier/Documents/Final_Results_15June2026/06_REALWORLD_EXTERNAL_BATTERY_40DATASETS/realworld_battery_40datasets_full_run/99_recovery_logs/downloads/RD_medicaldata_covid_testing_auto.csv","51068a5b31359bc753da2723c4d209a2","rdatasets_auto_numeric","col_rec_tat","raw_auto_numeric","auto_numeric_column; rdatasets_rows=15524; rdatasets_n_numeric=8","empirical_public",15524,124.356551252319,15480.9640864875,"contains_nonpositive",7.22146998196341,TRUE,NA,"Rdatasets public catalog: medicaldata covid_testing - Deidentified Results of COVID-19 testing at the Children's Hospital of Pennsylvania (CHOP) in 2020 ; doc=https://vincentarelbundock.github.io/Rdatasets/doc/medicaldata/covid_testing.html","V5_audit_ready",TRUE,"Pre-registered empirical profile gate: bounded/proportion by hint/domain; zero-inflated/count by hint/domain; normal_like when abs(skew)<=0.50 and excess_kurtosis<=1.00; heavy_tail_symmetric when abs(skew)<=1.00 and excess_kurtosis>3.00; lognormal_like when skew>1.00 with positive support; weibull_like when skew>0.50 with positive support; otherwise empirical_unknown.","profile_preregistered",TRUE,"paired bootstrap aligned to the same reported gain statistic",TRUE,"Benjamini-Hochberg FDR is computed at dataset level on external_dataset_level_decisions.csv for primary eligible in-regime rows only. Primary alpha=0.05; secondary sensitivity alpha=0.1.","01_results_basic contains compact final results; 02_reports contains generated report files; 03_audit_ready contains full provenance, decisions, oracle audit, and split CSVs; 98_discarded_nonfinal is reserved for obsolete or nonfinal byproducts; 99_recovery_logs contains downloads, checkpoints, temporary recovery outputs, and logs.",0.005,10,TRUE,TRUE
"RD_mi_CHAIN_auto","RD_mi_CHAIN_auto","primary_dataset",FALSE,FALSE,"skipped_profile_quota","profile quota reached for normal_like","Rdatasets","normal_like","rdatasets_mi","https://vincentarelbundock.github.io/Rdatasets/csv/mi/CHAIN.csv","2026-06-16 00:48:19 -0400","/home/alrier/Documents/Final_Results_15June2026/06_REALWORLD_EXTERNAL_BATTERY_40DATASETS/realworld_battery_40datasets_full_run/99_recovery_logs/downloads/RD_mi_CHAIN_auto.csv","6ebc45e1692ea068316753aba46fec00","rdatasets_auto_numeric","healthy","raw_auto_numeric","auto_numeric_column; rdatasets_rows=532; rdatasets_n_numeric=7","empirical_public",508,-0.315828771041656,-0.93903999096325,"strictly_positive",44.4007449226969,TRUE,NA,"Rdatasets public catalog: mi CHAIN - Subset of variables from the CHAIN project ; doc=https://vincentarelbundock.github.io/Rdatasets/doc/mi/CHAIN.html","V5_audit_ready",TRUE,"Pre-registered empirical profile gate: bounded/proportion by hint/domain; zero-inflated/count by hint/domain; normal_like when abs(skew)<=0.50 and excess_kurtosis<=1.00; heavy_tail_symmetric when abs(skew)<=1.00 and excess_kurtosis>3.00; lognormal_like when skew>1.00 with positive support; weibull_like when skew>0.50 with positive support; otherwise empirical_unknown.","profile_preregistered",TRUE,"paired bootstrap aligned to the same reported gain statistic",TRUE,"Benjamini-Hochberg FDR is computed at dataset level on external_dataset_level_decisions.csv for primary eligible in-regime rows only. Primary alpha=0.05; secondary sensitivity alpha=0.1.","01_results_basic contains compact final results; 02_reports contains generated report files; 03_audit_ready contains full provenance, decisions, oracle audit, and split CSVs; 98_discarded_nonfinal is reserved for obsolete or nonfinal byproducts; 99_recovery_logs contains downloads, checkpoints, temporary recovery outputs, and logs.",0.005,10,TRUE,TRUE
"RD_MLDataR_stroke_classification_auto","RD_MLDataR_stroke_classification_auto","primary_dataset",FALSE,FALSE,"skipped_profile_quota","profile quota reached for lognormal_like","Rdatasets","lognormal_like","rdatasets_MLDataR","https://vincentarelbundock.github.io/Rdatasets/csv/MLDataR/stroke_classification.csv","2026-06-16 00:48:22 -0400","/home/alrier/Documents/Final_Results_15June2026/06_REALWORLD_EXTERNAL_BATTERY_40DATASETS/realworld_battery_40datasets_full_run/99_recovery_logs/downloads/RD_MLDataR_stroke_classification_auto.csv","347d1ef020c6e4af01c61be3164ba459","rdatasets_auto_numeric","avg_glucose_level","raw_auto_numeric","auto_numeric_column; rdatasets_rows=5110; rdatasets_n_numeric=10","empirical_public",5110,1.57136092399341,1.67583014056761,"strictly_positive",106.147677103718,TRUE,NA,"Rdatasets public catalog: MLDataR stroke_classification - Stroke Classification dataset ; doc=https://vincentarelbundock.github.io/Rdatasets/doc/MLDataR/stroke_classification.html","V5_audit_ready",TRUE,"Pre-registered empirical profile gate: bounded/proportion by hint/domain; zero-inflated/count by hint/domain; normal_like when abs(skew)<=0.50 and excess_kurtosis<=1.00; heavy_tail_symmetric when abs(skew)<=1.00 and excess_kurtosis>3.00; lognormal_like when skew>1.00 with positive support; weibull_like when skew>0.50 with positive support; otherwise empirical_unknown.","profile_preregistered",TRUE,"paired bootstrap aligned to the same reported gain statistic",TRUE,"Benjamini-Hochberg FDR is computed at dataset level on external_dataset_level_decisions.csv for primary eligible in-regime rows only. Primary alpha=0.05; secondary sensitivity alpha=0.1.","01_results_basic contains compact final results; 02_reports contains generated report files; 03_audit_ready contains full provenance, decisions, oracle audit, and split CSVs; 98_discarded_nonfinal is reserved for obsolete or nonfinal byproducts; 99_recovery_logs contains downloads, checkpoints, temporary recovery outputs, and logs.",0.005,10,TRUE,TRUE
"RD_mlmRev_Chem97_auto","RD_mlmRev_Chem97_auto","primary_dataset",FALSE,FALSE,"skipped_profile_quota","profile quota reached for normal_like","Rdatasets","normal_like","rdatasets_mlmRev","https://vincentarelbundock.github.io/Rdatasets/csv/mlmRev/Chem97.csv","2026-06-16 00:48:25 -0400","/home/alrier/Documents/Final_Results_15June2026/06_REALWORLD_EXTERNAL_BATTERY_40DATASETS/realworld_battery_40datasets_full_run/99_recovery_logs/downloads/RD_mlmRev_Chem97_auto.csv","84fb309a7ead9d71b0639cdfdf0303c2","rdatasets_auto_numeric","school","raw_auto_numeric","auto_numeric_column; rdatasets_rows=31022; rdatasets_n_numeric=4","empirical_public",31022,0.149733688772705,-1.15493352420355,"strictly_positive",1171.74798530075,TRUE,NA,"Rdatasets public catalog: mlmRev Chem97 - Scores on A-level Chemistry in 1997 ; doc=https://vincentarelbundock.github.io/Rdatasets/doc/mlmRev/Chem97.html","V5_audit_ready",TRUE,"Pre-registered empirical profile gate: bounded/proportion by hint/domain; zero-inflated/count by hint/domain; normal_like when abs(skew)<=0.50 and excess_kurtosis<=1.00; heavy_tail_symmetric when abs(skew)<=1.00 and excess_kurtosis>3.00; lognormal_like when skew>1.00 with positive support; weibull_like when skew>0.50 with positive support; otherwise empirical_unknown.","profile_preregistered",TRUE,"paired bootstrap aligned to the same reported gain statistic",TRUE,"Benjamini-Hochberg FDR is computed at dataset level on external_dataset_level_decisions.csv for primary eligible in-regime rows only. Primary alpha=0.05; secondary sensitivity alpha=0.1.","01_results_basic contains compact final results; 02_reports contains generated report files; 03_audit_ready contains full provenance, decisions, oracle audit, and split CSVs; 98_discarded_nonfinal is reserved for obsolete or nonfinal byproducts; 99_recovery_logs contains downloads, checkpoints, temporary recovery outputs, and logs.",0.005,10,TRUE,TRUE
"RD_modeldata_hotel_rates_auto","RD_modeldata_hotel_rates_auto","primary_dataset",FALSE,FALSE,"skipped_profile_quota","profile quota reached for lognormal_like","Rdatasets","lognormal_like","rdatasets_modeldata","https://vincentarelbundock.github.io/Rdatasets/csv/modeldata/hotel_rates.csv","2026-06-16 00:48:28 -0400","/home/alrier/Documents/Final_Results_15June2026/06_REALWORLD_EXTERNAL_BATTERY_40DATASETS/realworld_battery_40datasets_full_run/99_recovery_logs/downloads/RD_modeldata_hotel_rates_auto.csv","84b92511195d1aa75e7dbd48c9fa0807","rdatasets_auto_numeric","days_in_waiting_list","raw_auto_numeric","auto_numeric_column; rdatasets_rows=15402; rdatasets_n_numeric=18","empirical_public",15402,16.4216059708085,284.876880035362,"contains_nonpositive",0.474743539800026,TRUE,NA,"Rdatasets public catalog: modeldata hotel_rates - Daily Hotel Rate Data ; doc=https://vincentarelbundock.github.io/Rdatasets/doc/modeldata/hotel_rates.html","V5_audit_ready",TRUE,"Pre-registered empirical profile gate: bounded/proportion by hint/domain; zero-inflated/count by hint/domain; normal_like when abs(skew)<=0.50 and excess_kurtosis<=1.00; heavy_tail_symmetric when abs(skew)<=1.00 and excess_kurtosis>3.00; lognormal_like when skew>1.00 with positive support; weibull_like when skew>0.50 with positive support; otherwise empirical_unknown.","profile_preregistered",TRUE,"paired bootstrap aligned to the same reported gain statistic",TRUE,"Benjamini-Hochberg FDR is computed at dataset level on external_dataset_level_decisions.csv for primary eligible in-regime rows only. Primary alpha=0.05; secondary sensitivity alpha=0.1.","01_results_basic contains compact final results; 02_reports contains generated report files; 03_audit_ready contains full provenance, decisions, oracle audit, and split CSVs; 98_discarded_nonfinal is reserved for obsolete or nonfinal byproducts; 99_recovery_logs contains downloads, checkpoints, temporary recovery outputs, and logs.",0.005,10,TRUE,TRUE
"RD_mosaicData_Birthdays_auto","RD_mosaicData_Birthdays_auto","primary_dataset",FALSE,FALSE,"skipped_profile_quota","profile quota reached for lognormal_like","Rdatasets","lognormal_like","rdatasets_mosaicData","https://vincentarelbundock.github.io/Rdatasets/csv/mosaicData/Birthdays.csv","2026-06-16 00:48:31 -0400","/home/alrier/Documents/Final_Results_15June2026/06_REALWORLD_EXTERNAL_BATTERY_40DATASETS/realworld_battery_40datasets_full_run/99_recovery_logs/downloads/RD_mosaicData_Birthdays_auto.csv","a49bb614ed40b99f53585ded19227701","rdatasets_auto_numeric","births","raw_auto_numeric","auto_numeric_column; rdatasets_rows=372864; rdatasets_n_numeric=4","empirical_public",372864,2.57887926524239,8.47806131506581,"strictly_positive",189.040878175421,TRUE,NA,"Rdatasets public catalog: mosaicData Birthdays - US Births in 1969 - 1988 ; doc=https://vincentarelbundock.github.io/Rdatasets/doc/mosaicData/Birthdays.html","V5_audit_ready",TRUE,"Pre-registered empirical profile gate: bounded/proportion by hint/domain; zero-inflated/count by hint/domain; normal_like when abs(skew)<=0.50 and excess_kurtosis<=1.00; heavy_tail_symmetric when abs(skew)<=1.00 and excess_kurtosis>3.00; lognormal_like when skew>1.00 with positive support; weibull_like when skew>0.50 with positive support; otherwise empirical_unknown.","profile_preregistered",TRUE,"paired bootstrap aligned to the same reported gain statistic",TRUE,"Benjamini-Hochberg FDR is computed at dataset level on external_dataset_level_decisions.csv for primary eligible in-regime rows only. Primary alpha=0.05; secondary sensitivity alpha=0.1.","01_results_basic contains compact final results; 02_reports contains generated report files; 03_audit_ready contains full provenance, decisions, oracle audit, and split CSVs; 98_discarded_nonfinal is reserved for obsolete or nonfinal byproducts; 99_recovery_logs contains downloads, checkpoints, temporary recovery outputs, and logs.",0.005,10,TRUE,TRUE
"RD_mstate_ebmt2_auto","RD_mstate_ebmt2_auto","primary_dataset",FALSE,FALSE,"load_failed","no_valid_numeric_column","Rdatasets","load_failed","rdatasets_mstate","https://vincentarelbundock.github.io/Rdatasets/csv/mstate/ebmt2.csv","2026-06-16 00:48:37 -0400","/home/alrier/Documents/Final_Results_15June2026/06_REALWORLD_EXTERNAL_BATTERY_40DATASETS/realworld_battery_40datasets_full_run/99_recovery_logs/downloads/RD_mstate_ebmt2_auto.csv","e266789a9f4a66ca6eb49dbf0c55dbfc","rdatasets_auto_numeric","__auto_numeric__","raw","auto_numeric_column; rdatasets_rows=8966; rdatasets_n_numeric=3","empirical_public",0,NA,NA,"failed",NA,FALSE,"no_valid_numeric_column","Rdatasets public catalog: mstate ebmt2 - Data from the European Society for Blood and Marrow Transplantation (EBMT) ; doc=https://vincentarelbundock.github.io/Rdatasets/doc/mstate/ebmt2.html","V5_audit_ready",TRUE,"Pre-registered empirical profile gate: bounded/proportion by hint/domain; zero-inflated/count by hint/domain; normal_like when abs(skew)<=0.50 and excess_kurtosis<=1.00; heavy_tail_symmetric when abs(skew)<=1.00 and excess_kurtosis>3.00; lognormal_like when skew>1.00 with positive support; weibull_like when skew>0.50 with positive support; otherwise empirical_unknown.","profile_preregistered",TRUE,"paired bootstrap aligned to the same reported gain statistic",TRUE,"Benjamini-Hochberg FDR is computed at dataset level on external_dataset_level_decisions.csv for primary eligible in-regime rows only. Primary alpha=0.05; secondary sensitivity alpha=0.1.","01_results_basic contains compact final results; 02_reports contains generated report files; 03_audit_ready contains full provenance, decisions, oracle audit, and split CSVs; 98_discarded_nonfinal is reserved for obsolete or nonfinal byproducts; 99_recovery_logs contains downloads, checkpoints, temporary recovery outputs, and logs.",0.005,10,TRUE,TRUE
"RD_multgee_housing_auto","RD_multgee_housing_auto","primary_dataset",FALSE,FALSE,"load_failed","no_valid_numeric_column","Rdatasets","load_failed","rdatasets_multgee","https://vincentarelbundock.github.io/Rdatasets/csv/multgee/housing.csv","2026-06-16 00:48:40 -0400","/home/alrier/Documents/Final_Results_15June2026/06_REALWORLD_EXTERNAL_BATTERY_40DATASETS/realworld_battery_40datasets_full_run/99_recovery_logs/downloads/RD_multgee_housing_auto.csv","6e19e112444a8db89efa648bac046541","rdatasets_auto_numeric","__auto_numeric__","raw","auto_numeric_column; rdatasets_rows=1448; rdatasets_n_numeric=4","empirical_public",0,NA,NA,"failed",NA,FALSE,"no_valid_numeric_column","Rdatasets public catalog: multgee housing - Homeless Data ; doc=https://vincentarelbundock.github.io/Rdatasets/doc/multgee/housing.html","V5_audit_ready",TRUE,"Pre-registered empirical profile gate: bounded/proportion by hint/domain; zero-inflated/count by hint/domain; normal_like when abs(skew)<=0.50 and excess_kurtosis<=1.00; heavy_tail_symmetric when abs(skew)<=1.00 and excess_kurtosis>3.00; lognormal_like when skew>1.00 with positive support; weibull_like when skew>0.50 with positive support; otherwise empirical_unknown.","profile_preregistered",TRUE,"paired bootstrap aligned to the same reported gain statistic",TRUE,"Benjamini-Hochberg FDR is computed at dataset level on external_dataset_level_decisions.csv for primary eligible in-regime rows only. Primary alpha=0.05; secondary sensitivity alpha=0.1.","01_results_basic contains compact final results; 02_reports contains generated report files; 03_audit_ready contains full provenance, decisions, oracle audit, and split CSVs; 98_discarded_nonfinal is reserved for obsolete or nonfinal byproducts; 99_recovery_logs contains downloads, checkpoints, temporary recovery outputs, and logs.",0.005,10,TRUE,TRUE
"RD_NeuroDataSets_brains_cognitive_matrix_auto","RD_NeuroDataSets_brains_cognitive_matrix_auto","primary_dataset",FALSE,FALSE,"skipped_profile_quota","profile quota reached for normal_like","Rdatasets","normal_like","rdatasets_NeuroDataSets","https://vincentarelbundock.github.io/Rdatasets/csv/NeuroDataSets/brains_cognitive_matrix.csv","2026-06-16 00:48:42 -0400","/home/alrier/Documents/Final_Results_15June2026/06_REALWORLD_EXTERNAL_BATTERY_40DATASETS/realworld_battery_40datasets_full_run/99_recovery_logs/downloads/RD_NeuroDataSets_brains_cognitive_matrix_auto.csv","1102922d98d60b1ca2df34ef4fc45308","rdatasets_auto_numeric","bagec","raw_auto_numeric","auto_numeric_column; rdatasets_rows=6240; rdatasets_n_numeric=13","empirical_public",6240,0.25780890045545,-0.241222691861255,"contains_nonpositive",-1.0125,TRUE,NA,"Rdatasets public catalog: NeuroDataSets brains_cognitive_matrix - BRAiNS Cohort Cognitive States Matrix ; doc=https://vincentarelbundock.github.io/Rdatasets/doc/NeuroDataSets/brains_cognitive_matrix.html","V5_audit_ready",TRUE,"Pre-registered empirical profile gate: bounded/proportion by hint/domain; zero-inflated/count by hint/domain; normal_like when abs(skew)<=0.50 and excess_kurtosis<=1.00; heavy_tail_symmetric when abs(skew)<=1.00 and excess_kurtosis>3.00; lognormal_like when skew>1.00 with positive support; weibull_like when skew>0.50 with positive support; otherwise empirical_unknown.","profile_preregistered",TRUE,"paired bootstrap aligned to the same reported gain statistic",TRUE,"Benjamini-Hochberg FDR is computed at dataset level on external_dataset_level_decisions.csv for primary eligible in-regime rows only. Primary alpha=0.05; secondary sensitivity alpha=0.1.","01_results_basic contains compact final results; 02_reports contains generated report files; 03_audit_ready contains full provenance, decisions, oracle audit, and split CSVs; 98_discarded_nonfinal is reserved for obsolete or nonfinal byproducts; 99_recovery_logs contains downloads, checkpoints, temporary recovery outputs, and logs.",0.005,10,TRUE,TRUE
"RD_nlme_MathAchieve_auto","RD_nlme_MathAchieve_auto","primary_dataset",FALSE,FALSE,"skipped_profile_quota","profile quota reached for normal_like","Rdatasets","normal_like","rdatasets_nlme","https://vincentarelbundock.github.io/Rdatasets/csv/nlme/MathAchieve.csv","2026-06-16 00:48:45 -0400","/home/alrier/Documents/Final_Results_15June2026/06_REALWORLD_EXTERNAL_BATTERY_40DATASETS/realworld_battery_40datasets_full_run/99_recovery_logs/downloads/RD_nlme_MathAchieve_auto.csv","a2770de23959d3eba10e2946d043834b","rdatasets_auto_numeric","MathAch","raw_auto_numeric","auto_numeric_column; rdatasets_rows=7185; rdatasets_n_numeric=3","empirical_public",7185,-0.180491840398246,-0.921598710952081,"contains_nonpositive",12.7478526096033,TRUE,NA,"Rdatasets public catalog: nlme MathAchieve - Mathematics achievement scores ; doc=https://vincentarelbundock.github.io/Rdatasets/doc/nlme/MathAchieve.html","V5_audit_ready",TRUE,"Pre-registered empirical profile gate: bounded/proportion by hint/domain; zero-inflated/count by hint/domain; normal_like when abs(skew)<=0.50 and excess_kurtosis<=1.00; heavy_tail_symmetric when abs(skew)<=1.00 and excess_kurtosis>3.00; lognormal_like when skew>1.00 with positive support; weibull_like when skew>0.50 with positive support; otherwise empirical_unknown.","profile_preregistered",TRUE,"paired bootstrap aligned to the same reported gain statistic",TRUE,"Benjamini-Hochberg FDR is computed at dataset level on external_dataset_level_decisions.csv for primary eligible in-regime rows only. Primary alpha=0.05; secondary sensitivity alpha=0.1.","01_results_basic contains compact final results; 02_reports contains generated report files; 03_audit_ready contains full provenance, decisions, oracle audit, and split CSVs; 98_discarded_nonfinal is reserved for obsolete or nonfinal byproducts; 99_recovery_logs contains downloads, checkpoints, temporary recovery outputs, and logs.",0.005,10,TRUE,TRUE
"RD_np_Engel95_auto","RD_np_Engel95_auto","primary_dataset",FALSE,FALSE,"skipped_profile_quota","profile quota reached for lognormal_like","Rdatasets","lognormal_like","rdatasets_np","https://vincentarelbundock.github.io/Rdatasets/csv/np/Engel95.csv","2026-06-16 00:48:48 -0400","/home/alrier/Documents/Final_Results_15June2026/06_REALWORLD_EXTERNAL_BATTERY_40DATASETS/realworld_battery_40datasets_full_run/99_recovery_logs/downloads/RD_np_Engel95_auto.csv","19c4764741adbfc3e2468c823c100dab","rdatasets_auto_numeric","fares","raw_auto_numeric","auto_numeric_column; rdatasets_rows=1655; rdatasets_n_numeric=10","empirical_public",1655,4.96608871910564,33.0217630488838,"contains_nonpositive",0.0167213347519951,TRUE,NA,"Rdatasets public catalog: np Engel95 - 1995 British Family Expenditure Survey ; doc=https://vincentarelbundock.github.io/Rdatasets/doc/np/Engel95.html","V5_audit_ready",TRUE,"Pre-registered empirical profile gate: bounded/proportion by hint/domain; zero-inflated/count by hint/domain; normal_like when abs(skew)<=0.50 and excess_kurtosis<=1.00; heavy_tail_symmetric when abs(skew)<=1.00 and excess_kurtosis>3.00; lognormal_like when skew>1.00 with positive support; weibull_like when skew>0.50 with positive support; otherwise empirical_unknown.","profile_preregistered",TRUE,"paired bootstrap aligned to the same reported gain statistic",TRUE,"Benjamini-Hochberg FDR is computed at dataset level on external_dataset_level_decisions.csv for primary eligible in-regime rows only. Primary alpha=0.05; secondary sensitivity alpha=0.1.","01_results_basic contains compact final results; 02_reports contains generated report files; 03_audit_ready contains full provenance, decisions, oracle audit, and split CSVs; 98_discarded_nonfinal is reserved for obsolete or nonfinal byproducts; 99_recovery_logs contains downloads, checkpoints, temporary recovery outputs, and logs.",0.005,10,TRUE,TRUE
"RD_nycflights13_flights_auto","RD_nycflights13_flights_auto","primary_dataset",FALSE,FALSE,"skipped_profile_quota","profile quota reached for lognormal_like","Rdatasets","lognormal_like","rdatasets_nycflights13","https://vincentarelbundock.github.io/Rdatasets/csv/nycflights13/flights.csv","2026-06-16 00:48:51 -0400","/home/alrier/Documents/Final_Results_15June2026/06_REALWORLD_EXTERNAL_BATTERY_40DATASETS/realworld_battery_40datasets_full_run/99_recovery_logs/downloads/RD_nycflights13_flights_auto.csv","b51af8fdaa6cc5688d11a5290ae1f852","rdatasets_auto_numeric","dep_delay","raw_auto_numeric","auto_numeric_column; rdatasets_rows=336776; rdatasets_n_numeric=14","empirical_public",328521,4.80249665515516,43.9491430369027,"contains_nonpositive",12.6390702573047,TRUE,NA,"Rdatasets public catalog: nycflights13 flights - Flights data ; doc=https://vincentarelbundock.github.io/Rdatasets/doc/nycflights13/flights.html","V5_audit_ready",TRUE,"Pre-registered empirical profile gate: bounded/proportion by hint/domain; zero-inflated/count by hint/domain; normal_like when abs(skew)<=0.50 and excess_kurtosis<=1.00; heavy_tail_symmetric when abs(skew)<=1.00 and excess_kurtosis>3.00; lognormal_like when skew>1.00 with positive support; weibull_like when skew>0.50 with positive support; otherwise empirical_unknown.","profile_preregistered",TRUE,"paired bootstrap aligned to the same reported gain statistic",TRUE,"Benjamini-Hochberg FDR is computed at dataset level on external_dataset_level_decisions.csv for primary eligible in-regime rows only. Primary alpha=0.05; secondary sensitivity alpha=0.1.","01_results_basic contains compact final results; 02_reports contains generated report files; 03_audit_ready contains full provenance, decisions, oracle audit, and split CSVs; 98_discarded_nonfinal is reserved for obsolete or nonfinal byproducts; 99_recovery_logs contains downloads, checkpoints, temporary recovery outputs, and logs.",0.005,10,TRUE,TRUE
"RD_OncoDataSets_ProstateSurvival_df_auto","RD_OncoDataSets_ProstateSurvival_df_auto","primary_dataset",TRUE,TRUE,"selected","selected_by_preregistered_breadth_quota","Rdatasets","weibull_like","rdatasets_OncoDataSets","https://vincentarelbundock.github.io/Rdatasets/csv/OncoDataSets/ProstateSurvival_df.csv","2026-06-16 00:48:58 -0400","/home/alrier/Documents/Final_Results_15June2026/06_REALWORLD_EXTERNAL_BATTERY_40DATASETS/realworld_battery_40datasets_full_run/99_recovery_logs/downloads/RD_OncoDataSets_ProstateSurvival_df_auto.csv","377a7622788c60511f34a2f829cf58e6","rdatasets_auto_numeric","survTime","raw_auto_numeric","auto_numeric_column; rdatasets_rows=14294; rdatasets_n_numeric=2","empirical_public",14294,0.743148607042646,-0.492961391073237,"contains_nonpositive",38.9638309780327,TRUE,NA,"Rdatasets public catalog: OncoDataSets ProstateSurvival_df - Prostate Cancer Survival Data ; doc=https://vincentarelbundock.github.io/Rdatasets/doc/OncoDataSets/ProstateSurvival_df.html","V5_audit_ready",TRUE,"Pre-registered empirical profile gate: bounded/proportion by hint/domain; zero-inflated/count by hint/domain; normal_like when abs(skew)<=0.50 and excess_kurtosis<=1.00; heavy_tail_symmetric when abs(skew)<=1.00 and excess_kurtosis>3.00; lognormal_like when skew>1.00 with positive support; weibull_like when skew>0.50 with positive support; otherwise empirical_unknown.","profile_preregistered",TRUE,"paired bootstrap aligned to the same reported gain statistic",TRUE,"Benjamini-Hochberg FDR is computed at dataset level on external_dataset_level_decisions.csv for primary eligible in-regime rows only. Primary alpha=0.05; secondary sensitivity alpha=0.1.","01_results_basic contains compact final results; 02_reports contains generated report files; 03_audit_ready contains full provenance, decisions, oracle audit, and split CSVs; 98_discarded_nonfinal is reserved for obsolete or nonfinal byproducts; 99_recovery_logs contains downloads, checkpoints, temporary recovery outputs, and logs.",0.005,10,TRUE,TRUE
"RD_openintro_military_auto","RD_openintro_military_auto","primary_dataset",FALSE,FALSE,"skipped_profile_quota","profile quota reached for normal_like","Rdatasets","normal_like","rdatasets_openintro","https://vincentarelbundock.github.io/Rdatasets/csv/openintro/military.csv","2026-06-16 01:00:46 -0400","/home/alrier/Documents/Final_Results_15June2026/06_REALWORLD_EXTERNAL_BATTERY_40DATASETS/realworld_battery_40datasets_full_run/99_recovery_logs/downloads/RD_openintro_military_auto.csv","c38a7601757f209f8e89c0bae7567bed","rdatasets_auto_numeric","rank","raw_auto_numeric","auto_numeric_column; rdatasets_rows=1414593; rdatasets_n_numeric=1","empirical_public",1414593,-0.149299414446043,0.203838349776293,"strictly_positive",6.19403390233092,TRUE,NA,"Rdatasets public catalog: openintro military - US Military Demographics ; doc=https://vincentarelbundock.github.io/Rdatasets/doc/openintro/military.html","V5_audit_ready",TRUE,"Pre-registered empirical profile gate: bounded/proportion by hint/domain; zero-inflated/count by hint/domain; normal_like when abs(skew)<=0.50 and excess_kurtosis<=1.00; heavy_tail_symmetric when abs(skew)<=1.00 and excess_kurtosis>3.00; lognormal_like when skew>1.00 with positive support; weibull_like when skew>0.50 with positive support; otherwise empirical_unknown.","profile_preregistered",TRUE,"paired bootstrap aligned to the same reported gain statistic",TRUE,"Benjamini-Hochberg FDR is computed at dataset level on external_dataset_level_decisions.csv for primary eligible in-regime rows only. Primary alpha=0.05; secondary sensitivity alpha=0.1.","01_results_basic contains compact final results; 02_reports contains generated report files; 03_audit_ready contains full provenance, decisions, oracle audit, and split CSVs; 98_discarded_nonfinal is reserved for obsolete or nonfinal byproducts; 99_recovery_logs contains downloads, checkpoints, temporary recovery outputs, and logs.",0.005,10,TRUE,TRUE
"RD_palmerpenguins_penguins_auto","RD_palmerpenguins_penguins_auto","primary_dataset",FALSE,FALSE,"skipped_profile_quota","profile quota reached for normal_like","Rdatasets","normal_like","rdatasets_palmerpenguins","https://vincentarelbundock.github.io/Rdatasets/csv/palmerpenguins/penguins.csv","2026-06-16 01:00:57 -0400","/home/alrier/Documents/Final_Results_15June2026/06_REALWORLD_EXTERNAL_BATTERY_40DATASETS/realworld_battery_40datasets_full_run/99_recovery_logs/downloads/RD_palmerpenguins_penguins_auto.csv","4e0408fc8a5bfc77e197e3969f1a5ec2","rdatasets_auto_numeric","body_mass_g","raw_auto_numeric","auto_numeric_column; rdatasets_rows=344; rdatasets_n_numeric=5","empirical_public",342,0.466211676890885,-0.739519978867499,"strictly_positive",4201.75438596491,TRUE,NA,"Rdatasets public catalog: palmerpenguins penguins - Size measurements for adult foraging penguins near Palmer Station, Antarctica ; doc=https://vincentarelbundock.github.io/Rdatasets/doc/palmerpenguins/penguins.html","V5_audit_ready",TRUE,"Pre-registered empirical profile gate: bounded/proportion by hint/domain; zero-inflated/count by hint/domain; normal_like when abs(skew)<=0.50 and excess_kurtosis<=1.00; heavy_tail_symmetric when abs(skew)<=1.00 and excess_kurtosis>3.00; lognormal_like when skew>1.00 with positive support; weibull_like when skew>0.50 with positive support; otherwise empirical_unknown.","profile_preregistered",TRUE,"paired bootstrap aligned to the same reported gain statistic",TRUE,"Benjamini-Hochberg FDR is computed at dataset level on external_dataset_level_decisions.csv for primary eligible in-regime rows only. Primary alpha=0.05; secondary sensitivity alpha=0.1.","01_results_basic contains compact final results; 02_reports contains generated report files; 03_audit_ready contains full provenance, decisions, oracle audit, and split CSVs; 98_discarded_nonfinal is reserved for obsolete or nonfinal byproducts; 99_recovery_logs contains downloads, checkpoints, temporary recovery outputs, and logs.",0.005,10,TRUE,TRUE
"RD_pharmaverseadam_adlb_auto","RD_pharmaverseadam_adlb_auto","primary_dataset",FALSE,FALSE,"skipped_profile_quota","profile quota reached for lognormal_like","Rdatasets","lognormal_like","rdatasets_pharmaverseadam","https://vincentarelbundock.github.io/Rdatasets/csv/pharmaverseadam/adlb.csv","2026-06-16 01:01:00 -0400","/home/alrier/Documents/Final_Results_15June2026/06_REALWORLD_EXTERNAL_BATTERY_40DATASETS/realworld_battery_40datasets_full_run/99_recovery_logs/downloads/RD_pharmaverseadam_adlb_auto.csv","d097a614a27b7b95b60f3a04980023d0","rdatasets_auto_numeric","CHG","raw_auto_numeric","auto_numeric_column; rdatasets_rows=83652; rdatasets_n_numeric=25","empirical_public",72820,27.9930032324906,1859.90942539729,"contains_nonpositive",0.128923918566328,TRUE,NA,"Rdatasets public catalog: pharmaverseadam adlb - Laboratory Analysis ; doc=https://vincentarelbundock.github.io/Rdatasets/doc/pharmaverseadam/adlb.html","V5_audit_ready",TRUE,"Pre-registered empirical profile gate: bounded/proportion by hint/domain; zero-inflated/count by hint/domain; normal_like when abs(skew)<=0.50 and excess_kurtosis<=1.00; heavy_tail_symmetric when abs(skew)<=1.00 and excess_kurtosis>3.00; lognormal_like when skew>1.00 with positive support; weibull_like when skew>0.50 with positive support; otherwise empirical_unknown.","profile_preregistered",TRUE,"paired bootstrap aligned to the same reported gain statistic",TRUE,"Benjamini-Hochberg FDR is computed at dataset level on external_dataset_level_decisions.csv for primary eligible in-regime rows only. Primary alpha=0.05; secondary sensitivity alpha=0.1.","01_results_basic contains compact final results; 02_reports contains generated report files; 03_audit_ready contains full provenance, decisions, oracle audit, and split CSVs; 98_discarded_nonfinal is reserved for obsolete or nonfinal byproducts; 99_recovery_logs contains downloads, checkpoints, temporary recovery outputs, and logs.",0.005,10,TRUE,TRUE
"RD_pharmaversesdtm_lb_auto","RD_pharmaversesdtm_lb_auto","primary_dataset",FALSE,FALSE,"skipped_profile_quota","profile quota reached for lognormal_like","Rdatasets","lognormal_like","rdatasets_pharmaversesdtm","https://vincentarelbundock.github.io/Rdatasets/csv/pharmaversesdtm/lb.csv","2026-06-16 01:01:11 -0400","/home/alrier/Documents/Final_Results_15June2026/06_REALWORLD_EXTERNAL_BATTERY_40DATASETS/realworld_battery_40datasets_full_run/99_recovery_logs/downloads/RD_pharmaversesdtm_lb_auto.csv","b3b7ac026b876a5b76974471a90673b9","rdatasets_auto_numeric","VISITNUM","raw_auto_numeric","auto_numeric_column; rdatasets_rows=59580; rdatasets_n_numeric=7","empirical_public",59580,19.8829092902475,642.263381166224,"strictly_positive",6.88322087948976,TRUE,NA,"Rdatasets public catalog: pharmaversesdtm lb - Laboratory Measurements ; doc=https://vincentarelbundock.github.io/Rdatasets/doc/pharmaversesdtm/lb.html","V5_audit_ready",TRUE,"Pre-registered empirical profile gate: bounded/proportion by hint/domain; zero-inflated/count by hint/domain; normal_like when abs(skew)<=0.50 and excess_kurtosis<=1.00; heavy_tail_symmetric when abs(skew)<=1.00 and excess_kurtosis>3.00; lognormal_like when skew>1.00 with positive support; weibull_like when skew>0.50 with positive support; otherwise empirical_unknown.","profile_preregistered",TRUE,"paired bootstrap aligned to the same reported gain statistic",TRUE,"Benjamini-Hochberg FDR is computed at dataset level on external_dataset_level_decisions.csv for primary eligible in-regime rows only. Primary alpha=0.05; secondary sensitivity alpha=0.1.","01_results_basic contains compact final results; 02_reports contains generated report files; 03_audit_ready contains full provenance, decisions, oracle audit, and split CSVs; 98_discarded_nonfinal is reserved for obsolete or nonfinal byproducts; 99_recovery_logs contains downloads, checkpoints, temporary recovery outputs, and logs.",0.005,10,TRUE,TRUE
"RD_plm_Snmesp_auto","RD_plm_Snmesp_auto","primary_dataset",FALSE,FALSE,"skipped_profile_quota","profile quota reached for lognormal_like","Rdatasets","lognormal_like","rdatasets_plm","https://vincentarelbundock.github.io/Rdatasets/csv/plm/Snmesp.csv","2026-06-16 01:01:16 -0400","/home/alrier/Documents/Final_Results_15June2026/06_REALWORLD_EXTERNAL_BATTERY_40DATASETS/realworld_battery_40datasets_full_run/99_recovery_logs/downloads/RD_plm_Snmesp_auto.csv","043ad9249d7404d0cd6b91f2f766e6a5","rdatasets_auto_numeric","f","raw_auto_numeric","auto_numeric_column; rdatasets_rows=5904; rdatasets_n_numeric=8","empirical_public",5904,5.41428025157812,89.178243605834,"contains_nonpositive",180.76160149668,TRUE,NA,"Rdatasets public catalog: plm Snmesp - Employment and Wages in Spain ; doc=https://vincentarelbundock.github.io/Rdatasets/doc/plm/Snmesp.html","V5_audit_ready",TRUE,"Pre-registered empirical profile gate: bounded/proportion by hint/domain; zero-inflated/count by hint/domain; normal_like when abs(skew)<=0.50 and excess_kurtosis<=1.00; heavy_tail_symmetric when abs(skew)<=1.00 and excess_kurtosis>3.00; lognormal_like when skew>1.00 with positive support; weibull_like when skew>0.50 with positive support; otherwise empirical_unknown.","profile_preregistered",TRUE,"paired bootstrap aligned to the same reported gain statistic",TRUE,"Benjamini-Hochberg FDR is computed at dataset level on external_dataset_level_decisions.csv for primary eligible in-regime rows only. Primary alpha=0.05; secondary sensitivity alpha=0.1.","01_results_basic contains compact final results; 02_reports contains generated report files; 03_audit_ready contains full provenance, decisions, oracle audit, and split CSVs; 98_discarded_nonfinal is reserved for obsolete or nonfinal byproducts; 99_recovery_logs contains downloads, checkpoints, temporary recovery outputs, and logs.",0.005,10,TRUE,TRUE
"RD_plyr_baseball_auto","RD_plyr_baseball_auto","primary_dataset",FALSE,FALSE,"skipped_profile_quota","profile quota reached for lognormal_like","Rdatasets","lognormal_like","rdatasets_plyr","https://vincentarelbundock.github.io/Rdatasets/csv/plyr/baseball.csv","2026-06-16 01:01:19 -0400","/home/alrier/Documents/Final_Results_15June2026/06_REALWORLD_EXTERNAL_BATTERY_40DATASETS/realworld_battery_40datasets_full_run/99_recovery_logs/downloads/RD_plyr_baseball_auto.csv","2140909a5fa655af2cad3e23870c5426","rdatasets_auto_numeric","sb","raw_auto_numeric","auto_numeric_column; rdatasets_rows=21699; rdatasets_n_numeric=19","empirical_public",21449,3.56579579622005,17.6637260867858,"contains_nonpositive",5.1683528369621,TRUE,NA,"Rdatasets public catalog: plyr baseball - Yearly batting records for all major league baseball players ; doc=https://vincentarelbundock.github.io/Rdatasets/doc/plyr/baseball.html","V5_audit_ready",TRUE,"Pre-registered empirical profile gate: bounded/proportion by hint/domain; zero-inflated/count by hint/domain; normal_like when abs(skew)<=0.50 and excess_kurtosis<=1.00; heavy_tail_symmetric when abs(skew)<=1.00 and excess_kurtosis>3.00; lognormal_like when skew>1.00 with positive support; weibull_like when skew>0.50 with positive support; otherwise empirical_unknown.","profile_preregistered",TRUE,"paired bootstrap aligned to the same reported gain statistic",TRUE,"Benjamini-Hochberg FDR is computed at dataset level on external_dataset_level_decisions.csv for primary eligible in-regime rows only. Primary alpha=0.05; secondary sensitivity alpha=0.1.","01_results_basic contains compact final results; 02_reports contains generated report files; 03_audit_ready contains full provenance, decisions, oracle audit, and split CSVs; 98_discarded_nonfinal is reserved for obsolete or nonfinal byproducts; 99_recovery_logs contains downloads, checkpoints, temporary recovery outputs, and logs.",0.005,10,TRUE,TRUE
"RD_pscl_politicalInformation_auto","RD_pscl_politicalInformation_auto","primary_dataset",FALSE,FALSE,"skipped_profile_quota","profile quota reached for lognormal_like","Rdatasets","lognormal_like","rdatasets_pscl","https://vincentarelbundock.github.io/Rdatasets/csv/pscl/politicalInformation.csv","2026-06-16 01:01:23 -0400","/home/alrier/Documents/Final_Results_15June2026/06_REALWORLD_EXTERNAL_BATTERY_40DATASETS/realworld_battery_40datasets_full_run/99_recovery_logs/downloads/RD_pscl_politicalInformation_auto.csv","f1590ed47a0c2fde249ac2ba7eb818be","rdatasets_auto_numeric","length","raw_auto_numeric","auto_numeric_column; rdatasets_rows=1807; rdatasets_n_numeric=2","empirical_public",1799,2.02554327172411,7.31209070026641,"strictly_positive",68.3491216800556,TRUE,NA,"Rdatasets public catalog: pscl politicalInformation - Interviewer ratings of respondent levels of political information ; doc=https://vincentarelbundock.github.io/Rdatasets/doc/pscl/politicalInformation.html","V5_audit_ready",TRUE,"Pre-registered empirical profile gate: bounded/proportion by hint/domain; zero-inflated/count by hint/domain; normal_like when abs(skew)<=0.50 and excess_kurtosis<=1.00; heavy_tail_symmetric when abs(skew)<=1.00 and excess_kurtosis>3.00; lognormal_like when skew>1.00 with positive support; weibull_like when skew>0.50 with positive support; otherwise empirical_unknown.","profile_preregistered",TRUE,"paired bootstrap aligned to the same reported gain statistic",TRUE,"Benjamini-Hochberg FDR is computed at dataset level on external_dataset_level_decisions.csv for primary eligible in-regime rows only. Primary alpha=0.05; secondary sensitivity alpha=0.1.","01_results_basic contains compact final results; 02_reports contains generated report files; 03_audit_ready contains full provenance, decisions, oracle audit, and split CSVs; 98_discarded_nonfinal is reserved for obsolete or nonfinal byproducts; 99_recovery_logs contains downloads, checkpoints, temporary recovery outputs, and logs.",0.005,10,TRUE,TRUE
"RD_psych_bfi_auto","RD_psych_bfi_auto","primary_dataset",TRUE,TRUE,"selected","selected_by_preregistered_breadth_quota","Rdatasets","weibull_like","rdatasets_psych","https://vincentarelbundock.github.io/Rdatasets/csv/psych/bfi.csv","2026-06-16 01:01:26 -0400","/home/alrier/Documents/Final_Results_15June2026/06_REALWORLD_EXTERNAL_BATTERY_40DATASETS/realworld_battery_40datasets_full_run/99_recovery_logs/downloads/RD_psych_bfi_auto.csv","75ccf450c00da05ddcf8ee21f1023cba","rdatasets_auto_numeric","age","raw_auto_numeric","auto_numeric_column; rdatasets_rows=2800; rdatasets_n_numeric=28","empirical_public",2800,1.023637730479,0.564955250151985,"strictly_positive",28.7821428571429,TRUE,NA,"Rdatasets public catalog: psych bfi - 25 Personality items representing 5 factors ; doc=https://vincentarelbundock.github.io/Rdatasets/doc/psych/bfi.html","V5_audit_ready",TRUE,"Pre-registered empirical profile gate: bounded/proportion by hint/domain; zero-inflated/count by hint/domain; normal_like when abs(skew)<=0.50 and excess_kurtosis<=1.00; heavy_tail_symmetric when abs(skew)<=1.00 and excess_kurtosis>3.00; lognormal_like when skew>1.00 with positive support; weibull_like when skew>0.50 with positive support; otherwise empirical_unknown.","profile_preregistered",TRUE,"paired bootstrap aligned to the same reported gain statistic",TRUE,"Benjamini-Hochberg FDR is computed at dataset level on external_dataset_level_decisions.csv for primary eligible in-regime rows only. Primary alpha=0.05; secondary sensitivity alpha=0.1.","01_results_basic contains compact final results; 02_reports contains generated report files; 03_audit_ready contains full provenance, decisions, oracle audit, and split CSVs; 98_discarded_nonfinal is reserved for obsolete or nonfinal byproducts; 99_recovery_logs contains downloads, checkpoints, temporary recovery outputs, and logs.",0.005,10,TRUE,TRUE
"RD_quantreg_MelTemp_auto","RD_quantreg_MelTemp_auto","primary_dataset",FALSE,FALSE,"skipped_source_cap","source cap reached for Rdatasets","Rdatasets","weibull_like","rdatasets_quantreg","https://vincentarelbundock.github.io/Rdatasets/csv/quantreg/MelTemp.csv","2026-06-16 01:11:39 -0400","/home/alrier/Documents/Final_Results_15June2026/06_REALWORLD_EXTERNAL_BATTERY_40DATASETS/realworld_battery_40datasets_full_run/99_recovery_logs/downloads/RD_quantreg_MelTemp_auto.csv","561e5eb238d86534e462c50ce2deaf36","rdatasets_auto_numeric","value","raw_auto_numeric","auto_numeric_column; rdatasets_rows=3650; rdatasets_n_numeric=2","empirical_public",3650,0.955430059779608,0.61650734483589,"strictly_positive",20.0091506849315,TRUE,NA,"Rdatasets public catalog: quantreg MelTemp - Daily maximum temperatures in Melbourne, Australia ; doc=https://vincentarelbundock.github.io/Rdatasets/doc/quantreg/MelTemp.html","V5_audit_ready",TRUE,"Pre-registered empirical profile gate: bounded/proportion by hint/domain; zero-inflated/count by hint/domain; normal_like when abs(skew)<=0.50 and excess_kurtosis<=1.00; heavy_tail_symmetric when abs(skew)<=1.00 and excess_kurtosis>3.00; lognormal_like when skew>1.00 with positive support; weibull_like when skew>0.50 with positive support; otherwise empirical_unknown.","profile_preregistered",TRUE,"paired bootstrap aligned to the same reported gain statistic",TRUE,"Benjamini-Hochberg FDR is computed at dataset level on external_dataset_level_decisions.csv for primary eligible in-regime rows only. Primary alpha=0.05; secondary sensitivity alpha=0.1.","01_results_basic contains compact final results; 02_reports contains generated report files; 03_audit_ready contains full provenance, decisions, oracle audit, and split CSVs; 98_discarded_nonfinal is reserved for obsolete or nonfinal byproducts; 99_recovery_logs contains downloads, checkpoints, temporary recovery outputs, and logs.",0.005,10,TRUE,TRUE
"RD_quartets_interaction_triptych_auto","RD_quartets_interaction_triptych_auto","primary_dataset",FALSE,FALSE,"skipped_source_cap","source cap reached for Rdatasets","Rdatasets","weibull_like","rdatasets_quartets","https://vincentarelbundock.github.io/Rdatasets/csv/quartets/interaction_triptych.csv","2026-06-16 01:11:42 -0400","/home/alrier/Documents/Final_Results_15June2026/06_REALWORLD_EXTERNAL_BATTERY_40DATASETS/realworld_battery_40datasets_full_run/99_recovery_logs/downloads/RD_quartets_interaction_triptych_auto.csv","fefa55df61f58a37f6bfddfe126fafe6","rdatasets_auto_numeric","y","raw_auto_numeric","auto_numeric_column; rdatasets_rows=2700; rdatasets_n_numeric=2","empirical_public",2700,0.861895269211255,0.352635644500788,"contains_nonpositive",0.000940519978578486,TRUE,NA,"Rdatasets public catalog: quartets interaction_triptych - Interaction Triptych Data ; doc=https://vincentarelbundock.github.io/Rdatasets/doc/quartets/interaction_triptych.html","V5_audit_ready",TRUE,"Pre-registered empirical profile gate: bounded/proportion by hint/domain; zero-inflated/count by hint/domain; normal_like when abs(skew)<=0.50 and excess_kurtosis<=1.00; heavy_tail_symmetric when abs(skew)<=1.00 and excess_kurtosis>3.00; lognormal_like when skew>1.00 with positive support; weibull_like when skew>0.50 with positive support; otherwise empirical_unknown.","profile_preregistered",TRUE,"paired bootstrap aligned to the same reported gain statistic",TRUE,"Benjamini-Hochberg FDR is computed at dataset level on external_dataset_level_decisions.csv for primary eligible in-regime rows only. Primary alpha=0.05; secondary sensitivity alpha=0.1.","01_results_basic contains compact final results; 02_reports contains generated report files; 03_audit_ready contains full provenance, decisions, oracle audit, and split CSVs; 98_discarded_nonfinal is reserved for obsolete or nonfinal byproducts; 99_recovery_logs contains downloads, checkpoints, temporary recovery outputs, and logs.",0.005,10,TRUE,TRUE
"RD_ratdat_complete_auto","RD_ratdat_complete_auto","primary_dataset",FALSE,FALSE,"skipped_profile_quota","profile quota reached for lognormal_like","Rdatasets","lognormal_like","rdatasets_ratdat","https://vincentarelbundock.github.io/Rdatasets/csv/ratdat/complete.csv","2026-06-16 01:11:45 -0400","/home/alrier/Documents/Final_Results_15June2026/06_REALWORLD_EXTERNAL_BATTERY_40DATASETS/realworld_battery_40datasets_full_run/99_recovery_logs/downloads/RD_ratdat_complete_auto.csv","26157cd38765332e296bd16ea5f36130","rdatasets_auto_numeric","weight","raw_auto_numeric","auto_numeric_column; rdatasets_rows=35549; rdatasets_n_numeric=7","empirical_public",32283,2.33087045316746,6.13695150944299,"strictly_positive",42.6724282129914,TRUE,NA,"Rdatasets public catalog: ratdat complete - Complete survey data. ; doc=https://vincentarelbundock.github.io/Rdatasets/doc/ratdat/complete.html","V5_audit_ready",TRUE,"Pre-registered empirical profile gate: bounded/proportion by hint/domain; zero-inflated/count by hint/domain; normal_like when abs(skew)<=0.50 and excess_kurtosis<=1.00; heavy_tail_symmetric when abs(skew)<=1.00 and excess_kurtosis>3.00; lognormal_like when skew>1.00 with positive support; weibull_like when skew>0.50 with positive support; otherwise empirical_unknown.","profile_preregistered",TRUE,"paired bootstrap aligned to the same reported gain statistic",TRUE,"Benjamini-Hochberg FDR is computed at dataset level on external_dataset_level_decisions.csv for primary eligible in-regime rows only. Primary alpha=0.05; secondary sensitivity alpha=0.1.","01_results_basic contains compact final results; 02_reports contains generated report files; 03_audit_ready contains full provenance, decisions, oracle audit, and split CSVs; 98_discarded_nonfinal is reserved for obsolete or nonfinal byproducts; 99_recovery_logs contains downloads, checkpoints, temporary recovery outputs, and logs.",0.005,10,TRUE,TRUE
"RD_reshape2_french_fries_auto","RD_reshape2_french_fries_auto","primary_dataset",FALSE,FALSE,"skipped_profile_quota","profile quota reached for lognormal_like","Rdatasets","lognormal_like","rdatasets_reshape2","https://vincentarelbundock.github.io/Rdatasets/csv/reshape2/french_fries.csv","2026-06-16 01:11:48 -0400","/home/alrier/Documents/Final_Results_15June2026/06_REALWORLD_EXTERNAL_BATTERY_40DATASETS/realworld_battery_40datasets_full_run/99_recovery_logs/downloads/RD_reshape2_french_fries_auto.csv","beba7fcdef2cc52577e44b266c4647d5","rdatasets_auto_numeric","grassy","raw_auto_numeric","auto_numeric_column; rdatasets_rows=696; rdatasets_n_numeric=6","empirical_public",695,3.47974800965791,17.8671583439744,"contains_nonpositive",0.664172661870504,TRUE,NA,"Rdatasets public catalog: reshape2 french_fries - Sensory data from a french fries experiment. ; doc=https://vincentarelbundock.github.io/Rdatasets/doc/reshape2/french_fries.html","V5_audit_ready",TRUE,"Pre-registered empirical profile gate: bounded/proportion by hint/domain; zero-inflated/count by hint/domain; normal_like when abs(skew)<=0.50 and excess_kurtosis<=1.00; heavy_tail_symmetric when abs(skew)<=1.00 and excess_kurtosis>3.00; lognormal_like when skew>1.00 with positive support; weibull_like when skew>0.50 with positive support; otherwise empirical_unknown.","profile_preregistered",TRUE,"paired bootstrap aligned to the same reported gain statistic",TRUE,"Benjamini-Hochberg FDR is computed at dataset level on external_dataset_level_decisions.csv for primary eligible in-regime rows only. Primary alpha=0.05; secondary sensitivity alpha=0.1.","01_results_basic contains compact final results; 02_reports contains generated report files; 03_audit_ready contains full provenance, decisions, oracle audit, and split CSVs; 98_discarded_nonfinal is reserved for obsolete or nonfinal byproducts; 99_recovery_logs contains downloads, checkpoints, temporary recovery outputs, and logs.",0.005,10,TRUE,TRUE
"RD_robustbase_NOxEmissions_auto","RD_robustbase_NOxEmissions_auto","primary_dataset",FALSE,FALSE,"skipped_source_cap","source cap reached for Rdatasets","Rdatasets","empirical_unknown","rdatasets_robustbase","https://vincentarelbundock.github.io/Rdatasets/csv/robustbase/NOxEmissions.csv","2026-06-16 01:11:51 -0400","/home/alrier/Documents/Final_Results_15June2026/06_REALWORLD_EXTERNAL_BATTERY_40DATASETS/realworld_battery_40datasets_full_run/99_recovery_logs/downloads/RD_robustbase_NOxEmissions_auto.csv","d191abcf8bd35a32d0442448c8a3a60b","rdatasets_auto_numeric","LNOxEm","raw_auto_numeric","auto_numeric_column; rdatasets_rows=8088; rdatasets_n_numeric=3","empirical_public",8088,-0.706829927458473,-0.806718987770644,"strictly_positive",7.33824402752831,TRUE,NA,"Rdatasets public catalog: robustbase NOxEmissions - NOx Air Pollution Data ; doc=https://vincentarelbundock.github.io/Rdatasets/doc/robustbase/NOxEmissions.html","V5_audit_ready",TRUE,"Pre-registered empirical profile gate: bounded/proportion by hint/domain; zero-inflated/count by hint/domain; normal_like when abs(skew)<=0.50 and excess_kurtosis<=1.00; heavy_tail_symmetric when abs(skew)<=1.00 and excess_kurtosis>3.00; lognormal_like when skew>1.00 with positive support; weibull_like when skew>0.50 with positive support; otherwise empirical_unknown.","profile_preregistered",TRUE,"paired bootstrap aligned to the same reported gain statistic",TRUE,"Benjamini-Hochberg FDR is computed at dataset level on external_dataset_level_decisions.csv for primary eligible in-regime rows only. Primary alpha=0.05; secondary sensitivity alpha=0.1.","01_results_basic contains compact final results; 02_reports contains generated report files; 03_audit_ready contains full provenance, decisions, oracle audit, and split CSVs; 98_discarded_nonfinal is reserved for obsolete or nonfinal byproducts; 99_recovery_logs contains downloads, checkpoints, temporary recovery outputs, and logs.",0.005,10,TRUE,TRUE
"RD_rpart_solder_auto","RD_rpart_solder_auto","primary_dataset",FALSE,FALSE,"skipped_profile_quota","profile quota reached for lognormal_like","Rdatasets","lognormal_like","rdatasets_rpart","https://vincentarelbundock.github.io/Rdatasets/csv/rpart/solder.csv","2026-06-16 01:11:54 -0400","/home/alrier/Documents/Final_Results_15June2026/06_REALWORLD_EXTERNAL_BATTERY_40DATASETS/realworld_battery_40datasets_full_run/99_recovery_logs/downloads/RD_rpart_solder_auto.csv","6208d51cad56dc29125176fd4460cb94","rdatasets_auto_numeric","skips","raw_auto_numeric","auto_numeric_column; rdatasets_rows=900; rdatasets_n_numeric=1","empirical_public",900,2.36437989605183,6.02160580060821,"contains_nonpositive",5.53,TRUE,NA,"Rdatasets public catalog: rpart solder - Soldering of Components on Printed-Circuit Boards ; doc=https://vincentarelbundock.github.io/Rdatasets/doc/rpart/solder.html","V5_audit_ready",TRUE,"Pre-registered empirical profile gate: bounded/proportion by hint/domain; zero-inflated/count by hint/domain; normal_like when abs(skew)<=0.50 and excess_kurtosis<=1.00; heavy_tail_symmetric when abs(skew)<=1.00 and excess_kurtosis>3.00; lognormal_like when skew>1.00 with positive support; weibull_like when skew>0.50 with positive support; otherwise empirical_unknown.","profile_preregistered",TRUE,"paired bootstrap aligned to the same reported gain statistic",TRUE,"Benjamini-Hochberg FDR is computed at dataset level on external_dataset_level_decisions.csv for primary eligible in-regime rows only. Primary alpha=0.05; secondary sensitivity alpha=0.1.","01_results_basic contains compact final results; 02_reports contains generated report files; 03_audit_ready contains full provenance, decisions, oracle audit, and split CSVs; 98_discarded_nonfinal is reserved for obsolete or nonfinal byproducts; 99_recovery_logs contains downloads, checkpoints, temporary recovery outputs, and logs.",0.005,10,TRUE,TRUE
"RD_sampleSelection_nlswork_auto","RD_sampleSelection_nlswork_auto","primary_dataset",FALSE,FALSE,"skipped_profile_quota","profile quota reached for lognormal_like","Rdatasets","lognormal_like","rdatasets_sampleSelection","https://vincentarelbundock.github.io/Rdatasets/csv/sampleSelection/nlswork.csv","2026-06-16 01:11:57 -0400","/home/alrier/Documents/Final_Results_15June2026/06_REALWORLD_EXTERNAL_BATTERY_40DATASETS/realworld_battery_40datasets_full_run/99_recovery_logs/downloads/RD_sampleSelection_nlswork_auto.csv","f546ffe0bee86acb5d79b8775d341709","rdatasets_auto_numeric","wks_ue","raw_auto_numeric","auto_numeric_column; rdatasets_rows=28534; rdatasets_n_numeric=21","empirical_public",22830,4.02212585632405,18.2468084705071,"contains_nonpositive",2.54809461235217,TRUE,NA,"Rdatasets public catalog: sampleSelection nlswork - National Longitudinal Survey of Young Working Women ; doc=https://vincentarelbundock.github.io/Rdatasets/doc/sampleSelection/nlswork.html","V5_audit_ready",TRUE,"Pre-registered empirical profile gate: bounded/proportion by hint/domain; zero-inflated/count by hint/domain; normal_like when abs(skew)<=0.50 and excess_kurtosis<=1.00; heavy_tail_symmetric when abs(skew)<=1.00 and excess_kurtosis>3.00; lognormal_like when skew>1.00 with positive support; weibull_like when skew>0.50 with positive support; otherwise empirical_unknown.","profile_preregistered",TRUE,"paired bootstrap aligned to the same reported gain statistic",TRUE,"Benjamini-Hochberg FDR is computed at dataset level on external_dataset_level_decisions.csv for primary eligible in-regime rows only. Primary alpha=0.05; secondary sensitivity alpha=0.1.","01_results_basic contains compact final results; 02_reports contains generated report files; 03_audit_ready contains full provenance, decisions, oracle audit, and split CSVs; 98_discarded_nonfinal is reserved for obsolete or nonfinal byproducts; 99_recovery_logs contains downloads, checkpoints, temporary recovery outputs, and logs.",0.005,10,TRUE,TRUE
"RD_sandwich_InstInnovation_auto","RD_sandwich_InstInnovation_auto","primary_dataset",FALSE,FALSE,"skipped_profile_quota","profile quota reached for lognormal_like","Rdatasets","lognormal_like","rdatasets_sandwich","https://vincentarelbundock.github.io/Rdatasets/csv/sandwich/InstInnovation.csv","2026-06-16 01:12:00 -0400","/home/alrier/Documents/Final_Results_15June2026/06_REALWORLD_EXTERNAL_BATTERY_40DATASETS/realworld_battery_40datasets_full_run/99_recovery_logs/downloads/RD_sandwich_InstInnovation_auto.csv","91088575ae77f5e3db7438be32405955","rdatasets_auto_numeric","cites","raw_auto_numeric","auto_numeric_column; rdatasets_rows=6208; rdatasets_n_numeric=18","empirical_public",6208,13.6665212141747,255.725093540825,"contains_nonpositive",176.257570876289,TRUE,NA,"Rdatasets public catalog: sandwich InstInnovation - Innovation and Institutional Ownership ; doc=https://vincentarelbundock.github.io/Rdatasets/doc/sandwich/InstInnovation.html","V5_audit_ready",TRUE,"Pre-registered empirical profile gate: bounded/proportion by hint/domain; zero-inflated/count by hint/domain; normal_like when abs(skew)<=0.50 and excess_kurtosis<=1.00; heavy_tail_symmetric when abs(skew)<=1.00 and excess_kurtosis>3.00; lognormal_like when skew>1.00 with positive support; weibull_like when skew>0.50 with positive support; otherwise empirical_unknown.","profile_preregistered",TRUE,"paired bootstrap aligned to the same reported gain statistic",TRUE,"Benjamini-Hochberg FDR is computed at dataset level on external_dataset_level_decisions.csv for primary eligible in-regime rows only. Primary alpha=0.05; secondary sensitivity alpha=0.1.","01_results_basic contains compact final results; 02_reports contains generated report files; 03_audit_ready contains full provenance, decisions, oracle audit, and split CSVs; 98_discarded_nonfinal is reserved for obsolete or nonfinal byproducts; 99_recovery_logs contains downloads, checkpoints, temporary recovery outputs, and logs.",0.005,10,TRUE,TRUE
"RD_sem_HS.data_auto","RD_sem_HS.data_auto","primary_dataset",FALSE,FALSE,"skipped_source_cap","source cap reached for Rdatasets","Rdatasets","empirical_unknown","rdatasets_sem","https://vincentarelbundock.github.io/Rdatasets/csv/sem/HS.data.csv","2026-06-16 01:12:04 -0400","/home/alrier/Documents/Final_Results_15June2026/06_REALWORLD_EXTERNAL_BATTERY_40DATASETS/realworld_battery_40datasets_full_run/99_recovery_logs/downloads/RD_sem_HS.data_auto.csv","d5d78566c28e12edfb700f8832a75205","rdatasets_auto_numeric","wordr","raw_auto_numeric","auto_numeric_column; rdatasets_rows=301; rdatasets_n_numeric=30","empirical_public",301,-0.842374033180742,1.82703406001827,"strictly_positive",175.152823920266,TRUE,NA,"Rdatasets public catalog: sem HS.data - Holizinger and Swineford's Data ; doc=https://vincentarelbundock.github.io/Rdatasets/doc/sem/HS.data.html","V5_audit_ready",TRUE,"Pre-registered empirical profile gate: bounded/proportion by hint/domain; zero-inflated/count by hint/domain; normal_like when abs(skew)<=0.50 and excess_kurtosis<=1.00; heavy_tail_symmetric when abs(skew)<=1.00 and excess_kurtosis>3.00; lognormal_like when skew>1.00 with positive support; weibull_like when skew>0.50 with positive support; otherwise empirical_unknown.","profile_preregistered",TRUE,"paired bootstrap aligned to the same reported gain statistic",TRUE,"Benjamini-Hochberg FDR is computed at dataset level on external_dataset_level_decisions.csv for primary eligible in-regime rows only. Primary alpha=0.05; secondary sensitivity alpha=0.1.","01_results_basic contains compact final results; 02_reports contains generated report files; 03_audit_ready contains full provenance, decisions, oracle audit, and split CSVs; 98_discarded_nonfinal is reserved for obsolete or nonfinal byproducts; 99_recovery_logs contains downloads, checkpoints, temporary recovery outputs, and logs.",0.005,10,TRUE,TRUE
"RD_Stat2Data_AthleteGrad_auto","RD_Stat2Data_AthleteGrad_auto","primary_dataset",FALSE,FALSE,"load_failed","no_valid_numeric_column","Rdatasets","load_failed","rdatasets_Stat2Data","https://vincentarelbundock.github.io/Rdatasets/csv/Stat2Data/AthleteGrad.csv","2026-06-16 01:12:07 -0400","/home/alrier/Documents/Final_Results_15June2026/06_REALWORLD_EXTERNAL_BATTERY_40DATASETS/realworld_battery_40datasets_full_run/99_recovery_logs/downloads/RD_Stat2Data_AthleteGrad_auto.csv","e4e02d862c9d3185a45da8ff76186532","rdatasets_auto_numeric","__auto_numeric__","raw","auto_numeric_column; rdatasets_rows=214555; rdatasets_n_numeric=1","empirical_public",0,NA,NA,"failed",NA,FALSE,"no_valid_numeric_column","Rdatasets public catalog: Stat2Data AthleteGrad - Athletic Participation, Race, and Graduation ; doc=https://vincentarelbundock.github.io/Rdatasets/doc/Stat2Data/AthleteGrad.html","V5_audit_ready",TRUE,"Pre-registered empirical profile gate: bounded/proportion by hint/domain; zero-inflated/count by hint/domain; normal_like when abs(skew)<=0.50 and excess_kurtosis<=1.00; heavy_tail_symmetric when abs(skew)<=1.00 and excess_kurtosis>3.00; lognormal_like when skew>1.00 with positive support; weibull_like when skew>0.50 with positive support; otherwise empirical_unknown.","profile_preregistered",TRUE,"paired bootstrap aligned to the same reported gain statistic",TRUE,"Benjamini-Hochberg FDR is computed at dataset level on external_dataset_level_decisions.csv for primary eligible in-regime rows only. Primary alpha=0.05; secondary sensitivity alpha=0.1.","01_results_basic contains compact final results; 02_reports contains generated report files; 03_audit_ready contains full provenance, decisions, oracle audit, and split CSVs; 98_discarded_nonfinal is reserved for obsolete or nonfinal byproducts; 99_recovery_logs contains downloads, checkpoints, temporary recovery outputs, and logs.",0.005,10,TRUE,TRUE
"RD_stevedata_wvs_justifbribe_auto","RD_stevedata_wvs_justifbribe_auto","primary_dataset",FALSE,FALSE,"skipped_profile_quota","profile quota reached for lognormal_like","Rdatasets","lognormal_like","rdatasets_stevedata","https://vincentarelbundock.github.io/Rdatasets/csv/stevedata/wvs_justifbribe.csv","2026-06-16 01:12:10 -0400","/home/alrier/Documents/Final_Results_15June2026/06_REALWORLD_EXTERNAL_BATTERY_40DATASETS/realworld_battery_40datasets_full_run/99_recovery_logs/downloads/RD_stevedata_wvs_justifbribe_auto.csv","3444c6208c62270e3decaa20cdceb3cc","rdatasets_auto_numeric","f117","raw_auto_numeric","auto_numeric_column; rdatasets_rows=348532; rdatasets_n_numeric=5","empirical_public",333000,2.73728156154764,7.41518838929928,"strictly_positive",1.81966366366366,TRUE,NA,"Rdatasets public catalog: stevedata wvs_justifbribe - Attitudes about the Justifiability of Bribe-Taking in the World Values Survey ; doc=https://vincentarelbundock.github.io/Rdatasets/doc/stevedata/wvs_justifbribe.html","V5_audit_ready",TRUE,"Pre-registered empirical profile gate: bounded/proportion by hint/domain; zero-inflated/count by hint/domain; normal_like when abs(skew)<=0.50 and excess_kurtosis<=1.00; heavy_tail_symmetric when abs(skew)<=1.00 and excess_kurtosis>3.00; lognormal_like when skew>1.00 with positive support; weibull_like when skew>0.50 with positive support; otherwise empirical_unknown.","profile_preregistered",TRUE,"paired bootstrap aligned to the same reported gain statistic",TRUE,"Benjamini-Hochberg FDR is computed at dataset level on external_dataset_level_decisions.csv for primary eligible in-regime rows only. Primary alpha=0.05; secondary sensitivity alpha=0.1.","01_results_basic contains compact final results; 02_reports contains generated report files; 03_audit_ready contains full provenance, decisions, oracle audit, and split CSVs; 98_discarded_nonfinal is reserved for obsolete or nonfinal byproducts; 99_recovery_logs contains downloads, checkpoints, temporary recovery outputs, and logs.",0.005,10,TRUE,TRUE
"RD_survival_nafld2_nafld__auto","RD_survival_nafld2_nafld__auto","primary_dataset",FALSE,FALSE,"skipped_source_cap","source cap reached for Rdatasets","Rdatasets","weibull_like","rdatasets_survival","https://vincentarelbundock.github.io/Rdatasets/csv/survival/nafld2.csv","2026-06-16 01:12:14 -0400","/home/alrier/Documents/Final_Results_15June2026/06_REALWORLD_EXTERNAL_BATTERY_40DATASETS/realworld_battery_40datasets_full_run/99_recovery_logs/downloads/RD_survival_nafld2_nafld__auto.csv","da6055ecb628a88e6c226af4730e1e5c","rdatasets_auto_numeric","value","raw_auto_numeric","auto_numeric_column; rdatasets_rows=400123; rdatasets_n_numeric=3","empirical_public",400123,111.669856301023,31185.8810087717,"contains_nonpositive",63.76833855755,TRUE,NA,"Rdatasets public catalog: survival nafld2 (nafld) - Non-alcoholic fatty liver disease ; doc=https://vincentarelbundock.github.io/Rdatasets/doc/survival/nafld2.html","V5_audit_ready",TRUE,"Pre-registered empirical profile gate: bounded/proportion by hint/domain; zero-inflated/count by hint/domain; normal_like when abs(skew)<=0.50 and excess_kurtosis<=1.00; heavy_tail_symmetric when abs(skew)<=1.00 and excess_kurtosis>3.00; lognormal_like when skew>1.00 with positive support; weibull_like when skew>0.50 with positive support; otherwise empirical_unknown.","profile_preregistered",TRUE,"paired bootstrap aligned to the same reported gain statistic",TRUE,"Benjamini-Hochberg FDR is computed at dataset level on external_dataset_level_decisions.csv for primary eligible in-regime rows only. Primary alpha=0.05; secondary sensitivity alpha=0.1.","01_results_basic contains compact final results; 02_reports contains generated report files; 03_audit_ready contains full provenance, decisions, oracle audit, and split CSVs; 98_discarded_nonfinal is reserved for obsolete or nonfinal byproducts; 99_recovery_logs contains downloads, checkpoints, temporary recovery outputs, and logs.",0.005,10,TRUE,TRUE
"RD_texmex_rain_auto","RD_texmex_rain_auto","primary_dataset",FALSE,FALSE,"skipped_profile_quota","profile quota reached for lognormal_like","Rdatasets","lognormal_like","rdatasets_texmex","https://vincentarelbundock.github.io/Rdatasets/csv/texmex/rain.csv","2026-06-16 01:12:19 -0400","/home/alrier/Documents/Final_Results_15June2026/06_REALWORLD_EXTERNAL_BATTERY_40DATASETS/realworld_battery_40datasets_full_run/99_recovery_logs/downloads/RD_texmex_rain_auto.csv","536031b3f05178a19c91c0eea3b32e77","rdatasets_auto_numeric","dat","raw_auto_numeric","auto_numeric_column; rdatasets_rows=17531; rdatasets_n_numeric=1","empirical_public",17531,3.28951633346696,17.1372602891287,"contains_nonpositive",3.47609948091951,TRUE,NA,"Rdatasets public catalog: texmex rain - Rain, wavesurge, portpirie and nidd datasets. ; doc=https://vincentarelbundock.github.io/Rdatasets/doc/texmex/rain.html","V5_audit_ready",TRUE,"Pre-registered empirical profile gate: bounded/proportion by hint/domain; zero-inflated/count by hint/domain; normal_like when abs(skew)<=0.50 and excess_kurtosis<=1.00; heavy_tail_symmetric when abs(skew)<=1.00 and excess_kurtosis>3.00; lognormal_like when skew>1.00 with positive support; weibull_like when skew>0.50 with positive support; otherwise empirical_unknown.","profile_preregistered",TRUE,"paired bootstrap aligned to the same reported gain statistic",TRUE,"Benjamini-Hochberg FDR is computed at dataset level on external_dataset_level_decisions.csv for primary eligible in-regime rows only. Primary alpha=0.05; secondary sensitivity alpha=0.1.","01_results_basic contains compact final results; 02_reports contains generated report files; 03_audit_ready contains full provenance, decisions, oracle audit, and split CSVs; 98_discarded_nonfinal is reserved for obsolete or nonfinal byproducts; 99_recovery_logs contains downloads, checkpoints, temporary recovery outputs, and logs.",0.005,10,TRUE,TRUE
"RD_tidyr_who_auto","RD_tidyr_who_auto","primary_dataset",FALSE,FALSE,"skipped_profile_quota","profile quota reached for lognormal_like","Rdatasets","lognormal_like","rdatasets_tidyr","https://vincentarelbundock.github.io/Rdatasets/csv/tidyr/who.csv","2026-06-16 01:12:22 -0400","/home/alrier/Documents/Final_Results_15June2026/06_REALWORLD_EXTERNAL_BATTERY_40DATASETS/realworld_battery_40datasets_full_run/99_recovery_logs/downloads/RD_tidyr_who_auto.csv","10c64392d697653102f777d1f9fb4099","rdatasets_auto_numeric","new_ep_f3544","raw_auto_numeric","auto_numeric_column; rdatasets_rows=7240; rdatasets_n_numeric=57","empirical_public",1021,30.1492642034102,938.594824415108,"contains_nonpositive",241.704211557297,TRUE,NA,"Rdatasets public catalog: tidyr who - World Health Organization TB data ; doc=https://vincentarelbundock.github.io/Rdatasets/doc/tidyr/who.html","V5_audit_ready",TRUE,"Pre-registered empirical profile gate: bounded/proportion by hint/domain; zero-inflated/count by hint/domain; normal_like when abs(skew)<=0.50 and excess_kurtosis<=1.00; heavy_tail_symmetric when abs(skew)<=1.00 and excess_kurtosis>3.00; lognormal_like when skew>1.00 with positive support; weibull_like when skew>0.50 with positive support; otherwise empirical_unknown.","profile_preregistered",TRUE,"paired bootstrap aligned to the same reported gain statistic",TRUE,"Benjamini-Hochberg FDR is computed at dataset level on external_dataset_level_decisions.csv for primary eligible in-regime rows only. Primary alpha=0.05; secondary sensitivity alpha=0.1.","01_results_basic contains compact final results; 02_reports contains generated report files; 03_audit_ready contains full provenance, decisions, oracle audit, and split CSVs; 98_discarded_nonfinal is reserved for obsolete or nonfinal byproducts; 99_recovery_logs contains downloads, checkpoints, temporary recovery outputs, and logs.",0.005,10,TRUE,TRUE
"RD_timeSeriesDataSets_pedestrian_tbl_ts_auto","RD_timeSeriesDataSets_pedestrian_tbl_ts_auto","primary_dataset",FALSE,FALSE,"skipped_profile_quota","profile quota reached for lognormal_like","Rdatasets","lognormal_like","rdatasets_timeSeriesDataSets","https://vincentarelbundock.github.io/Rdatasets/csv/timeSeriesDataSets/pedestrian_tbl_ts.csv","2026-06-16 01:12:25 -0400","/home/alrier/Documents/Final_Results_15June2026/06_REALWORLD_EXTERNAL_BATTERY_40DATASETS/realworld_battery_40datasets_full_run/99_recovery_logs/downloads/RD_timeSeriesDataSets_pedestrian_tbl_ts_auto.csv","0f94d64961712103a3596cff4f7cd6c5","rdatasets_auto_numeric","Count","raw_auto_numeric","auto_numeric_column; rdatasets_rows=66037; rdatasets_n_numeric=2","empirical_public",66037,2.19447751098497,6.67082461507469,"contains_nonpositive",688.763435649712,TRUE,NA,"Rdatasets public catalog: timeSeriesDataSets pedestrian_tbl_ts - Pedestrian Counts in the City of Melbourne ; doc=https://vincentarelbundock.github.io/Rdatasets/doc/timeSeriesDataSets/pedestrian_tbl_ts.html","V5_audit_ready",TRUE,"Pre-registered empirical profile gate: bounded/proportion by hint/domain; zero-inflated/count by hint/domain; normal_like when abs(skew)<=0.50 and excess_kurtosis<=1.00; heavy_tail_symmetric when abs(skew)<=1.00 and excess_kurtosis>3.00; lognormal_like when skew>1.00 with positive support; weibull_like when skew>0.50 with positive support; otherwise empirical_unknown.","profile_preregistered",TRUE,"paired bootstrap aligned to the same reported gain statistic",TRUE,"Benjamini-Hochberg FDR is computed at dataset level on external_dataset_level_decisions.csv for primary eligible in-regime rows only. Primary alpha=0.05; secondary sensitivity alpha=0.1.","01_results_basic contains compact final results; 02_reports contains generated report files; 03_audit_ready contains full provenance, decisions, oracle audit, and split CSVs; 98_discarded_nonfinal is reserved for obsolete or nonfinal byproducts; 99_recovery_logs contains downloads, checkpoints, temporary recovery outputs, and logs.",0.005,10,TRUE,TRUE
"RD_tsibble_pedestrian_auto","RD_tsibble_pedestrian_auto","primary_dataset",FALSE,FALSE,"skipped_profile_quota","profile quota reached for lognormal_like","Rdatasets","lognormal_like","rdatasets_tsibble","https://vincentarelbundock.github.io/Rdatasets/csv/tsibble/pedestrian.csv","2026-06-16 01:12:29 -0400","/home/alrier/Documents/Final_Results_15June2026/06_REALWORLD_EXTERNAL_BATTERY_40DATASETS/realworld_battery_40datasets_full_run/99_recovery_logs/downloads/RD_tsibble_pedestrian_auto.csv","0f94d64961712103a3596cff4f7cd6c5","rdatasets_auto_numeric","Count","raw_auto_numeric","auto_numeric_column; rdatasets_rows=66037; rdatasets_n_numeric=2","empirical_public",66037,2.19447751098497,6.67082461507469,"contains_nonpositive",688.763435649712,TRUE,NA,"Rdatasets public catalog: tsibble pedestrian - Pedestrian counts in the city of Melbourne ; doc=https://vincentarelbundock.github.io/Rdatasets/doc/tsibble/pedestrian.html","V5_audit_ready",TRUE,"Pre-registered empirical profile gate: bounded/proportion by hint/domain; zero-inflated/count by hint/domain; normal_like when abs(skew)<=0.50 and excess_kurtosis<=1.00; heavy_tail_symmetric when abs(skew)<=1.00 and excess_kurtosis>3.00; lognormal_like when skew>1.00 with positive support; weibull_like when skew>0.50 with positive support; otherwise empirical_unknown.","profile_preregistered",TRUE,"paired bootstrap aligned to the same reported gain statistic",TRUE,"Benjamini-Hochberg FDR is computed at dataset level on external_dataset_level_decisions.csv for primary eligible in-regime rows only. Primary alpha=0.05; secondary sensitivity alpha=0.1.","01_results_basic contains compact final results; 02_reports contains generated report files; 03_audit_ready contains full provenance, decisions, oracle audit, and split CSVs; 98_discarded_nonfinal is reserved for obsolete or nonfinal byproducts; 99_recovery_logs contains downloads, checkpoints, temporary recovery outputs, and logs.",0.005,10,TRUE,TRUE
"RD_tsibbledata_PBS_auto","RD_tsibbledata_PBS_auto","primary_dataset",FALSE,FALSE,"skipped_profile_quota","profile quota reached for lognormal_like","Rdatasets","lognormal_like","rdatasets_tsibbledata","https://vincentarelbundock.github.io/Rdatasets/csv/tsibbledata/PBS.csv","2026-06-16 01:12:32 -0400","/home/alrier/Documents/Final_Results_15June2026/06_REALWORLD_EXTERNAL_BATTERY_40DATASETS/realworld_battery_40datasets_full_run/99_recovery_logs/downloads/RD_tsibbledata_PBS_auto.csv","6fce024d43462cb2af675db2569100f0","rdatasets_auto_numeric","Cost","raw_auto_numeric","auto_numeric_column; rdatasets_rows=67596; rdatasets_n_numeric=2","empirical_public",67596,8.09311418103285,100.414904863182,"contains_nonpositive",868677.623407598,TRUE,NA,"Rdatasets public catalog: tsibbledata PBS - Monthly Medicare Australia prescription data ; doc=https://vincentarelbundock.github.io/Rdatasets/doc/tsibbledata/PBS.html","V5_audit_ready",TRUE,"Pre-registered empirical profile gate: bounded/proportion by hint/domain; zero-inflated/count by hint/domain; normal_like when abs(skew)<=0.50 and excess_kurtosis<=1.00; heavy_tail_symmetric when abs(skew)<=1.00 and excess_kurtosis>3.00; lognormal_like when skew>1.00 with positive support; weibull_like when skew>0.50 with positive support; otherwise empirical_unknown.","profile_preregistered",TRUE,"paired bootstrap aligned to the same reported gain statistic",TRUE,"Benjamini-Hochberg FDR is computed at dataset level on external_dataset_level_decisions.csv for primary eligible in-regime rows only. Primary alpha=0.05; secondary sensitivity alpha=0.1.","01_results_basic contains compact final results; 02_reports contains generated report files; 03_audit_ready contains full provenance, decisions, oracle audit, and split CSVs; 98_discarded_nonfinal is reserved for obsolete or nonfinal byproducts; 99_recovery_logs contains downloads, checkpoints, temporary recovery outputs, and logs.",0.005,10,TRUE,TRUE
"RD_usdatasets_military_tbl_df_auto","RD_usdatasets_military_tbl_df_auto","primary_dataset",FALSE,FALSE,"skipped_profile_quota","profile quota reached for normal_like","Rdatasets","normal_like","rdatasets_usdatasets","https://vincentarelbundock.github.io/Rdatasets/csv/usdatasets/military_tbl_df.csv","2026-06-16 01:12:36 -0400","/home/alrier/Documents/Final_Results_15June2026/06_REALWORLD_EXTERNAL_BATTERY_40DATASETS/realworld_battery_40datasets_full_run/99_recovery_logs/downloads/RD_usdatasets_military_tbl_df_auto.csv","c38a7601757f209f8e89c0bae7567bed","rdatasets_auto_numeric","rank","raw_auto_numeric","auto_numeric_column; rdatasets_rows=1414593; rdatasets_n_numeric=1","empirical_public",1414593,-0.149299414446043,0.203838349776293,"strictly_positive",6.19403390233092,TRUE,NA,"Rdatasets public catalog: usdatasets military_tbl_df - US Military Demographics ; doc=https://vincentarelbundock.github.io/Rdatasets/doc/usdatasets/military_tbl_df.html","V5_audit_ready",TRUE,"Pre-registered empirical profile gate: bounded/proportion by hint/domain; zero-inflated/count by hint/domain; normal_like when abs(skew)<=0.50 and excess_kurtosis<=1.00; heavy_tail_symmetric when abs(skew)<=1.00 and excess_kurtosis>3.00; lognormal_like when skew>1.00 with positive support; weibull_like when skew>0.50 with positive support; otherwise empirical_unknown.","profile_preregistered",TRUE,"paired bootstrap aligned to the same reported gain statistic",TRUE,"Benjamini-Hochberg FDR is computed at dataset level on external_dataset_level_decisions.csv for primary eligible in-regime rows only. Primary alpha=0.05; secondary sensitivity alpha=0.1.","01_results_basic contains compact final results; 02_reports contains generated report files; 03_audit_ready contains full provenance, decisions, oracle audit, and split CSVs; 98_discarded_nonfinal is reserved for obsolete or nonfinal byproducts; 99_recovery_logs contains downloads, checkpoints, temporary recovery outputs, and logs.",0.005,10,TRUE,TRUE
"RD_validate_samplonomy_auto","RD_validate_samplonomy_auto","primary_dataset",FALSE,FALSE,"skipped_profile_quota","profile quota reached for lognormal_like","Rdatasets","lognormal_like","rdatasets_validate","https://vincentarelbundock.github.io/Rdatasets/csv/validate/samplonomy.csv","2026-06-16 01:12:46 -0400","/home/alrier/Documents/Final_Results_15June2026/06_REALWORLD_EXTERNAL_BATTERY_40DATASETS/realworld_battery_40datasets_full_run/99_recovery_logs/downloads/RD_validate_samplonomy_auto.csv","e03c2c0c14889fffbb39e2de22f696b0","rdatasets_auto_numeric","value","raw_auto_numeric","auto_numeric_column; rdatasets_rows=1199; rdatasets_n_numeric=1","empirical_public",1197,4.92979109937638,32.160116928236,"strictly_positive",102965.229741019,TRUE,NA,"Rdatasets public catalog: validate samplonomy - Economic data on Samplonia ; doc=https://vincentarelbundock.github.io/Rdatasets/doc/validate/samplonomy.html","V5_audit_ready",TRUE,"Pre-registered empirical profile gate: bounded/proportion by hint/domain; zero-inflated/count by hint/domain; normal_like when abs(skew)<=0.50 and excess_kurtosis<=1.00; heavy_tail_symmetric when abs(skew)<=1.00 and excess_kurtosis>3.00; lognormal_like when skew>1.00 with positive support; weibull_like when skew>0.50 with positive support; otherwise empirical_unknown.","profile_preregistered",TRUE,"paired bootstrap aligned to the same reported gain statistic",TRUE,"Benjamini-Hochberg FDR is computed at dataset level on external_dataset_level_decisions.csv for primary eligible in-regime rows only. Primary alpha=0.05; secondary sensitivity alpha=0.1.","01_results_basic contains compact final results; 02_reports contains generated report files; 03_audit_ready contains full provenance, decisions, oracle audit, and split CSVs; 98_discarded_nonfinal is reserved for obsolete or nonfinal byproducts; 99_recovery_logs contains downloads, checkpoints, temporary recovery outputs, and logs.",0.005,10,TRUE,TRUE
"RD_vcd_Bundesliga_auto","RD_vcd_Bundesliga_auto","primary_dataset",FALSE,FALSE,"skipped_source_cap","source cap reached for Rdatasets","Rdatasets","weibull_like","rdatasets_vcd","https://vincentarelbundock.github.io/Rdatasets/csv/vcd/Bundesliga.csv","2026-06-16 01:12:49 -0400","/home/alrier/Documents/Final_Results_15June2026/06_REALWORLD_EXTERNAL_BATTERY_40DATASETS/realworld_battery_40datasets_full_run/99_recovery_logs/downloads/RD_vcd_Bundesliga_auto.csv","4f05b666946fb62e492ed762bfd298c0","rdatasets_auto_numeric","AwayGoals","raw_auto_numeric","auto_numeric_column; rdatasets_rows=14018; rdatasets_n_numeric=4","empirical_public",14018,1.16608491269068,1.98788992808249,"contains_nonpositive",1.1907547439007,TRUE,NA,"Rdatasets public catalog: vcd Bundesliga - Ergebnisse der Fussball-Bundesliga ; doc=https://vincentarelbundock.github.io/Rdatasets/doc/vcd/Bundesliga.html","V5_audit_ready",TRUE,"Pre-registered empirical profile gate: bounded/proportion by hint/domain; zero-inflated/count by hint/domain; normal_like when abs(skew)<=0.50 and excess_kurtosis<=1.00; heavy_tail_symmetric when abs(skew)<=1.00 and excess_kurtosis>3.00; lognormal_like when skew>1.00 with positive support; weibull_like when skew>0.50 with positive support; otherwise empirical_unknown.","profile_preregistered",TRUE,"paired bootstrap aligned to the same reported gain statistic",TRUE,"Benjamini-Hochberg FDR is computed at dataset level on external_dataset_level_decisions.csv for primary eligible in-regime rows only. Primary alpha=0.05; secondary sensitivity alpha=0.1.","01_results_basic contains compact final results; 02_reports contains generated report files; 03_audit_ready contains full provenance, decisions, oracle audit, and split CSVs; 98_discarded_nonfinal is reserved for obsolete or nonfinal byproducts; 99_recovery_logs contains downloads, checkpoints, temporary recovery outputs, and logs.",0.005,10,TRUE,TRUE
"RD_vcdExtra_Titanicp_auto","RD_vcdExtra_Titanicp_auto","primary_dataset",FALSE,FALSE,"skipped_profile_quota","profile quota reached for normal_like","Rdatasets","normal_like","rdatasets_vcdExtra","https://vincentarelbundock.github.io/Rdatasets/csv/vcdExtra/Titanicp.csv","2026-06-16 01:12:53 -0400","/home/alrier/Documents/Final_Results_15June2026/06_REALWORLD_EXTERNAL_BATTERY_40DATASETS/realworld_battery_40datasets_full_run/99_recovery_logs/downloads/RD_vcdExtra_Titanicp_auto.csv","3536b7d2cff826f1c6181b6bdf140331","rdatasets_auto_numeric","age","raw_auto_numeric","auto_numeric_column; rdatasets_rows=1309; rdatasets_n_numeric=3","empirical_public",1046,0.406503400678458,0.134515859204669,"strictly_positive",29.881134512434,TRUE,NA,"Rdatasets public catalog: vcdExtra Titanicp - Passengers on the Titanic ; doc=https://vincentarelbundock.github.io/Rdatasets/doc/vcdExtra/Titanicp.html","V5_audit_ready",TRUE,"Pre-registered empirical profile gate: bounded/proportion by hint/domain; zero-inflated/count by hint/domain; normal_like when abs(skew)<=0.50 and excess_kurtosis<=1.00; heavy_tail_symmetric when abs(skew)<=1.00 and excess_kurtosis>3.00; lognormal_like when skew>1.00 with positive support; weibull_like when skew>0.50 with positive support; otherwise empirical_unknown.","profile_preregistered",TRUE,"paired bootstrap aligned to the same reported gain statistic",TRUE,"Benjamini-Hochberg FDR is computed at dataset level on external_dataset_level_decisions.csv for primary eligible in-regime rows only. Primary alpha=0.05; secondary sensitivity alpha=0.1.","01_results_basic contains compact final results; 02_reports contains generated report files; 03_audit_ready contains full provenance, decisions, oracle audit, and split CSVs; 98_discarded_nonfinal is reserved for obsolete or nonfinal byproducts; 99_recovery_logs contains downloads, checkpoints, temporary recovery outputs, and logs.",0.005,10,TRUE,TRUE
"RD_wooldridge_countymurders_auto","RD_wooldridge_countymurders_auto","primary_dataset",FALSE,FALSE,"skipped_profile_quota","profile quota reached for lognormal_like","Rdatasets","lognormal_like","rdatasets_wooldridge","https://vincentarelbundock.github.io/Rdatasets/csv/wooldridge/countymurders.csv","2026-06-16 01:12:56 -0400","/home/alrier/Documents/Final_Results_15June2026/06_REALWORLD_EXTERNAL_BATTERY_40DATASETS/realworld_battery_40datasets_full_run/99_recovery_logs/downloads/RD_wooldridge_countymurders_auto.csv","080c5be1fcf6fb557509d1247fba97cf","rdatasets_auto_numeric","arrestrate","raw_auto_numeric","auto_numeric_column; rdatasets_rows=37349; rdatasets_n_numeric=20","empirical_public",36845,51.3114459877145,5734.62542513381,"contains_nonpositive",0.511485796612838,TRUE,NA,"Rdatasets public catalog: wooldridge countymurders - countymurders ; doc=https://vincentarelbundock.github.io/Rdatasets/doc/wooldridge/countymurders.html","V5_audit_ready",TRUE,"Pre-registered empirical profile gate: bounded/proportion by hint/domain; zero-inflated/count by hint/domain; normal_like when abs(skew)<=0.50 and excess_kurtosis<=1.00; heavy_tail_symmetric when abs(skew)<=1.00 and excess_kurtosis>3.00; lognormal_like when skew>1.00 with positive support; weibull_like when skew>0.50 with positive support; otherwise empirical_unknown.","profile_preregistered",TRUE,"paired bootstrap aligned to the same reported gain statistic",TRUE,"Benjamini-Hochberg FDR is computed at dataset level on external_dataset_level_decisions.csv for primary eligible in-regime rows only. Primary alpha=0.05; secondary sensitivity alpha=0.1.","01_results_basic contains compact final results; 02_reports contains generated report files; 03_audit_ready contains full provenance, decisions, oracle audit, and split CSVs; 98_discarded_nonfinal is reserved for obsolete or nonfinal byproducts; 99_recovery_logs contains downloads, checkpoints, temporary recovery outputs, and logs.",0.005,10,TRUE,TRUE
"RD_admiral_admiral_adsl_auto","RD_admiral_admiral_adsl_auto","primary_dataset",FALSE,FALSE,"skipped_source_cap","source cap reached for Rdatasets","Rdatasets","empirical_unknown","rdatasets_admiral","https://vincentarelbundock.github.io/Rdatasets/csv/admiral/admiral_adsl.csv","2026-06-16 01:13:00 -0400","/home/alrier/Documents/Final_Results_15June2026/06_REALWORLD_EXTERNAL_BATTERY_40DATASETS/realworld_battery_40datasets_full_run/99_recovery_logs/downloads/RD_admiral_admiral_adsl_auto.csv","4fbf98776ceb3177e658e622cb6607be","rdatasets_auto_numeric","DMDY","raw_auto_numeric","auto_numeric_column; rdatasets_rows=306; rdatasets_n_numeric=5","empirical_public",254,-1.21657103030863,2.35701772946424,"contains_nonpositive",-11,TRUE,NA,"Rdatasets public catalog: admiral admiral_adsl - Subject Level Analysis Dataset ; doc=https://vincentarelbundock.github.io/Rdatasets/doc/admiral/admiral_adsl.html","V5_audit_ready",TRUE,"Pre-registered empirical profile gate: bounded/proportion by hint/domain; zero-inflated/count by hint/domain; normal_like when abs(skew)<=0.50 and excess_kurtosis<=1.00; heavy_tail_symmetric when abs(skew)<=1.00 and excess_kurtosis>3.00; lognormal_like when skew>1.00 with positive support; weibull_like when skew>0.50 with positive support; otherwise empirical_unknown.","profile_preregistered",TRUE,"paired bootstrap aligned to the same reported gain statistic",TRUE,"Benjamini-Hochberg FDR is computed at dataset level on external_dataset_level_decisions.csv for primary eligible in-regime rows only. Primary alpha=0.05; secondary sensitivity alpha=0.1.","01_results_basic contains compact final results; 02_reports contains generated report files; 03_audit_ready contains full provenance, decisions, oracle audit, and split CSVs; 98_discarded_nonfinal is reserved for obsolete or nonfinal byproducts; 99_recovery_logs contains downloads, checkpoints, temporary recovery outputs, and logs.",0.005,10,TRUE,TRUE
"RD_AER_CPSSW8_auto","RD_AER_CPSSW8_auto","primary_dataset",FALSE,FALSE,"skipped_source_cap","source cap reached for Rdatasets","Rdatasets","weibull_like","rdatasets_AER","https://vincentarelbundock.github.io/Rdatasets/csv/AER/CPSSW8.csv","2026-06-16 01:13:03 -0400","/home/alrier/Documents/Final_Results_15June2026/06_REALWORLD_EXTERNAL_BATTERY_40DATASETS/realworld_battery_40datasets_full_run/99_recovery_logs/downloads/RD_AER_CPSSW8_auto.csv","9433b1a426484ad693e84be29f4d5260","rdatasets_auto_numeric","earnings","raw_auto_numeric","auto_numeric_column; rdatasets_rows=61395; rdatasets_n_numeric=3","empirical_public",61395,1.18761794907562,1.50437276269212,"strictly_positive",18.4351153283123,TRUE,NA,"Rdatasets public catalog: AER CPSSW8 - Stock and Watson CPS Data Sets ; doc=https://vincentarelbundock.github.io/Rdatasets/doc/AER/CPSSW8.html","V5_audit_ready",TRUE,"Pre-registered empirical profile gate: bounded/proportion by hint/domain; zero-inflated/count by hint/domain; normal_like when abs(skew)<=0.50 and excess_kurtosis<=1.00; heavy_tail_symmetric when abs(skew)<=1.00 and excess_kurtosis>3.00; lognormal_like when skew>1.00 with positive support; weibull_like when skew>0.50 with positive support; otherwise empirical_unknown.","profile_preregistered",TRUE,"paired bootstrap aligned to the same reported gain statistic",TRUE,"Benjamini-Hochberg FDR is computed at dataset level on external_dataset_level_decisions.csv for primary eligible in-regime rows only. Primary alpha=0.05; secondary sensitivity alpha=0.1.","01_results_basic contains compact final results; 02_reports contains generated report files; 03_audit_ready contains full provenance, decisions, oracle audit, and split CSVs; 98_discarded_nonfinal is reserved for obsolete or nonfinal byproducts; 99_recovery_logs contains downloads, checkpoints, temporary recovery outputs, and logs.",0.005,10,TRUE,TRUE
"RD_agridat_barrero.maize_auto","RD_agridat_barrero.maize_auto","primary_dataset",FALSE,FALSE,"skipped_profile_quota","profile quota reached for lognormal_like","Rdatasets","lognormal_like","rdatasets_agridat","https://vincentarelbundock.github.io/Rdatasets/csv/agridat/barrero.maize.csv","2026-06-16 01:13:07 -0400","/home/alrier/Documents/Final_Results_15June2026/06_REALWORLD_EXTERNAL_BATTERY_40DATASETS/realworld_battery_40datasets_full_run/99_recovery_logs/downloads/RD_agridat_barrero.maize_auto.csv","50bcef06ae19d5a201627a691068c515","rdatasets_auto_numeric","lodged","raw_auto_numeric","auto_numeric_column; rdatasets_rows=14568; rdatasets_n_numeric=10","empirical_public",13714,3.92921319075957,17.9735303420771,"contains_nonpositive",4.09617908706431,TRUE,NA,"Rdatasets public catalog: agridat barrero.maize - Multi-environment trial of maize in Texas. ; doc=https://vincentarelbundock.github.io/Rdatasets/doc/agridat/barrero.maize.html","V5_audit_ready",TRUE,"Pre-registered empirical profile gate: bounded/proportion by hint/domain; zero-inflated/count by hint/domain; normal_like when abs(skew)<=0.50 and excess_kurtosis<=1.00; heavy_tail_symmetric when abs(skew)<=1.00 and excess_kurtosis>3.00; lognormal_like when skew>1.00 with positive support; weibull_like when skew>0.50 with positive support; otherwise empirical_unknown.","profile_preregistered",TRUE,"paired bootstrap aligned to the same reported gain statistic",TRUE,"Benjamini-Hochberg FDR is computed at dataset level on external_dataset_level_decisions.csv for primary eligible in-regime rows only. Primary alpha=0.05; secondary sensitivity alpha=0.1.","01_results_basic contains compact final results; 02_reports contains generated report files; 03_audit_ready contains full provenance, decisions, oracle audit, and split CSVs; 98_discarded_nonfinal is reserved for obsolete or nonfinal byproducts; 99_recovery_logs contains downloads, checkpoints, temporary recovery outputs, and logs.",0.005,10,TRUE,TRUE
"RD_alone_episodes_auto","RD_alone_episodes_auto","primary_dataset",FALSE,FALSE,"skipped_source_cap","source cap reached for Rdatasets","Rdatasets","empirical_unknown","rdatasets_alone","https://vincentarelbundock.github.io/Rdatasets/csv/alone/episodes.csv","2026-06-16 01:13:10 -0400","/home/alrier/Documents/Final_Results_15June2026/06_REALWORLD_EXTERNAL_BATTERY_40DATASETS/realworld_battery_40datasets_full_run/99_recovery_logs/downloads/RD_alone_episodes_auto.csv","d8d811f0054a2ac74b1593f849c905b7","rdatasets_auto_numeric","imdb_rating","raw_auto_numeric","auto_numeric_column; rdatasets_rows=172; rdatasets_n_numeric=8","empirical_public",152,-1.25747359870016,3.5394346365029,"strictly_positive",7.69407894736842,TRUE,NA,"Rdatasets public catalog: alone episodes - Episodes ; doc=https://vincentarelbundock.github.io/Rdatasets/doc/alone/episodes.html","V5_audit_ready",TRUE,"Pre-registered empirical profile gate: bounded/proportion by hint/domain; zero-inflated/count by hint/domain; normal_like when abs(skew)<=0.50 and excess_kurtosis<=1.00; heavy_tail_symmetric when abs(skew)<=1.00 and excess_kurtosis>3.00; lognormal_like when skew>1.00 with positive support; weibull_like when skew>0.50 with positive support; otherwise empirical_unknown.","profile_preregistered",TRUE,"paired bootstrap aligned to the same reported gain statistic",TRUE,"Benjamini-Hochberg FDR is computed at dataset level on external_dataset_level_decisions.csv for primary eligible in-regime rows only. Primary alpha=0.05; secondary sensitivity alpha=0.1.","01_results_basic contains compact final results; 02_reports contains generated report files; 03_audit_ready contains full provenance, decisions, oracle audit, and split CSVs; 98_discarded_nonfinal is reserved for obsolete or nonfinal byproducts; 99_recovery_logs contains downloads, checkpoints, temporary recovery outputs, and logs.",0.005,10,TRUE,TRUE
"RD_archdata_MaskSite_auto","RD_archdata_MaskSite_auto","primary_dataset",FALSE,FALSE,"skipped_source_cap","source cap reached for Rdatasets","Rdatasets","weibull_like","rdatasets_archdata","https://vincentarelbundock.github.io/Rdatasets/csv/archdata/MaskSite.csv","2026-06-16 01:13:12 -0400","/home/alrier/Documents/Final_Results_15June2026/06_REALWORLD_EXTERNAL_BATTERY_40DATASETS/realworld_battery_40datasets_full_run/99_recovery_logs/downloads/RD_archdata_MaskSite_auto.csv","5f1fcb66179e008d109247c40116c21c","rdatasets_auto_numeric","Y","raw_auto_numeric","auto_numeric_column; rdatasets_rows=494; rdatasets_n_numeric=2","empirical_public",494,0.89130640673714,0.0253062761243652,"strictly_positive",6.84222672064777,TRUE,NA,"Rdatasets public catalog: archdata MaskSite - Mask Site, Alaska, USA ; doc=https://vincentarelbundock.github.io/Rdatasets/doc/archdata/MaskSite.html","V5_audit_ready",TRUE,"Pre-registered empirical profile gate: bounded/proportion by hint/domain; zero-inflated/count by hint/domain; normal_like when abs(skew)<=0.50 and excess_kurtosis<=1.00; heavy_tail_symmetric when abs(skew)<=1.00 and excess_kurtosis>3.00; lognormal_like when skew>1.00 with positive support; weibull_like when skew>0.50 with positive support; otherwise empirical_unknown.","profile_preregistered",TRUE,"paired bootstrap aligned to the same reported gain statistic",TRUE,"Benjamini-Hochberg FDR is computed at dataset level on external_dataset_level_decisions.csv for primary eligible in-regime rows only. Primary alpha=0.05; secondary sensitivity alpha=0.1.","01_results_basic contains compact final results; 02_reports contains generated report files; 03_audit_ready contains full provenance, decisions, oracle audit, and split CSVs; 98_discarded_nonfinal is reserved for obsolete or nonfinal byproducts; 99_recovery_logs contains downloads, checkpoints, temporary recovery outputs, and logs.",0.005,10,TRUE,TRUE
"RD_asaur_ashkenazi_auto","RD_asaur_ashkenazi_auto","primary_dataset",FALSE,FALSE,"skipped_profile_quota","profile quota reached for normal_like","Rdatasets","normal_like","rdatasets_asaur","https://vincentarelbundock.github.io/Rdatasets/csv/asaur/ashkenazi.csv","2026-06-16 01:13:15 -0400","/home/alrier/Documents/Final_Results_15June2026/06_REALWORLD_EXTERNAL_BATTERY_40DATASETS/realworld_battery_40datasets_full_run/99_recovery_logs/downloads/RD_asaur_ashkenazi_auto.csv","97e745e6f40d288d280999b21b704041","rdatasets_auto_numeric","famID","raw_auto_numeric","auto_numeric_column; rdatasets_rows=3920; rdatasets_n_numeric=4","empirical_public",3920,0.0233516924107625,-1.19176087502871,"strictly_positive",1862.45102040816,TRUE,NA,"Rdatasets public catalog: asaur ashkenazi - ashkenazi ; doc=https://vincentarelbundock.github.io/Rdatasets/doc/asaur/ashkenazi.html","V5_audit_ready",TRUE,"Pre-registered empirical profile gate: bounded/proportion by hint/domain; zero-inflated/count by hint/domain; normal_like when abs(skew)<=0.50 and excess_kurtosis<=1.00; heavy_tail_symmetric when abs(skew)<=1.00 and excess_kurtosis>3.00; lognormal_like when skew>1.00 with positive support; weibull_like when skew>0.50 with positive support; otherwise empirical_unknown.","profile_preregistered",TRUE,"paired bootstrap aligned to the same reported gain statistic",TRUE,"Benjamini-Hochberg FDR is computed at dataset level on external_dataset_level_decisions.csv for primary eligible in-regime rows only. Primary alpha=0.05; secondary sensitivity alpha=0.1.","01_results_basic contains compact final results; 02_reports contains generated report files; 03_audit_ready contains full provenance, decisions, oracle audit, and split CSVs; 98_discarded_nonfinal is reserved for obsolete or nonfinal byproducts; 99_recovery_logs contains downloads, checkpoints, temporary recovery outputs, and logs.",0.005,10,TRUE,TRUE
"RD_bakeoff_episodes_raw_data__auto","RD_bakeoff_episodes_raw_data__auto","primary_dataset",FALSE,FALSE,"skipped_profile_quota","profile quota reached for normal_like","Rdatasets","normal_like","rdatasets_bakeoff","https://vincentarelbundock.github.io/Rdatasets/csv/bakeoff/episodes_raw.csv","2026-06-16 01:13:18 -0400","/home/alrier/Documents/Final_Results_15June2026/06_REALWORLD_EXTERNAL_BATTERY_40DATASETS/realworld_battery_40datasets_full_run/99_recovery_logs/downloads/RD_bakeoff_episodes_raw_data__auto.csv","67253ac90d9a05800fdfb9f086acfa8e","rdatasets_auto_numeric","technical","raw_auto_numeric","auto_numeric_column; rdatasets_rows=704; rdatasets_n_numeric=1","empirical_public",696,0.567161972056993,-0.595769963004463,"strictly_positive",4.8433908045977,TRUE,NA,"Rdatasets public catalog: bakeoff episodes_raw (data) - Each episodes' challenges (raw) ; doc=https://vincentarelbundock.github.io/Rdatasets/doc/bakeoff/episodes_raw.html","V5_audit_ready",TRUE,"Pre-registered empirical profile gate: bounded/proportion by hint/domain; zero-inflated/count by hint/domain; normal_like when abs(skew)<=0.50 and excess_kurtosis<=1.00; heavy_tail_symmetric when abs(skew)<=1.00 and excess_kurtosis>3.00; lognormal_like when skew>1.00 with positive support; weibull_like when skew>0.50 with positive support; otherwise empirical_unknown.","profile_preregistered",TRUE,"paired bootstrap aligned to the same reported gain statistic",TRUE,"Benjamini-Hochberg FDR is computed at dataset level on external_dataset_level_decisions.csv for primary eligible in-regime rows only. Primary alpha=0.05; secondary sensitivity alpha=0.1.","01_results_basic contains compact final results; 02_reports contains generated report files; 03_audit_ready contains full provenance, decisions, oracle audit, and split CSVs; 98_discarded_nonfinal is reserved for obsolete or nonfinal byproducts; 99_recovery_logs contains downloads, checkpoints, temporary recovery outputs, and logs.",0.005,10,TRUE,TRUE
"RD_bayesrules_moma_auto","RD_bayesrules_moma_auto","primary_dataset",FALSE,FALSE,"skipped_profile_quota","profile quota reached for lognormal_like","Rdatasets","lognormal_like","rdatasets_bayesrules","https://vincentarelbundock.github.io/Rdatasets/csv/bayesrules/moma.csv","2026-06-16 01:13:21 -0400","/home/alrier/Documents/Final_Results_15June2026/06_REALWORLD_EXTERNAL_BATTERY_40DATASETS/realworld_battery_40datasets_full_run/99_recovery_logs/downloads/RD_bayesrules_moma_auto.csv","acbf75c75d506de374127a3858a519df","rdatasets_auto_numeric","count","raw_auto_numeric","auto_numeric_column; rdatasets_rows=10964; rdatasets_n_numeric=1","empirical_public",9071,35.5508571798789,1741.07134039795,"strictly_positive",13.2461691103517,TRUE,NA,"Rdatasets public catalog: bayesrules moma - Museum of Modern Art (MoMA) data ; doc=https://vincentarelbundock.github.io/Rdatasets/doc/bayesrules/moma.html","V5_audit_ready",TRUE,"Pre-registered empirical profile gate: bounded/proportion by hint/domain; zero-inflated/count by hint/domain; normal_like when abs(skew)<=0.50 and excess_kurtosis<=1.00; heavy_tail_symmetric when abs(skew)<=1.00 and excess_kurtosis>3.00; lognormal_like when skew>1.00 with positive support; weibull_like when skew>0.50 with positive support; otherwise empirical_unknown.","profile_preregistered",TRUE,"paired bootstrap aligned to the same reported gain statistic",TRUE,"Benjamini-Hochberg FDR is computed at dataset level on external_dataset_level_decisions.csv for primary eligible in-regime rows only. Primary alpha=0.05; secondary sensitivity alpha=0.1.","01_results_basic contains compact final results; 02_reports contains generated report files; 03_audit_ready contains full provenance, decisions, oracle audit, and split CSVs; 98_discarded_nonfinal is reserved for obsolete or nonfinal byproducts; 99_recovery_logs contains downloads, checkpoints, temporary recovery outputs, and logs.",0.005,10,TRUE,TRUE
"RD_betareg_WeatherTask_auto","RD_betareg_WeatherTask_auto","primary_dataset",FALSE,FALSE,"skipped_source_cap","source cap reached for Rdatasets","Rdatasets","weibull_like","rdatasets_betareg","https://vincentarelbundock.github.io/Rdatasets/csv/betareg/WeatherTask.csv","2026-06-16 01:13:25 -0400","/home/alrier/Documents/Final_Results_15June2026/06_REALWORLD_EXTERNAL_BATTERY_40DATASETS/realworld_battery_40datasets_full_run/99_recovery_logs/downloads/RD_betareg_WeatherTask_auto.csv","b284ffd5665bd6d601e401a9ac2433a8","rdatasets_auto_numeric","agreement","raw_auto_numeric","auto_numeric_column; rdatasets_rows=345; rdatasets_n_numeric=1","empirical_public",345,1.13637712434183,0.746831297326255,"strictly_positive",0.243397101449275,TRUE,NA,"Rdatasets public catalog: betareg WeatherTask - Weather Task with Priming and Precise and Imprecise Probabilities ; doc=https://vincentarelbundock.github.io/Rdatasets/doc/betareg/WeatherTask.html","V5_audit_ready",TRUE,"Pre-registered empirical profile gate: bounded/proportion by hint/domain; zero-inflated/count by hint/domain; normal_like when abs(skew)<=0.50 and excess_kurtosis<=1.00; heavy_tail_symmetric when abs(skew)<=1.00 and excess_kurtosis>3.00; lognormal_like when skew>1.00 with positive support; weibull_like when skew>0.50 with positive support; otherwise empirical_unknown.","profile_preregistered",TRUE,"paired bootstrap aligned to the same reported gain statistic",TRUE,"Benjamini-Hochberg FDR is computed at dataset level on external_dataset_level_decisions.csv for primary eligible in-regime rows only. Primary alpha=0.05; secondary sensitivity alpha=0.1.","01_results_basic contains compact final results; 02_reports contains generated report files; 03_audit_ready contains full provenance, decisions, oracle audit, and split CSVs; 98_discarded_nonfinal is reserved for obsolete or nonfinal byproducts; 99_recovery_logs contains downloads, checkpoints, temporary recovery outputs, and logs.",0.005,10,TRUE,TRUE
"RD_boot_manaus_auto","RD_boot_manaus_auto","primary_dataset",FALSE,FALSE,"skipped_profile_quota","profile quota reached for normal_like","Rdatasets","normal_like","rdatasets_boot","https://vincentarelbundock.github.io/Rdatasets/csv/boot/manaus.csv","2026-06-16 01:13:27 -0400","/home/alrier/Documents/Final_Results_15June2026/06_REALWORLD_EXTERNAL_BATTERY_40DATASETS/realworld_battery_40datasets_full_run/99_recovery_logs/downloads/RD_boot_manaus_auto.csv","200f77ddf3ed353132b772d8c9f3f29f","rdatasets_auto_numeric","value","raw_auto_numeric","auto_numeric_column; rdatasets_rows=1080; rdatasets_n_numeric=2","empirical_public",1080,-0.517837009972452,1.34889698640979,"contains_nonpositive",1.01851851851654e-06,TRUE,NA,"Rdatasets public catalog: boot manaus - Average Heights of the Rio Negro river at Manaus ; doc=https://vincentarelbundock.github.io/Rdatasets/doc/boot/manaus.html","V5_audit_ready",TRUE,"Pre-registered empirical profile gate: bounded/proportion by hint/domain; zero-inflated/count by hint/domain; normal_like when abs(skew)<=0.50 and excess_kurtosis<=1.00; heavy_tail_symmetric when abs(skew)<=1.00 and excess_kurtosis>3.00; lognormal_like when skew>1.00 with positive support; weibull_like when skew>0.50 with positive support; otherwise empirical_unknown.","profile_preregistered",TRUE,"paired bootstrap aligned to the same reported gain statistic",TRUE,"Benjamini-Hochberg FDR is computed at dataset level on external_dataset_level_decisions.csv for primary eligible in-regime rows only. Primary alpha=0.05; secondary sensitivity alpha=0.1.","01_results_basic contains compact final results; 02_reports contains generated report files; 03_audit_ready contains full provenance, decisions, oracle audit, and split CSVs; 98_discarded_nonfinal is reserved for obsolete or nonfinal byproducts; 99_recovery_logs contains downloads, checkpoints, temporary recovery outputs, and logs.",0.005,10,TRUE,TRUE
"RD_camerondata_randhealth_auto","RD_camerondata_randhealth_auto","primary_dataset",FALSE,FALSE,"skipped_profile_quota","profile quota reached for lognormal_like","Rdatasets","lognormal_like","rdatasets_camerondata","https://vincentarelbundock.github.io/Rdatasets/csv/camerondata/randhealth.csv","2026-06-16 01:13:30 -0400","/home/alrier/Documents/Final_Results_15June2026/06_REALWORLD_EXTERNAL_BATTERY_40DATASETS/realworld_battery_40datasets_full_run/99_recovery_logs/downloads/RD_camerondata_randhealth_auto.csv","00d336c410f59eade4438d32fabd99af","rdatasets_auto_numeric","inpdol","raw_auto_numeric","auto_numeric_column; rdatasets_rows=20190; rdatasets_n_numeric=45","empirical_public",20190,22.7465673255555,890.178421473512,"contains_nonpositive",100.469410355437,TRUE,NA,"Rdatasets public catalog: camerondata randhealth - Health expenditures and insurance plans ; doc=https://vincentarelbundock.github.io/Rdatasets/doc/camerondata/randhealth.html","V5_audit_ready",TRUE,"Pre-registered empirical profile gate: bounded/proportion by hint/domain; zero-inflated/count by hint/domain; normal_like when abs(skew)<=0.50 and excess_kurtosis<=1.00; heavy_tail_symmetric when abs(skew)<=1.00 and excess_kurtosis>3.00; lognormal_like when skew>1.00 with positive support; weibull_like when skew>0.50 with positive support; otherwise empirical_unknown.","profile_preregistered",TRUE,"paired bootstrap aligned to the same reported gain statistic",TRUE,"Benjamini-Hochberg FDR is computed at dataset level on external_dataset_level_decisions.csv for primary eligible in-regime rows only. Primary alpha=0.05; secondary sensitivity alpha=0.1.","01_results_basic contains compact final results; 02_reports contains generated report files; 03_audit_ready contains full provenance, decisions, oracle audit, and split CSVs; 98_discarded_nonfinal is reserved for obsolete or nonfinal byproducts; 99_recovery_logs contains downloads, checkpoints, temporary recovery outputs, and logs.",0.005,10,TRUE,TRUE
"RD_carData_Vocab_auto","RD_carData_Vocab_auto","primary_dataset",FALSE,FALSE,"skipped_profile_quota","profile quota reached for normal_like","Rdatasets","normal_like","rdatasets_carData","https://vincentarelbundock.github.io/Rdatasets/csv/carData/Vocab.csv","2026-06-16 01:13:34 -0400","/home/alrier/Documents/Final_Results_15June2026/06_REALWORLD_EXTERNAL_BATTERY_40DATASETS/realworld_battery_40datasets_full_run/99_recovery_logs/downloads/RD_carData_Vocab_auto.csv","63878d50fa805b14696069184ce47d86","rdatasets_auto_numeric","education","raw_auto_numeric","auto_numeric_column; rdatasets_rows=30351; rdatasets_n_numeric=3","empirical_public",30351,-0.248174784381779,0.884194507970319,"contains_nonpositive",13.0342328094626,TRUE,NA,"Rdatasets public catalog: carData Vocab - Vocabulary and Education ; doc=https://vincentarelbundock.github.io/Rdatasets/doc/carData/Vocab.html","V5_audit_ready",TRUE,"Pre-registered empirical profile gate: bounded/proportion by hint/domain; zero-inflated/count by hint/domain; normal_like when abs(skew)<=0.50 and excess_kurtosis<=1.00; heavy_tail_symmetric when abs(skew)<=1.00 and excess_kurtosis>3.00; lognormal_like when skew>1.00 with positive support; weibull_like when skew>0.50 with positive support; otherwise empirical_unknown.","profile_preregistered",TRUE,"paired bootstrap aligned to the same reported gain statistic",TRUE,"Benjamini-Hochberg FDR is computed at dataset level on external_dataset_level_decisions.csv for primary eligible in-regime rows only. Primary alpha=0.05; secondary sensitivity alpha=0.1.","01_results_basic contains compact final results; 02_reports contains generated report files; 03_audit_ready contains full provenance, decisions, oracle audit, and split CSVs; 98_discarded_nonfinal is reserved for obsolete or nonfinal byproducts; 99_recovery_logs contains downloads, checkpoints, temporary recovery outputs, and logs.",0.005,10,TRUE,TRUE
"RD_CardioDataSets_cardiac_gwas_df_auto","RD_CardioDataSets_cardiac_gwas_df_auto","primary_dataset",FALSE,FALSE,"skipped_profile_quota","profile quota reached for lognormal_like","Rdatasets","lognormal_like","rdatasets_CardioDataSets","https://vincentarelbundock.github.io/Rdatasets/csv/CardioDataSets/cardiac_gwas_df.csv","2026-06-16 01:13:37 -0400","/home/alrier/Documents/Final_Results_15June2026/06_REALWORLD_EXTERNAL_BATTERY_40DATASETS/realworld_battery_40datasets_full_run/99_recovery_logs/downloads/RD_CardioDataSets_cardiac_gwas_df_auto.csv","7ccb4fe540b709cbbe2bf5edcfaee3cb","rdatasets_auto_numeric","gcse","raw_auto_numeric","auto_numeric_column; rdatasets_rows=9919; rdatasets_n_numeric=5","empirical_public",9919,3.43304420709276,17.2611360663228,"strictly_positive",0.1087462485458,TRUE,NA,"Rdatasets public catalog: CardioDataSets cardiac_gwas_df - Coronary Artery Disease GWAS Meta-Analysis ; doc=https://vincentarelbundock.github.io/Rdatasets/doc/CardioDataSets/cardiac_gwas_df.html","V5_audit_ready",TRUE,"Pre-registered empirical profile gate: bounded/proportion by hint/domain; zero-inflated/count by hint/domain; normal_like when abs(skew)<=0.50 and excess_kurtosis<=1.00; heavy_tail_symmetric when abs(skew)<=1.00 and excess_kurtosis>3.00; lognormal_like when skew>1.00 with positive support; weibull_like when skew>0.50 with positive support; otherwise empirical_unknown.","profile_preregistered",TRUE,"paired bootstrap aligned to the same reported gain statistic",TRUE,"Benjamini-Hochberg FDR is computed at dataset level on external_dataset_level_decisions.csv for primary eligible in-regime rows only. Primary alpha=0.05; secondary sensitivity alpha=0.1.","01_results_basic contains compact final results; 02_reports contains generated report files; 03_audit_ready contains full provenance, decisions, oracle audit, and split CSVs; 98_discarded_nonfinal is reserved for obsolete or nonfinal byproducts; 99_recovery_logs contains downloads, checkpoints, temporary recovery outputs, and logs.",0.005,10,TRUE,TRUE
"RD_causaldata_gov_transfers_density_auto","RD_causaldata_gov_transfers_density_auto","primary_dataset",FALSE,FALSE,"skipped_profile_quota","profile quota reached for normal_like","Rdatasets","normal_like","rdatasets_causaldata","https://vincentarelbundock.github.io/Rdatasets/csv/causaldata/gov_transfers_density.csv","2026-06-16 01:13:40 -0400","/home/alrier/Documents/Final_Results_15June2026/06_REALWORLD_EXTERNAL_BATTERY_40DATASETS/realworld_battery_40datasets_full_run/99_recovery_logs/downloads/RD_causaldata_gov_transfers_density_auto.csv","110cf0d6dbf8f10bc9df70196d34e146","rdatasets_auto_numeric","Income_Centered","raw_auto_numeric","auto_numeric_column; rdatasets_rows=52549; rdatasets_n_numeric=1","empirical_public",52549,-0.327486429214436,-1.05453666440672,"contains_nonpositive",0.00739912402701479,TRUE,NA,"Rdatasets public catalog: causaldata gov_transfers_density - Data from ""Government Transfers and Political Support"" for Density Tests ; doc=https://vincentarelbundock.github.io/Rdatasets/doc/causaldata/gov_transfers_density.html","V5_audit_ready",TRUE,"Pre-registered empirical profile gate: bounded/proportion by hint/domain; zero-inflated/count by hint/domain; normal_like when abs(skew)<=0.50 and excess_kurtosis<=1.00; heavy_tail_symmetric when abs(skew)<=1.00 and excess_kurtosis>3.00; lognormal_like when skew>1.00 with positive support; weibull_like when skew>0.50 with positive support; otherwise empirical_unknown.","profile_preregistered",TRUE,"paired bootstrap aligned to the same reported gain statistic",TRUE,"Benjamini-Hochberg FDR is computed at dataset level on external_dataset_level_decisions.csv for primary eligible in-regime rows only. Primary alpha=0.05; secondary sensitivity alpha=0.1.","01_results_basic contains compact final results; 02_reports contains generated report files; 03_audit_ready contains full provenance, decisions, oracle audit, and split CSVs; 98_discarded_nonfinal is reserved for obsolete or nonfinal byproducts; 99_recovery_logs contains downloads, checkpoints, temporary recovery outputs, and logs.",0.005,10,TRUE,TRUE
"RD_collegeScorecard_school_auto","RD_collegeScorecard_school_auto","primary_dataset",FALSE,FALSE,"skipped_profile_quota","profile quota reached for lognormal_like","Rdatasets","lognormal_like","rdatasets_collegeScorecard","https://vincentarelbundock.github.io/Rdatasets/csv/collegeScorecard/school.csv","2026-06-16 01:13:43 -0400","/home/alrier/Documents/Final_Results_15June2026/06_REALWORLD_EXTERNAL_BATTERY_40DATASETS/realworld_battery_40datasets_full_run/99_recovery_logs/downloads/RD_collegeScorecard_school_auto.csv","cd3ef487c719fe3ccb53f1b3aaf746e7","rdatasets_auto_numeric","zip","raw_auto_numeric","auto_numeric_column; rdatasets_rows=11300; rdatasets_n_numeric=3","empirical_public",6940,4.13676193424017,16.8660004677647,"strictly_positive",43124948.0819885,TRUE,NA,"Rdatasets public catalog: collegeScorecard school - College Scorecard: School Data ; doc=https://vincentarelbundock.github.io/Rdatasets/doc/collegeScorecard/school.html","V5_audit_ready",TRUE,"Pre-registered empirical profile gate: bounded/proportion by hint/domain; zero-inflated/count by hint/domain; normal_like when abs(skew)<=0.50 and excess_kurtosis<=1.00; heavy_tail_symmetric when abs(skew)<=1.00 and excess_kurtosis>3.00; lognormal_like when skew>1.00 with positive support; weibull_like when skew>0.50 with positive support; otherwise empirical_unknown.","profile_preregistered",TRUE,"paired bootstrap aligned to the same reported gain statistic",TRUE,"Benjamini-Hochberg FDR is computed at dataset level on external_dataset_level_decisions.csv for primary eligible in-regime rows only. Primary alpha=0.05; secondary sensitivity alpha=0.1.","01_results_basic contains compact final results; 02_reports contains generated report files; 03_audit_ready contains full provenance, decisions, oracle audit, and split CSVs; 98_discarded_nonfinal is reserved for obsolete or nonfinal byproducts; 99_recovery_logs contains downloads, checkpoints, temporary recovery outputs, and logs.",0.005,10,TRUE,TRUE
"RD_COUNT_rwm5yr_auto","RD_COUNT_rwm5yr_auto","primary_dataset",FALSE,FALSE,"skipped_source_cap","source cap reached for Rdatasets","Rdatasets","zero_inflated_count","rdatasets_COUNT","https://vincentarelbundock.github.io/Rdatasets/csv/COUNT/rwm5yr.csv","2026-06-16 01:13:47 -0400","/home/alrier/Documents/Final_Results_15June2026/06_REALWORLD_EXTERNAL_BATTERY_40DATASETS/realworld_battery_40datasets_full_run/99_recovery_logs/downloads/RD_COUNT_rwm5yr_auto.csv","e91989ec30c722896a2e56574cd2fcc6","rdatasets_auto_numeric","hospvis","raw_auto_numeric","auto_numeric_column; rdatasets_rows=19609; rdatasets_n_numeric=17","empirical_public",19609,27.8802591075035,1154.76196862503,"contains_nonpositive",0.138150849099903,TRUE,NA,"Rdatasets public catalog: COUNT rwm5yr - rwm5yr ; doc=https://vincentarelbundock.github.io/Rdatasets/doc/COUNT/rwm5yr.html","V5_audit_ready",TRUE,"Pre-registered empirical profile gate: bounded/proportion by hint/domain; zero-inflated/count by hint/domain; normal_like when abs(skew)<=0.50 and excess_kurtosis<=1.00; heavy_tail_symmetric when abs(skew)<=1.00 and excess_kurtosis>3.00; lognormal_like when skew>1.00 with positive support; weibull_like when skew>0.50 with positive support; otherwise empirical_unknown.","profile_preregistered",TRUE,"paired bootstrap aligned to the same reported gain statistic",TRUE,"Benjamini-Hochberg FDR is computed at dataset level on external_dataset_level_decisions.csv for primary eligible in-regime rows only. Primary alpha=0.05; secondary sensitivity alpha=0.1.","01_results_basic contains compact final results; 02_reports contains generated report files; 03_audit_ready contains full provenance, decisions, oracle audit, and split CSVs; 98_discarded_nonfinal is reserved for obsolete or nonfinal byproducts; 99_recovery_logs contains downloads, checkpoints, temporary recovery outputs, and logs.",0.005,10,TRUE,TRUE
"RD_crimedatasets_FBICriminal_tbl_df_auto","RD_crimedatasets_FBICriminal_tbl_df_auto","primary_dataset",FALSE,FALSE,"skipped_profile_quota","profile quota reached for lognormal_like","Rdatasets","lognormal_like","rdatasets_crimedatasets","https://vincentarelbundock.github.io/Rdatasets/csv/crimedatasets/FBICriminal_tbl_df.csv","2026-06-16 01:13:50 -0400","/home/alrier/Documents/Final_Results_15June2026/06_REALWORLD_EXTERNAL_BATTERY_40DATASETS/realworld_battery_40datasets_full_run/99_recovery_logs/downloads/RD_crimedatasets_FBICriminal_tbl_df_auto.csv","3c9d3398f5a3093ea3a9a28a4752945c","rdatasets_auto_numeric","guns_per_thousand","raw_auto_numeric","auto_numeric_column; rdatasets_rows=11648; rdatasets_n_numeric=32","empirical_public",10668,70.3666036102502,5151.50232012295,"contains_nonpositive",46190.8189353761,TRUE,NA,"Rdatasets public catalog: crimedatasets FBICriminal_tbl_df - FBI Criminal Background Check System ; doc=https://vincentarelbundock.github.io/Rdatasets/doc/crimedatasets/FBICriminal_tbl_df.html","V5_audit_ready",TRUE,"Pre-registered empirical profile gate: bounded/proportion by hint/domain; zero-inflated/count by hint/domain; normal_like when abs(skew)<=0.50 and excess_kurtosis<=1.00; heavy_tail_symmetric when abs(skew)<=1.00 and excess_kurtosis>3.00; lognormal_like when skew>1.00 with positive support; weibull_like when skew>0.50 with positive support; otherwise empirical_unknown.","profile_preregistered",TRUE,"paired bootstrap aligned to the same reported gain statistic",TRUE,"Benjamini-Hochberg FDR is computed at dataset level on external_dataset_level_decisions.csv for primary eligible in-regime rows only. Primary alpha=0.05; secondary sensitivity alpha=0.1.","01_results_basic contains compact final results; 02_reports contains generated report files; 03_audit_ready contains full provenance, decisions, oracle audit, and split CSVs; 98_discarded_nonfinal is reserved for obsolete or nonfinal byproducts; 99_recovery_logs contains downloads, checkpoints, temporary recovery outputs, and logs.",0.005,10,TRUE,TRUE
"RD_DAAG_cps1_auto","RD_DAAG_cps1_auto","primary_dataset",FALSE,FALSE,"skipped_profile_quota","profile quota reached for normal_like","Rdatasets","normal_like","rdatasets_DAAG","https://vincentarelbundock.github.io/Rdatasets/csv/DAAG/cps1.csv","2026-06-16 01:13:53 -0400","/home/alrier/Documents/Final_Results_15June2026/06_REALWORLD_EXTERNAL_BATTERY_40DATASETS/realworld_battery_40datasets_full_run/99_recovery_logs/downloads/RD_DAAG_cps1_auto.csv","a779d416a788bb5342712dfb4851d7bd","rdatasets_auto_numeric","re78","raw_auto_numeric","auto_numeric_column; rdatasets_rows=15992; rdatasets_n_numeric=10","empirical_public",15992,-0.327699154067062,-1.40432937716457,"contains_nonpositive",14846.6596729073,TRUE,NA,"Rdatasets public catalog: DAAG cps1 - Labour Training Evaluation Data ; doc=https://vincentarelbundock.github.io/Rdatasets/doc/DAAG/cps1.html","V5_audit_ready",TRUE,"Pre-registered empirical profile gate: bounded/proportion by hint/domain; zero-inflated/count by hint/domain; normal_like when abs(skew)<=0.50 and excess_kurtosis<=1.00; heavy_tail_symmetric when abs(skew)<=1.00 and excess_kurtosis>3.00; lognormal_like when skew>1.00 with positive support; weibull_like when skew>0.50 with positive support; otherwise empirical_unknown.","profile_preregistered",TRUE,"paired bootstrap aligned to the same reported gain statistic",TRUE,"Benjamini-Hochberg FDR is computed at dataset level on external_dataset_level_decisions.csv for primary eligible in-regime rows only. Primary alpha=0.05; secondary sensitivity alpha=0.1.","01_results_basic contains compact final results; 02_reports contains generated report files; 03_audit_ready contains full provenance, decisions, oracle audit, and split CSVs; 98_discarded_nonfinal is reserved for obsolete or nonfinal byproducts; 99_recovery_logs contains downloads, checkpoints, temporary recovery outputs, and logs.",0.005,10,TRUE,TRUE
"RD_datasets_sunspot.month_auto","RD_datasets_sunspot.month_auto","primary_dataset",FALSE,FALSE,"skipped_source_cap","source cap reached for Rdatasets","Rdatasets","weibull_like","rdatasets_datasets","https://vincentarelbundock.github.io/Rdatasets/csv/datasets/sunspot.month.csv","2026-06-16 01:13:56 -0400","/home/alrier/Documents/Final_Results_15June2026/06_REALWORLD_EXTERNAL_BATTERY_40DATASETS/realworld_battery_40datasets_full_run/99_recovery_logs/downloads/RD_datasets_sunspot.month_auto.csv","eb5e46932d6ae77d50122d087404a699","rdatasets_auto_numeric","value","raw_auto_numeric","auto_numeric_column; rdatasets_rows=3310; rdatasets_n_numeric=2","empirical_public",3310,0.916808357936988,0.32602483180373,"contains_nonpositive",81.9937160120846,TRUE,NA,"Rdatasets public catalog: datasets sunspot.month - Monthly Sunspot Data, from 1749 to ""Present"" ; doc=https://vincentarelbundock.github.io/Rdatasets/doc/datasets/sunspot.month.html","V5_audit_ready",TRUE,"Pre-registered empirical profile gate: bounded/proportion by hint/domain; zero-inflated/count by hint/domain; normal_like when abs(skew)<=0.50 and excess_kurtosis<=1.00; heavy_tail_symmetric when abs(skew)<=1.00 and excess_kurtosis>3.00; lognormal_like when skew>1.00 with positive support; weibull_like when skew>0.50 with positive support; otherwise empirical_unknown.","profile_preregistered",TRUE,"paired bootstrap aligned to the same reported gain statistic",TRUE,"Benjamini-Hochberg FDR is computed at dataset level on external_dataset_level_decisions.csv for primary eligible in-regime rows only. Primary alpha=0.05; secondary sensitivity alpha=0.1.","01_results_basic contains compact final results; 02_reports contains generated report files; 03_audit_ready contains full provenance, decisions, oracle audit, and split CSVs; 98_discarded_nonfinal is reserved for obsolete or nonfinal byproducts; 99_recovery_logs contains downloads, checkpoints, temporary recovery outputs, and logs.",0.005,10,TRUE,TRUE
"RD_dragracer_rpdr_ep_auto","RD_dragracer_rpdr_ep_auto","primary_dataset",FALSE,FALSE,"skipped_profile_quota","profile quota reached for normal_like","Rdatasets","normal_like","rdatasets_dragracer","https://vincentarelbundock.github.io/Rdatasets/csv/dragracer/rpdr_ep.csv","2026-06-16 01:13:59 -0400","/home/alrier/Documents/Final_Results_15June2026/06_REALWORLD_EXTERNAL_BATTERY_40DATASETS/realworld_battery_40datasets_full_run/99_recovery_logs/downloads/RD_dragracer_rpdr_ep_auto.csv","8eb7170d3c807bf750012d318a090974","rdatasets_auto_numeric","episode","raw_auto_numeric","auto_numeric_column; rdatasets_rows=191; rdatasets_n_numeric=4","empirical_public",191,0.133952805655272,-1.09310136105916,"strictly_positive",7.46596858638743,TRUE,NA,"Rdatasets public catalog: dragracer rpdr_ep - RuPaul's Drag Race Episode Data ; doc=https://vincentarelbundock.github.io/Rdatasets/doc/dragracer/rpdr_ep.html","V5_audit_ready",TRUE,"Pre-registered empirical profile gate: bounded/proportion by hint/domain; zero-inflated/count by hint/domain; normal_like when abs(skew)<=0.50 and excess_kurtosis<=1.00; heavy_tail_symmetric when abs(skew)<=1.00 and excess_kurtosis>3.00; lognormal_like when skew>1.00 with positive support; weibull_like when skew>0.50 with positive support; otherwise empirical_unknown.","profile_preregistered",TRUE,"paired bootstrap aligned to the same reported gain statistic",TRUE,"Benjamini-Hochberg FDR is computed at dataset level on external_dataset_level_decisions.csv for primary eligible in-regime rows only. Primary alpha=0.05; secondary sensitivity alpha=0.1.","01_results_basic contains compact final results; 02_reports contains generated report files; 03_audit_ready contains full provenance, decisions, oracle audit, and split CSVs; 98_discarded_nonfinal is reserved for obsolete or nonfinal byproducts; 99_recovery_logs contains downloads, checkpoints, temporary recovery outputs, and logs.",0.005,10,TRUE,TRUE
"RD_drc_G.aparine_auto","RD_drc_G.aparine_auto","primary_dataset",FALSE,FALSE,"skipped_profile_quota","profile quota reached for lognormal_like","Rdatasets","lognormal_like","rdatasets_drc","https://vincentarelbundock.github.io/Rdatasets/csv/drc/G.aparine.csv","2026-06-16 01:14:02 -0400","/home/alrier/Documents/Final_Results_15June2026/06_REALWORLD_EXTERNAL_BATTERY_40DATASETS/realworld_battery_40datasets_full_run/99_recovery_logs/downloads/RD_drc_G.aparine_auto.csv","07ca161407fdad87431048d41a2c1913","rdatasets_auto_numeric","dose","raw_auto_numeric","auto_numeric_column; rdatasets_rows=240; rdatasets_n_numeric=2","empirical_public",240,2.02092080248693,2.93791011775583,"contains_nonpositive",270.001666666667,TRUE,NA,"Rdatasets public catalog: drc G.aparine - Herbicide applied to Galium aparine ; doc=https://vincentarelbundock.github.io/Rdatasets/doc/drc/G.aparine.html","V5_audit_ready",TRUE,"Pre-registered empirical profile gate: bounded/proportion by hint/domain; zero-inflated/count by hint/domain; normal_like when abs(skew)<=0.50 and excess_kurtosis<=1.00; heavy_tail_symmetric when abs(skew)<=1.00 and excess_kurtosis>3.00; lognormal_like when skew>1.00 with positive support; weibull_like when skew>0.50 with positive support; otherwise empirical_unknown.","profile_preregistered",TRUE,"paired bootstrap aligned to the same reported gain statistic",TRUE,"Benjamini-Hochberg FDR is computed at dataset level on external_dataset_level_decisions.csv for primary eligible in-regime rows only. Primary alpha=0.05; secondary sensitivity alpha=0.1.","01_results_basic contains compact final results; 02_reports contains generated report files; 03_audit_ready contains full provenance, decisions, oracle audit, and split CSVs; 98_discarded_nonfinal is reserved for obsolete or nonfinal byproducts; 99_recovery_logs contains downloads, checkpoints, temporary recovery outputs, and logs.",0.005,10,TRUE,TRUE
"RD_dslabs_trump_tweets_auto","RD_dslabs_trump_tweets_auto","primary_dataset",FALSE,FALSE,"skipped_profile_quota","profile quota reached for lognormal_like","Rdatasets","lognormal_like","rdatasets_dslabs","https://vincentarelbundock.github.io/Rdatasets/csv/dslabs/trump_tweets.csv","2026-06-16 01:14:05 -0400","/home/alrier/Documents/Final_Results_15June2026/06_REALWORLD_EXTERNAL_BATTERY_40DATASETS/realworld_battery_40datasets_full_run/99_recovery_logs/downloads/RD_dslabs_trump_tweets_auto.csv","a614b7215f72a3e8502a507fa0b8ae61","rdatasets_auto_numeric","retweet_count","raw_auto_numeric","auto_numeric_column; rdatasets_rows=20761; rdatasets_n_numeric=2","empirical_public",20761,10.3806025459509,283.339987815277,"contains_nonpositive",3854.3824960262,TRUE,NA,"Rdatasets public catalog: dslabs trump_tweets - Trump Tweets from2009 to 2017 ; doc=https://vincentarelbundock.github.io/Rdatasets/doc/dslabs/trump_tweets.html","V5_audit_ready",TRUE,"Pre-registered empirical profile gate: bounded/proportion by hint/domain; zero-inflated/count by hint/domain; normal_like when abs(skew)<=0.50 and excess_kurtosis<=1.00; heavy_tail_symmetric when abs(skew)<=1.00 and excess_kurtosis>3.00; lognormal_like when skew>1.00 with positive support; weibull_like when skew>0.50 with positive support; otherwise empirical_unknown.","profile_preregistered",TRUE,"paired bootstrap aligned to the same reported gain statistic",TRUE,"Benjamini-Hochberg FDR is computed at dataset level on external_dataset_level_decisions.csv for primary eligible in-regime rows only. Primary alpha=0.05; secondary sensitivity alpha=0.1.","01_results_basic contains compact final results; 02_reports contains generated report files; 03_audit_ready contains full provenance, decisions, oracle audit, and split CSVs; 98_discarded_nonfinal is reserved for obsolete or nonfinal byproducts; 99_recovery_logs contains downloads, checkpoints, temporary recovery outputs, and logs.",0.005,10,TRUE,TRUE
"RD_Ecdat_BudgetFood_auto","RD_Ecdat_BudgetFood_auto","primary_dataset",FALSE,FALSE,"skipped_profile_quota","profile quota reached for lognormal_like","Rdatasets","lognormal_like","rdatasets_Ecdat","https://vincentarelbundock.github.io/Rdatasets/csv/Ecdat/BudgetFood.csv","2026-06-16 01:14:09 -0400","/home/alrier/Documents/Final_Results_15June2026/06_REALWORLD_EXTERNAL_BATTERY_40DATASETS/realworld_battery_40datasets_full_run/99_recovery_logs/downloads/RD_Ecdat_BudgetFood_auto.csv","e9109735c295cc007f045079bba91aa1","rdatasets_auto_numeric","totexp","raw_auto_numeric","auto_numeric_column; rdatasets_rows=23972; rdatasets_n_numeric=5","empirical_public",23972,2.65085385035055,16.4141655197616,"strictly_positive",865550.016352411,TRUE,NA,"Rdatasets public catalog: Ecdat BudgetFood - Budget Share of Food for Spanish Households ; doc=https://vincentarelbundock.github.io/Rdatasets/doc/Ecdat/BudgetFood.html","V5_audit_ready",TRUE,"Pre-registered empirical profile gate: bounded/proportion by hint/domain; zero-inflated/count by hint/domain; normal_like when abs(skew)<=0.50 and excess_kurtosis<=1.00; heavy_tail_symmetric when abs(skew)<=1.00 and excess_kurtosis>3.00; lognormal_like when skew>1.00 with positive support; weibull_like when skew>0.50 with positive support; otherwise empirical_unknown.","profile_preregistered",TRUE,"paired bootstrap aligned to the same reported gain statistic",TRUE,"Benjamini-Hochberg FDR is computed at dataset level on external_dataset_level_decisions.csv for primary eligible in-regime rows only. Primary alpha=0.05; secondary sensitivity alpha=0.1.","01_results_basic contains compact final results; 02_reports contains generated report files; 03_audit_ready contains full provenance, decisions, oracle audit, and split CSVs; 98_discarded_nonfinal is reserved for obsolete or nonfinal byproducts; 99_recovery_logs contains downloads, checkpoints, temporary recovery outputs, and logs.",0.005,10,TRUE,TRUE
"RD_evir_spto87_auto","RD_evir_spto87_auto","primary_dataset",FALSE,FALSE,"skipped_profile_quota","profile quota reached for normal_like","Rdatasets","normal_like","rdatasets_evir","https://vincentarelbundock.github.io/Rdatasets/csv/evir/spto87.csv","2026-06-16 01:14:12 -0400","/home/alrier/Documents/Final_Results_15June2026/06_REALWORLD_EXTERNAL_BATTERY_40DATASETS/realworld_battery_40datasets_full_run/99_recovery_logs/downloads/RD_evir_spto87_auto.csv","7deb530f41bd7858bce960dc9e8d12fb","rdatasets_auto_numeric","dat","raw_auto_numeric","auto_numeric_column; rdatasets_rows=6985; rdatasets_n_numeric=1","empirical_public",6985,0.0750038041321599,3.50112905404658,"contains_nonpositive",0.0254408216049285,TRUE,NA,"Rdatasets public catalog: evir spto87 - SP Return Data to October 1987 ; doc=https://vincentarelbundock.github.io/Rdatasets/doc/evir/spto87.html","V5_audit_ready",TRUE,"Pre-registered empirical profile gate: bounded/proportion by hint/domain; zero-inflated/count by hint/domain; normal_like when abs(skew)<=0.50 and excess_kurtosis<=1.00; heavy_tail_symmetric when abs(skew)<=1.00 and excess_kurtosis>3.00; lognormal_like when skew>1.00 with positive support; weibull_like when skew>0.50 with positive support; otherwise empirical_unknown.","profile_preregistered",TRUE,"paired bootstrap aligned to the same reported gain statistic",TRUE,"Benjamini-Hochberg FDR is computed at dataset level on external_dataset_level_decisions.csv for primary eligible in-regime rows only. Primary alpha=0.05; secondary sensitivity alpha=0.1.","01_results_basic contains compact final results; 02_reports contains generated report files; 03_audit_ready contains full provenance, decisions, oracle audit, and split CSVs; 98_discarded_nonfinal is reserved for obsolete or nonfinal byproducts; 99_recovery_logs contains downloads, checkpoints, temporary recovery outputs, and logs.",0.005,10,TRUE,TRUE
"RD_experimentr_mullinix_auto","RD_experimentr_mullinix_auto","primary_dataset",FALSE,FALSE,"load_failed","no_valid_numeric_column","Rdatasets","load_failed","rdatasets_experimentr","https://vincentarelbundock.github.io/Rdatasets/csv/experimentr/mullinix.csv","2026-06-16 01:14:15 -0400","/home/alrier/Documents/Final_Results_15June2026/06_REALWORLD_EXTERNAL_BATTERY_40DATASETS/realworld_battery_40datasets_full_run/99_recovery_logs/downloads/RD_experimentr_mullinix_auto.csv","594de8b352d4624b57e4a1ed27f0aadf","rdatasets_auto_numeric","__auto_numeric__","raw","auto_numeric_column; rdatasets_rows=2915; rdatasets_n_numeric=1","empirical_public",0,NA,NA,"failed",NA,FALSE,"no_valid_numeric_column","Rdatasets public catalog: experimentr mullinix - Data from ""The Feedback Effects of Controversial Police Use of Force"" ; doc=https://vincentarelbundock.github.io/Rdatasets/doc/experimentr/mullinix.html","V5_audit_ready",TRUE,"Pre-registered empirical profile gate: bounded/proportion by hint/domain; zero-inflated/count by hint/domain; normal_like when abs(skew)<=0.50 and excess_kurtosis<=1.00; heavy_tail_symmetric when abs(skew)<=1.00 and excess_kurtosis>3.00; lognormal_like when skew>1.00 with positive support; weibull_like when skew>0.50 with positive support; otherwise empirical_unknown.","profile_preregistered",TRUE,"paired bootstrap aligned to the same reported gain statistic",TRUE,"Benjamini-Hochberg FDR is computed at dataset level on external_dataset_level_decisions.csv for primary eligible in-regime rows only. Primary alpha=0.05; secondary sensitivity alpha=0.1.","01_results_basic contains compact final results; 02_reports contains generated report files; 03_audit_ready contains full provenance, decisions, oracle audit, and split CSVs; 98_discarded_nonfinal is reserved for obsolete or nonfinal byproducts; 99_recovery_logs contains downloads, checkpoints, temporary recovery outputs, and logs.",0.005,10,TRUE,TRUE
"RD_fishdata_adult_growth_auto","RD_fishdata_adult_growth_auto","primary_dataset",FALSE,FALSE,"skipped_profile_quota","profile quota reached for lognormal_like","Rdatasets","lognormal_like","rdatasets_fishdata","https://vincentarelbundock.github.io/Rdatasets/csv/fishdata/adult_growth.csv","2026-06-16 01:14:18 -0400","/home/alrier/Documents/Final_Results_15June2026/06_REALWORLD_EXTERNAL_BATTERY_40DATASETS/realworld_battery_40datasets_full_run/99_recovery_logs/downloads/RD_fishdata_adult_growth_auto.csv","d3a405ba62127f27532dd846b370b4c6","rdatasets_auto_numeric","distance","raw_auto_numeric","auto_numeric_column; rdatasets_rows=16795; rdatasets_n_numeric=3","empirical_public",16795,1.41304482885749,4.21545247983776,"strictly_positive",1.78762524560881,TRUE,NA,"Rdatasets public catalog: fishdata adult_growth - Growth data of adult fish ; doc=https://vincentarelbundock.github.io/Rdatasets/doc/fishdata/adult_growth.html","V5_audit_ready",TRUE,"Pre-registered empirical profile gate: bounded/proportion by hint/domain; zero-inflated/count by hint/domain; normal_like when abs(skew)<=0.50 and excess_kurtosis<=1.00; heavy_tail_symmetric when abs(skew)<=1.00 and excess_kurtosis>3.00; lognormal_like when skew>1.00 with positive support; weibull_like when skew>0.50 with positive support; otherwise empirical_unknown.","profile_preregistered",TRUE,"paired bootstrap aligned to the same reported gain statistic",TRUE,"Benjamini-Hochberg FDR is computed at dataset level on external_dataset_level_decisions.csv for primary eligible in-regime rows only. Primary alpha=0.05; secondary sensitivity alpha=0.1.","01_results_basic contains compact final results; 02_reports contains generated report files; 03_audit_ready contains full provenance, decisions, oracle audit, and split CSVs; 98_discarded_nonfinal is reserved for obsolete or nonfinal byproducts; 99_recovery_logs contains downloads, checkpoints, temporary recovery outputs, and logs.",0.005,10,TRUE,TRUE
"RD_fivethirtyeight_senate_seat_forecast_auto","RD_fivethirtyeight_senate_seat_forecast_auto","primary_dataset",FALSE,FALSE,"skipped_profile_quota","profile quota reached for normal_like","Rdatasets","normal_like","rdatasets_fivethirtyeight","https://vincentarelbundock.github.io/Rdatasets/csv/fivethirtyeight/senate_seat_forecast.csv","2026-06-16 01:14:21 -0400","/home/alrier/Documents/Final_Results_15June2026/06_REALWORLD_EXTERNAL_BATTERY_40DATASETS/realworld_battery_40datasets_full_run/99_recovery_logs/downloads/RD_fivethirtyeight_senate_seat_forecast_auto.csv","cb93e544e67fd92f75ec24ca93f44659","rdatasets_auto_numeric","win_probability","raw_auto_numeric","auto_numeric_column; rdatasets_rows=28353; rdatasets_n_numeric=5","empirical_public",28353,0.55264279269096,-1.48962333233087,"contains_nonpositive",0.362923323810531,TRUE,NA,"Rdatasets public catalog: fivethirtyeight senate_seat_forecast - Senate Forecast 2018 ; doc=https://vincentarelbundock.github.io/Rdatasets/doc/fivethirtyeight/senate_seat_forecast.html","V5_audit_ready",TRUE,"Pre-registered empirical profile gate: bounded/proportion by hint/domain; zero-inflated/count by hint/domain; normal_like when abs(skew)<=0.50 and excess_kurtosis<=1.00; heavy_tail_symmetric when abs(skew)<=1.00 and excess_kurtosis>3.00; lognormal_like when skew>1.00 with positive support; weibull_like when skew>0.50 with positive support; otherwise empirical_unknown.","profile_preregistered",TRUE,"paired bootstrap aligned to the same reported gain statistic",TRUE,"Benjamini-Hochberg FDR is computed at dataset level on external_dataset_level_decisions.csv for primary eligible in-regime rows only. Primary alpha=0.05; secondary sensitivity alpha=0.1.","01_results_basic contains compact final results; 02_reports contains generated report files; 03_audit_ready contains full provenance, decisions, oracle audit, and split CSVs; 98_discarded_nonfinal is reserved for obsolete or nonfinal byproducts; 99_recovery_logs contains downloads, checkpoints, temporary recovery outputs, and logs.",0.005,10,TRUE,TRUE
"RD_folio_ngrip2010_auto","RD_folio_ngrip2010_auto","primary_dataset",FALSE,FALSE,"skipped_source_cap","source cap reached for Rdatasets","Rdatasets","empirical_unknown","rdatasets_folio","https://vincentarelbundock.github.io/Rdatasets/csv/folio/ngrip2010.csv","2026-06-16 01:14:24 -0400","/home/alrier/Documents/Final_Results_15June2026/06_REALWORLD_EXTERNAL_BATTERY_40DATASETS/realworld_battery_40datasets_full_run/99_recovery_logs/downloads/RD_folio_ngrip2010_auto.csv","3515f1b4a53f7a56aadc9fe01c3ab2e4","rdatasets_auto_numeric","depth","raw_auto_numeric","auto_numeric_column; rdatasets_rows=6114; rdatasets_n_numeric=4","empirical_public",6114,-1.17022981774858,1.31450103999964,"strictly_positive",2277.69426889107,TRUE,NA,"Rdatasets public catalog: folio ngrip2010 - NGRIP 20-year Average ; doc=https://vincentarelbundock.github.io/Rdatasets/doc/folio/ngrip2010.html","V5_audit_ready",TRUE,"Pre-registered empirical profile gate: bounded/proportion by hint/domain; zero-inflated/count by hint/domain; normal_like when abs(skew)<=0.50 and excess_kurtosis<=1.00; heavy_tail_symmetric when abs(skew)<=1.00 and excess_kurtosis>3.00; lognormal_like when skew>1.00 with positive support; weibull_like when skew>0.50 with positive support; otherwise empirical_unknown.","profile_preregistered",TRUE,"paired bootstrap aligned to the same reported gain statistic",TRUE,"Benjamini-Hochberg FDR is computed at dataset level on external_dataset_level_decisions.csv for primary eligible in-regime rows only. Primary alpha=0.05; secondary sensitivity alpha=0.1.","01_results_basic contains compact final results; 02_reports contains generated report files; 03_audit_ready contains full provenance, decisions, oracle audit, and split CSVs; 98_discarded_nonfinal is reserved for obsolete or nonfinal byproducts; 99_recovery_logs contains downloads, checkpoints, temporary recovery outputs, and logs.",0.005,10,TRUE,TRUE
"RD_forecast_gold_auto","RD_forecast_gold_auto","primary_dataset",FALSE,FALSE,"skipped_profile_quota","profile quota reached for normal_like","Rdatasets","normal_like","rdatasets_forecast","https://vincentarelbundock.github.io/Rdatasets/csv/forecast/gold.csv","2026-06-16 01:14:27 -0400","/home/alrier/Documents/Final_Results_15June2026/06_REALWORLD_EXTERNAL_BATTERY_40DATASETS/realworld_battery_40datasets_full_run/99_recovery_logs/downloads/RD_forecast_gold_auto.csv","66186be23f2e8236bbb2e967ced04bda","rdatasets_auto_numeric","value","raw_auto_numeric","auto_numeric_column; rdatasets_rows=1108; rdatasets_n_numeric=2","empirical_public",1074,-0.10624691375792,-1.23344410503547,"strictly_positive",392.533333333333,TRUE,NA,"Rdatasets public catalog: forecast gold - Daily morning gold prices ; doc=https://vincentarelbundock.github.io/Rdatasets/doc/forecast/gold.html","V5_audit_ready",TRUE,"Pre-registered empirical profile gate: bounded/proportion by hint/domain; zero-inflated/count by hint/domain; normal_like when abs(skew)<=0.50 and excess_kurtosis<=1.00; heavy_tail_symmetric when abs(skew)<=1.00 and excess_kurtosis>3.00; lognormal_like when skew>1.00 with positive support; weibull_like when skew>0.50 with positive support; otherwise empirical_unknown.","profile_preregistered",TRUE,"paired bootstrap aligned to the same reported gain statistic",TRUE,"Benjamini-Hochberg FDR is computed at dataset level on external_dataset_level_decisions.csv for primary eligible in-regime rows only. Primary alpha=0.05; secondary sensitivity alpha=0.1.","01_results_basic contains compact final results; 02_reports contains generated report files; 03_audit_ready contains full provenance, decisions, oracle audit, and split CSVs; 98_discarded_nonfinal is reserved for obsolete or nonfinal byproducts; 99_recovery_logs contains downloads, checkpoints, temporary recovery outputs, and logs.",0.005,10,TRUE,TRUE
"RD_fpp2_elecdemand_auto","RD_fpp2_elecdemand_auto","primary_dataset",FALSE,FALSE,"skipped_source_cap","source cap reached for Rdatasets","Rdatasets","weibull_like","rdatasets_fpp2","https://vincentarelbundock.github.io/Rdatasets/csv/fpp2/elecdemand.csv","2026-06-16 01:14:30 -0400","/home/alrier/Documents/Final_Results_15June2026/06_REALWORLD_EXTERNAL_BATTERY_40DATASETS/realworld_battery_40datasets_full_run/99_recovery_logs/downloads/RD_fpp2_elecdemand_auto.csv","e7ab840b0be81eaddb73a99bafdb8562","rdatasets_auto_numeric","Demand","raw_auto_numeric","auto_numeric_column; rdatasets_rows=17520; rdatasets_n_numeric=3","empirical_public",17520,0.799237362984619,1.94017401198852,"strictly_positive",4.60994710967226,TRUE,NA,"Rdatasets public catalog: fpp2 elecdemand - Half-hourly and daily electricity demand for Victoria, Australia, in 2014 ; doc=https://vincentarelbundock.github.io/Rdatasets/doc/fpp2/elecdemand.html","V5_audit_ready",TRUE,"Pre-registered empirical profile gate: bounded/proportion by hint/domain; zero-inflated/count by hint/domain; normal_like when abs(skew)<=0.50 and excess_kurtosis<=1.00; heavy_tail_symmetric when abs(skew)<=1.00 and excess_kurtosis>3.00; lognormal_like when skew>1.00 with positive support; weibull_like when skew>0.50 with positive support; otherwise empirical_unknown.","profile_preregistered",TRUE,"paired bootstrap aligned to the same reported gain statistic",TRUE,"Benjamini-Hochberg FDR is computed at dataset level on external_dataset_level_decisions.csv for primary eligible in-regime rows only. Primary alpha=0.05; secondary sensitivity alpha=0.1.","01_results_basic contains compact final results; 02_reports contains generated report files; 03_audit_ready contains full provenance, decisions, oracle audit, and split CSVs; 98_discarded_nonfinal is reserved for obsolete or nonfinal byproducts; 99_recovery_logs contains downloads, checkpoints, temporary recovery outputs, and logs.",0.005,10,TRUE,TRUE
"RD_fpp3_bank_calls_auto","RD_fpp3_bank_calls_auto","primary_dataset",FALSE,FALSE,"skipped_profile_quota","profile quota reached for normal_like","Rdatasets","normal_like","rdatasets_fpp3","https://vincentarelbundock.github.io/Rdatasets/csv/fpp3/bank_calls.csv","2026-06-16 01:14:33 -0400","/home/alrier/Documents/Final_Results_15June2026/06_REALWORLD_EXTERNAL_BATTERY_40DATASETS/realworld_battery_40datasets_full_run/99_recovery_logs/downloads/RD_fpp3_bank_calls_auto.csv","952fa267e6490c91e4f309b5831235da","rdatasets_auto_numeric","Calls","raw_auto_numeric","auto_numeric_column; rdatasets_rows=27716; rdatasets_n_numeric=1","empirical_public",27716,-0.105503968395304,-1.11074687121642,"strictly_positive",192.078979650743,TRUE,NA,"Rdatasets public catalog: fpp3 bank_calls - Call volume for a large North American commercial bank ; doc=https://vincentarelbundock.github.io/Rdatasets/doc/fpp3/bank_calls.html","V5_audit_ready",TRUE,"Pre-registered empirical profile gate: bounded/proportion by hint/domain; zero-inflated/count by hint/domain; normal_like when abs(skew)<=0.50 and excess_kurtosis<=1.00; heavy_tail_symmetric when abs(skew)<=1.00 and excess_kurtosis>3.00; lognormal_like when skew>1.00 with positive support; weibull_like when skew>0.50 with positive support; otherwise empirical_unknown.","profile_preregistered",TRUE,"paired bootstrap aligned to the same reported gain statistic",TRUE,"Benjamini-Hochberg FDR is computed at dataset level on external_dataset_level_decisions.csv for primary eligible in-regime rows only. Primary alpha=0.05; secondary sensitivity alpha=0.1.","01_results_basic contains compact final results; 02_reports contains generated report files; 03_audit_ready contains full provenance, decisions, oracle audit, and split CSVs; 98_discarded_nonfinal is reserved for obsolete or nonfinal byproducts; 99_recovery_logs contains downloads, checkpoints, temporary recovery outputs, and logs.",0.005,10,TRUE,TRUE
"RD_gapminder_gapminder_auto","RD_gapminder_gapminder_auto","primary_dataset",FALSE,FALSE,"skipped_profile_quota","profile quota reached for lognormal_like","Rdatasets","lognormal_like","rdatasets_gapminder","https://vincentarelbundock.github.io/Rdatasets/csv/gapminder/gapminder.csv","2026-06-16 01:14:36 -0400","/home/alrier/Documents/Final_Results_15June2026/06_REALWORLD_EXTERNAL_BATTERY_40DATASETS/realworld_battery_40datasets_full_run/99_recovery_logs/downloads/RD_gapminder_gapminder_auto.csv","d7ab5a728acea3782f267a960cc5b45f","rdatasets_auto_numeric","pop","raw_auto_numeric","auto_numeric_column; rdatasets_rows=1704; rdatasets_n_numeric=4","empirical_public",1704,8.3255399781733,77.62144142326,"strictly_positive",29601212.3245305,TRUE,NA,"Rdatasets public catalog: gapminder gapminder - Gapminder data ; doc=https://vincentarelbundock.github.io/Rdatasets/doc/gapminder/gapminder.html","V5_audit_ready",TRUE,"Pre-registered empirical profile gate: bounded/proportion by hint/domain; zero-inflated/count by hint/domain; normal_like when abs(skew)<=0.50 and excess_kurtosis<=1.00; heavy_tail_symmetric when abs(skew)<=1.00 and excess_kurtosis>3.00; lognormal_like when skew>1.00 with positive support; weibull_like when skew>0.50 with positive support; otherwise empirical_unknown.","profile_preregistered",TRUE,"paired bootstrap aligned to the same reported gain statistic",TRUE,"Benjamini-Hochberg FDR is computed at dataset level on external_dataset_level_decisions.csv for primary eligible in-regime rows only. Primary alpha=0.05; secondary sensitivity alpha=0.1.","01_results_basic contains compact final results; 02_reports contains generated report files; 03_audit_ready contains full provenance, decisions, oracle audit, and split CSVs; 98_discarded_nonfinal is reserved for obsolete or nonfinal byproducts; 99_recovery_logs contains downloads, checkpoints, temporary recovery outputs, and logs.",0.005,10,TRUE,TRUE
"RD_geepack_ohio_auto","RD_geepack_ohio_auto","primary_dataset",FALSE,FALSE,"load_failed","no_valid_numeric_column","Rdatasets","load_failed","rdatasets_geepack","https://vincentarelbundock.github.io/Rdatasets/csv/geepack/ohio.csv","2026-06-16 01:14:39 -0400","/home/alrier/Documents/Final_Results_15June2026/06_REALWORLD_EXTERNAL_BATTERY_40DATASETS/realworld_battery_40datasets_full_run/99_recovery_logs/downloads/RD_geepack_ohio_auto.csv","17568cdb0e98c83f73f6bd36be6a389a","rdatasets_auto_numeric","__auto_numeric__","raw","auto_numeric_column; rdatasets_rows=2148; rdatasets_n_numeric=4","empirical_public",0,NA,NA,"failed",NA,FALSE,"no_valid_numeric_column","Rdatasets public catalog: geepack ohio - Ohio Children Wheeze Status ; doc=https://vincentarelbundock.github.io/Rdatasets/doc/geepack/ohio.html","V5_audit_ready",TRUE,"Pre-registered empirical profile gate: bounded/proportion by hint/domain; zero-inflated/count by hint/domain; normal_like when abs(skew)<=0.50 and excess_kurtosis<=1.00; heavy_tail_symmetric when abs(skew)<=1.00 and excess_kurtosis>3.00; lognormal_like when skew>1.00 with positive support; weibull_like when skew>0.50 with positive support; otherwise empirical_unknown.","profile_preregistered",TRUE,"paired bootstrap aligned to the same reported gain statistic",TRUE,"Benjamini-Hochberg FDR is computed at dataset level on external_dataset_level_decisions.csv for primary eligible in-regime rows only. Primary alpha=0.05; secondary sensitivity alpha=0.1.","01_results_basic contains compact final results; 02_reports contains generated report files; 03_audit_ready contains full provenance, decisions, oracle audit, and split CSVs; 98_discarded_nonfinal is reserved for obsolete or nonfinal byproducts; 99_recovery_logs contains downloads, checkpoints, temporary recovery outputs, and logs.",0.005,10,TRUE,TRUE
"RD_generalCorr_da2Lag_auto","RD_generalCorr_da2Lag_auto","primary_dataset",FALSE,FALSE,"skipped_profile_quota","profile quota reached for lognormal_like","Rdatasets","lognormal_like","rdatasets_generalCorr","https://vincentarelbundock.github.io/Rdatasets/csv/generalCorr/da2Lag.csv","2026-06-16 01:14:42 -0400","/home/alrier/Documents/Final_Results_15June2026/06_REALWORLD_EXTERNAL_BATTERY_40DATASETS/realworld_battery_40datasets_full_run/99_recovery_logs/downloads/RD_generalCorr_da2Lag_auto.csv","9adf32422e65b3d4e695300f2307c823","rdatasets_auto_numeric","TVSPPRM","raw_auto_numeric","auto_numeric_column; rdatasets_rows=1176; rdatasets_n_numeric=49","empirical_public",1128,7.0205029612503,51.798189591042,"contains_nonpositive",0.107943262411348,TRUE,NA,"Rdatasets public catalog: generalCorr da2Lag - internal da2Lag ; doc=https://vincentarelbundock.github.io/Rdatasets/doc/generalCorr/da2Lag.html","V5_audit_ready",TRUE,"Pre-registered empirical profile gate: bounded/proportion by hint/domain; zero-inflated/count by hint/domain; normal_like when abs(skew)<=0.50 and excess_kurtosis<=1.00; heavy_tail_symmetric when abs(skew)<=1.00 and excess_kurtosis>3.00; lognormal_like when skew>1.00 with positive support; weibull_like when skew>0.50 with positive support; otherwise empirical_unknown.","profile_preregistered",TRUE,"paired bootstrap aligned to the same reported gain statistic",TRUE,"Benjamini-Hochberg FDR is computed at dataset level on external_dataset_level_decisions.csv for primary eligible in-regime rows only. Primary alpha=0.05; secondary sensitivity alpha=0.1.","01_results_basic contains compact final results; 02_reports contains generated report files; 03_audit_ready contains full provenance, decisions, oracle audit, and split CSVs; 98_discarded_nonfinal is reserved for obsolete or nonfinal byproducts; 99_recovery_logs contains downloads, checkpoints, temporary recovery outputs, and logs.",0.005,10,TRUE,TRUE
"RD_ggplot2_txhousing_auto","RD_ggplot2_txhousing_auto","primary_dataset",FALSE,FALSE,"skipped_profile_quota","profile quota reached for lognormal_like","Rdatasets","lognormal_like","rdatasets_ggplot2","https://vincentarelbundock.github.io/Rdatasets/csv/ggplot2/txhousing.csv","2026-06-16 01:14:45 -0400","/home/alrier/Documents/Final_Results_15June2026/06_REALWORLD_EXTERNAL_BATTERY_40DATASETS/realworld_battery_40datasets_full_run/99_recovery_logs/downloads/RD_ggplot2_txhousing_auto.csv","aae29638db36e5bb5cbd4618f04fcdc4","rdatasets_auto_numeric","volume","raw_auto_numeric","auto_numeric_column; rdatasets_rows=8602; rdatasets_n_numeric=8","empirical_public",8034,4.30284857361306,22.1099874175771,"strictly_positive",106858620.780807,TRUE,NA,"Rdatasets public catalog: ggplot2 txhousing - Housing sales in TX ; doc=https://vincentarelbundock.github.io/Rdatasets/doc/ggplot2/txhousing.html","V5_audit_ready",TRUE,"Pre-registered empirical profile gate: bounded/proportion by hint/domain; zero-inflated/count by hint/domain; normal_like when abs(skew)<=0.50 and excess_kurtosis<=1.00; heavy_tail_symmetric when abs(skew)<=1.00 and excess_kurtosis>3.00; lognormal_like when skew>1.00 with positive support; weibull_like when skew>0.50 with positive support; otherwise empirical_unknown.","profile_preregistered",TRUE,"paired bootstrap aligned to the same reported gain statistic",TRUE,"Benjamini-Hochberg FDR is computed at dataset level on external_dataset_level_decisions.csv for primary eligible in-regime rows only. Primary alpha=0.05; secondary sensitivity alpha=0.1.","01_results_basic contains compact final results; 02_reports contains generated report files; 03_audit_ready contains full provenance, decisions, oracle audit, and split CSVs; 98_discarded_nonfinal is reserved for obsolete or nonfinal byproducts; 99_recovery_logs contains downloads, checkpoints, temporary recovery outputs, and logs.",0.005,10,TRUE,TRUE
"RD_gt_sp500_auto","RD_gt_sp500_auto","primary_dataset",FALSE,FALSE,"skipped_profile_quota","profile quota reached for lognormal_like","Rdatasets","lognormal_like","rdatasets_gt","https://vincentarelbundock.github.io/Rdatasets/csv/gt/sp500.csv","2026-06-16 01:14:48 -0400","/home/alrier/Documents/Final_Results_15June2026/06_REALWORLD_EXTERNAL_BATTERY_40DATASETS/realworld_battery_40datasets_full_run/99_recovery_logs/downloads/RD_gt_sp500_auto.csv","7c9944bae22ca39da4a63afb7f8a534a","rdatasets_auto_numeric","volume","raw_auto_numeric","auto_numeric_column; rdatasets_rows=16607; rdatasets_n_numeric=6","empirical_public",16607,2.21914894152806,4.73023787403062,"strictly_positive",797016090.082495,TRUE,NA,"Rdatasets public catalog: gt sp500 - Daily S&P 500 Index data from 1950 to 2015 ; doc=https://vincentarelbundock.github.io/Rdatasets/doc/gt/sp500.html","V5_audit_ready",TRUE,"Pre-registered empirical profile gate: bounded/proportion by hint/domain; zero-inflated/count by hint/domain; normal_like when abs(skew)<=0.50 and excess_kurtosis<=1.00; heavy_tail_symmetric when abs(skew)<=1.00 and excess_kurtosis>3.00; lognormal_like when skew>1.00 with positive support; weibull_like when skew>0.50 with positive support; otherwise empirical_unknown.","profile_preregistered",TRUE,"paired bootstrap aligned to the same reported gain statistic",TRUE,"Benjamini-Hochberg FDR is computed at dataset level on external_dataset_level_decisions.csv for primary eligible in-regime rows only. Primary alpha=0.05; secondary sensitivity alpha=0.1.","01_results_basic contains compact final results; 02_reports contains generated report files; 03_audit_ready contains full provenance, decisions, oracle audit, and split CSVs; 98_discarded_nonfinal is reserved for obsolete or nonfinal byproducts; 99_recovery_logs contains downloads, checkpoints, temporary recovery outputs, and logs.",0.005,10,TRUE,TRUE
"RD_heplots_TIPI_auto","RD_heplots_TIPI_auto","primary_dataset",FALSE,FALSE,"skipped_profile_quota","profile quota reached for lognormal_like","Rdatasets","lognormal_like","rdatasets_heplots","https://vincentarelbundock.github.io/Rdatasets/csv/heplots/TIPI.csv","2026-06-16 01:14:51 -0400","/home/alrier/Documents/Final_Results_15June2026/06_REALWORLD_EXTERNAL_BATTERY_40DATASETS/realworld_battery_40datasets_full_run/99_recovery_logs/downloads/RD_heplots_TIPI_auto.csv","a7efd636923a1911b718b0b69783cdb6","rdatasets_auto_numeric","age","raw_auto_numeric","auto_numeric_column; rdatasets_rows=1799; rdatasets_n_numeric=7","empirical_public",1799,41.6464444174951,1752.65950398912,"strictly_positive",31.5091717620901,TRUE,NA,"Rdatasets public catalog: heplots TIPI - Data on the Ten Item Personality Inventory ; doc=https://vincentarelbundock.github.io/Rdatasets/doc/heplots/TIPI.html","V5_audit_ready",TRUE,"Pre-registered empirical profile gate: bounded/proportion by hint/domain; zero-inflated/count by hint/domain; normal_like when abs(skew)<=0.50 and excess_kurtosis<=1.00; heavy_tail_symmetric when abs(skew)<=1.00 and excess_kurtosis>3.00; lognormal_like when skew>1.00 with positive support; weibull_like when skew>0.50 with positive support; otherwise empirical_unknown.","profile_preregistered",TRUE,"paired bootstrap aligned to the same reported gain statistic",TRUE,"Benjamini-Hochberg FDR is computed at dataset level on external_dataset_level_decisions.csv for primary eligible in-regime rows only. Primary alpha=0.05; secondary sensitivity alpha=0.1.","01_results_basic contains compact final results; 02_reports contains generated report files; 03_audit_ready contains full provenance, decisions, oracle audit, and split CSVs; 98_discarded_nonfinal is reserved for obsolete or nonfinal byproducts; 99_recovery_logs contains downloads, checkpoints, temporary recovery outputs, and logs.",0.005,10,TRUE,TRUE
"RD_HistData_MacdonellDF_auto","RD_HistData_MacdonellDF_auto","primary_dataset",FALSE,FALSE,"skipped_profile_quota","profile quota reached for normal_like","Rdatasets","normal_like","rdatasets_HistData","https://vincentarelbundock.github.io/Rdatasets/csv/HistData/MacdonellDF.csv","2026-06-16 01:14:54 -0400","/home/alrier/Documents/Final_Results_15June2026/06_REALWORLD_EXTERNAL_BATTERY_40DATASETS/realworld_battery_40datasets_full_run/99_recovery_logs/downloads/RD_HistData_MacdonellDF_auto.csv","e55c5ba2e53ec3d5cdb6ba2f6e1a3ee7","rdatasets_auto_numeric","finger","raw_auto_numeric","auto_numeric_column; rdatasets_rows=3000; rdatasets_n_numeric=2","empirical_public",3000,0.0515538088228589,0.106820915352489,"strictly_positive",11.5473666666667,TRUE,NA,"Rdatasets public catalog: HistData MacdonellDF - Macdonell's Data on Height and Finger Length of Criminals, used by Gosset (1908) ; doc=https://vincentarelbundock.github.io/Rdatasets/doc/HistData/MacdonellDF.html","V5_audit_ready",TRUE,"Pre-registered empirical profile gate: bounded/proportion by hint/domain; zero-inflated/count by hint/domain; normal_like when abs(skew)<=0.50 and excess_kurtosis<=1.00; heavy_tail_symmetric when abs(skew)<=1.00 and excess_kurtosis>3.00; lognormal_like when skew>1.00 with positive support; weibull_like when skew>0.50 with positive support; otherwise empirical_unknown.","profile_preregistered",TRUE,"paired bootstrap aligned to the same reported gain statistic",TRUE,"Benjamini-Hochberg FDR is computed at dataset level on external_dataset_level_decisions.csv for primary eligible in-regime rows only. Primary alpha=0.05; secondary sensitivity alpha=0.1.","01_results_basic contains compact final results; 02_reports contains generated report files; 03_audit_ready contains full provenance, decisions, oracle audit, and split CSVs; 98_discarded_nonfinal is reserved for obsolete or nonfinal byproducts; 99_recovery_logs contains downloads, checkpoints, temporary recovery outputs, and logs.",0.005,10,TRUE,TRUE
"RD_HLMdiag_radon_auto","RD_HLMdiag_radon_auto","primary_dataset",FALSE,FALSE,"skipped_profile_quota","profile quota reached for normal_like","Rdatasets","normal_like","rdatasets_HLMdiag","https://vincentarelbundock.github.io/Rdatasets/csv/HLMdiag/radon.csv","2026-06-16 01:14:57 -0400","/home/alrier/Documents/Final_Results_15June2026/06_REALWORLD_EXTERNAL_BATTERY_40DATASETS/realworld_battery_40datasets_full_run/99_recovery_logs/downloads/RD_HLMdiag_radon_auto.csv","92742488706dc7d8441a206aa66876dc","rdatasets_auto_numeric","log.radon","raw_auto_numeric","auto_numeric_column; rdatasets_rows=919; rdatasets_n_numeric=4","empirical_public",919,-0.393930395998517,0.927428499437928,"contains_nonpositive",1.22462266166674,TRUE,NA,"Rdatasets public catalog: HLMdiag radon - Radon data ; doc=https://vincentarelbundock.github.io/Rdatasets/doc/HLMdiag/radon.html","V5_audit_ready",TRUE,"Pre-registered empirical profile gate: bounded/proportion by hint/domain; zero-inflated/count by hint/domain; normal_like when abs(skew)<=0.50 and excess_kurtosis<=1.00; heavy_tail_symmetric when abs(skew)<=1.00 and excess_kurtosis>3.00; lognormal_like when skew>1.00 with positive support; weibull_like when skew>0.50 with positive support; otherwise empirical_unknown.","profile_preregistered",TRUE,"paired bootstrap aligned to the same reported gain statistic",TRUE,"Benjamini-Hochberg FDR is computed at dataset level on external_dataset_level_decisions.csv for primary eligible in-regime rows only. Primary alpha=0.05; secondary sensitivity alpha=0.1.","01_results_basic contains compact final results; 02_reports contains generated report files; 03_audit_ready contains full provenance, decisions, oracle audit, and split CSVs; 98_discarded_nonfinal is reserved for obsolete or nonfinal byproducts; 99_recovery_logs contains downloads, checkpoints, temporary recovery outputs, and logs.",0.005,10,TRUE,TRUE
"RD_HSAUR_respiratory_auto","RD_HSAUR_respiratory_auto","primary_dataset",FALSE,FALSE,"skipped_profile_quota","profile quota reached for normal_like","Rdatasets","normal_like","rdatasets_HSAUR","https://vincentarelbundock.github.io/Rdatasets/csv/HSAUR/respiratory.csv","2026-06-16 01:15:00 -0400","/home/alrier/Documents/Final_Results_15June2026/06_REALWORLD_EXTERNAL_BATTERY_40DATASETS/realworld_battery_40datasets_full_run/99_recovery_logs/downloads/RD_HSAUR_respiratory_auto.csv","d696aba2c640a59c4e8ca32fe58e7860","rdatasets_auto_numeric","age","raw_auto_numeric","auto_numeric_column; rdatasets_rows=555; rdatasets_n_numeric=1","empirical_public",555,0.476267185422446,-0.485418058462775,"strictly_positive",33.2792792792793,TRUE,NA,"Rdatasets public catalog: HSAUR respiratory - Respiratory Illness Data ; doc=https://vincentarelbundock.github.io/Rdatasets/doc/HSAUR/respiratory.html","V5_audit_ready",TRUE,"Pre-registered empirical profile gate: bounded/proportion by hint/domain; zero-inflated/count by hint/domain; normal_like when abs(skew)<=0.50 and excess_kurtosis<=1.00; heavy_tail_symmetric when abs(skew)<=1.00 and excess_kurtosis>3.00; lognormal_like when skew>1.00 with positive support; weibull_like when skew>0.50 with positive support; otherwise empirical_unknown.","profile_preregistered",TRUE,"paired bootstrap aligned to the same reported gain statistic",TRUE,"Benjamini-Hochberg FDR is computed at dataset level on external_dataset_level_decisions.csv for primary eligible in-regime rows only. Primary alpha=0.05; secondary sensitivity alpha=0.1.","01_results_basic contains compact final results; 02_reports contains generated report files; 03_audit_ready contains full provenance, decisions, oracle audit, and split CSVs; 98_discarded_nonfinal is reserved for obsolete or nonfinal byproducts; 99_recovery_logs contains downloads, checkpoints, temporary recovery outputs, and logs.",0.005,10,TRUE,TRUE
"UCI_wine_red_alcohol__depth_body_10_90","UCI_wine_red_alcohol","within_dataset_depth_probe",FALSE,TRUE,"selected","balance_not_applied_to_depth_or_disabled","UCI","lognormal_like","positive_skew_tabular","https://archive.ics.uci.edu/ml/machine-learning-databases/wine-quality/winequality-red.csv","2026-06-16 01:15:03 -0400",NA,NA,"inline_depth_probe","alcohol","raw","full; depth_probe=body_10_90","lognormal",1323,0.497594777254799,-0.904359198220092,"strictly_positive",10.2907029478458,TRUE,NA," V5 secondary within-dataset depth probe; not independent N.","V5_audit_ready",TRUE,"Pre-registered empirical profile gate: bounded/proportion by hint/domain; zero-inflated/count by hint/domain; normal_like when abs(skew)<=0.50 and excess_kurtosis<=1.00; heavy_tail_symmetric when abs(skew)<=1.00 and excess_kurtosis>3.00; lognormal_like when skew>1.00 with positive support; weibull_like when skew>0.50 with positive support; otherwise empirical_unknown.","profile_preregistered",TRUE,"paired bootstrap aligned to the same reported gain statistic",TRUE,"Benjamini-Hochberg FDR is computed at dataset level on external_dataset_level_decisions.csv for primary eligible in-regime rows only. Primary alpha=0.05; secondary sensitivity alpha=0.1.","01_results_basic contains compact final results; 02_reports contains generated report files; 03_audit_ready contains full provenance, decisions, oracle audit, and split CSVs; 98_discarded_nonfinal is reserved for obsolete or nonfinal byproducts; 99_recovery_logs contains downloads, checkpoints, temporary recovery outputs, and logs.",0.005,10,TRUE,TRUE
"UCI_wine_red_alcohol__depth_upper_tail_enriched","UCI_wine_red_alcohol","within_dataset_depth_probe",FALSE,TRUE,"selected","balance_not_applied_to_depth_or_disabled","UCI","lognormal_like","positive_skew_tabular","https://archive.ics.uci.edu/ml/machine-learning-databases/wine-quality/winequality-red.csv","2026-06-16 01:22:58 -0400",NA,NA,"inline_depth_probe","alcohol","raw","full; depth_probe=upper_tail_enriched","lognormal",1599,0.467408977712536,-0.56795551670837,"strictly_positive",10.7256201792787,TRUE,NA," V5 secondary within-dataset depth probe; not independent N.","V5_audit_ready",TRUE,"Pre-registered empirical profile gate: bounded/proportion by hint/domain; zero-inflated/count by hint/domain; normal_like when abs(skew)<=0.50 and excess_kurtosis<=1.00; heavy_tail_symmetric when abs(skew)<=1.00 and excess_kurtosis>3.00; lognormal_like when skew>1.00 with positive support; weibull_like when skew>0.50 with positive support; otherwise empirical_unknown.","profile_preregistered",TRUE,"paired bootstrap aligned to the same reported gain statistic",TRUE,"Benjamini-Hochberg FDR is computed at dataset level on external_dataset_level_decisions.csv for primary eligible in-regime rows only. Primary alpha=0.05; secondary sensitivity alpha=0.1.","01_results_basic contains compact final results; 02_reports contains generated report files; 03_audit_ready contains full provenance, decisions, oracle audit, and split CSVs; 98_discarded_nonfinal is reserved for obsolete or nonfinal byproducts; 99_recovery_logs contains downloads, checkpoints, temporary recovery outputs, and logs.",0.005,10,TRUE,TRUE
"UCI_wine_red_alcohol__depth_bootstrap_full","UCI_wine_red_alcohol","within_dataset_depth_probe",FALSE,TRUE,"selected","balance_not_applied_to_depth_or_disabled","UCI","lognormal_like","positive_skew_tabular","https://archive.ics.uci.edu/ml/machine-learning-databases/wine-quality/winequality-red.csv","2026-06-16 01:31:20 -0400",NA,NA,"inline_depth_probe","alcohol","raw","full; depth_probe=bootstrap_full","lognormal",1599,0.780646464378911,0.110695463890967,"strictly_positive",10.4209818636648,TRUE,NA," V5 secondary within-dataset depth probe; not independent N.","V5_audit_ready",TRUE,"Pre-registered empirical profile gate: bounded/proportion by hint/domain; zero-inflated/count by hint/domain; normal_like when abs(skew)<=0.50 and excess_kurtosis<=1.00; heavy_tail_symmetric when abs(skew)<=1.00 and excess_kurtosis>3.00; lognormal_like when skew>1.00 with positive support; weibull_like when skew>0.50 with positive support; otherwise empirical_unknown.","profile_preregistered",TRUE,"paired bootstrap aligned to the same reported gain statistic",TRUE,"Benjamini-Hochberg FDR is computed at dataset level on external_dataset_level_decisions.csv for primary eligible in-regime rows only. Primary alpha=0.05; secondary sensitivity alpha=0.1.","01_results_basic contains compact final results; 02_reports contains generated report files; 03_audit_ready contains full provenance, decisions, oracle audit, and split CSVs; 98_discarded_nonfinal is reserved for obsolete or nonfinal byproducts; 99_recovery_logs contains downloads, checkpoints, temporary recovery outputs, and logs.",0.005,10,TRUE,TRUE
"UCI_wine_red_residual_sugar__depth_body_10_90","UCI_wine_red_residual_sugar","within_dataset_depth_probe",FALSE,TRUE,"selected","balance_not_applied_to_depth_or_disabled","UCI","lognormal_like","positive_skew_tabular","https://archive.ics.uci.edu/ml/machine-learning-databases/wine-quality/winequality-red.csv","2026-06-16 01:40:56 -0400",NA,NA,"inline_depth_probe","residual.sugar","raw","full; depth_probe=body_10_90","lognormal",1303,0.866511970824183,0.516912008436615,"strictly_positive",2.26243284727552,TRUE,NA," V5 secondary within-dataset depth probe; not independent N.","V5_audit_ready",TRUE,"Pre-registered empirical profile gate: bounded/proportion by hint/domain; zero-inflated/count by hint/domain; normal_like when abs(skew)<=0.50 and excess_kurtosis<=1.00; heavy_tail_symmetric when abs(skew)<=1.00 and excess_kurtosis>3.00; lognormal_like when skew>1.00 with positive support; weibull_like when skew>0.50 with positive support; otherwise empirical_unknown.","profile_preregistered",TRUE,"paired bootstrap aligned to the same reported gain statistic",TRUE,"Benjamini-Hochberg FDR is computed at dataset level on external_dataset_level_decisions.csv for primary eligible in-regime rows only. Primary alpha=0.05; secondary sensitivity alpha=0.1.","01_results_basic contains compact final results; 02_reports contains generated report files; 03_audit_ready contains full provenance, decisions, oracle audit, and split CSVs; 98_discarded_nonfinal is reserved for obsolete or nonfinal byproducts; 99_recovery_logs contains downloads, checkpoints, temporary recovery outputs, and logs.",0.005,10,TRUE,TRUE
"UCI_wine_red_residual_sugar__depth_upper_tail_enriched","UCI_wine_red_residual_sugar","within_dataset_depth_probe",FALSE,TRUE,"selected","balance_not_applied_to_depth_or_disabled","UCI","lognormal_like","positive_skew_tabular","https://archive.ics.uci.edu/ml/machine-learning-databases/wine-quality/winequality-red.csv","2026-06-16 01:50:12 -0400",NA,NA,"inline_depth_probe","residual.sugar","raw","full; depth_probe=upper_tail_enriched","lognormal",1599,3.70193468697911,18.2144490276051,"strictly_positive",2.83864915572233,TRUE,NA," V5 secondary within-dataset depth probe; not independent N.","V5_audit_ready",TRUE,"Pre-registered empirical profile gate: bounded/proportion by hint/domain; zero-inflated/count by hint/domain; normal_like when abs(skew)<=0.50 and excess_kurtosis<=1.00; heavy_tail_symmetric when abs(skew)<=1.00 and excess_kurtosis>3.00; lognormal_like when skew>1.00 with positive support; weibull_like when skew>0.50 with positive support; otherwise empirical_unknown.","profile_preregistered",TRUE,"paired bootstrap aligned to the same reported gain statistic",TRUE,"Benjamini-Hochberg FDR is computed at dataset level on external_dataset_level_decisions.csv for primary eligible in-regime rows only. Primary alpha=0.05; secondary sensitivity alpha=0.1.","01_results_basic contains compact final results; 02_reports contains generated report files; 03_audit_ready contains full provenance, decisions, oracle audit, and split CSVs; 98_discarded_nonfinal is reserved for obsolete or nonfinal byproducts; 99_recovery_logs contains downloads, checkpoints, temporary recovery outputs, and logs.",0.005,10,TRUE,TRUE
"UCI_wine_red_residual_sugar__depth_bootstrap_full","UCI_wine_red_residual_sugar","within_dataset_depth_probe",FALSE,TRUE,"selected","balance_not_applied_to_depth_or_disabled","UCI","lognormal_like","positive_skew_tabular","https://archive.ics.uci.edu/ml/machine-learning-databases/wine-quality/winequality-red.csv","2026-06-16 01:58:29 -0400",NA,NA,"inline_depth_probe","residual.sugar","raw","full; depth_probe=bootstrap_full","lognormal",1599,4.78829226968146,32.4963732262369,"strictly_positive",2.49687304565353,TRUE,NA," V5 secondary within-dataset depth probe; not independent N.","V5_audit_ready",TRUE,"Pre-registered empirical profile gate: bounded/proportion by hint/domain; zero-inflated/count by hint/domain; normal_like when abs(skew)<=0.50 and excess_kurtosis<=1.00; heavy_tail_symmetric when abs(skew)<=1.00 and excess_kurtosis>3.00; lognormal_like when skew>1.00 with positive support; weibull_like when skew>0.50 with positive support; otherwise empirical_unknown.","profile_preregistered",TRUE,"paired bootstrap aligned to the same reported gain statistic",TRUE,"Benjamini-Hochberg FDR is computed at dataset level on external_dataset_level_decisions.csv for primary eligible in-regime rows only. Primary alpha=0.05; secondary sensitivity alpha=0.1.","01_results_basic contains compact final results; 02_reports contains generated report files; 03_audit_ready contains full provenance, decisions, oracle audit, and split CSVs; 98_discarded_nonfinal is reserved for obsolete or nonfinal byproducts; 99_recovery_logs contains downloads, checkpoints, temporary recovery outputs, and logs.",0.005,10,TRUE,TRUE
"UCI_wine_white_alcohol__depth_body_10_90","UCI_wine_white_alcohol","within_dataset_depth_probe",FALSE,TRUE,"selected","balance_not_applied_to_depth_or_disabled","UCI","lognormal_like","positive_skew_tabular","https://archive.ics.uci.edu/ml/machine-learning-databases/wine-quality/winequality-white.csv","2026-06-16 02:06:38 -0400",NA,NA,"inline_depth_probe","alcohol","raw","full; depth_probe=body_10_90","lognormal",4143,0.38824630603648,-0.978409023909634,"strictly_positive",10.381811891544,TRUE,NA," V5 secondary within-dataset depth probe; not independent N.","V5_audit_ready",TRUE,"Pre-registered empirical profile gate: bounded/proportion by hint/domain; zero-inflated/count by hint/domain; normal_like when abs(skew)<=0.50 and excess_kurtosis<=1.00; heavy_tail_symmetric when abs(skew)<=1.00 and excess_kurtosis>3.00; lognormal_like when skew>1.00 with positive support; weibull_like when skew>0.50 with positive support; otherwise empirical_unknown.","profile_preregistered",TRUE,"paired bootstrap aligned to the same reported gain statistic",TRUE,"Benjamini-Hochberg FDR is computed at dataset level on external_dataset_level_decisions.csv for primary eligible in-regime rows only. Primary alpha=0.05; secondary sensitivity alpha=0.1.","01_results_basic contains compact final results; 02_reports contains generated report files; 03_audit_ready contains full provenance, decisions, oracle audit, and split CSVs; 98_discarded_nonfinal is reserved for obsolete or nonfinal byproducts; 99_recovery_logs contains downloads, checkpoints, temporary recovery outputs, and logs.",0.005,10,TRUE,TRUE
"UCI_wine_white_alcohol__depth_upper_tail_enriched","UCI_wine_white_alcohol","within_dataset_depth_probe",FALSE,TRUE,"selected","balance_not_applied_to_depth_or_disabled","UCI","lognormal_like","positive_skew_tabular","https://archive.ics.uci.edu/ml/machine-learning-databases/wine-quality/winequality-white.csv","2026-06-16 02:12:43 -0400",NA,NA,"inline_depth_probe","alcohol","raw","full; depth_probe=upper_tail_enriched","lognormal",4898,0.0568643849079952,-1.13486207349014,"strictly_positive",10.902258745066,TRUE,NA," V5 secondary within-dataset depth probe; not independent N.","V5_audit_ready",TRUE,"Pre-registered empirical profile gate: bounded/proportion by hint/domain; zero-inflated/count by hint/domain; normal_like when abs(skew)<=0.50 and excess_kurtosis<=1.00; heavy_tail_symmetric when abs(skew)<=1.00 and excess_kurtosis>3.00; lognormal_like when skew>1.00 with positive support; weibull_like when skew>0.50 with positive support; otherwise empirical_unknown.","profile_preregistered",TRUE,"paired bootstrap aligned to the same reported gain statistic",TRUE,"Benjamini-Hochberg FDR is computed at dataset level on external_dataset_level_decisions.csv for primary eligible in-regime rows only. Primary alpha=0.05; secondary sensitivity alpha=0.1.","01_results_basic contains compact final results; 02_reports contains generated report files; 03_audit_ready contains full provenance, decisions, oracle audit, and split CSVs; 98_discarded_nonfinal is reserved for obsolete or nonfinal byproducts; 99_recovery_logs contains downloads, checkpoints, temporary recovery outputs, and logs.",0.005,10,TRUE,TRUE
"UCI_wine_white_alcohol__depth_bootstrap_full","UCI_wine_white_alcohol","within_dataset_depth_probe",FALSE,TRUE,"selected","balance_not_applied_to_depth_or_disabled","UCI","lognormal_like","positive_skew_tabular","https://archive.ics.uci.edu/ml/machine-learning-databases/wine-quality/winequality-white.csv","2026-06-16 02:18:27 -0400",NA,NA,"inline_depth_probe","alcohol","raw","full; depth_probe=bootstrap_full","lognormal",4898,0.535498699376897,-0.623110632935727,"strictly_positive",10.4807554103716,TRUE,NA," V5 secondary within-dataset depth probe; not independent N.","V5_audit_ready",TRUE,"Pre-registered empirical profile gate: bounded/proportion by hint/domain; zero-inflated/count by hint/domain; normal_like when abs(skew)<=0.50 and excess_kurtosis<=1.00; heavy_tail_symmetric when abs(skew)<=1.00 and excess_kurtosis>3.00; lognormal_like when skew>1.00 with positive support; weibull_like when skew>0.50 with positive support; otherwise empirical_unknown.","profile_preregistered",TRUE,"paired bootstrap aligned to the same reported gain statistic",TRUE,"Benjamini-Hochberg FDR is computed at dataset level on external_dataset_level_decisions.csv for primary eligible in-regime rows only. Primary alpha=0.05; secondary sensitivity alpha=0.1.","01_results_basic contains compact final results; 02_reports contains generated report files; 03_audit_ready contains full provenance, decisions, oracle audit, and split CSVs; 98_discarded_nonfinal is reserved for obsolete or nonfinal byproducts; 99_recovery_logs contains downloads, checkpoints, temporary recovery outputs, and logs.",0.005,10,TRUE,TRUE
"UCI_wine_white_residual_sugar__depth_body_10_90","UCI_wine_white_residual_sugar","within_dataset_depth_probe",FALSE,TRUE,"selected","balance_not_applied_to_depth_or_disabled","UCI","lognormal_like","positive_skew_tabular","https://archive.ics.uci.edu/ml/machine-learning-databases/wine-quality/winequality-white.csv","2026-06-16 02:28:09 -0400",NA,NA,"inline_depth_probe","residual.sugar","raw","full; depth_probe=body_10_90","lognormal",4101,0.517303483725382,-0.99891594100576,"strictly_positive",5.66014386734943,TRUE,NA," V5 secondary within-dataset depth probe; not independent N.","V5_audit_ready",TRUE,"Pre-registered empirical profile gate: bounded/proportion by hint/domain; zero-inflated/count by hint/domain; normal_like when abs(skew)<=0.50 and excess_kurtosis<=1.00; heavy_tail_symmetric when abs(skew)<=1.00 and excess_kurtosis>3.00; lognormal_like when skew>1.00 with positive support; weibull_like when skew>0.50 with positive support; otherwise empirical_unknown.","profile_preregistered",TRUE,"paired bootstrap aligned to the same reported gain statistic",TRUE,"Benjamini-Hochberg FDR is computed at dataset level on external_dataset_level_decisions.csv for primary eligible in-regime rows only. Primary alpha=0.05; secondary sensitivity alpha=0.1.","01_results_basic contains compact final results; 02_reports contains generated report files; 03_audit_ready contains full provenance, decisions, oracle audit, and split CSVs; 98_discarded_nonfinal is reserved for obsolete or nonfinal byproducts; 99_recovery_logs contains downloads, checkpoints, temporary recovery outputs, and logs.",0.005,10,TRUE,TRUE
"UCI_wine_white_residual_sugar__depth_upper_tail_enriched","UCI_wine_white_residual_sugar","within_dataset_depth_probe",FALSE,TRUE,"selected","balance_not_applied_to_depth_or_disabled","UCI","lognormal_like","positive_skew_tabular","https://archive.ics.uci.edu/ml/machine-learning-databases/wine-quality/winequality-white.csv","2026-06-16 02:34:17 -0400",NA,NA,"inline_depth_probe","residual.sugar","raw","full; depth_probe=upper_tail_enriched","lognormal",4898,0.57329802789458,1.48631474301746,"strictly_positive",7.77546957942017,TRUE,NA," V5 secondary within-dataset depth probe; not independent N.","V5_audit_ready",TRUE,"Pre-registered empirical profile gate: bounded/proportion by hint/domain; zero-inflated/count by hint/domain; normal_like when abs(skew)<=0.50 and excess_kurtosis<=1.00; heavy_tail_symmetric when abs(skew)<=1.00 and excess_kurtosis>3.00; lognormal_like when skew>1.00 with positive support; weibull_like when skew>0.50 with positive support; otherwise empirical_unknown.","profile_preregistered",TRUE,"paired bootstrap aligned to the same reported gain statistic",TRUE,"Benjamini-Hochberg FDR is computed at dataset level on external_dataset_level_decisions.csv for primary eligible in-regime rows only. Primary alpha=0.05; secondary sensitivity alpha=0.1.","01_results_basic contains compact final results; 02_reports contains generated report files; 03_audit_ready contains full provenance, decisions, oracle audit, and split CSVs; 98_discarded_nonfinal is reserved for obsolete or nonfinal byproducts; 99_recovery_logs contains downloads, checkpoints, temporary recovery outputs, and logs.",0.005,10,TRUE,TRUE
"UCI_wine_white_residual_sugar__depth_bootstrap_full","UCI_wine_white_residual_sugar","within_dataset_depth_probe",FALSE,TRUE,"selected","balance_not_applied_to_depth_or_disabled","UCI","lognormal_like","positive_skew_tabular","https://archive.ics.uci.edu/ml/machine-learning-databases/wine-quality/winequality-white.csv","2026-06-16 02:42:09 -0400",NA,NA,"inline_depth_probe","residual.sugar","raw","full; depth_probe=bootstrap_full","lognormal",4898,1.04671331388983,3.29078354869667,"strictly_positive",6.45369538587178,TRUE,NA," V5 secondary within-dataset depth probe; not independent N.","V5_audit_ready",TRUE,"Pre-registered empirical profile gate: bounded/proportion by hint/domain; zero-inflated/count by hint/domain; normal_like when abs(skew)<=0.50 and excess_kurtosis<=1.00; heavy_tail_symmetric when abs(skew)<=1.00 and excess_kurtosis>3.00; lognormal_like when skew>1.00 with positive support; weibull_like when skew>0.50 with positive support; otherwise empirical_unknown.","profile_preregistered",TRUE,"paired bootstrap aligned to the same reported gain statistic",TRUE,"Benjamini-Hochberg FDR is computed at dataset level on external_dataset_level_decisions.csv for primary eligible in-regime rows only. Primary alpha=0.05; secondary sensitivity alpha=0.1.","01_results_basic contains compact final results; 02_reports contains generated report files; 03_audit_ready contains full provenance, decisions, oracle audit, and split CSVs; 98_discarded_nonfinal is reserved for obsolete or nonfinal byproducts; 99_recovery_logs contains downloads, checkpoints, temporary recovery outputs, and logs.",0.005,10,TRUE,TRUE
"UCI_abalone_whole_weight__depth_body_10_90","UCI_abalone_whole_weight","within_dataset_depth_probe",FALSE,TRUE,"selected","balance_not_applied_to_depth_or_disabled","UCI","lognormal_like","biological_positive","https://archive.ics.uci.edu/ml/machine-learning-databases/abalone/abalone.data","2026-06-16 02:51:58 -0400",NA,NA,"inline_depth_probe","whole_weight","raw","full; depth_probe=body_10_90","lognormal",3343,0.089785160082939,-1.07197956976532,"strictly_positive",0.793674244690398,TRUE,NA," V5 secondary within-dataset depth probe; not independent N.","V5_audit_ready",TRUE,"Pre-registered empirical profile gate: bounded/proportion by hint/domain; zero-inflated/count by hint/domain; normal_like when abs(skew)<=0.50 and excess_kurtosis<=1.00; heavy_tail_symmetric when abs(skew)<=1.00 and excess_kurtosis>3.00; lognormal_like when skew>1.00 with positive support; weibull_like when skew>0.50 with positive support; otherwise empirical_unknown.","profile_preregistered",TRUE,"paired bootstrap aligned to the same reported gain statistic",TRUE,"Benjamini-Hochberg FDR is computed at dataset level on external_dataset_level_decisions.csv for primary eligible in-regime rows only. Primary alpha=0.05; secondary sensitivity alpha=0.1.","01_results_basic contains compact final results; 02_reports contains generated report files; 03_audit_ready contains full provenance, decisions, oracle audit, and split CSVs; 98_discarded_nonfinal is reserved for obsolete or nonfinal byproducts; 99_recovery_logs contains downloads, checkpoints, temporary recovery outputs, and logs.",0.005,10,TRUE,TRUE
"UCI_abalone_whole_weight__depth_upper_tail_enriched","UCI_abalone_whole_weight","within_dataset_depth_probe",FALSE,TRUE,"selected","balance_not_applied_to_depth_or_disabled","UCI","lognormal_like","biological_positive","https://archive.ics.uci.edu/ml/machine-learning-databases/abalone/abalone.data","2026-06-16 02:57:40 -0400",NA,NA,"inline_depth_probe","whole_weight","raw","full; depth_probe=upper_tail_enriched","lognormal",4177,0.251290196401252,-0.458413494907422,"strictly_positive",0.953043931050993,TRUE,NA," V5 secondary within-dataset depth probe; not independent N.","V5_audit_ready",TRUE,"Pre-registered empirical profile gate: bounded/proportion by hint/domain; zero-inflated/count by hint/domain; normal_like when abs(skew)<=0.50 and excess_kurtosis<=1.00; heavy_tail_symmetric when abs(skew)<=1.00 and excess_kurtosis>3.00; lognormal_like when skew>1.00 with positive support; weibull_like when skew>0.50 with positive support; otherwise empirical_unknown.","profile_preregistered",TRUE,"paired bootstrap aligned to the same reported gain statistic",TRUE,"Benjamini-Hochberg FDR is computed at dataset level on external_dataset_level_decisions.csv for primary eligible in-regime rows only. Primary alpha=0.05; secondary sensitivity alpha=0.1.","01_results_basic contains compact final results; 02_reports contains generated report files; 03_audit_ready contains full provenance, decisions, oracle audit, and split CSVs; 98_discarded_nonfinal is reserved for obsolete or nonfinal byproducts; 99_recovery_logs contains downloads, checkpoints, temporary recovery outputs, and logs.",0.005,10,TRUE,TRUE
"UCI_abalone_whole_weight__depth_bootstrap_full","UCI_abalone_whole_weight","within_dataset_depth_probe",FALSE,TRUE,"selected","balance_not_applied_to_depth_or_disabled","UCI","lognormal_like","biological_positive","https://archive.ics.uci.edu/ml/machine-learning-databases/abalone/abalone.data","2026-06-16 03:06:07 -0400",NA,NA,"inline_depth_probe","whole_weight","raw","full; depth_probe=bootstrap_full","lognormal",4177,0.49811578048439,-0.0778694770125696,"strictly_positive",0.815841991860187,TRUE,NA," V5 secondary within-dataset depth probe; not independent N.","V5_audit_ready",TRUE,"Pre-registered empirical profile gate: bounded/proportion by hint/domain; zero-inflated/count by hint/domain; normal_like when abs(skew)<=0.50 and excess_kurtosis<=1.00; heavy_tail_symmetric when abs(skew)<=1.00 and excess_kurtosis>3.00; lognormal_like when skew>1.00 with positive support; weibull_like when skew>0.50 with positive support; otherwise empirical_unknown.","profile_preregistered",TRUE,"paired bootstrap aligned to the same reported gain statistic",TRUE,"Benjamini-Hochberg FDR is computed at dataset level on external_dataset_level_decisions.csv for primary eligible in-regime rows only. Primary alpha=0.05; secondary sensitivity alpha=0.1.","01_results_basic contains compact final results; 02_reports contains generated report files; 03_audit_ready contains full provenance, decisions, oracle audit, and split CSVs; 98_discarded_nonfinal is reserved for obsolete or nonfinal byproducts; 99_recovery_logs contains downloads, checkpoints, temporary recovery outputs, and logs.",0.005,10,TRUE,TRUE
"UCI_bike_hour_count__depth_body_10_90","UCI_bike_hour_count","within_dataset_depth_probe",FALSE,TRUE,"selected","balance_not_applied_to_depth_or_disabled","UCI","lognormal_like","mobility_demand","https://archive.ics.uci.edu/ml/machine-learning-databases/00275/Bike-Sharing-Dataset.zip","2026-06-16 03:16:15 -0400",NA,NA,"inline_depth_probe","cnt","raw","full; depth_probe=body_10_90","lognormal",13944,0.550855628300119,-0.7255915420223,"strictly_positive",162.941336775674,TRUE,NA," V5 secondary within-dataset depth probe; not independent N.","V5_audit_ready",TRUE,"Pre-registered empirical profile gate: bounded/proportion by hint/domain; zero-inflated/count by hint/domain; normal_like when abs(skew)<=0.50 and excess_kurtosis<=1.00; heavy_tail_symmetric when abs(skew)<=1.00 and excess_kurtosis>3.00; lognormal_like when skew>1.00 with positive support; weibull_like when skew>0.50 with positive support; otherwise empirical_unknown.","profile_preregistered",TRUE,"paired bootstrap aligned to the same reported gain statistic",TRUE,"Benjamini-Hochberg FDR is computed at dataset level on external_dataset_level_decisions.csv for primary eligible in-regime rows only. Primary alpha=0.05; secondary sensitivity alpha=0.1.","01_results_basic contains compact final results; 02_reports contains generated report files; 03_audit_ready contains full provenance, decisions, oracle audit, and split CSVs; 98_discarded_nonfinal is reserved for obsolete or nonfinal byproducts; 99_recovery_logs contains downloads, checkpoints, temporary recovery outputs, and logs.",0.005,10,TRUE,TRUE
"UCI_bike_hour_count__depth_upper_tail_enriched","UCI_bike_hour_count","within_dataset_depth_probe",FALSE,TRUE,"selected","balance_not_applied_to_depth_or_disabled","UCI","lognormal_like","mobility_demand","https://archive.ics.uci.edu/ml/machine-learning-databases/00275/Bike-Sharing-Dataset.zip","2026-06-16 03:26:17 -0400",NA,NA,"inline_depth_probe","cnt","raw","full; depth_probe=upper_tail_enriched","lognormal",17379,0.815362018403658,0.113306559658721,"strictly_positive",241.913804016342,TRUE,NA," V5 secondary within-dataset depth probe; not independent N.","V5_audit_ready",TRUE,"Pre-registered empirical profile gate: bounded/proportion by hint/domain; zero-inflated/count by hint/domain; normal_like when abs(skew)<=0.50 and excess_kurtosis<=1.00; heavy_tail_symmetric when abs(skew)<=1.00 and excess_kurtosis>3.00; lognormal_like when skew>1.00 with positive support; weibull_like when skew>0.50 with positive support; otherwise empirical_unknown.","profile_preregistered",TRUE,"paired bootstrap aligned to the same reported gain statistic",TRUE,"Benjamini-Hochberg FDR is computed at dataset level on external_dataset_level_decisions.csv for primary eligible in-regime rows only. Primary alpha=0.05; secondary sensitivity alpha=0.1.","01_results_basic contains compact final results; 02_reports contains generated report files; 03_audit_ready contains full provenance, decisions, oracle audit, and split CSVs; 98_discarded_nonfinal is reserved for obsolete or nonfinal byproducts; 99_recovery_logs contains downloads, checkpoints, temporary recovery outputs, and logs.",0.005,10,TRUE,TRUE
"UCI_bike_hour_count__depth_bootstrap_full","UCI_bike_hour_count","within_dataset_depth_probe",FALSE,TRUE,"selected","balance_not_applied_to_depth_or_disabled","UCI","lognormal_like","mobility_demand","https://archive.ics.uci.edu/ml/machine-learning-databases/00275/Bike-Sharing-Dataset.zip","2026-06-16 03:37:34 -0400",NA,NA,"inline_depth_probe","cnt","raw","full; depth_probe=bootstrap_full","lognormal",17379,1.27167373612668,1.37101420596017,"strictly_positive",188.99982737787,TRUE,NA," V5 secondary within-dataset depth probe; not independent N.","V5_audit_ready",TRUE,"Pre-registered empirical profile gate: bounded/proportion by hint/domain; zero-inflated/count by hint/domain; normal_like when abs(skew)<=0.50 and excess_kurtosis<=1.00; heavy_tail_symmetric when abs(skew)<=1.00 and excess_kurtosis>3.00; lognormal_like when skew>1.00 with positive support; weibull_like when skew>0.50 with positive support; otherwise empirical_unknown.","profile_preregistered",TRUE,"paired bootstrap aligned to the same reported gain statistic",TRUE,"Benjamini-Hochberg FDR is computed at dataset level on external_dataset_level_decisions.csv for primary eligible in-regime rows only. Primary alpha=0.05; secondary sensitivity alpha=0.1.","01_results_basic contains compact final results; 02_reports contains generated report files; 03_audit_ready contains full provenance, decisions, oracle audit, and split CSVs; 98_discarded_nonfinal is reserved for obsolete or nonfinal byproducts; 99_recovery_logs contains downloads, checkpoints, temporary recovery outputs, and logs.",0.005,10,TRUE,TRUE
"UCI_bike_hour_casual__depth_body_10_90","UCI_bike_hour_casual","within_dataset_depth_probe",FALSE,TRUE,"selected","balance_not_applied_to_depth_or_disabled","UCI","lognormal_like","mobility_demand","https://archive.ics.uci.edu/ml/machine-learning-databases/00275/Bike-Sharing-Dataset.zip","2026-06-16 03:49:20 -0400",NA,NA,"inline_depth_probe","casual","raw","full; depth_probe=body_10_90","lognormal",14071,1.0354313335152,0.0515599037468149,"strictly_positive",24.742591144908,TRUE,NA," V5 secondary within-dataset depth probe; not independent N.","V5_audit_ready",TRUE,"Pre-registered empirical profile gate: bounded/proportion by hint/domain; zero-inflated/count by hint/domain; normal_like when abs(skew)<=0.50 and excess_kurtosis<=1.00; heavy_tail_symmetric when abs(skew)<=1.00 and excess_kurtosis>3.00; lognormal_like when skew>1.00 with positive support; weibull_like when skew>0.50 with positive support; otherwise empirical_unknown.","profile_preregistered",TRUE,"paired bootstrap aligned to the same reported gain statistic",TRUE,"Benjamini-Hochberg FDR is computed at dataset level on external_dataset_level_decisions.csv for primary eligible in-regime rows only. Primary alpha=0.05; secondary sensitivity alpha=0.1.","01_results_basic contains compact final results; 02_reports contains generated report files; 03_audit_ready contains full provenance, decisions, oracle audit, and split CSVs; 98_discarded_nonfinal is reserved for obsolete or nonfinal byproducts; 99_recovery_logs contains downloads, checkpoints, temporary recovery outputs, and logs.",0.005,10,TRUE,TRUE
"UCI_bike_hour_casual__depth_upper_tail_enriched","UCI_bike_hour_casual","within_dataset_depth_probe",FALSE,TRUE,"selected","balance_not_applied_to_depth_or_disabled","UCI","lognormal_like","mobility_demand","https://archive.ics.uci.edu/ml/machine-learning-databases/00275/Bike-Sharing-Dataset.zip","2026-06-16 03:59:02 -0400",NA,NA,"inline_depth_probe","casual","raw","full; depth_probe=upper_tail_enriched","lognormal",17379,1.8671740048009,3.98547387892883,"contains_nonpositive",49.0372863801139,TRUE,NA," V5 secondary within-dataset depth probe; not independent N.","V5_audit_ready",TRUE,"Pre-registered empirical profile gate: bounded/proportion by hint/domain; zero-inflated/count by hint/domain; normal_like when abs(skew)<=0.50 and excess_kurtosis<=1.00; heavy_tail_symmetric when abs(skew)<=1.00 and excess_kurtosis>3.00; lognormal_like when skew>1.00 with positive support; weibull_like when skew>0.50 with positive support; otherwise empirical_unknown.","profile_preregistered",TRUE,"paired bootstrap aligned to the same reported gain statistic",TRUE,"Benjamini-Hochberg FDR is computed at dataset level on external_dataset_level_decisions.csv for primary eligible in-regime rows only. Primary alpha=0.05; secondary sensitivity alpha=0.1.","01_results_basic contains compact final results; 02_reports contains generated report files; 03_audit_ready contains full provenance, decisions, oracle audit, and split CSVs; 98_discarded_nonfinal is reserved for obsolete or nonfinal byproducts; 99_recovery_logs contains downloads, checkpoints, temporary recovery outputs, and logs.",0.005,10,TRUE,TRUE
"UCI_bike_hour_casual__depth_bootstrap_full","UCI_bike_hour_casual","within_dataset_depth_probe",FALSE,TRUE,"selected","balance_not_applied_to_depth_or_disabled","UCI","lognormal_like","mobility_demand","https://archive.ics.uci.edu/ml/machine-learning-databases/00275/Bike-Sharing-Dataset.zip","2026-06-16 04:10:14 -0400",NA,NA,"inline_depth_probe","casual","raw","full; depth_probe=bootstrap_full","lognormal",17379,2.52725435723147,7.73119614868568,"contains_nonpositive",35.6090108751942,TRUE,NA," V5 secondary within-dataset depth probe; not independent N.","V5_audit_ready",TRUE,"Pre-registered empirical profile gate: bounded/proportion by hint/domain; zero-inflated/count by hint/domain; normal_like when abs(skew)<=0.50 and excess_kurtosis<=1.00; heavy_tail_symmetric when abs(skew)<=1.00 and excess_kurtosis>3.00; lognormal_like when skew>1.00 with positive support; weibull_like when skew>0.50 with positive support; otherwise empirical_unknown.","profile_preregistered",TRUE,"paired bootstrap aligned to the same reported gain statistic",TRUE,"Benjamini-Hochberg FDR is computed at dataset level on external_dataset_level_decisions.csv for primary eligible in-regime rows only. Primary alpha=0.05; secondary sensitivity alpha=0.1.","01_results_basic contains compact final results; 02_reports contains generated report files; 03_audit_ready contains full provenance, decisions, oracle audit, and split CSVs; 98_discarded_nonfinal is reserved for obsolete or nonfinal byproducts; 99_recovery_logs contains downloads, checkpoints, temporary recovery outputs, and logs.",0.005,10,TRUE,TRUE
"UCI_bike_hour_registered__depth_body_10_90","UCI_bike_hour_registered","within_dataset_depth_probe",FALSE,TRUE,"selected","balance_not_applied_to_depth_or_disabled","UCI","lognormal_like","mobility_demand","https://archive.ics.uci.edu/ml/machine-learning-databases/00275/Bike-Sharing-Dataset.zip","2026-06-16 04:19:56 -0400",NA,NA,"inline_depth_probe","registered","raw","full; depth_probe=body_10_90","lognormal",14022,0.548872229466326,-0.662376891045485,"strictly_positive",127.89594922265,TRUE,NA," V5 secondary within-dataset depth probe; not independent N.","V5_audit_ready",TRUE,"Pre-registered empirical profile gate: bounded/proportion by hint/domain; zero-inflated/count by hint/domain; normal_like when abs(skew)<=0.50 and excess_kurtosis<=1.00; heavy_tail_symmetric when abs(skew)<=1.00 and excess_kurtosis>3.00; lognormal_like when skew>1.00 with positive support; weibull_like when skew>0.50 with positive support; otherwise empirical_unknown.","profile_preregistered",TRUE,"paired bootstrap aligned to the same reported gain statistic",TRUE,"Benjamini-Hochberg FDR is computed at dataset level on external_dataset_level_decisions.csv for primary eligible in-regime rows only. Primary alpha=0.05; secondary sensitivity alpha=0.1.","01_results_basic contains compact final results; 02_reports contains generated report files; 03_audit_ready contains full provenance, decisions, oracle audit, and split CSVs; 98_discarded_nonfinal is reserved for obsolete or nonfinal byproducts; 99_recovery_logs contains downloads, checkpoints, temporary recovery outputs, and logs.",0.005,10,TRUE,TRUE
"UCI_bike_hour_registered__depth_upper_tail_enriched","UCI_bike_hour_registered","within_dataset_depth_probe",FALSE,TRUE,"selected","balance_not_applied_to_depth_or_disabled","UCI","lognormal_like","mobility_demand","https://archive.ics.uci.edu/ml/machine-learning-databases/00275/Bike-Sharing-Dataset.zip","2026-06-16 04:30:13 -0400",NA,NA,"inline_depth_probe","registered","raw","full; depth_probe=upper_tail_enriched","lognormal",17379,1.10417804167162,1.0527814119788,"contains_nonpositive",196.678807756488,TRUE,NA," V5 secondary within-dataset depth probe; not independent N.","V5_audit_ready",TRUE,"Pre-registered empirical profile gate: bounded/proportion by hint/domain; zero-inflated/count by hint/domain; normal_like when abs(skew)<=0.50 and excess_kurtosis<=1.00; heavy_tail_symmetric when abs(skew)<=1.00 and excess_kurtosis>3.00; lognormal_like when skew>1.00 with positive support; weibull_like when skew>0.50 with positive support; otherwise empirical_unknown.","profile_preregistered",TRUE,"paired bootstrap aligned to the same reported gain statistic",TRUE,"Benjamini-Hochberg FDR is computed at dataset level on external_dataset_level_decisions.csv for primary eligible in-regime rows only. Primary alpha=0.05; secondary sensitivity alpha=0.1.","01_results_basic contains compact final results; 02_reports contains generated report files; 03_audit_ready contains full provenance, decisions, oracle audit, and split CSVs; 98_discarded_nonfinal is reserved for obsolete or nonfinal byproducts; 99_recovery_logs contains downloads, checkpoints, temporary recovery outputs, and logs.",0.005,10,TRUE,TRUE
"UCI_bike_hour_registered__depth_bootstrap_full","UCI_bike_hour_registered","within_dataset_depth_probe",FALSE,TRUE,"selected","balance_not_applied_to_depth_or_disabled","UCI","lognormal_like","mobility_demand","https://archive.ics.uci.edu/ml/machine-learning-databases/00275/Bike-Sharing-Dataset.zip","2026-06-16 04:41:50 -0400",NA,NA,"inline_depth_probe","registered","raw","full; depth_probe=bootstrap_full","lognormal",17379,1.55825126997192,2.81397265537429,"contains_nonpositive",155.05529662236,TRUE,NA," V5 secondary within-dataset depth probe; not independent N.","V5_audit_ready",TRUE,"Pre-registered empirical profile gate: bounded/proportion by hint/domain; zero-inflated/count by hint/domain; normal_like when abs(skew)<=0.50 and excess_kurtosis<=1.00; heavy_tail_symmetric when abs(skew)<=1.00 and excess_kurtosis>3.00; lognormal_like when skew>1.00 with positive support; weibull_like when skew>0.50 with positive support; otherwise empirical_unknown.","profile_preregistered",TRUE,"paired bootstrap aligned to the same reported gain statistic",TRUE,"Benjamini-Hochberg FDR is computed at dataset level on external_dataset_level_decisions.csv for primary eligible in-regime rows only. Primary alpha=0.05; secondary sensitivity alpha=0.1.","01_results_basic contains compact final results; 02_reports contains generated report files; 03_audit_ready contains full provenance, decisions, oracle audit, and split CSVs; 98_discarded_nonfinal is reserved for obsolete or nonfinal byproducts; 99_recovery_logs contains downloads, checkpoints, temporary recovery outputs, and logs.",0.005,10,TRUE,TRUE
"UCI_online_news_log_shares__depth_body_10_90","UCI_online_news_log_shares","within_dataset_depth_probe",FALSE,TRUE,"selected","balance_not_applied_to_depth_or_disabled","UCI","lognormal_like","web_popularity","https://archive.ics.uci.edu/ml/machine-learning-databases/00332/OnlineNewsPopularity.zip","2026-06-16 04:54:07 -0400",NA,NA,"inline_depth_probe","shares","log1p","full; depth_probe=body_10_90","lognormal",31742,0.623720339698596,-0.531627180792504,"strictly_positive",7.36884401826134,TRUE,NA," V5 secondary within-dataset depth probe; not independent N.","V5_audit_ready",TRUE,"Pre-registered empirical profile gate: bounded/proportion by hint/domain; zero-inflated/count by hint/domain; normal_like when abs(skew)<=0.50 and excess_kurtosis<=1.00; heavy_tail_symmetric when abs(skew)<=1.00 and excess_kurtosis>3.00; lognormal_like when skew>1.00 with positive support; weibull_like when skew>0.50 with positive support; otherwise empirical_unknown.","profile_preregistered",TRUE,"paired bootstrap aligned to the same reported gain statistic",TRUE,"Benjamini-Hochberg FDR is computed at dataset level on external_dataset_level_decisions.csv for primary eligible in-regime rows only. Primary alpha=0.05; secondary sensitivity alpha=0.1.","01_results_basic contains compact final results; 02_reports contains generated report files; 03_audit_ready contains full provenance, decisions, oracle audit, and split CSVs; 98_discarded_nonfinal is reserved for obsolete or nonfinal byproducts; 99_recovery_logs contains downloads, checkpoints, temporary recovery outputs, and logs.",0.005,10,TRUE,TRUE
"UCI_online_news_log_shares__depth_upper_tail_enriched","UCI_online_news_log_shares","within_dataset_depth_probe",FALSE,TRUE,"selected","balance_not_applied_to_depth_or_disabled","UCI","lognormal_like","web_popularity","https://archive.ics.uci.edu/ml/machine-learning-databases/00332/OnlineNewsPopularity.zip","2026-06-16 05:06:43 -0400",NA,NA,"inline_depth_probe","shares","log1p","full; depth_probe=upper_tail_enriched","lognormal",39644,0.742735010545634,1.24437202688816,"strictly_positive",7.73032385715524,TRUE,NA," V5 secondary within-dataset depth probe; not independent N.","V5_audit_ready",TRUE,"Pre-registered empirical profile gate: bounded/proportion by hint/domain; zero-inflated/count by hint/domain; normal_like when abs(skew)<=0.50 and excess_kurtosis<=1.00; heavy_tail_symmetric when abs(skew)<=1.00 and excess_kurtosis>3.00; lognormal_like when skew>1.00 with positive support; weibull_like when skew>0.50 with positive support; otherwise empirical_unknown.","profile_preregistered",TRUE,"paired bootstrap aligned to the same reported gain statistic",TRUE,"Benjamini-Hochberg FDR is computed at dataset level on external_dataset_level_decisions.csv for primary eligible in-regime rows only. Primary alpha=0.05; secondary sensitivity alpha=0.1.","01_results_basic contains compact final results; 02_reports contains generated report files; 03_audit_ready contains full provenance, decisions, oracle audit, and split CSVs; 98_discarded_nonfinal is reserved for obsolete or nonfinal byproducts; 99_recovery_logs contains downloads, checkpoints, temporary recovery outputs, and logs.",0.005,10,TRUE,TRUE
"UCI_online_news_log_shares__depth_bootstrap_full","UCI_online_news_log_shares","within_dataset_depth_probe",FALSE,TRUE,"selected","balance_not_applied_to_depth_or_disabled","UCI","lognormal_like","web_popularity","https://archive.ics.uci.edu/ml/machine-learning-databases/00332/OnlineNewsPopularity.zip","2026-06-16 05:21:16 -0400",NA,NA,"inline_depth_probe","shares","log1p","full; depth_probe=bootstrap_full","lognormal",39644,0.997319572021266,2.3209070603842,"strictly_positive",7.47320827323602,TRUE,NA," V5 secondary within-dataset depth probe; not independent N.","V5_audit_ready",TRUE,"Pre-registered empirical profile gate: bounded/proportion by hint/domain; zero-inflated/count by hint/domain; normal_like when abs(skew)<=0.50 and excess_kurtosis<=1.00; heavy_tail_symmetric when abs(skew)<=1.00 and excess_kurtosis>3.00; lognormal_like when skew>1.00 with positive support; weibull_like when skew>0.50 with positive support; otherwise empirical_unknown.","profile_preregistered",TRUE,"paired bootstrap aligned to the same reported gain statistic",TRUE,"Benjamini-Hochberg FDR is computed at dataset level on external_dataset_level_decisions.csv for primary eligible in-regime rows only. Primary alpha=0.05; secondary sensitivity alpha=0.1.","01_results_basic contains compact final results; 02_reports contains generated report files; 03_audit_ready contains full provenance, decisions, oracle audit, and split CSVs; 98_discarded_nonfinal is reserved for obsolete or nonfinal byproducts; 99_recovery_logs contains downloads, checkpoints, temporary recovery outputs, and logs.",0.005,10,TRUE,TRUE
"UCI_online_news_tokens__depth_body_10_90","UCI_online_news_tokens","within_dataset_depth_probe",FALSE,TRUE,"selected","balance_not_applied_to_depth_or_disabled","UCI","lognormal_like","web_popularity","https://archive.ics.uci.edu/ml/machine-learning-databases/00332/OnlineNewsPopularity.zip","2026-06-16 05:34:04 -0400",NA,NA,"inline_depth_probe","n_tokens_content","raw","full; depth_probe=body_10_90","lognormal",31743,0.758122829787719,-0.413097017625413,"strictly_positive",471.799388841634,TRUE,NA," V5 secondary within-dataset depth probe; not independent N.","V5_audit_ready",TRUE,"Pre-registered empirical profile gate: bounded/proportion by hint/domain; zero-inflated/count by hint/domain; normal_like when abs(skew)<=0.50 and excess_kurtosis<=1.00; heavy_tail_symmetric when abs(skew)<=1.00 and excess_kurtosis>3.00; lognormal_like when skew>1.00 with positive support; weibull_like when skew>0.50 with positive support; otherwise empirical_unknown.","profile_preregistered",TRUE,"paired bootstrap aligned to the same reported gain statistic",TRUE,"Benjamini-Hochberg FDR is computed at dataset level on external_dataset_level_decisions.csv for primary eligible in-regime rows only. Primary alpha=0.05; secondary sensitivity alpha=0.1.","01_results_basic contains compact final results; 02_reports contains generated report files; 03_audit_ready contains full provenance, decisions, oracle audit, and split CSVs; 98_discarded_nonfinal is reserved for obsolete or nonfinal byproducts; 99_recovery_logs contains downloads, checkpoints, temporary recovery outputs, and logs.",0.005,10,TRUE,TRUE
"UCI_online_news_tokens__depth_upper_tail_enriched","UCI_online_news_tokens","within_dataset_depth_probe",FALSE,TRUE,"selected","balance_not_applied_to_depth_or_disabled","UCI","lognormal_like","web_popularity","https://archive.ics.uci.edu/ml/machine-learning-databases/00332/OnlineNewsPopularity.zip","2026-06-16 05:46:53 -0400",NA,NA,"inline_depth_probe","n_tokens_content","raw","full; depth_probe=upper_tail_enriched","lognormal",39644,2.64170341750505,17.1404632050706,"contains_nonpositive",668.587579457169,TRUE,NA," V5 secondary within-dataset depth probe; not independent N.","V5_audit_ready",TRUE,"Pre-registered empirical profile gate: bounded/proportion by hint/domain; zero-inflated/count by hint/domain; normal_like when abs(skew)<=0.50 and excess_kurtosis<=1.00; heavy_tail_symmetric when abs(skew)<=1.00 and excess_kurtosis>3.00; lognormal_like when skew>1.00 with positive support; weibull_like when skew>0.50 with positive support; otherwise empirical_unknown.","profile_preregistered",TRUE,"paired bootstrap aligned to the same reported gain statistic",TRUE,"Benjamini-Hochberg FDR is computed at dataset level on external_dataset_level_decisions.csv for primary eligible in-regime rows only. Primary alpha=0.05; secondary sensitivity alpha=0.1.","01_results_basic contains compact final results; 02_reports contains generated report files; 03_audit_ready contains full provenance, decisions, oracle audit, and split CSVs; 98_discarded_nonfinal is reserved for obsolete or nonfinal byproducts; 99_recovery_logs contains downloads, checkpoints, temporary recovery outputs, and logs.",0.005,10,TRUE,TRUE
"UCI_online_news_tokens__depth_bootstrap_full","UCI_online_news_tokens","within_dataset_depth_probe",FALSE,TRUE,"selected","balance_not_applied_to_depth_or_disabled","UCI","lognormal_like","web_popularity","https://archive.ics.uci.edu/ml/machine-learning-databases/00332/OnlineNewsPopularity.zip","2026-06-16 06:02:21 -0400",NA,NA,"inline_depth_probe","n_tokens_content","raw","full; depth_probe=bootstrap_full","lognormal",39644,2.90310634922812,18.4301875886268,"contains_nonpositive",545.071763696902,TRUE,NA," V5 secondary within-dataset depth probe; not independent N.","V5_audit_ready",TRUE,"Pre-registered empirical profile gate: bounded/proportion by hint/domain; zero-inflated/count by hint/domain; normal_like when abs(skew)<=0.50 and excess_kurtosis<=1.00; heavy_tail_symmetric when abs(skew)<=1.00 and excess_kurtosis>3.00; lognormal_like when skew>1.00 with positive support; weibull_like when skew>0.50 with positive support; otherwise empirical_unknown.","profile_preregistered",TRUE,"paired bootstrap aligned to the same reported gain statistic",TRUE,"Benjamini-Hochberg FDR is computed at dataset level on external_dataset_level_decisions.csv for primary eligible in-regime rows only. Primary alpha=0.05; secondary sensitivity alpha=0.1.","01_results_basic contains compact final results; 02_reports contains generated report files; 03_audit_ready contains full provenance, decisions, oracle audit, and split CSVs; 98_discarded_nonfinal is reserved for obsolete or nonfinal byproducts; 99_recovery_logs contains downloads, checkpoints, temporary recovery outputs, and logs.",0.005,10,TRUE,TRUE
"UCI_student_math_G3__depth_body_10_90","UCI_student_math_G3","within_dataset_depth_probe",FALSE,TRUE,"selected","balance_not_applied_to_depth_or_disabled","UCI","normal_like","education_scores","https://archive.ics.uci.edu/ml/machine-learning-databases/00320/student.zip","2026-06-16 06:13:47 -0400",NA,NA,"inline_depth_probe","G3","raw","full; depth_probe=body_10_90","normal",332,-0.118103298935588,-0.729401681259875,"strictly_positive",11.1084337349398,TRUE,NA," V5 secondary within-dataset depth probe; not independent N.","V5_audit_ready",TRUE,"Pre-registered empirical profile gate: bounded/proportion by hint/domain; zero-inflated/count by hint/domain; normal_like when abs(skew)<=0.50 and excess_kurtosis<=1.00; heavy_tail_symmetric when abs(skew)<=1.00 and excess_kurtosis>3.00; lognormal_like when skew>1.00 with positive support; weibull_like when skew>0.50 with positive support; otherwise empirical_unknown.","profile_preregistered",TRUE,"paired bootstrap aligned to the same reported gain statistic",TRUE,"Benjamini-Hochberg FDR is computed at dataset level on external_dataset_level_decisions.csv for primary eligible in-regime rows only. Primary alpha=0.05; secondary sensitivity alpha=0.1.","01_results_basic contains compact final results; 02_reports contains generated report files; 03_audit_ready contains full provenance, decisions, oracle audit, and split CSVs; 98_discarded_nonfinal is reserved for obsolete or nonfinal byproducts; 99_recovery_logs contains downloads, checkpoints, temporary recovery outputs, and logs.",0.005,10,TRUE,TRUE
"UCI_student_math_G3__depth_upper_tail_enriched","UCI_student_math_G3","within_dataset_depth_probe",FALSE,TRUE,"selected","balance_not_applied_to_depth_or_disabled","UCI","normal_like","education_scores","https://archive.ics.uci.edu/ml/machine-learning-databases/00320/student.zip","2026-06-16 06:22:34 -0400",NA,NA,"inline_depth_probe","G3","raw","full; depth_probe=upper_tail_enriched","normal",395,-0.902835106439327,0.768644176123919,"contains_nonpositive",11.4607594936709,TRUE,NA," V5 secondary within-dataset depth probe; not independent N.","V5_audit_ready",TRUE,"Pre-registered empirical profile gate: bounded/proportion by hint/domain; zero-inflated/count by hint/domain; normal_like when abs(skew)<=0.50 and excess_kurtosis<=1.00; heavy_tail_symmetric when abs(skew)<=1.00 and excess_kurtosis>3.00; lognormal_like when skew>1.00 with positive support; weibull_like when skew>0.50 with positive support; otherwise empirical_unknown.","profile_preregistered",TRUE,"paired bootstrap aligned to the same reported gain statistic",TRUE,"Benjamini-Hochberg FDR is computed at dataset level on external_dataset_level_decisions.csv for primary eligible in-regime rows only. Primary alpha=0.05; secondary sensitivity alpha=0.1.","01_results_basic contains compact final results; 02_reports contains generated report files; 03_audit_ready contains full provenance, decisions, oracle audit, and split CSVs; 98_discarded_nonfinal is reserved for obsolete or nonfinal byproducts; 99_recovery_logs contains downloads, checkpoints, temporary recovery outputs, and logs.",0.005,10,TRUE,TRUE
"UCI_student_math_G3__depth_bootstrap_full","UCI_student_math_G3","within_dataset_depth_probe",FALSE,TRUE,"selected","balance_not_applied_to_depth_or_disabled","UCI","normal_like","education_scores","https://archive.ics.uci.edu/ml/machine-learning-databases/00320/student.zip","2026-06-16 06:32:51 -0400",NA,NA,"inline_depth_probe","G3","raw","full; depth_probe=bootstrap_full","normal",395,-0.7920366677975,0.6616105954579,"contains_nonpositive",10.6430379746835,TRUE,NA," V5 secondary within-dataset depth probe; not independent N.","V5_audit_ready",TRUE,"Pre-registered empirical profile gate: bounded/proportion by hint/domain; zero-inflated/count by hint/domain; normal_like when abs(skew)<=0.50 and excess_kurtosis<=1.00; heavy_tail_symmetric when abs(skew)<=1.00 and excess_kurtosis>3.00; lognormal_like when skew>1.00 with positive support; weibull_like when skew>0.50 with positive support; otherwise empirical_unknown.","profile_preregistered",TRUE,"paired bootstrap aligned to the same reported gain statistic",TRUE,"Benjamini-Hochberg FDR is computed at dataset level on external_dataset_level_decisions.csv for primary eligible in-regime rows only. Primary alpha=0.05; secondary sensitivity alpha=0.1.","01_results_basic contains compact final results; 02_reports contains generated report files; 03_audit_ready contains full provenance, decisions, oracle audit, and split CSVs; 98_discarded_nonfinal is reserved for obsolete or nonfinal byproducts; 99_recovery_logs contains downloads, checkpoints, temporary recovery outputs, and logs.",0.005,10,TRUE,TRUE
"RD_admiral_admiral_adlb_auto__depth_body_10_90","RD_admiral_admiral_adlb_auto","within_dataset_depth_probe",FALSE,TRUE,"selected","balance_not_applied_to_depth_or_disabled","Rdatasets","weibull_like","rdatasets_admiral","https://vincentarelbundock.github.io/Rdatasets/csv/admiral/admiral_adlb.csv","2026-06-16 06:42:07 -0400",NA,NA,"inline_depth_probe","__auto_numeric__","raw","auto_numeric_column; rdatasets_rows=330; rdatasets_n_numeric=25; depth_probe=body_10_90","empirical_public",268,0.974767809755929,0.740015235002049,"strictly_positive",1.0295971410363,TRUE,NA,"Rdatasets public catalog: admiral admiral_adlb - Lab Analysis Dataset ; doc=https://vincentarelbundock.github.io/Rdatasets/doc/admiral/admiral_adlb.html V5 secondary within-dataset depth probe; not independent N.","V5_audit_ready",TRUE,"Pre-registered empirical profile gate: bounded/proportion by hint/domain; zero-inflated/count by hint/domain; normal_like when abs(skew)<=0.50 and excess_kurtosis<=1.00; heavy_tail_symmetric when abs(skew)<=1.00 and excess_kurtosis>3.00; lognormal_like when skew>1.00 with positive support; weibull_like when skew>0.50 with positive support; otherwise empirical_unknown.","profile_preregistered",TRUE,"paired bootstrap aligned to the same reported gain statistic",TRUE,"Benjamini-Hochberg FDR is computed at dataset level on external_dataset_level_decisions.csv for primary eligible in-regime rows only. Primary alpha=0.05; secondary sensitivity alpha=0.1.","01_results_basic contains compact final results; 02_reports contains generated report files; 03_audit_ready contains full provenance, decisions, oracle audit, and split CSVs; 98_discarded_nonfinal is reserved for obsolete or nonfinal byproducts; 99_recovery_logs contains downloads, checkpoints, temporary recovery outputs, and logs.",0.005,10,TRUE,TRUE
"RD_admiral_admiral_adlb_auto__depth_upper_tail_enriched","RD_admiral_admiral_adlb_auto","within_dataset_depth_probe",FALSE,TRUE,"selected","balance_not_applied_to_depth_or_disabled","Rdatasets","lognormal_like","rdatasets_admiral","https://vincentarelbundock.github.io/Rdatasets/csv/admiral/admiral_adlb.csv","2026-06-16 06:54:10 -0400",NA,NA,"inline_depth_probe","__auto_numeric__","raw","auto_numeric_column; rdatasets_rows=330; rdatasets_n_numeric=25; depth_probe=upper_tail_enriched","empirical_public",330,4.39303717121382,25.6487650589011,"strictly_positive",1.52359410536246,TRUE,NA,"Rdatasets public catalog: admiral admiral_adlb - Lab Analysis Dataset ; doc=https://vincentarelbundock.github.io/Rdatasets/doc/admiral/admiral_adlb.html V5 secondary within-dataset depth probe; not independent N.","V5_audit_ready",TRUE,"Pre-registered empirical profile gate: bounded/proportion by hint/domain; zero-inflated/count by hint/domain; normal_like when abs(skew)<=0.50 and excess_kurtosis<=1.00; heavy_tail_symmetric when abs(skew)<=1.00 and excess_kurtosis>3.00; lognormal_like when skew>1.00 with positive support; weibull_like when skew>0.50 with positive support; otherwise empirical_unknown.","profile_preregistered",TRUE,"paired bootstrap aligned to the same reported gain statistic",TRUE,"Benjamini-Hochberg FDR is computed at dataset level on external_dataset_level_decisions.csv for primary eligible in-regime rows only. Primary alpha=0.05; secondary sensitivity alpha=0.1.","01_results_basic contains compact final results; 02_reports contains generated report files; 03_audit_ready contains full provenance, decisions, oracle audit, and split CSVs; 98_discarded_nonfinal is reserved for obsolete or nonfinal byproducts; 99_recovery_logs contains downloads, checkpoints, temporary recovery outputs, and logs.",0.005,10,TRUE,TRUE
"RD_admiral_admiral_adlb_auto__depth_bootstrap_full","RD_admiral_admiral_adlb_auto","within_dataset_depth_probe",FALSE,TRUE,"selected","balance_not_applied_to_depth_or_disabled","Rdatasets","lognormal_like","rdatasets_admiral","https://vincentarelbundock.github.io/Rdatasets/csv/admiral/admiral_adlb.csv","2026-06-16 07:00:48 -0400",NA,NA,"inline_depth_probe","__auto_numeric__","raw","auto_numeric_column; rdatasets_rows=330; rdatasets_n_numeric=25; depth_probe=bootstrap_full","empirical_public",330,4.99753458036082,29.8622354950024,"strictly_positive",1.38271158118842,TRUE,NA,"Rdatasets public catalog: admiral admiral_adlb - Lab Analysis Dataset ; doc=https://vincentarelbundock.github.io/Rdatasets/doc/admiral/admiral_adlb.html V5 secondary within-dataset depth probe; not independent N.","V5_audit_ready",TRUE,"Pre-registered empirical profile gate: bounded/proportion by hint/domain; zero-inflated/count by hint/domain; normal_like when abs(skew)<=0.50 and excess_kurtosis<=1.00; heavy_tail_symmetric when abs(skew)<=1.00 and excess_kurtosis>3.00; lognormal_like when skew>1.00 with positive support; weibull_like when skew>0.50 with positive support; otherwise empirical_unknown.","profile_preregistered",TRUE,"paired bootstrap aligned to the same reported gain statistic",TRUE,"Benjamini-Hochberg FDR is computed at dataset level on external_dataset_level_decisions.csv for primary eligible in-regime rows only. Primary alpha=0.05; secondary sensitivity alpha=0.1.","01_results_basic contains compact final results; 02_reports contains generated report files; 03_audit_ready contains full provenance, decisions, oracle audit, and split CSVs; 98_discarded_nonfinal is reserved for obsolete or nonfinal byproducts; 99_recovery_logs contains downloads, checkpoints, temporary recovery outputs, and logs.",0.005,10,TRUE,TRUE
"RD_alone_loadouts_auto__depth_body_10_90","RD_alone_loadouts_auto","within_dataset_depth_probe",FALSE,TRUE,"selected","balance_not_applied_to_depth_or_disabled","Rdatasets","normal_like","rdatasets_alone","https://vincentarelbundock.github.io/Rdatasets/csv/alone/loadouts.csv","2026-06-16 07:07:38 -0400",NA,NA,"inline_depth_probe","__auto_numeric__","raw","auto_numeric_column; rdatasets_rows=1240; rdatasets_n_numeric=2; depth_probe=body_10_90","empirical_public",1040,0.0495244155973101,-1.26350933263206,"strictly_positive",6.42884615384615,TRUE,NA,"Rdatasets public catalog: alone loadouts - Loadouts ; doc=https://vincentarelbundock.github.io/Rdatasets/doc/alone/loadouts.html V5 secondary within-dataset depth probe; not independent N.","V5_audit_ready",TRUE,"Pre-registered empirical profile gate: bounded/proportion by hint/domain; zero-inflated/count by hint/domain; normal_like when abs(skew)<=0.50 and excess_kurtosis<=1.00; heavy_tail_symmetric when abs(skew)<=1.00 and excess_kurtosis>3.00; lognormal_like when skew>1.00 with positive support; weibull_like when skew>0.50 with positive support; otherwise empirical_unknown.","profile_preregistered",TRUE,"paired bootstrap aligned to the same reported gain statistic",TRUE,"Benjamini-Hochberg FDR is computed at dataset level on external_dataset_level_decisions.csv for primary eligible in-regime rows only. Primary alpha=0.05; secondary sensitivity alpha=0.1.","01_results_basic contains compact final results; 02_reports contains generated report files; 03_audit_ready contains full provenance, decisions, oracle audit, and split CSVs; 98_discarded_nonfinal is reserved for obsolete or nonfinal byproducts; 99_recovery_logs contains downloads, checkpoints, temporary recovery outputs, and logs.",0.005,10,TRUE,TRUE
"RD_alone_loadouts_auto__depth_upper_tail_enriched","RD_alone_loadouts_auto","within_dataset_depth_probe",FALSE,TRUE,"selected","balance_not_applied_to_depth_or_disabled","Rdatasets","normal_like","rdatasets_alone","https://vincentarelbundock.github.io/Rdatasets/csv/alone/loadouts.csv","2026-06-16 07:16:18 -0400",NA,NA,"inline_depth_probe","__auto_numeric__","raw","auto_numeric_column; rdatasets_rows=1240; rdatasets_n_numeric=2; depth_probe=upper_tail_enriched","empirical_public",1240,-0.356952862590078,-1.20222584747115,"strictly_positive",7.41774193548387,TRUE,NA,"Rdatasets public catalog: alone loadouts - Loadouts ; doc=https://vincentarelbundock.github.io/Rdatasets/doc/alone/loadouts.html V5 secondary within-dataset depth probe; not independent N.","V5_audit_ready",TRUE,"Pre-registered empirical profile gate: bounded/proportion by hint/domain; zero-inflated/count by hint/domain; normal_like when abs(skew)<=0.50 and excess_kurtosis<=1.00; heavy_tail_symmetric when abs(skew)<=1.00 and excess_kurtosis>3.00; lognormal_like when skew>1.00 with positive support; weibull_like when skew>0.50 with positive support; otherwise empirical_unknown.","profile_preregistered",TRUE,"paired bootstrap aligned to the same reported gain statistic",TRUE,"Benjamini-Hochberg FDR is computed at dataset level on external_dataset_level_decisions.csv for primary eligible in-regime rows only. Primary alpha=0.05; secondary sensitivity alpha=0.1.","01_results_basic contains compact final results; 02_reports contains generated report files; 03_audit_ready contains full provenance, decisions, oracle audit, and split CSVs; 98_discarded_nonfinal is reserved for obsolete or nonfinal byproducts; 99_recovery_logs contains downloads, checkpoints, temporary recovery outputs, and logs.",0.005,10,TRUE,TRUE
"RD_alone_loadouts_auto__depth_bootstrap_full","RD_alone_loadouts_auto","within_dataset_depth_probe",FALSE,TRUE,"selected","balance_not_applied_to_depth_or_disabled","Rdatasets","normal_like","rdatasets_alone","https://vincentarelbundock.github.io/Rdatasets/csv/alone/loadouts.csv","2026-06-16 07:25:21 -0400",NA,NA,"inline_depth_probe","__auto_numeric__","raw","auto_numeric_column; rdatasets_rows=1240; rdatasets_n_numeric=2; depth_probe=bootstrap_full","empirical_public",1240,0.051352189349898,-1.19585772045642,"strictly_positive",6.4491935483871,TRUE,NA,"Rdatasets public catalog: alone loadouts - Loadouts ; doc=https://vincentarelbundock.github.io/Rdatasets/doc/alone/loadouts.html V5 secondary within-dataset depth probe; not independent N.","V5_audit_ready",TRUE,"Pre-registered empirical profile gate: bounded/proportion by hint/domain; zero-inflated/count by hint/domain; normal_like when abs(skew)<=0.50 and excess_kurtosis<=1.00; heavy_tail_symmetric when abs(skew)<=1.00 and excess_kurtosis>3.00; lognormal_like when skew>1.00 with positive support; weibull_like when skew>0.50 with positive support; otherwise empirical_unknown.","profile_preregistered",TRUE,"paired bootstrap aligned to the same reported gain statistic",TRUE,"Benjamini-Hochberg FDR is computed at dataset level on external_dataset_level_decisions.csv for primary eligible in-regime rows only. Primary alpha=0.05; secondary sensitivity alpha=0.1.","01_results_basic contains compact final results; 02_reports contains generated report files; 03_audit_ready contains full provenance, decisions, oracle audit, and split CSVs; 98_discarded_nonfinal is reserved for obsolete or nonfinal byproducts; 99_recovery_logs contains downloads, checkpoints, temporary recovery outputs, and logs.",0.005,10,TRUE,TRUE
"RD_archdata_Handaxes_auto__depth_body_10_90","RD_archdata_Handaxes_auto","within_dataset_depth_probe",FALSE,TRUE,"selected","balance_not_applied_to_depth_or_disabled","Rdatasets","normal_like","rdatasets_archdata","https://vincentarelbundock.github.io/Rdatasets/csv/archdata/Handaxes.csv","2026-06-16 07:35:05 -0400",NA,NA,"inline_depth_probe","__auto_numeric__","raw","auto_numeric_column; rdatasets_rows=600; rdatasets_n_numeric=7; depth_probe=body_10_90","empirical_public",487,0.327952884287088,-0.919170140366141,"strictly_positive",41.1478439425051,TRUE,NA,"Rdatasets public catalog: archdata Handaxes - Lower Paleolithic handaxes from Furze Platt, Maidenhead, Berkshire, England ; doc=https://vincentarelbundock.github.io/Rdatasets/doc/archdata/Handaxes.html V5 secondary within-dataset depth probe; not independent N.","V5_audit_ready",TRUE,"Pre-registered empirical profile gate: bounded/proportion by hint/domain; zero-inflated/count by hint/domain; normal_like when abs(skew)<=0.50 and excess_kurtosis<=1.00; heavy_tail_symmetric when abs(skew)<=1.00 and excess_kurtosis>3.00; lognormal_like when skew>1.00 with positive support; weibull_like when skew>0.50 with positive support; otherwise empirical_unknown.","profile_preregistered",TRUE,"paired bootstrap aligned to the same reported gain statistic",TRUE,"Benjamini-Hochberg FDR is computed at dataset level on external_dataset_level_decisions.csv for primary eligible in-regime rows only. Primary alpha=0.05; secondary sensitivity alpha=0.1.","01_results_basic contains compact final results; 02_reports contains generated report files; 03_audit_ready contains full provenance, decisions, oracle audit, and split CSVs; 98_discarded_nonfinal is reserved for obsolete or nonfinal byproducts; 99_recovery_logs contains downloads, checkpoints, temporary recovery outputs, and logs.",0.005,10,TRUE,TRUE
"RD_archdata_Handaxes_auto__depth_upper_tail_enriched","RD_archdata_Handaxes_auto","within_dataset_depth_probe",FALSE,TRUE,"selected","balance_not_applied_to_depth_or_disabled","Rdatasets","weibull_like","rdatasets_archdata","https://vincentarelbundock.github.io/Rdatasets/csv/archdata/Handaxes.csv","2026-06-16 07:44:20 -0400",NA,NA,"inline_depth_probe","__auto_numeric__","raw","auto_numeric_column; rdatasets_rows=600; rdatasets_n_numeric=7; depth_probe=upper_tail_enriched","empirical_public",600,0.640868068497498,0.403111332316553,"strictly_positive",45.3866666666667,TRUE,NA,"Rdatasets public catalog: archdata Handaxes - Lower Paleolithic handaxes from Furze Platt, Maidenhead, Berkshire, England ; doc=https://vincentarelbundock.github.io/Rdatasets/doc/archdata/Handaxes.html V5 secondary within-dataset depth probe; not independent N.","V5_audit_ready",TRUE,"Pre-registered empirical profile gate: bounded/proportion by hint/domain; zero-inflated/count by hint/domain; normal_like when abs(skew)<=0.50 and excess_kurtosis<=1.00; heavy_tail_symmetric when abs(skew)<=1.00 and excess_kurtosis>3.00; lognormal_like when skew>1.00 with positive support; weibull_like when skew>0.50 with positive support; otherwise empirical_unknown.","profile_preregistered",TRUE,"paired bootstrap aligned to the same reported gain statistic",TRUE,"Benjamini-Hochberg FDR is computed at dataset level on external_dataset_level_decisions.csv for primary eligible in-regime rows only. Primary alpha=0.05; secondary sensitivity alpha=0.1.","01_results_basic contains compact final results; 02_reports contains generated report files; 03_audit_ready contains full provenance, decisions, oracle audit, and split CSVs; 98_discarded_nonfinal is reserved for obsolete or nonfinal byproducts; 99_recovery_logs contains downloads, checkpoints, temporary recovery outputs, and logs.",0.005,10,TRUE,TRUE
"RD_archdata_Handaxes_auto__depth_bootstrap_full","RD_archdata_Handaxes_auto","within_dataset_depth_probe",FALSE,TRUE,"selected","balance_not_applied_to_depth_or_disabled","Rdatasets","weibull_like","rdatasets_archdata","https://vincentarelbundock.github.io/Rdatasets/csv/archdata/Handaxes.csv","2026-06-16 07:53:06 -0400",NA,NA,"inline_depth_probe","__auto_numeric__","raw","auto_numeric_column; rdatasets_rows=600; rdatasets_n_numeric=7; depth_probe=bootstrap_full","empirical_public",600,0.993158984857307,3.81170161621755,"strictly_positive",41.26,TRUE,NA,"Rdatasets public catalog: archdata Handaxes - Lower Paleolithic handaxes from Furze Platt, Maidenhead, Berkshire, England ; doc=https://vincentarelbundock.github.io/Rdatasets/doc/archdata/Handaxes.html V5 secondary within-dataset depth probe; not independent N.","V5_audit_ready",TRUE,"Pre-registered empirical profile gate: bounded/proportion by hint/domain; zero-inflated/count by hint/domain; normal_like when abs(skew)<=0.50 and excess_kurtosis<=1.00; heavy_tail_symmetric when abs(skew)<=1.00 and excess_kurtosis>3.00; lognormal_like when skew>1.00 with positive support; weibull_like when skew>0.50 with positive support; otherwise empirical_unknown.","profile_preregistered",TRUE,"paired bootstrap aligned to the same reported gain statistic",TRUE,"Benjamini-Hochberg FDR is computed at dataset level on external_dataset_level_decisions.csv for primary eligible in-regime rows only. Primary alpha=0.05; secondary sensitivity alpha=0.1.","01_results_basic contains compact final results; 02_reports contains generated report files; 03_audit_ready contains full provenance, decisions, oracle audit, and split CSVs; 98_discarded_nonfinal is reserved for obsolete or nonfinal byproducts; 99_recovery_logs contains downloads, checkpoints, temporary recovery outputs, and logs.",0.005,10,TRUE,TRUE
"RD_asaur_prostateSurvival_auto__depth_body_10_90","RD_asaur_prostateSurvival_auto","within_dataset_depth_probe",FALSE,TRUE,"selected","balance_not_applied_to_depth_or_disabled","Rdatasets","normal_like","rdatasets_asaur","https://vincentarelbundock.github.io/Rdatasets/csv/asaur/prostateSurvival.csv","2026-06-16 08:03:10 -0400",NA,NA,"inline_depth_probe","__auto_numeric__","raw","auto_numeric_column; rdatasets_rows=14294; rdatasets_n_numeric=2; depth_probe=body_10_90","empirical_public",11606,0.570436709548779,-0.872108864403988,"strictly_positive",35.1864552817508,TRUE,NA,"Rdatasets public catalog: asaur prostateSurvival - prostateSurvival ; doc=https://vincentarelbundock.github.io/Rdatasets/doc/asaur/prostateSurvival.html V5 secondary within-dataset depth probe; not independent N.","V5_audit_ready",TRUE,"Pre-registered empirical profile gate: bounded/proportion by hint/domain; zero-inflated/count by hint/domain; normal_like when abs(skew)<=0.50 and excess_kurtosis<=1.00; heavy_tail_symmetric when abs(skew)<=1.00 and excess_kurtosis>3.00; lognormal_like when skew>1.00 with positive support; weibull_like when skew>0.50 with positive support; otherwise empirical_unknown.","profile_preregistered",TRUE,"paired bootstrap aligned to the same reported gain statistic",TRUE,"Benjamini-Hochberg FDR is computed at dataset level on external_dataset_level_decisions.csv for primary eligible in-regime rows only. Primary alpha=0.05; secondary sensitivity alpha=0.1.","01_results_basic contains compact final results; 02_reports contains generated report files; 03_audit_ready contains full provenance, decisions, oracle audit, and split CSVs; 98_discarded_nonfinal is reserved for obsolete or nonfinal byproducts; 99_recovery_logs contains downloads, checkpoints, temporary recovery outputs, and logs.",0.005,10,TRUE,TRUE
"RD_asaur_prostateSurvival_auto__depth_upper_tail_enriched","RD_asaur_prostateSurvival_auto","within_dataset_depth_probe",FALSE,TRUE,"selected","balance_not_applied_to_depth_or_disabled","Rdatasets","normal_like","rdatasets_asaur","https://vincentarelbundock.github.io/Rdatasets/csv/asaur/prostateSurvival.csv","2026-06-16 08:17:05 -0400",NA,NA,"inline_depth_probe","__auto_numeric__","raw","auto_numeric_column; rdatasets_rows=14294; rdatasets_n_numeric=2; depth_probe=upper_tail_enriched","empirical_public",14294,0.297198118002972,-1.16553306334578,"contains_nonpositive",48.1871414579544,TRUE,NA,"Rdatasets public catalog: asaur prostateSurvival - prostateSurvival ; doc=https://vincentarelbundock.github.io/Rdatasets/doc/asaur/prostateSurvival.html V5 secondary within-dataset depth probe; not independent N.","V5_audit_ready",TRUE,"Pre-registered empirical profile gate: bounded/proportion by hint/domain; zero-inflated/count by hint/domain; normal_like when abs(skew)<=0.50 and excess_kurtosis<=1.00; heavy_tail_symmetric when abs(skew)<=1.00 and excess_kurtosis>3.00; lognormal_like when skew>1.00 with positive support; weibull_like when skew>0.50 with positive support; otherwise empirical_unknown.","profile_preregistered",TRUE,"paired bootstrap aligned to the same reported gain statistic",TRUE,"Benjamini-Hochberg FDR is computed at dataset level on external_dataset_level_decisions.csv for primary eligible in-regime rows only. Primary alpha=0.05; secondary sensitivity alpha=0.1.","01_results_basic contains compact final results; 02_reports contains generated report files; 03_audit_ready contains full provenance, decisions, oracle audit, and split CSVs; 98_discarded_nonfinal is reserved for obsolete or nonfinal byproducts; 99_recovery_logs contains downloads, checkpoints, temporary recovery outputs, and logs.",0.005,10,TRUE,TRUE
"RD_asaur_prostateSurvival_auto__depth_bootstrap_full","RD_asaur_prostateSurvival_auto","within_dataset_depth_probe",FALSE,TRUE,"selected","balance_not_applied_to_depth_or_disabled","Rdatasets","weibull_like","rdatasets_asaur","https://vincentarelbundock.github.io/Rdatasets/csv/asaur/prostateSurvival.csv","2026-06-16 08:27:34 -0400",NA,NA,"inline_depth_probe","__auto_numeric__","raw","auto_numeric_column; rdatasets_rows=14294; rdatasets_n_numeric=2; depth_probe=bootstrap_full","empirical_public",14294,0.765535337821129,-0.451358528333306,"contains_nonpositive",38.7043514761438,TRUE,NA,"Rdatasets public catalog: asaur prostateSurvival - prostateSurvival ; doc=https://vincentarelbundock.github.io/Rdatasets/doc/asaur/prostateSurvival.html V5 secondary within-dataset depth probe; not independent N.","V5_audit_ready",TRUE,"Pre-registered empirical profile gate: bounded/proportion by hint/domain; zero-inflated/count by hint/domain; normal_like when abs(skew)<=0.50 and excess_kurtosis<=1.00; heavy_tail_symmetric when abs(skew)<=1.00 and excess_kurtosis>3.00; lognormal_like when skew>1.00 with positive support; weibull_like when skew>0.50 with positive support; otherwise empirical_unknown.","profile_preregistered",TRUE,"paired bootstrap aligned to the same reported gain statistic",TRUE,"Benjamini-Hochberg FDR is computed at dataset level on external_dataset_level_decisions.csv for primary eligible in-regime rows only. Primary alpha=0.05; secondary sensitivity alpha=0.1.","01_results_basic contains compact final results; 02_reports contains generated report files; 03_audit_ready contains full provenance, decisions, oracle audit, and split CSVs; 98_discarded_nonfinal is reserved for obsolete or nonfinal byproducts; 99_recovery_logs contains downloads, checkpoints, temporary recovery outputs, and logs.",0.005,10,TRUE,TRUE
"RD_bakeoff_challenges_data__auto__depth_body_10_90","RD_bakeoff_challenges_data__auto","within_dataset_depth_probe",FALSE,TRUE,"selected","balance_not_applied_to_depth_or_disabled","Rdatasets","normal_like","rdatasets_bakeoff","https://vincentarelbundock.github.io/Rdatasets/csv/bakeoff/challenges.csv","2026-06-16 08:40:50 -0400",NA,NA,"inline_depth_probe","__auto_numeric__","raw","auto_numeric_column; rdatasets_rows=1136; rdatasets_n_numeric=3; depth_probe=body_10_90","empirical_public",634,0.276905372026878,-1.11234170438137,"strictly_positive",4.38328075709779,TRUE,NA,"Rdatasets public catalog: bakeoff challenges (data) - Challenges ; doc=https://vincentarelbundock.github.io/Rdatasets/doc/bakeoff/challenges.html V5 secondary within-dataset depth probe; not independent N.","V5_audit_ready",TRUE,"Pre-registered empirical profile gate: bounded/proportion by hint/domain; zero-inflated/count by hint/domain; normal_like when abs(skew)<=0.50 and excess_kurtosis<=1.00; heavy_tail_symmetric when abs(skew)<=1.00 and excess_kurtosis>3.00; lognormal_like when skew>1.00 with positive support; weibull_like when skew>0.50 with positive support; otherwise empirical_unknown.","profile_preregistered",TRUE,"paired bootstrap aligned to the same reported gain statistic",TRUE,"Benjamini-Hochberg FDR is computed at dataset level on external_dataset_level_decisions.csv for primary eligible in-regime rows only. Primary alpha=0.05; secondary sensitivity alpha=0.1.","01_results_basic contains compact final results; 02_reports contains generated report files; 03_audit_ready contains full provenance, decisions, oracle audit, and split CSVs; 98_discarded_nonfinal is reserved for obsolete or nonfinal byproducts; 99_recovery_logs contains downloads, checkpoints, temporary recovery outputs, and logs.",0.005,10,TRUE,TRUE
"RD_bakeoff_challenges_data__auto__depth_upper_tail_enriched","RD_bakeoff_challenges_data__auto","within_dataset_depth_probe",FALSE,TRUE,"selected","balance_not_applied_to_depth_or_disabled","Rdatasets","normal_like","rdatasets_bakeoff","https://vincentarelbundock.github.io/Rdatasets/csv/bakeoff/challenges.csv","2026-06-16 08:49:48 -0400",NA,NA,"inline_depth_probe","__auto_numeric__","raw","auto_numeric_column; rdatasets_rows=1136; rdatasets_n_numeric=3; depth_probe=upper_tail_enriched","empirical_public",696,0.1794678177681,-1.11597430507115,"strictly_positive",5.6566091954023,TRUE,NA,"Rdatasets public catalog: bakeoff challenges (data) - Challenges ; doc=https://vincentarelbundock.github.io/Rdatasets/doc/bakeoff/challenges.html V5 secondary within-dataset depth probe; not independent N.","V5_audit_ready",TRUE,"Pre-registered empirical profile gate: bounded/proportion by hint/domain; zero-inflated/count by hint/domain; normal_like when abs(skew)<=0.50 and excess_kurtosis<=1.00; heavy_tail_symmetric when abs(skew)<=1.00 and excess_kurtosis>3.00; lognormal_like when skew>1.00 with positive support; weibull_like when skew>0.50 with positive support; otherwise empirical_unknown.","profile_preregistered",TRUE,"paired bootstrap aligned to the same reported gain statistic",TRUE,"Benjamini-Hochberg FDR is computed at dataset level on external_dataset_level_decisions.csv for primary eligible in-regime rows only. Primary alpha=0.05; secondary sensitivity alpha=0.1.","01_results_basic contains compact final results; 02_reports contains generated report files; 03_audit_ready contains full provenance, decisions, oracle audit, and split CSVs; 98_discarded_nonfinal is reserved for obsolete or nonfinal byproducts; 99_recovery_logs contains downloads, checkpoints, temporary recovery outputs, and logs.",0.005,10,TRUE,TRUE
"RD_bakeoff_challenges_data__auto__depth_bootstrap_full","RD_bakeoff_challenges_data__auto","within_dataset_depth_probe",FALSE,TRUE,"selected","balance_not_applied_to_depth_or_disabled","Rdatasets","normal_like","rdatasets_bakeoff","https://vincentarelbundock.github.io/Rdatasets/csv/bakeoff/challenges.csv","2026-06-16 08:59:10 -0400",NA,NA,"inline_depth_probe","__auto_numeric__","raw","auto_numeric_column; rdatasets_rows=1136; rdatasets_n_numeric=3; depth_probe=bootstrap_full","empirical_public",696,0.488510671045271,-0.731910720524826,"strictly_positive",4.98419540229885,TRUE,NA,"Rdatasets public catalog: bakeoff challenges (data) - Challenges ; doc=https://vincentarelbundock.github.io/Rdatasets/doc/bakeoff/challenges.html V5 secondary within-dataset depth probe; not independent N.","V5_audit_ready",TRUE,"Pre-registered empirical profile gate: bounded/proportion by hint/domain; zero-inflated/count by hint/domain; normal_like when abs(skew)<=0.50 and excess_kurtosis<=1.00; heavy_tail_symmetric when abs(skew)<=1.00 and excess_kurtosis>3.00; lognormal_like when skew>1.00 with positive support; weibull_like when skew>0.50 with positive support; otherwise empirical_unknown.","profile_preregistered",TRUE,"paired bootstrap aligned to the same reported gain statistic",TRUE,"Benjamini-Hochberg FDR is computed at dataset level on external_dataset_level_decisions.csv for primary eligible in-regime rows only. Primary alpha=0.05; secondary sensitivity alpha=0.1.","01_results_basic contains compact final results; 02_reports contains generated report files; 03_audit_ready contains full provenance, decisions, oracle audit, and split CSVs; 98_discarded_nonfinal is reserved for obsolete or nonfinal byproducts; 99_recovery_logs contains downloads, checkpoints, temporary recovery outputs, and logs.",0.005,10,TRUE,TRUE
"RD_bayesrules_bird_counts_auto__depth_body_10_90","RD_bayesrules_bird_counts_auto","within_dataset_depth_probe",FALSE,TRUE,"selected","balance_not_applied_to_depth_or_disabled","Rdatasets","lognormal_like","rdatasets_bayesrules","https://vincentarelbundock.github.io/Rdatasets/csv/bayesrules/bird_counts.csv","2026-06-16 09:10:52 -0400",NA,NA,"inline_depth_probe","__auto_numeric__","raw","auto_numeric_column; rdatasets_rows=18706; rdatasets_n_numeric=5; depth_probe=body_10_90","empirical_public",16841,4.03887194713249,17.0996548131062,"contains_nonpositive",5.55121429843834,TRUE,NA,"Rdatasets public catalog: bayesrules bird_counts - Bird Counts Data ; doc=https://vincentarelbundock.github.io/Rdatasets/doc/bayesrules/bird_counts.html V5 secondary within-dataset depth probe; not independent N.","V5_audit_ready",TRUE,"Pre-registered empirical profile gate: bounded/proportion by hint/domain; zero-inflated/count by hint/domain; normal_like when abs(skew)<=0.50 and excess_kurtosis<=1.00; heavy_tail_symmetric when abs(skew)<=1.00 and excess_kurtosis>3.00; lognormal_like when skew>1.00 with positive support; weibull_like when skew>0.50 with positive support; otherwise empirical_unknown.","profile_preregistered",TRUE,"paired bootstrap aligned to the same reported gain statistic",TRUE,"Benjamini-Hochberg FDR is computed at dataset level on external_dataset_level_decisions.csv for primary eligible in-regime rows only. Primary alpha=0.05; secondary sensitivity alpha=0.1.","01_results_basic contains compact final results; 02_reports contains generated report files; 03_audit_ready contains full provenance, decisions, oracle audit, and split CSVs; 98_discarded_nonfinal is reserved for obsolete or nonfinal byproducts; 99_recovery_logs contains downloads, checkpoints, temporary recovery outputs, and logs.",0.005,10,TRUE,TRUE
"RD_bayesrules_bird_counts_auto__depth_upper_tail_enriched","RD_bayesrules_bird_counts_auto","within_dataset_depth_probe",FALSE,TRUE,"selected","balance_not_applied_to_depth_or_disabled","Rdatasets","lognormal_like","rdatasets_bayesrules","https://vincentarelbundock.github.io/Rdatasets/csv/bayesrules/bird_counts.csv","2026-06-16 09:29:54 -0400",NA,NA,"inline_depth_probe","__auto_numeric__","raw","auto_numeric_column; rdatasets_rows=18706; rdatasets_n_numeric=5; depth_probe=upper_tail_enriched","empirical_public",18706,19.9253057257164,477.661104933183,"contains_nonpositive",309.29974339784,TRUE,NA,"Rdatasets public catalog: bayesrules bird_counts - Bird Counts Data ; doc=https://vincentarelbundock.github.io/Rdatasets/doc/bayesrules/bird_counts.html V5 secondary within-dataset depth probe; not independent N.","V5_audit_ready",TRUE,"Pre-registered empirical profile gate: bounded/proportion by hint/domain; zero-inflated/count by hint/domain; normal_like when abs(skew)<=0.50 and excess_kurtosis<=1.00; heavy_tail_symmetric when abs(skew)<=1.00 and excess_kurtosis>3.00; lognormal_like when skew>1.00 with positive support; weibull_like when skew>0.50 with positive support; otherwise empirical_unknown.","profile_preregistered",TRUE,"paired bootstrap aligned to the same reported gain statistic",TRUE,"Benjamini-Hochberg FDR is computed at dataset level on external_dataset_level_decisions.csv for primary eligible in-regime rows only. Primary alpha=0.05; secondary sensitivity alpha=0.1.","01_results_basic contains compact final results; 02_reports contains generated report files; 03_audit_ready contains full provenance, decisions, oracle audit, and split CSVs; 98_discarded_nonfinal is reserved for obsolete or nonfinal byproducts; 99_recovery_logs contains downloads, checkpoints, temporary recovery outputs, and logs.",0.005,10,TRUE,TRUE
"RD_bayesrules_bird_counts_auto__depth_bootstrap_full","RD_bayesrules_bird_counts_auto","within_dataset_depth_probe",FALSE,TRUE,"selected","balance_not_applied_to_depth_or_disabled","Rdatasets","lognormal_like","rdatasets_bayesrules","https://vincentarelbundock.github.io/Rdatasets/csv/bayesrules/bird_counts.csv","2026-06-16 09:44:34 -0400",NA,NA,"inline_depth_probe","__auto_numeric__","raw","auto_numeric_column; rdatasets_rows=18706; rdatasets_n_numeric=5; depth_probe=bootstrap_full","empirical_public",18706,26.9389428228536,877.038565241366,"contains_nonpositive",188.485886881215,TRUE,NA,"Rdatasets public catalog: bayesrules bird_counts - Bird Counts Data ; doc=https://vincentarelbundock.github.io/Rdatasets/doc/bayesrules/bird_counts.html V5 secondary within-dataset depth probe; not independent N.","V5_audit_ready",TRUE,"Pre-registered empirical profile gate: bounded/proportion by hint/domain; zero-inflated/count by hint/domain; normal_like when abs(skew)<=0.50 and excess_kurtosis<=1.00; heavy_tail_symmetric when abs(skew)<=1.00 and excess_kurtosis>3.00; lognormal_like when skew>1.00 with positive support; weibull_like when skew>0.50 with positive support; otherwise empirical_unknown.","profile_preregistered",TRUE,"paired bootstrap aligned to the same reported gain statistic",TRUE,"Benjamini-Hochberg FDR is computed at dataset level on external_dataset_level_decisions.csv for primary eligible in-regime rows only. Primary alpha=0.05; secondary sensitivity alpha=0.1.","01_results_basic contains compact final results; 02_reports contains generated report files; 03_audit_ready contains full provenance, decisions, oracle audit, and split CSVs; 98_discarded_nonfinal is reserved for obsolete or nonfinal byproducts; 99_recovery_logs contains downloads, checkpoints, temporary recovery outputs, and logs.",0.005,10,TRUE,TRUE
"RD_boot_amis_auto__depth_body_10_90","RD_boot_amis_auto","within_dataset_depth_probe",FALSE,TRUE,"selected","balance_not_applied_to_depth_or_disabled","Rdatasets","normal_like","rdatasets_boot","https://vincentarelbundock.github.io/Rdatasets/csv/boot/amis.csv","2026-06-16 10:00:09 -0400",NA,NA,"inline_depth_probe","__auto_numeric__","raw","auto_numeric_column; rdatasets_rows=8437; rdatasets_n_numeric=4; depth_probe=body_10_90","empirical_public",6877,0.116462244923844,-0.912716607807668,"strictly_positive",37.4717173185982,TRUE,NA,"Rdatasets public catalog: boot amis - Car Speeding and Warning Signs ; doc=https://vincentarelbundock.github.io/Rdatasets/doc/boot/amis.html V5 secondary within-dataset depth probe; not independent N.","V5_audit_ready",TRUE,"Pre-registered empirical profile gate: bounded/proportion by hint/domain; zero-inflated/count by hint/domain; normal_like when abs(skew)<=0.50 and excess_kurtosis<=1.00; heavy_tail_symmetric when abs(skew)<=1.00 and excess_kurtosis>3.00; lognormal_like when skew>1.00 with positive support; weibull_like when skew>0.50 with positive support; otherwise empirical_unknown.","profile_preregistered",TRUE,"paired bootstrap aligned to the same reported gain statistic",TRUE,"Benjamini-Hochberg FDR is computed at dataset level on external_dataset_level_decisions.csv for primary eligible in-regime rows only. Primary alpha=0.05; secondary sensitivity alpha=0.1.","01_results_basic contains compact final results; 02_reports contains generated report files; 03_audit_ready contains full provenance, decisions, oracle audit, and split CSVs; 98_discarded_nonfinal is reserved for obsolete or nonfinal byproducts; 99_recovery_logs contains downloads, checkpoints, temporary recovery outputs, and logs.",0.005,10,TRUE,TRUE
"RD_boot_amis_auto__depth_upper_tail_enriched","RD_boot_amis_auto","within_dataset_depth_probe",FALSE,TRUE,"selected","balance_not_applied_to_depth_or_disabled","Rdatasets","normal_like","rdatasets_boot","https://vincentarelbundock.github.io/Rdatasets/csv/boot/amis.csv","2026-06-16 10:10:46 -0400",NA,NA,"inline_depth_probe","__auto_numeric__","raw","auto_numeric_column; rdatasets_rows=8437; rdatasets_n_numeric=4; depth_probe=upper_tail_enriched","empirical_public",8437,0.157728141282702,-0.111173539912174,"strictly_positive",39.5536328078701,TRUE,NA,"Rdatasets public catalog: boot amis - Car Speeding and Warning Signs ; doc=https://vincentarelbundock.github.io/Rdatasets/doc/boot/amis.html V5 secondary within-dataset depth probe; not independent N.","V5_audit_ready",TRUE,"Pre-registered empirical profile gate: bounded/proportion by hint/domain; zero-inflated/count by hint/domain; normal_like when abs(skew)<=0.50 and excess_kurtosis<=1.00; heavy_tail_symmetric when abs(skew)<=1.00 and excess_kurtosis>3.00; lognormal_like when skew>1.00 with positive support; weibull_like when skew>0.50 with positive support; otherwise empirical_unknown.","profile_preregistered",TRUE,"paired bootstrap aligned to the same reported gain statistic",TRUE,"Benjamini-Hochberg FDR is computed at dataset level on external_dataset_level_decisions.csv for primary eligible in-regime rows only. Primary alpha=0.05; secondary sensitivity alpha=0.1.","01_results_basic contains compact final results; 02_reports contains generated report files; 03_audit_ready contains full provenance, decisions, oracle audit, and split CSVs; 98_discarded_nonfinal is reserved for obsolete or nonfinal byproducts; 99_recovery_logs contains downloads, checkpoints, temporary recovery outputs, and logs.",0.005,10,TRUE,TRUE
"RD_boot_amis_auto__depth_bootstrap_full","RD_boot_amis_auto","within_dataset_depth_probe",FALSE,TRUE,"selected","balance_not_applied_to_depth_or_disabled","Rdatasets","normal_like","rdatasets_boot","https://vincentarelbundock.github.io/Rdatasets/csv/boot/amis.csv","2026-06-16 10:25:59 -0400",NA,NA,"inline_depth_probe","__auto_numeric__","raw","auto_numeric_column; rdatasets_rows=8437; rdatasets_n_numeric=4; depth_probe=bootstrap_full","empirical_public",8437,0.364121624336693,0.273823295560892,"strictly_positive",37.7249022164276,TRUE,NA,"Rdatasets public catalog: boot amis - Car Speeding and Warning Signs ; doc=https://vincentarelbundock.github.io/Rdatasets/doc/boot/amis.html V5 secondary within-dataset depth probe; not independent N.","V5_audit_ready",TRUE,"Pre-registered empirical profile gate: bounded/proportion by hint/domain; zero-inflated/count by hint/domain; normal_like when abs(skew)<=0.50 and excess_kurtosis<=1.00; heavy_tail_symmetric when abs(skew)<=1.00 and excess_kurtosis>3.00; lognormal_like when skew>1.00 with positive support; weibull_like when skew>0.50 with positive support; otherwise empirical_unknown.","profile_preregistered",TRUE,"paired bootstrap aligned to the same reported gain statistic",TRUE,"Benjamini-Hochberg FDR is computed at dataset level on external_dataset_level_decisions.csv for primary eligible in-regime rows only. Primary alpha=0.05; secondary sensitivity alpha=0.1.","01_results_basic contains compact final results; 02_reports contains generated report files; 03_audit_ready contains full provenance, decisions, oracle audit, and split CSVs; 98_discarded_nonfinal is reserved for obsolete or nonfinal byproducts; 99_recovery_logs contains downloads, checkpoints, temporary recovery outputs, and logs.",0.005,10,TRUE,TRUE
"RD_camerondata_vietnam_ind_auto__depth_body_10_90","RD_camerondata_vietnam_ind_auto","within_dataset_depth_probe",FALSE,TRUE,"selected","balance_not_applied_to_depth_or_disabled","Rdatasets","empirical_unknown","rdatasets_camerondata","https://vincentarelbundock.github.io/Rdatasets/csv/camerondata/vietnam_ind.csv","2026-06-16 10:41:14 -0400",NA,NA,"inline_depth_probe","__auto_numeric__","raw","auto_numeric_column; rdatasets_rows=27766; rdatasets_n_numeric=12; depth_probe=body_10_90","empirical_public",27582,NA,NA,"contains_nonpositive",0,TRUE,NA,"Rdatasets public catalog: camerondata vietnam_ind - Vietnam health care use (individual level) ; doc=https://vincentarelbundock.github.io/Rdatasets/doc/camerondata/vietnam_ind.html V5 secondary within-dataset depth probe; not independent N.","V5_audit_ready",TRUE,"Pre-registered empirical profile gate: bounded/proportion by hint/domain; zero-inflated/count by hint/domain; normal_like when abs(skew)<=0.50 and excess_kurtosis<=1.00; heavy_tail_symmetric when abs(skew)<=1.00 and excess_kurtosis>3.00; lognormal_like when skew>1.00 with positive support; weibull_like when skew>0.50 with positive support; otherwise empirical_unknown.","profile_preregistered",TRUE,"paired bootstrap aligned to the same reported gain statistic",TRUE,"Benjamini-Hochberg FDR is computed at dataset level on external_dataset_level_decisions.csv for primary eligible in-regime rows only. Primary alpha=0.05; secondary sensitivity alpha=0.1.","01_results_basic contains compact final results; 02_reports contains generated report files; 03_audit_ready contains full provenance, decisions, oracle audit, and split CSVs; 98_discarded_nonfinal is reserved for obsolete or nonfinal byproducts; 99_recovery_logs contains downloads, checkpoints, temporary recovery outputs, and logs.",0.005,10,TRUE,TRUE
"RD_camerondata_vietnam_ind_auto__depth_upper_tail_enriched","RD_camerondata_vietnam_ind_auto","within_dataset_depth_probe",FALSE,TRUE,"selected","balance_not_applied_to_depth_or_disabled","Rdatasets","lognormal_like","rdatasets_camerondata","https://vincentarelbundock.github.io/Rdatasets/csv/camerondata/vietnam_ind.csv","2026-06-16 10:41:14 -0400",NA,NA,"inline_depth_probe","__auto_numeric__","raw","auto_numeric_column; rdatasets_rows=27766; rdatasets_n_numeric=12; depth_probe=upper_tail_enriched","empirical_public",27765,21.8919124506372,523.002998034804,"contains_nonpositive",0.0641815235008104,TRUE,NA,"Rdatasets public catalog: camerondata vietnam_ind - Vietnam health care use (individual level) ; doc=https://vincentarelbundock.github.io/Rdatasets/doc/camerondata/vietnam_ind.html V5 secondary within-dataset depth probe; not independent N.","V5_audit_ready",TRUE,"Pre-registered empirical profile gate: bounded/proportion by hint/domain; zero-inflated/count by hint/domain; normal_like when abs(skew)<=0.50 and excess_kurtosis<=1.00; heavy_tail_symmetric when abs(skew)<=1.00 and excess_kurtosis>3.00; lognormal_like when skew>1.00 with positive support; weibull_like when skew>0.50 with positive support; otherwise empirical_unknown.","profile_preregistered",TRUE,"paired bootstrap aligned to the same reported gain statistic",TRUE,"Benjamini-Hochberg FDR is computed at dataset level on external_dataset_level_decisions.csv for primary eligible in-regime rows only. Primary alpha=0.05; secondary sensitivity alpha=0.1.","01_results_basic contains compact final results; 02_reports contains generated report files; 03_audit_ready contains full provenance, decisions, oracle audit, and split CSVs; 98_discarded_nonfinal is reserved for obsolete or nonfinal byproducts; 99_recovery_logs contains downloads, checkpoints, temporary recovery outputs, and logs.",0.005,10,TRUE,TRUE
"RD_camerondata_vietnam_ind_auto__depth_bootstrap_full","RD_camerondata_vietnam_ind_auto","within_dataset_depth_probe",FALSE,TRUE,"selected","balance_not_applied_to_depth_or_disabled","Rdatasets","lognormal_like","rdatasets_camerondata","https://vincentarelbundock.github.io/Rdatasets/csv/camerondata/vietnam_ind.csv","2026-06-16 10:55:28 -0400",NA,NA,"inline_depth_probe","__auto_numeric__","raw","auto_numeric_column; rdatasets_rows=27766; rdatasets_n_numeric=12; depth_probe=bootstrap_full","empirical_public",27765,20.3779438230888,454.991430745081,"contains_nonpositive",0.073257698541329,TRUE,NA,"Rdatasets public catalog: camerondata vietnam_ind - Vietnam health care use (individual level) ; doc=https://vincentarelbundock.github.io/Rdatasets/doc/camerondata/vietnam_ind.html V5 secondary within-dataset depth probe; not independent N.","V5_audit_ready",TRUE,"Pre-registered empirical profile gate: bounded/proportion by hint/domain; zero-inflated/count by hint/domain; normal_like when abs(skew)<=0.50 and excess_kurtosis<=1.00; heavy_tail_symmetric when abs(skew)<=1.00 and excess_kurtosis>3.00; lognormal_like when skew>1.00 with positive support; weibull_like when skew>0.50 with positive support; otherwise empirical_unknown.","profile_preregistered",TRUE,"paired bootstrap aligned to the same reported gain statistic",TRUE,"Benjamini-Hochberg FDR is computed at dataset level on external_dataset_level_decisions.csv for primary eligible in-regime rows only. Primary alpha=0.05; secondary sensitivity alpha=0.1.","01_results_basic contains compact final results; 02_reports contains generated report files; 03_audit_ready contains full provenance, decisions, oracle audit, and split CSVs; 98_discarded_nonfinal is reserved for obsolete or nonfinal byproducts; 99_recovery_logs contains downloads, checkpoints, temporary recovery outputs, and logs.",0.005,10,TRUE,TRUE
"RD_dragracer_rpdr_contep_auto__depth_body_10_90","RD_dragracer_rpdr_contep_auto","within_dataset_depth_probe",FALSE,TRUE,"selected","balance_not_applied_to_depth_or_disabled","Rdatasets","normal_like","rdatasets_dragracer","https://vincentarelbundock.github.io/Rdatasets/csv/dragracer/rpdr_contep.csv","2026-06-16 11:09:52 -0400",NA,NA,"inline_depth_probe","__auto_numeric__","raw","auto_numeric_column; rdatasets_rows=2320; rdatasets_n_numeric=4; depth_probe=body_10_90","empirical_public",1944,0.0771347269431187,-1.12982413636532,"strictly_positive",7.00360082304527,TRUE,NA,"Rdatasets public catalog: dragracer rpdr_contep - RuPaul's Drag Race Episode-Contestant Data ; doc=https://vincentarelbundock.github.io/Rdatasets/doc/dragracer/rpdr_contep.html V5 secondary within-dataset depth probe; not independent N.","V5_audit_ready",TRUE,"Pre-registered empirical profile gate: bounded/proportion by hint/domain; zero-inflated/count by hint/domain; normal_like when abs(skew)<=0.50 and excess_kurtosis<=1.00; heavy_tail_symmetric when abs(skew)<=1.00 and excess_kurtosis>3.00; lognormal_like when skew>1.00 with positive support; weibull_like when skew>0.50 with positive support; otherwise empirical_unknown.","profile_preregistered",TRUE,"paired bootstrap aligned to the same reported gain statistic",TRUE,"Benjamini-Hochberg FDR is computed at dataset level on external_dataset_level_decisions.csv for primary eligible in-regime rows only. Primary alpha=0.05; secondary sensitivity alpha=0.1.","01_results_basic contains compact final results; 02_reports contains generated report files; 03_audit_ready contains full provenance, decisions, oracle audit, and split CSVs; 98_discarded_nonfinal is reserved for obsolete or nonfinal byproducts; 99_recovery_logs contains downloads, checkpoints, temporary recovery outputs, and logs.",0.005,10,TRUE,TRUE
"RD_dragracer_rpdr_contep_auto__depth_upper_tail_enriched","RD_dragracer_rpdr_contep_auto","within_dataset_depth_probe",FALSE,TRUE,"selected","balance_not_applied_to_depth_or_disabled","Rdatasets","normal_like","rdatasets_dragracer","https://vincentarelbundock.github.io/Rdatasets/csv/dragracer/rpdr_contep.csv","2026-06-16 11:19:32 -0400",NA,NA,"inline_depth_probe","__auto_numeric__","raw","auto_numeric_column; rdatasets_rows=2320; rdatasets_n_numeric=4; depth_probe=upper_tail_enriched","empirical_public",2320,-0.104594773326045,-1.11288964793771,"strictly_positive",8.29396551724138,TRUE,NA,"Rdatasets public catalog: dragracer rpdr_contep - RuPaul's Drag Race Episode-Contestant Data ; doc=https://vincentarelbundock.github.io/Rdatasets/doc/dragracer/rpdr_contep.html V5 secondary within-dataset depth probe; not independent N.","V5_audit_ready",TRUE,"Pre-registered empirical profile gate: bounded/proportion by hint/domain; zero-inflated/count by hint/domain; normal_like when abs(skew)<=0.50 and excess_kurtosis<=1.00; heavy_tail_symmetric when abs(skew)<=1.00 and excess_kurtosis>3.00; lognormal_like when skew>1.00 with positive support; weibull_like when skew>0.50 with positive support; otherwise empirical_unknown.","profile_preregistered",TRUE,"paired bootstrap aligned to the same reported gain statistic",TRUE,"Benjamini-Hochberg FDR is computed at dataset level on external_dataset_level_decisions.csv for primary eligible in-regime rows only. Primary alpha=0.05; secondary sensitivity alpha=0.1.","01_results_basic contains compact final results; 02_reports contains generated report files; 03_audit_ready contains full provenance, decisions, oracle audit, and split CSVs; 98_discarded_nonfinal is reserved for obsolete or nonfinal byproducts; 99_recovery_logs contains downloads, checkpoints, temporary recovery outputs, and logs.",0.005,10,TRUE,TRUE
"RD_dragracer_rpdr_contep_auto__depth_bootstrap_full","RD_dragracer_rpdr_contep_auto","within_dataset_depth_probe",FALSE,TRUE,"selected","balance_not_applied_to_depth_or_disabled","Rdatasets","normal_like","rdatasets_dragracer","https://vincentarelbundock.github.io/Rdatasets/csv/dragracer/rpdr_contep.csv","2026-06-16 11:29:39 -0400",NA,NA,"inline_depth_probe","__auto_numeric__","raw","auto_numeric_column; rdatasets_rows=2320; rdatasets_n_numeric=4; depth_probe=bootstrap_full","empirical_public",2320,0.243744850581475,-0.961485368662271,"strictly_positive",7.14655172413793,TRUE,NA,"Rdatasets public catalog: dragracer rpdr_contep - RuPaul's Drag Race Episode-Contestant Data ; doc=https://vincentarelbundock.github.io/Rdatasets/doc/dragracer/rpdr_contep.html V5 secondary within-dataset depth probe; not independent N.","V5_audit_ready",TRUE,"Pre-registered empirical profile gate: bounded/proportion by hint/domain; zero-inflated/count by hint/domain; normal_like when abs(skew)<=0.50 and excess_kurtosis<=1.00; heavy_tail_symmetric when abs(skew)<=1.00 and excess_kurtosis>3.00; lognormal_like when skew>1.00 with positive support; weibull_like when skew>0.50 with positive support; otherwise empirical_unknown.","profile_preregistered",TRUE,"paired bootstrap aligned to the same reported gain statistic",TRUE,"Benjamini-Hochberg FDR is computed at dataset level on external_dataset_level_decisions.csv for primary eligible in-regime rows only. Primary alpha=0.05; secondary sensitivity alpha=0.1.","01_results_basic contains compact final results; 02_reports contains generated report files; 03_audit_ready contains full provenance, decisions, oracle audit, and split CSVs; 98_discarded_nonfinal is reserved for obsolete or nonfinal byproducts; 99_recovery_logs contains downloads, checkpoints, temporary recovery outputs, and logs.",0.005,10,TRUE,TRUE
"RD_fpp2_calls_auto__depth_body_10_90","RD_fpp2_calls_auto","within_dataset_depth_probe",FALSE,TRUE,"selected","balance_not_applied_to_depth_or_disabled","Rdatasets","normal_like","rdatasets_fpp2","https://vincentarelbundock.github.io/Rdatasets/csv/fpp2/calls.csv","2026-06-16 11:44:15 -0400",NA,NA,"inline_depth_probe","__auto_numeric__","raw","auto_numeric_column; rdatasets_rows=27716; rdatasets_n_numeric=1; depth_probe=body_10_90","empirical_public",22292,-0.317751049597679,-1.29518147299888,"strictly_positive",192.107706800646,TRUE,NA,"Rdatasets public catalog: fpp2 calls - Call volume for a large North American bank ; doc=https://vincentarelbundock.github.io/Rdatasets/doc/fpp2/calls.html V5 secondary within-dataset depth probe; not independent N.","V5_audit_ready",TRUE,"Pre-registered empirical profile gate: bounded/proportion by hint/domain; zero-inflated/count by hint/domain; normal_like when abs(skew)<=0.50 and excess_kurtosis<=1.00; heavy_tail_symmetric when abs(skew)<=1.00 and excess_kurtosis>3.00; lognormal_like when skew>1.00 with positive support; weibull_like when skew>0.50 with positive support; otherwise empirical_unknown.","profile_preregistered",TRUE,"paired bootstrap aligned to the same reported gain statistic",TRUE,"Benjamini-Hochberg FDR is computed at dataset level on external_dataset_level_decisions.csv for primary eligible in-regime rows only. Primary alpha=0.05; secondary sensitivity alpha=0.1.","01_results_basic contains compact final results; 02_reports contains generated report files; 03_audit_ready contains full provenance, decisions, oracle audit, and split CSVs; 98_discarded_nonfinal is reserved for obsolete or nonfinal byproducts; 99_recovery_logs contains downloads, checkpoints, temporary recovery outputs, and logs.",0.005,10,TRUE,TRUE
"RD_fpp2_calls_auto__depth_upper_tail_enriched","RD_fpp2_calls_auto","within_dataset_depth_probe",FALSE,TRUE,"selected","balance_not_applied_to_depth_or_disabled","Rdatasets","normal_like","rdatasets_fpp2","https://vincentarelbundock.github.io/Rdatasets/csv/fpp2/calls.csv","2026-06-16 11:55:39 -0400",NA,NA,"inline_depth_probe","__auto_numeric__","raw","auto_numeric_column; rdatasets_rows=27716; rdatasets_n_numeric=1; depth_probe=upper_tail_enriched","empirical_public",27716,-0.369339881588732,-1.00052271029815,"strictly_positive",210.219656516092,TRUE,NA,"Rdatasets public catalog: fpp2 calls - Call volume for a large North American bank ; doc=https://vincentarelbundock.github.io/Rdatasets/doc/fpp2/calls.html V5 secondary within-dataset depth probe; not independent N.","V5_audit_ready",TRUE,"Pre-registered empirical profile gate: bounded/proportion by hint/domain; zero-inflated/count by hint/domain; normal_like when abs(skew)<=0.50 and excess_kurtosis<=1.00; heavy_tail_symmetric when abs(skew)<=1.00 and excess_kurtosis>3.00; lognormal_like when skew>1.00 with positive support; weibull_like when skew>0.50 with positive support; otherwise empirical_unknown.","profile_preregistered",TRUE,"paired bootstrap aligned to the same reported gain statistic",TRUE,"Benjamini-Hochberg FDR is computed at dataset level on external_dataset_level_decisions.csv for primary eligible in-regime rows only. Primary alpha=0.05; secondary sensitivity alpha=0.1.","01_results_basic contains compact final results; 02_reports contains generated report files; 03_audit_ready contains full provenance, decisions, oracle audit, and split CSVs; 98_discarded_nonfinal is reserved for obsolete or nonfinal byproducts; 99_recovery_logs contains downloads, checkpoints, temporary recovery outputs, and logs.",0.005,10,TRUE,TRUE
"RD_fpp2_calls_auto__depth_bootstrap_full","RD_fpp2_calls_auto","within_dataset_depth_probe",FALSE,TRUE,"selected","balance_not_applied_to_depth_or_disabled","Rdatasets","normal_like","rdatasets_fpp2","https://vincentarelbundock.github.io/Rdatasets/csv/fpp2/calls.csv","2026-06-16 12:09:09 -0400",NA,NA,"inline_depth_probe","__auto_numeric__","raw","auto_numeric_column; rdatasets_rows=27716; rdatasets_n_numeric=1; depth_probe=bootstrap_full","empirical_public",27716,-0.11390034672761,-1.10228403612976,"strictly_positive",192.468826670515,TRUE,NA,"Rdatasets public catalog: fpp2 calls - Call volume for a large North American bank ; doc=https://vincentarelbundock.github.io/Rdatasets/doc/fpp2/calls.html V5 secondary within-dataset depth probe; not independent N.","V5_audit_ready",TRUE,"Pre-registered empirical profile gate: bounded/proportion by hint/domain; zero-inflated/count by hint/domain; normal_like when abs(skew)<=0.50 and excess_kurtosis<=1.00; heavy_tail_symmetric when abs(skew)<=1.00 and excess_kurtosis>3.00; lognormal_like when skew>1.00 with positive support; weibull_like when skew>0.50 with positive support; otherwise empirical_unknown.","profile_preregistered",TRUE,"paired bootstrap aligned to the same reported gain statistic",TRUE,"Benjamini-Hochberg FDR is computed at dataset level on external_dataset_level_decisions.csv for primary eligible in-regime rows only. Primary alpha=0.05; secondary sensitivity alpha=0.1.","01_results_basic contains compact final results; 02_reports contains generated report files; 03_audit_ready contains full provenance, decisions, oracle audit, and split CSVs; 98_discarded_nonfinal is reserved for obsolete or nonfinal byproducts; 99_recovery_logs contains downloads, checkpoints, temporary recovery outputs, and logs.",0.005,10,TRUE,TRUE
"RD_gt_pizzaplace_auto__depth_body_10_90","RD_gt_pizzaplace_auto","within_dataset_depth_probe",FALSE,TRUE,"selected","balance_not_applied_to_depth_or_disabled","Rdatasets","normal_like","rdatasets_gt","https://vincentarelbundock.github.io/Rdatasets/csv/gt/pizzaplace.csv","2026-06-16 12:26:47 -0400",NA,NA,"inline_depth_probe","__auto_numeric__","raw","auto_numeric_column; rdatasets_rows=49574; rdatasets_n_numeric=1; depth_probe=body_10_90","empirical_public",45965,-0.0623510124303368,-1.35789252040364,"strictly_positive",16.5777885347547,TRUE,NA,"Rdatasets public catalog: gt pizzaplace - A year of pizza sales from a pizza place ; doc=https://vincentarelbundock.github.io/Rdatasets/doc/gt/pizzaplace.html V5 secondary within-dataset depth probe; not independent N.","V5_audit_ready",TRUE,"Pre-registered empirical profile gate: bounded/proportion by hint/domain; zero-inflated/count by hint/domain; normal_like when abs(skew)<=0.50 and excess_kurtosis<=1.00; heavy_tail_symmetric when abs(skew)<=1.00 and excess_kurtosis>3.00; lognormal_like when skew>1.00 with positive support; weibull_like when skew>0.50 with positive support; otherwise empirical_unknown.","profile_preregistered",TRUE,"paired bootstrap aligned to the same reported gain statistic",TRUE,"Benjamini-Hochberg FDR is computed at dataset level on external_dataset_level_decisions.csv for primary eligible in-regime rows only. Primary alpha=0.05; secondary sensitivity alpha=0.1.","01_results_basic contains compact final results; 02_reports contains generated report files; 03_audit_ready contains full provenance, decisions, oracle audit, and split CSVs; 98_discarded_nonfinal is reserved for obsolete or nonfinal byproducts; 99_recovery_logs contains downloads, checkpoints, temporary recovery outputs, and logs.",0.005,10,TRUE,TRUE
"RD_gt_pizzaplace_auto__depth_upper_tail_enriched","RD_gt_pizzaplace_auto","within_dataset_depth_probe",FALSE,TRUE,"selected","balance_not_applied_to_depth_or_disabled","Rdatasets","normal_like","rdatasets_gt","https://vincentarelbundock.github.io/Rdatasets/csv/gt/pizzaplace.csv","2026-06-16 12:39:43 -0400",NA,NA,"inline_depth_probe","__auto_numeric__","raw","auto_numeric_column; rdatasets_rows=49574; rdatasets_n_numeric=1; depth_probe=upper_tail_enriched","empirical_public",49574,-0.254701949899705,-0.603035779380243,"strictly_positive",17.5351615766329,TRUE,NA,"Rdatasets public catalog: gt pizzaplace - A year of pizza sales from a pizza place ; doc=https://vincentarelbundock.github.io/Rdatasets/doc/gt/pizzaplace.html V5 secondary within-dataset depth probe; not independent N.","V5_audit_ready",TRUE,"Pre-registered empirical profile gate: bounded/proportion by hint/domain; zero-inflated/count by hint/domain; normal_like when abs(skew)<=0.50 and excess_kurtosis<=1.00; heavy_tail_symmetric when abs(skew)<=1.00 and excess_kurtosis>3.00; lognormal_like when skew>1.00 with positive support; weibull_like when skew>0.50 with positive support; otherwise empirical_unknown.","profile_preregistered",TRUE,"paired bootstrap aligned to the same reported gain statistic",TRUE,"Benjamini-Hochberg FDR is computed at dataset level on external_dataset_level_decisions.csv for primary eligible in-regime rows only. Primary alpha=0.05; secondary sensitivity alpha=0.1.","01_results_basic contains compact final results; 02_reports contains generated report files; 03_audit_ready contains full provenance, decisions, oracle audit, and split CSVs; 98_discarded_nonfinal is reserved for obsolete or nonfinal byproducts; 99_recovery_logs contains downloads, checkpoints, temporary recovery outputs, and logs.",0.005,10,TRUE,TRUE
"RD_gt_pizzaplace_auto__depth_bootstrap_full","RD_gt_pizzaplace_auto","within_dataset_depth_probe",FALSE,TRUE,"selected","balance_not_applied_to_depth_or_disabled","Rdatasets","normal_like","rdatasets_gt","https://vincentarelbundock.github.io/Rdatasets/csv/gt/pizzaplace.csv","2026-06-16 13:04:01 -0400",NA,NA,"inline_depth_probe","__auto_numeric__","raw","auto_numeric_column; rdatasets_rows=49574; rdatasets_n_numeric=1; depth_probe=bootstrap_full","empirical_public",49574,0.112071845595116,-0.652011776168008,"strictly_positive",16.5076340420382,TRUE,NA,"Rdatasets public catalog: gt pizzaplace - A year of pizza sales from a pizza place ; doc=https://vincentarelbundock.github.io/Rdatasets/doc/gt/pizzaplace.html V5 secondary within-dataset depth probe; not independent N.","V5_audit_ready",TRUE,"Pre-registered empirical profile gate: bounded/proportion by hint/domain; zero-inflated/count by hint/domain; normal_like when abs(skew)<=0.50 and excess_kurtosis<=1.00; heavy_tail_symmetric when abs(skew)<=1.00 and excess_kurtosis>3.00; lognormal_like when skew>1.00 with positive support; weibull_like when skew>0.50 with positive support; otherwise empirical_unknown.","profile_preregistered",TRUE,"paired bootstrap aligned to the same reported gain statistic",TRUE,"Benjamini-Hochberg FDR is computed at dataset level on external_dataset_level_decisions.csv for primary eligible in-regime rows only. Primary alpha=0.05; secondary sensitivity alpha=0.1.","01_results_basic contains compact final results; 02_reports contains generated report files; 03_audit_ready contains full provenance, decisions, oracle audit, and split CSVs; 98_discarded_nonfinal is reserved for obsolete or nonfinal byproducts; 99_recovery_logs contains downloads, checkpoints, temporary recovery outputs, and logs.",0.005,10,TRUE,TRUE
"RD_HistData_Pollen_auto__depth_body_10_90","RD_HistData_Pollen_auto","within_dataset_depth_probe",FALSE,TRUE,"selected","balance_not_applied_to_depth_or_disabled","Rdatasets","normal_like","rdatasets_HistData","https://vincentarelbundock.github.io/Rdatasets/csv/HistData/Pollen.csv","2026-06-16 13:27:15 -0400",NA,NA,"inline_depth_probe","__auto_numeric__","raw","auto_numeric_column; rdatasets_rows=3848; rdatasets_n_numeric=5; depth_probe=body_10_90","empirical_public",3078,-0.025763104168562,-0.956871655779912,"contains_nonpositive",0.127277680311891,TRUE,NA,"Rdatasets public catalog: HistData Pollen - Pollen Data Challenge ; doc=https://vincentarelbundock.github.io/Rdatasets/doc/HistData/Pollen.html V5 secondary within-dataset depth probe; not independent N.","V5_audit_ready",TRUE,"Pre-registered empirical profile gate: bounded/proportion by hint/domain; zero-inflated/count by hint/domain; normal_like when abs(skew)<=0.50 and excess_kurtosis<=1.00; heavy_tail_symmetric when abs(skew)<=1.00 and excess_kurtosis>3.00; lognormal_like when skew>1.00 with positive support; weibull_like when skew>0.50 with positive support; otherwise empirical_unknown.","profile_preregistered",TRUE,"paired bootstrap aligned to the same reported gain statistic",TRUE,"Benjamini-Hochberg FDR is computed at dataset level on external_dataset_level_decisions.csv for primary eligible in-regime rows only. Primary alpha=0.05; secondary sensitivity alpha=0.1.","01_results_basic contains compact final results; 02_reports contains generated report files; 03_audit_ready contains full provenance, decisions, oracle audit, and split CSVs; 98_discarded_nonfinal is reserved for obsolete or nonfinal byproducts; 99_recovery_logs contains downloads, checkpoints, temporary recovery outputs, and logs.",0.005,10,TRUE,TRUE
"RD_HistData_Pollen_auto__depth_upper_tail_enriched","RD_HistData_Pollen_auto","within_dataset_depth_probe",FALSE,TRUE,"selected","balance_not_applied_to_depth_or_disabled","Rdatasets","normal_like","rdatasets_HistData","https://vincentarelbundock.github.io/Rdatasets/csv/HistData/Pollen.csv","2026-06-16 13:36:57 -0400",NA,NA,"inline_depth_probe","__auto_numeric__","raw","auto_numeric_column; rdatasets_rows=3848; rdatasets_n_numeric=5; depth_probe=upper_tail_enriched","empirical_public",3848,-0.340527224845215,-0.274647575819595,"contains_nonpositive",1.70659833679834,TRUE,NA,"Rdatasets public catalog: HistData Pollen - Pollen Data Challenge ; doc=https://vincentarelbundock.github.io/Rdatasets/doc/HistData/Pollen.html V5 secondary within-dataset depth probe; not independent N.","V5_audit_ready",TRUE,"Pre-registered empirical profile gate: bounded/proportion by hint/domain; zero-inflated/count by hint/domain; normal_like when abs(skew)<=0.50 and excess_kurtosis<=1.00; heavy_tail_symmetric when abs(skew)<=1.00 and excess_kurtosis>3.00; lognormal_like when skew>1.00 with positive support; weibull_like when skew>0.50 with positive support; otherwise empirical_unknown.","profile_preregistered",TRUE,"paired bootstrap aligned to the same reported gain statistic",TRUE,"Benjamini-Hochberg FDR is computed at dataset level on external_dataset_level_decisions.csv for primary eligible in-regime rows only. Primary alpha=0.05; secondary sensitivity alpha=0.1.","01_results_basic contains compact final results; 02_reports contains generated report files; 03_audit_ready contains full provenance, decisions, oracle audit, and split CSVs; 98_discarded_nonfinal is reserved for obsolete or nonfinal byproducts; 99_recovery_logs contains downloads, checkpoints, temporary recovery outputs, and logs.",0.005,10,TRUE,TRUE
"RD_HistData_Pollen_auto__depth_bootstrap_full","RD_HistData_Pollen_auto","within_dataset_depth_probe",FALSE,TRUE,"selected","balance_not_applied_to_depth_or_disabled","Rdatasets","normal_like","rdatasets_HistData","https://vincentarelbundock.github.io/Rdatasets/csv/HistData/Pollen.csv","2026-06-16 13:51:36 -0400",NA,NA,"inline_depth_probe","__auto_numeric__","raw","auto_numeric_column; rdatasets_rows=3848; rdatasets_n_numeric=5; depth_probe=bootstrap_full","empirical_public",3848,-0.15437375164377,0.027846867141621,"contains_nonpositive",-0.0197360187110187,TRUE,NA,"Rdatasets public catalog: HistData Pollen - Pollen Data Challenge ; doc=https://vincentarelbundock.github.io/Rdatasets/doc/HistData/Pollen.html V5 secondary within-dataset depth probe; not independent N.","V5_audit_ready",TRUE,"Pre-registered empirical profile gate: bounded/proportion by hint/domain; zero-inflated/count by hint/domain; normal_like when abs(skew)<=0.50 and excess_kurtosis<=1.00; heavy_tail_symmetric when abs(skew)<=1.00 and excess_kurtosis>3.00; lognormal_like when skew>1.00 with positive support; weibull_like when skew>0.50 with positive support; otherwise empirical_unknown.","profile_preregistered",TRUE,"paired bootstrap aligned to the same reported gain statistic",TRUE,"Benjamini-Hochberg FDR is computed at dataset level on external_dataset_level_decisions.csv for primary eligible in-regime rows only. Primary alpha=0.05; secondary sensitivity alpha=0.1.","01_results_basic contains compact final results; 02_reports contains generated report files; 03_audit_ready contains full provenance, decisions, oracle audit, and split CSVs; 98_discarded_nonfinal is reserved for obsolete or nonfinal byproducts; 99_recovery_logs contains downloads, checkpoints, temporary recovery outputs, and logs.",0.005,10,TRUE,TRUE
"RD_ISLR_Default_auto__depth_body_10_90","RD_ISLR_Default_auto","within_dataset_depth_probe",FALSE,TRUE,"selected","balance_not_applied_to_depth_or_disabled","Rdatasets","normal_like","rdatasets_ISLR","https://vincentarelbundock.github.io/Rdatasets/csv/ISLR/Default.csv","2026-06-16 14:05:45 -0400",NA,NA,"inline_depth_probe","__auto_numeric__","raw","auto_numeric_column; rdatasets_rows=10000; rdatasets_n_numeric=2; depth_probe=body_10_90","empirical_public",8000,-0.00474665256015255,-0.977139712903627,"strictly_positive",823.121432697099,TRUE,NA,"Rdatasets public catalog: ISLR Default - Credit Card Default Data ; doc=https://vincentarelbundock.github.io/Rdatasets/doc/ISLR/Default.html V5 secondary within-dataset depth probe; not independent N.","V5_audit_ready",TRUE,"Pre-registered empirical profile gate: bounded/proportion by hint/domain; zero-inflated/count by hint/domain; normal_like when abs(skew)<=0.50 and excess_kurtosis<=1.00; heavy_tail_symmetric when abs(skew)<=1.00 and excess_kurtosis>3.00; lognormal_like when skew>1.00 with positive support; weibull_like when skew>0.50 with positive support; otherwise empirical_unknown.","profile_preregistered",TRUE,"paired bootstrap aligned to the same reported gain statistic",TRUE,"Benjamini-Hochberg FDR is computed at dataset level on external_dataset_level_decisions.csv for primary eligible in-regime rows only. Primary alpha=0.05; secondary sensitivity alpha=0.1.","01_results_basic contains compact final results; 02_reports contains generated report files; 03_audit_ready contains full provenance, decisions, oracle audit, and split CSVs; 98_discarded_nonfinal is reserved for obsolete or nonfinal byproducts; 99_recovery_logs contains downloads, checkpoints, temporary recovery outputs, and logs.",0.005,10,TRUE,TRUE
"RD_ISLR_Default_auto__depth_upper_tail_enriched","RD_ISLR_Default_auto","within_dataset_depth_probe",FALSE,TRUE,"selected","balance_not_applied_to_depth_or_disabled","Rdatasets","normal_like","rdatasets_ISLR","https://vincentarelbundock.github.io/Rdatasets/csv/ISLR/Default.csv","2026-06-16 14:15:47 -0400",NA,NA,"inline_depth_probe","__auto_numeric__","raw","auto_numeric_column; rdatasets_rows=10000; rdatasets_n_numeric=2; depth_probe=upper_tail_enriched","empirical_public",10000,-0.0233983001135262,-0.628114762800354,"contains_nonpositive",963.872331863475,TRUE,NA,"Rdatasets public catalog: ISLR Default - Credit Card Default Data ; doc=https://vincentarelbundock.github.io/Rdatasets/doc/ISLR/Default.html V5 secondary within-dataset depth probe; not independent N.","V5_audit_ready",TRUE,"Pre-registered empirical profile gate: bounded/proportion by hint/domain; zero-inflated/count by hint/domain; normal_like when abs(skew)<=0.50 and excess_kurtosis<=1.00; heavy_tail_symmetric when abs(skew)<=1.00 and excess_kurtosis>3.00; lognormal_like when skew>1.00 with positive support; weibull_like when skew>0.50 with positive support; otherwise empirical_unknown.","profile_preregistered",TRUE,"paired bootstrap aligned to the same reported gain statistic",TRUE,"Benjamini-Hochberg FDR is computed at dataset level on external_dataset_level_decisions.csv for primary eligible in-regime rows only. Primary alpha=0.05; secondary sensitivity alpha=0.1.","01_results_basic contains compact final results; 02_reports contains generated report files; 03_audit_ready contains full provenance, decisions, oracle audit, and split CSVs; 98_discarded_nonfinal is reserved for obsolete or nonfinal byproducts; 99_recovery_logs contains downloads, checkpoints, temporary recovery outputs, and logs.",0.005,10,TRUE,TRUE
"RD_ISLR_Default_auto__depth_bootstrap_full","RD_ISLR_Default_auto","within_dataset_depth_probe",FALSE,TRUE,"selected","balance_not_applied_to_depth_or_disabled","Rdatasets","normal_like","rdatasets_ISLR","https://vincentarelbundock.github.io/Rdatasets/csv/ISLR/Default.csv","2026-06-16 14:30:44 -0400",NA,NA,"inline_depth_probe","__auto_numeric__","raw","auto_numeric_column; rdatasets_rows=10000; rdatasets_n_numeric=2; depth_probe=bootstrap_full","empirical_public",10000,0.238924106763894,-0.372953634137161,"contains_nonpositive",832.795259569766,TRUE,NA,"Rdatasets public catalog: ISLR Default - Credit Card Default Data ; doc=https://vincentarelbundock.github.io/Rdatasets/doc/ISLR/Default.html V5 secondary within-dataset depth probe; not independent N.","V5_audit_ready",TRUE,"Pre-registered empirical profile gate: bounded/proportion by hint/domain; zero-inflated/count by hint/domain; normal_like when abs(skew)<=0.50 and excess_kurtosis<=1.00; heavy_tail_symmetric when abs(skew)<=1.00 and excess_kurtosis>3.00; lognormal_like when skew>1.00 with positive support; weibull_like when skew>0.50 with positive support; otherwise empirical_unknown.","profile_preregistered",TRUE,"paired bootstrap aligned to the same reported gain statistic",TRUE,"Benjamini-Hochberg FDR is computed at dataset level on external_dataset_level_decisions.csv for primary eligible in-regime rows only. Primary alpha=0.05; secondary sensitivity alpha=0.1.","01_results_basic contains compact final results; 02_reports contains generated report files; 03_audit_ready contains full provenance, decisions, oracle audit, and split CSVs; 98_discarded_nonfinal is reserved for obsolete or nonfinal byproducts; 99_recovery_logs contains downloads, checkpoints, temporary recovery outputs, and logs.",0.005,10,TRUE,TRUE
"RD_OncoDataSets_ProstateSurvival_df_auto__depth_body_10_90","RD_OncoDataSets_ProstateSurvival_df_auto","within_dataset_depth_probe",FALSE,TRUE,"selected","balance_not_applied_to_depth_or_disabled","Rdatasets","normal_like","rdatasets_OncoDataSets","https://vincentarelbundock.github.io/Rdatasets/csv/OncoDataSets/ProstateSurvival_df.csv","2026-06-16 14:46:31 -0400",NA,NA,"inline_depth_probe","__auto_numeric__","raw","auto_numeric_column; rdatasets_rows=14294; rdatasets_n_numeric=2; depth_probe=body_10_90","empirical_public",11606,0.583037113779012,-0.839972709409736,"strictly_positive",34.9743236257108,TRUE,NA,"Rdatasets public catalog: OncoDataSets ProstateSurvival_df - Prostate Cancer Survival Data ; doc=https://vincentarelbundock.github.io/Rdatasets/doc/OncoDataSets/ProstateSurvival_df.html V5 secondary within-dataset depth probe; not independent N.","V5_audit_ready",TRUE,"Pre-registered empirical profile gate: bounded/proportion by hint/domain; zero-inflated/count by hint/domain; normal_like when abs(skew)<=0.50 and excess_kurtosis<=1.00; heavy_tail_symmetric when abs(skew)<=1.00 and excess_kurtosis>3.00; lognormal_like when skew>1.00 with positive support; weibull_like when skew>0.50 with positive support; otherwise empirical_unknown.","profile_preregistered",TRUE,"paired bootstrap aligned to the same reported gain statistic",TRUE,"Benjamini-Hochberg FDR is computed at dataset level on external_dataset_level_decisions.csv for primary eligible in-regime rows only. Primary alpha=0.05; secondary sensitivity alpha=0.1.","01_results_basic contains compact final results; 02_reports contains generated report files; 03_audit_ready contains full provenance, decisions, oracle audit, and split CSVs; 98_discarded_nonfinal is reserved for obsolete or nonfinal byproducts; 99_recovery_logs contains downloads, checkpoints, temporary recovery outputs, and logs.",0.005,10,TRUE,TRUE
"RD_OncoDataSets_ProstateSurvival_df_auto__depth_upper_tail_enriched","RD_OncoDataSets_ProstateSurvival_df_auto","within_dataset_depth_probe",FALSE,TRUE,"selected","balance_not_applied_to_depth_or_disabled","Rdatasets","normal_like","rdatasets_OncoDataSets","https://vincentarelbundock.github.io/Rdatasets/csv/OncoDataSets/ProstateSurvival_df.csv","2026-06-16 15:01:21 -0400",NA,NA,"inline_depth_probe","__auto_numeric__","raw","auto_numeric_column; rdatasets_rows=14294; rdatasets_n_numeric=2; depth_probe=upper_tail_enriched","empirical_public",14294,0.312627221004414,-1.13599362666601,"contains_nonpositive",47.9163984888765,TRUE,NA,"Rdatasets public catalog: OncoDataSets ProstateSurvival_df - Prostate Cancer Survival Data ; doc=https://vincentarelbundock.github.io/Rdatasets/doc/OncoDataSets/ProstateSurvival_df.html V5 secondary within-dataset depth probe; not independent N.","V5_audit_ready",TRUE,"Pre-registered empirical profile gate: bounded/proportion by hint/domain; zero-inflated/count by hint/domain; normal_like when abs(skew)<=0.50 and excess_kurtosis<=1.00; heavy_tail_symmetric when abs(skew)<=1.00 and excess_kurtosis>3.00; lognormal_like when skew>1.00 with positive support; weibull_like when skew>0.50 with positive support; otherwise empirical_unknown.","profile_preregistered",TRUE,"paired bootstrap aligned to the same reported gain statistic",TRUE,"Benjamini-Hochberg FDR is computed at dataset level on external_dataset_level_decisions.csv for primary eligible in-regime rows only. Primary alpha=0.05; secondary sensitivity alpha=0.1.","01_results_basic contains compact final results; 02_reports contains generated report files; 03_audit_ready contains full provenance, decisions, oracle audit, and split CSVs; 98_discarded_nonfinal is reserved for obsolete or nonfinal byproducts; 99_recovery_logs contains downloads, checkpoints, temporary recovery outputs, and logs.",0.005,10,TRUE,TRUE
"RD_OncoDataSets_ProstateSurvival_df_auto__depth_bootstrap_full","RD_OncoDataSets_ProstateSurvival_df_auto","within_dataset_depth_probe",FALSE,TRUE,"selected","balance_not_applied_to_depth_or_disabled","Rdatasets","weibull_like","rdatasets_OncoDataSets","https://vincentarelbundock.github.io/Rdatasets/csv/OncoDataSets/ProstateSurvival_df.csv","2026-06-16 15:12:35 -0400",NA,NA,"inline_depth_probe","__auto_numeric__","raw","auto_numeric_column; rdatasets_rows=14294; rdatasets_n_numeric=2; depth_probe=bootstrap_full","empirical_public",14294,0.735183531942229,-0.524284274370374,"contains_nonpositive",39.0696795858402,TRUE,NA,"Rdatasets public catalog: OncoDataSets ProstateSurvival_df - Prostate Cancer Survival Data ; doc=https://vincentarelbundock.github.io/Rdatasets/doc/OncoDataSets/ProstateSurvival_df.html V5 secondary within-dataset depth probe; not independent N.","V5_audit_ready",TRUE,"Pre-registered empirical profile gate: bounded/proportion by hint/domain; zero-inflated/count by hint/domain; normal_like when abs(skew)<=0.50 and excess_kurtosis<=1.00; heavy_tail_symmetric when abs(skew)<=1.00 and excess_kurtosis>3.00; lognormal_like when skew>1.00 with positive support; weibull_like when skew>0.50 with positive support; otherwise empirical_unknown.","profile_preregistered",TRUE,"paired bootstrap aligned to the same reported gain statistic",TRUE,"Benjamini-Hochberg FDR is computed at dataset level on external_dataset_level_decisions.csv for primary eligible in-regime rows only. Primary alpha=0.05; secondary sensitivity alpha=0.1.","01_results_basic contains compact final results; 02_reports contains generated report files; 03_audit_ready contains full provenance, decisions, oracle audit, and split CSVs; 98_discarded_nonfinal is reserved for obsolete or nonfinal byproducts; 99_recovery_logs contains downloads, checkpoints, temporary recovery outputs, and logs.",0.005,10,TRUE,TRUE
"RD_psych_bfi_auto__depth_body_10_90","RD_psych_bfi_auto","within_dataset_depth_probe",FALSE,TRUE,"selected","balance_not_applied_to_depth_or_disabled","Rdatasets","weibull_like","rdatasets_psych","https://vincentarelbundock.github.io/Rdatasets/csv/psych/bfi.csv","2026-06-16 15:26:16 -0400",NA,NA,"inline_depth_probe","__auto_numeric__","raw","auto_numeric_column; rdatasets_rows=2800; rdatasets_n_numeric=28; depth_probe=body_10_90","empirical_public",2287,0.741829812968002,-0.530954807508121,"strictly_positive",27.3244425010931,TRUE,NA,"Rdatasets public catalog: psych bfi - 25 Personality items representing 5 factors ; doc=https://vincentarelbundock.github.io/Rdatasets/doc/psych/bfi.html V5 secondary within-dataset depth probe; not independent N.","V5_audit_ready",TRUE,"Pre-registered empirical profile gate: bounded/proportion by hint/domain; zero-inflated/count by hint/domain; normal_like when abs(skew)<=0.50 and excess_kurtosis<=1.00; heavy_tail_symmetric when abs(skew)<=1.00 and excess_kurtosis>3.00; lognormal_like when skew>1.00 with positive support; weibull_like when skew>0.50 with positive support; otherwise empirical_unknown.","profile_preregistered",TRUE,"paired bootstrap aligned to the same reported gain statistic",TRUE,"Benjamini-Hochberg FDR is computed at dataset level on external_dataset_level_decisions.csv for primary eligible in-regime rows only. Primary alpha=0.05; secondary sensitivity alpha=0.1.","01_results_basic contains compact final results; 02_reports contains generated report files; 03_audit_ready contains full provenance, decisions, oracle audit, and split CSVs; 98_discarded_nonfinal is reserved for obsolete or nonfinal byproducts; 99_recovery_logs contains downloads, checkpoints, temporary recovery outputs, and logs.",0.005,10,TRUE,TRUE
"RD_psych_bfi_auto__depth_upper_tail_enriched","RD_psych_bfi_auto","within_dataset_depth_probe",FALSE,TRUE,"selected","balance_not_applied_to_depth_or_disabled","Rdatasets","normal_like","rdatasets_psych","https://vincentarelbundock.github.io/Rdatasets/csv/psych/bfi.csv","2026-06-16 15:37:50 -0400",NA,NA,"inline_depth_probe","__auto_numeric__","raw","auto_numeric_column; rdatasets_rows=2800; rdatasets_n_numeric=28; depth_probe=upper_tail_enriched","empirical_public",2800,0.594176056727824,-0.408525003727835,"strictly_positive",31.6310714285714,TRUE,NA,"Rdatasets public catalog: psych bfi - 25 Personality items representing 5 factors ; doc=https://vincentarelbundock.github.io/Rdatasets/doc/psych/bfi.html V5 secondary within-dataset depth probe; not independent N.","V5_audit_ready",TRUE,"Pre-registered empirical profile gate: bounded/proportion by hint/domain; zero-inflated/count by hint/domain; normal_like when abs(skew)<=0.50 and excess_kurtosis<=1.00; heavy_tail_symmetric when abs(skew)<=1.00 and excess_kurtosis>3.00; lognormal_like when skew>1.00 with positive support; weibull_like when skew>0.50 with positive support; otherwise empirical_unknown.","profile_preregistered",TRUE,"paired bootstrap aligned to the same reported gain statistic",TRUE,"Benjamini-Hochberg FDR is computed at dataset level on external_dataset_level_decisions.csv for primary eligible in-regime rows only. Primary alpha=0.05; secondary sensitivity alpha=0.1.","01_results_basic contains compact final results; 02_reports contains generated report files; 03_audit_ready contains full provenance, decisions, oracle audit, and split CSVs; 98_discarded_nonfinal is reserved for obsolete or nonfinal byproducts; 99_recovery_logs contains downloads, checkpoints, temporary recovery outputs, and logs.",0.005,10,TRUE,TRUE
"RD_psych_bfi_auto__depth_bootstrap_full","RD_psych_bfi_auto","within_dataset_depth_probe",FALSE,TRUE,"selected","balance_not_applied_to_depth_or_disabled","Rdatasets","weibull_like","rdatasets_psych","https://vincentarelbundock.github.io/Rdatasets/csv/psych/bfi.csv","2026-06-16 15:52:34 -0400",NA,NA,"inline_depth_probe","__auto_numeric__","raw","auto_numeric_column; rdatasets_rows=2800; rdatasets_n_numeric=28; depth_probe=bootstrap_full","empirical_public",2800,1.04973248974259,0.783921404024825,"strictly_positive",28.7575,TRUE,NA,"Rdatasets public catalog: psych bfi - 25 Personality items representing 5 factors ; doc=https://vincentarelbundock.github.io/Rdatasets/doc/psych/bfi.html V5 secondary within-dataset depth probe; not independent N.","V5_audit_ready",TRUE,"Pre-registered empirical profile gate: bounded/proportion by hint/domain; zero-inflated/count by hint/domain; normal_like when abs(skew)<=0.50 and excess_kurtosis<=1.00; heavy_tail_symmetric when abs(skew)<=1.00 and excess_kurtosis>3.00; lognormal_like when skew>1.00 with positive support; weibull_like when skew>0.50 with positive support; otherwise empirical_unknown.","profile_preregistered",TRUE,"paired bootstrap aligned to the same reported gain statistic",TRUE,"Benjamini-Hochberg FDR is computed at dataset level on external_dataset_level_decisions.csv for primary eligible in-regime rows only. Primary alpha=0.05; secondary sensitivity alpha=0.1.","01_results_basic contains compact final results; 02_reports contains generated report files; 03_audit_ready contains full provenance, decisions, oracle audit, and split CSVs; 98_discarded_nonfinal is reserved for obsolete or nonfinal byproducts; 99_recovery_logs contains downloads, checkpoints, temporary recovery outputs, and logs.",0.005,10,TRUE,TRUE
