"dataset_id","parent_dataset_id","domain","source_url","accessed_at","source_file","source_md5","loader","variable","transform","subset_rule","family_hint","n","skewness","excess_kurtosis","support_sign","theta_star","load_ok","load_error","notes","specialist_id","mode","condition_id","contamination_rate","outlier_scale_mad","contamination_type","m_requested","m_effective","contam_condition","contamination_mode","natural_z_threshold","subsample_R","paired_bootstrap_B","estimator","mean_mse","q95_mse","bias","n_replicates","mean_requested_tail_n","mean_empirical_tail_n","mean_natural_pool_n","mean_natural_body_n","preregistration_version","profile_gate_enabled","profile_gate_policy","benchmark_policy_primary","oracle_audit_secondary_only","paired_ci_policy","strict_ci_contains_point_policy","fdr_policy","output_layout_policy","pareto_tolerance_relative","wins_saturation_cap","futility_stop_enabled","depth_probe_secondary_only"
"RD_psych_bfi_auto__depth_bootstrap_full","RD_psych_bfi_auto","rdatasets_psych","https://vincentarelbundock.github.io/Rdatasets/csv/psych/bfi.csv","2026-06-16 15:52:34 -0400",NA,NA,"inline_depth_probe","__auto_numeric__","raw","auto_numeric_column; rdatasets_rows=2800; rdatasets_n_numeric=28; depth_probe=bootstrap_full","empirical_public",2800,1.04973248974259,0.783921404024825,"strictly_positive",28.7575,TRUE,NA,"Rdatasets public catalog: psych bfi - 25 Personality items representing 5 factors ; doc=https://vincentarelbundock.github.io/Rdatasets/doc/psych/bfi.html V5 secondary within-dataset depth probe; not independent N.","TAX-Q1R019","original_regime",28,0.2,6,"clustered_upper",1000,1000,"0.2|6|clustered_upper","endogenous",3,800,500,"mom_k20",4.683242875,6.90375624999999,NA,800,200,200,258,2542,"V5_audit_ready",TRUE,"Pre-registered empirical profile gate: bounded/proportion by hint/domain; zero-inflated/count by hint/domain; normal_like when abs(skew)<=0.50 and excess_kurtosis<=1.00; heavy_tail_symmetric when abs(skew)<=1.00 and excess_kurtosis>3.00; lognormal_like when skew>1.00 with positive support; weibull_like when skew>0.50 with positive support; otherwise empirical_unknown.","profile_preregistered",TRUE,"paired bootstrap aligned to the same reported gain statistic",TRUE,"Benjamini-Hochberg FDR is computed at dataset level on external_dataset_level_decisions.csv for primary eligible in-regime rows only. Primary alpha=0.05; secondary sensitivity alpha=0.1.","01_results_basic contains compact final results; 02_reports contains generated report files; 03_audit_ready contains full provenance, decisions, oracle audit, and split CSVs; 98_discarded_nonfinal is reserved for obsolete or nonfinal byproducts; 99_recovery_logs contains downloads, checkpoints, temporary recovery outputs, and logs.",0.005,10,TRUE,TRUE
"RD_psych_bfi_auto__depth_bootstrap_full","RD_psych_bfi_auto","rdatasets_psych","https://vincentarelbundock.github.io/Rdatasets/csv/psych/bfi.csv","2026-06-16 15:52:34 -0400",NA,NA,"inline_depth_probe","__auto_numeric__","raw","auto_numeric_column; rdatasets_rows=2800; rdatasets_n_numeric=28; depth_probe=bootstrap_full","empirical_public",2800,1.04973248974259,0.783921404024825,"strictly_positive",28.7575,TRUE,NA,"Rdatasets public catalog: psych bfi - 25 Personality items representing 5 factors ; doc=https://vincentarelbundock.github.io/Rdatasets/doc/psych/bfi.html V5 secondary within-dataset depth probe; not independent N.","TAX-Q1R019","original_regime",6,0.2,9,"clustered_upper",300,300,"0.2|9|clustered_upper","endogenous",3,800,500,"mom_k20",3.81044923611111,8.35691736111111,NA,800,60,60,258,2542,"V5_audit_ready",TRUE,"Pre-registered empirical profile gate: bounded/proportion by hint/domain; zero-inflated/count by hint/domain; normal_like when abs(skew)<=0.50 and excess_kurtosis<=1.00; heavy_tail_symmetric when abs(skew)<=1.00 and excess_kurtosis>3.00; lognormal_like when skew>1.00 with positive support; weibull_like when skew>0.50 with positive support; otherwise empirical_unknown.","profile_preregistered",TRUE,"paired bootstrap aligned to the same reported gain statistic",TRUE,"Benjamini-Hochberg FDR is computed at dataset level on external_dataset_level_decisions.csv for primary eligible in-regime rows only. Primary alpha=0.05; secondary sensitivity alpha=0.1.","01_results_basic contains compact final results; 02_reports contains generated report files; 03_audit_ready contains full provenance, decisions, oracle audit, and split CSVs; 98_discarded_nonfinal is reserved for obsolete or nonfinal byproducts; 99_recovery_logs contains downloads, checkpoints, temporary recovery outputs, and logs.",0.005,10,TRUE,TRUE
"RD_psych_bfi_auto__depth_bootstrap_full","RD_psych_bfi_auto","rdatasets_psych","https://vincentarelbundock.github.io/Rdatasets/csv/psych/bfi.csv","2026-06-16 15:52:34 -0400",NA,NA,"inline_depth_probe","__auto_numeric__","raw","auto_numeric_column; rdatasets_rows=2800; rdatasets_n_numeric=28; depth_probe=bootstrap_full","empirical_public",2800,1.04973248974259,0.783921404024825,"strictly_positive",28.7575,TRUE,NA,"Rdatasets public catalog: psych bfi - 25 Personality items representing 5 factors ; doc=https://vincentarelbundock.github.io/Rdatasets/doc/psych/bfi.html V5 secondary within-dataset depth probe; not independent N.","TAX-Q1R019","original_regime",18,0.2,9,"clustered_upper",500,500,"0.2|9|clustered_upper","endogenous",3,800,500,"mom_k20",4.3035475,7.71450625,NA,800,100,100,258,2542,"V5_audit_ready",TRUE,"Pre-registered empirical profile gate: bounded/proportion by hint/domain; zero-inflated/count by hint/domain; normal_like when abs(skew)<=0.50 and excess_kurtosis<=1.00; heavy_tail_symmetric when abs(skew)<=1.00 and excess_kurtosis>3.00; lognormal_like when skew>1.00 with positive support; weibull_like when skew>0.50 with positive support; otherwise empirical_unknown.","profile_preregistered",TRUE,"paired bootstrap aligned to the same reported gain statistic",TRUE,"Benjamini-Hochberg FDR is computed at dataset level on external_dataset_level_decisions.csv for primary eligible in-regime rows only. Primary alpha=0.05; secondary sensitivity alpha=0.1.","01_results_basic contains compact final results; 02_reports contains generated report files; 03_audit_ready contains full provenance, decisions, oracle audit, and split CSVs; 98_discarded_nonfinal is reserved for obsolete or nonfinal byproducts; 99_recovery_logs contains downloads, checkpoints, temporary recovery outputs, and logs.",0.005,10,TRUE,TRUE
"RD_psych_bfi_auto__depth_bootstrap_full","RD_psych_bfi_auto","rdatasets_psych","https://vincentarelbundock.github.io/Rdatasets/csv/psych/bfi.csv","2026-06-16 15:52:34 -0400",NA,NA,"inline_depth_probe","__auto_numeric__","raw","auto_numeric_column; rdatasets_rows=2800; rdatasets_n_numeric=28; depth_probe=bootstrap_full","empirical_public",2800,1.04973248974259,0.783921404024825,"strictly_positive",28.7575,TRUE,NA,"Rdatasets public catalog: psych bfi - 25 Personality items representing 5 factors ; doc=https://vincentarelbundock.github.io/Rdatasets/doc/psych/bfi.html V5 secondary within-dataset depth probe; not independent N.","TAX-Q1R019","original_regime",30,0.2,9,"clustered_upper",1000,1000,"0.2|9|clustered_upper","endogenous",3,800,500,"mom_k20",4.7169265625,7.22265625,NA,800,200,200,258,2542,"V5_audit_ready",TRUE,"Pre-registered empirical profile gate: bounded/proportion by hint/domain; zero-inflated/count by hint/domain; normal_like when abs(skew)<=0.50 and excess_kurtosis<=1.00; heavy_tail_symmetric when abs(skew)<=1.00 and excess_kurtosis>3.00; lognormal_like when skew>1.00 with positive support; weibull_like when skew>0.50 with positive support; otherwise empirical_unknown.","profile_preregistered",TRUE,"paired bootstrap aligned to the same reported gain statistic",TRUE,"Benjamini-Hochberg FDR is computed at dataset level on external_dataset_level_decisions.csv for primary eligible in-regime rows only. Primary alpha=0.05; secondary sensitivity alpha=0.1.","01_results_basic contains compact final results; 02_reports contains generated report files; 03_audit_ready contains full provenance, decisions, oracle audit, and split CSVs; 98_discarded_nonfinal is reserved for obsolete or nonfinal byproducts; 99_recovery_logs contains downloads, checkpoints, temporary recovery outputs, and logs.",0.005,10,TRUE,TRUE
"RD_psych_bfi_auto__depth_bootstrap_full","RD_psych_bfi_auto","rdatasets_psych","https://vincentarelbundock.github.io/Rdatasets/csv/psych/bfi.csv","2026-06-16 15:52:34 -0400",NA,NA,"inline_depth_probe","__auto_numeric__","raw","auto_numeric_column; rdatasets_rows=2800; rdatasets_n_numeric=28; depth_probe=bootstrap_full","empirical_public",2800,1.04973248974259,0.783921404024825,"strictly_positive",28.7575,TRUE,NA,"Rdatasets public catalog: psych bfi - 25 Personality items representing 5 factors ; doc=https://vincentarelbundock.github.io/Rdatasets/doc/psych/bfi.html V5 secondary within-dataset depth probe; not independent N.","TAX-Q1R019","original_regime",19,0.15,12,"clustered_upper",500,500,"0.15|12|clustered_upper","endogenous",3,500,500,"mom_k5",5.31433685,9.32693875,NA,500,75,75,258,2542,"V5_audit_ready",TRUE,"Pre-registered empirical profile gate: bounded/proportion by hint/domain; zero-inflated/count by hint/domain; normal_like when abs(skew)<=0.50 and excess_kurtosis<=1.00; heavy_tail_symmetric when abs(skew)<=1.00 and excess_kurtosis>3.00; lognormal_like when skew>1.00 with positive support; weibull_like when skew>0.50 with positive support; otherwise empirical_unknown.","profile_preregistered",TRUE,"paired bootstrap aligned to the same reported gain statistic",TRUE,"Benjamini-Hochberg FDR is computed at dataset level on external_dataset_level_decisions.csv for primary eligible in-regime rows only. Primary alpha=0.05; secondary sensitivity alpha=0.1.","01_results_basic contains compact final results; 02_reports contains generated report files; 03_audit_ready contains full provenance, decisions, oracle audit, and split CSVs; 98_discarded_nonfinal is reserved for obsolete or nonfinal byproducts; 99_recovery_logs contains downloads, checkpoints, temporary recovery outputs, and logs.",0.005,10,TRUE,TRUE
"RD_psych_bfi_auto__depth_bootstrap_full","RD_psych_bfi_auto","rdatasets_psych","https://vincentarelbundock.github.io/Rdatasets/csv/psych/bfi.csv","2026-06-16 15:52:34 -0400",NA,NA,"inline_depth_probe","__auto_numeric__","raw","auto_numeric_column; rdatasets_rows=2800; rdatasets_n_numeric=28; depth_probe=bootstrap_full","empirical_public",2800,1.04973248974259,0.783921404024825,"strictly_positive",28.7575,TRUE,NA,"Rdatasets public catalog: psych bfi - 25 Personality items representing 5 factors ; doc=https://vincentarelbundock.github.io/Rdatasets/doc/psych/bfi.html V5 secondary within-dataset depth probe; not independent N.","TAX-Q1R019","original_regime",31,0.15,12,"clustered_upper",1000,1000,"0.15|12|clustered_upper","endogenous",3,500,500,"mom_k5",5.57053705,7.91015625,NA,500,150,150,258,2542,"V5_audit_ready",TRUE,"Pre-registered empirical profile gate: bounded/proportion by hint/domain; zero-inflated/count by hint/domain; normal_like when abs(skew)<=0.50 and excess_kurtosis<=1.00; heavy_tail_symmetric when abs(skew)<=1.00 and excess_kurtosis>3.00; lognormal_like when skew>1.00 with positive support; weibull_like when skew>0.50 with positive support; otherwise empirical_unknown.","profile_preregistered",TRUE,"paired bootstrap aligned to the same reported gain statistic",TRUE,"Benjamini-Hochberg FDR is computed at dataset level on external_dataset_level_decisions.csv for primary eligible in-regime rows only. Primary alpha=0.05; secondary sensitivity alpha=0.1.","01_results_basic contains compact final results; 02_reports contains generated report files; 03_audit_ready contains full provenance, decisions, oracle audit, and split CSVs; 98_discarded_nonfinal is reserved for obsolete or nonfinal byproducts; 99_recovery_logs contains downloads, checkpoints, temporary recovery outputs, and logs.",0.005,10,TRUE,TRUE
"RD_psych_bfi_auto__depth_bootstrap_full","RD_psych_bfi_auto","rdatasets_psych","https://vincentarelbundock.github.io/Rdatasets/csv/psych/bfi.csv","2026-06-16 15:52:34 -0400",NA,NA,"inline_depth_probe","__auto_numeric__","raw","auto_numeric_column; rdatasets_rows=2800; rdatasets_n_numeric=28; depth_probe=bootstrap_full","empirical_public",2800,1.04973248974259,0.783921404024825,"strictly_positive",28.7575,TRUE,NA,"Rdatasets public catalog: psych bfi - 25 Personality items representing 5 factors ; doc=https://vincentarelbundock.github.io/Rdatasets/doc/psych/bfi.html V5 secondary within-dataset depth probe; not independent N.","TAX-Q1R019","original_regime",21,0.15,15,"clustered_upper",500,500,"0.15|15|clustered_upper","endogenous",3,500,500,"mom_k5",5.21526955,9.02403875,NA,500,75,75,258,2542,"V5_audit_ready",TRUE,"Pre-registered empirical profile gate: bounded/proportion by hint/domain; zero-inflated/count by hint/domain; normal_like when abs(skew)<=0.50 and excess_kurtosis<=1.00; heavy_tail_symmetric when abs(skew)<=1.00 and excess_kurtosis>3.00; lognormal_like when skew>1.00 with positive support; weibull_like when skew>0.50 with positive support; otherwise empirical_unknown.","profile_preregistered",TRUE,"paired bootstrap aligned to the same reported gain statistic",TRUE,"Benjamini-Hochberg FDR is computed at dataset level on external_dataset_level_decisions.csv for primary eligible in-regime rows only. Primary alpha=0.05; secondary sensitivity alpha=0.1.","01_results_basic contains compact final results; 02_reports contains generated report files; 03_audit_ready contains full provenance, decisions, oracle audit, and split CSVs; 98_discarded_nonfinal is reserved for obsolete or nonfinal byproducts; 99_recovery_logs contains downloads, checkpoints, temporary recovery outputs, and logs.",0.005,10,TRUE,TRUE
"RD_psych_bfi_auto__depth_bootstrap_full","RD_psych_bfi_auto","rdatasets_psych","https://vincentarelbundock.github.io/Rdatasets/csv/psych/bfi.csv","2026-06-16 15:52:34 -0400",NA,NA,"inline_depth_probe","__auto_numeric__","raw","auto_numeric_column; rdatasets_rows=2800; rdatasets_n_numeric=28; depth_probe=bootstrap_full","empirical_public",2800,1.04973248974259,0.783921404024825,"strictly_positive",28.7575,TRUE,NA,"Rdatasets public catalog: psych bfi - 25 Personality items representing 5 factors ; doc=https://vincentarelbundock.github.io/Rdatasets/doc/psych/bfi.html V5 secondary within-dataset depth probe; not independent N.","TAX-Q1R019","original_regime",33,0.15,15,"clustered_upper",1000,1000,"0.15|15|clustered_upper","endogenous",3,500,500,"mom_k5",5.49400265,7.93830624999999,NA,500,150,150,258,2542,"V5_audit_ready",TRUE,"Pre-registered empirical profile gate: bounded/proportion by hint/domain; zero-inflated/count by hint/domain; normal_like when abs(skew)<=0.50 and excess_kurtosis<=1.00; heavy_tail_symmetric when abs(skew)<=1.00 and excess_kurtosis>3.00; lognormal_like when skew>1.00 with positive support; weibull_like when skew>0.50 with positive support; otherwise empirical_unknown.","profile_preregistered",TRUE,"paired bootstrap aligned to the same reported gain statistic",TRUE,"Benjamini-Hochberg FDR is computed at dataset level on external_dataset_level_decisions.csv for primary eligible in-regime rows only. Primary alpha=0.05; secondary sensitivity alpha=0.1.","01_results_basic contains compact final results; 02_reports contains generated report files; 03_audit_ready contains full provenance, decisions, oracle audit, and split CSVs; 98_discarded_nonfinal is reserved for obsolete or nonfinal byproducts; 99_recovery_logs contains downloads, checkpoints, temporary recovery outputs, and logs.",0.005,10,TRUE,TRUE
"RD_psych_bfi_auto__depth_bootstrap_full","RD_psych_bfi_auto","rdatasets_psych","https://vincentarelbundock.github.io/Rdatasets/csv/psych/bfi.csv","2026-06-16 15:52:34 -0400",NA,NA,"inline_depth_probe","__auto_numeric__","raw","auto_numeric_column; rdatasets_rows=2800; rdatasets_n_numeric=28; depth_probe=bootstrap_full","empirical_public",2800,1.04973248974259,0.783921404024825,"strictly_positive",28.7575,TRUE,NA,"Rdatasets public catalog: psych bfi - 25 Personality items representing 5 factors ; doc=https://vincentarelbundock.github.io/Rdatasets/doc/psych/bfi.html V5 secondary within-dataset depth probe; not independent N.","TAX-Q1R019","original_regime",11,0.15,20,"clustered_upper",300,300,"0.15|20|clustered_upper","endogenous",3,500,500,"mom_k5",5.15326791666667,9.96980624999999,NA,500,45,45,258,2542,"V5_audit_ready",TRUE,"Pre-registered empirical profile gate: bounded/proportion by hint/domain; zero-inflated/count by hint/domain; normal_like when abs(skew)<=0.50 and excess_kurtosis<=1.00; heavy_tail_symmetric when abs(skew)<=1.00 and excess_kurtosis>3.00; lognormal_like when skew>1.00 with positive support; weibull_like when skew>0.50 with positive support; otherwise empirical_unknown.","profile_preregistered",TRUE,"paired bootstrap aligned to the same reported gain statistic",TRUE,"Benjamini-Hochberg FDR is computed at dataset level on external_dataset_level_decisions.csv for primary eligible in-regime rows only. Primary alpha=0.05; secondary sensitivity alpha=0.1.","01_results_basic contains compact final results; 02_reports contains generated report files; 03_audit_ready contains full provenance, decisions, oracle audit, and split CSVs; 98_discarded_nonfinal is reserved for obsolete or nonfinal byproducts; 99_recovery_logs contains downloads, checkpoints, temporary recovery outputs, and logs.",0.005,10,TRUE,TRUE
"RD_psych_bfi_auto__depth_bootstrap_full","RD_psych_bfi_auto","rdatasets_psych","https://vincentarelbundock.github.io/Rdatasets/csv/psych/bfi.csv","2026-06-16 15:52:34 -0400",NA,NA,"inline_depth_probe","__auto_numeric__","raw","auto_numeric_column; rdatasets_rows=2800; rdatasets_n_numeric=28; depth_probe=bootstrap_full","empirical_public",2800,1.04973248974259,0.783921404024825,"strictly_positive",28.7575,TRUE,NA,"Rdatasets public catalog: psych bfi - 25 Personality items representing 5 factors ; doc=https://vincentarelbundock.github.io/Rdatasets/doc/psych/bfi.html V5 secondary within-dataset depth probe; not independent N.","TAX-Q1R019","original_regime",23,0.15,20,"clustered_upper",500,500,"0.15|20|clustered_upper","endogenous",3,500,500,"mom_k5",5.30891965,9.20517875000001,NA,500,75,75,258,2542,"V5_audit_ready",TRUE,"Pre-registered empirical profile gate: bounded/proportion by hint/domain; zero-inflated/count by hint/domain; normal_like when abs(skew)<=0.50 and excess_kurtosis<=1.00; heavy_tail_symmetric when abs(skew)<=1.00 and excess_kurtosis>3.00; lognormal_like when skew>1.00 with positive support; weibull_like when skew>0.50 with positive support; otherwise empirical_unknown.","profile_preregistered",TRUE,"paired bootstrap aligned to the same reported gain statistic",TRUE,"Benjamini-Hochberg FDR is computed at dataset level on external_dataset_level_decisions.csv for primary eligible in-regime rows only. Primary alpha=0.05; secondary sensitivity alpha=0.1.","01_results_basic contains compact final results; 02_reports contains generated report files; 03_audit_ready contains full provenance, decisions, oracle audit, and split CSVs; 98_discarded_nonfinal is reserved for obsolete or nonfinal byproducts; 99_recovery_logs contains downloads, checkpoints, temporary recovery outputs, and logs.",0.005,10,TRUE,TRUE
"RD_psych_bfi_auto__depth_bootstrap_full","RD_psych_bfi_auto","rdatasets_psych","https://vincentarelbundock.github.io/Rdatasets/csv/psych/bfi.csv","2026-06-16 15:52:34 -0400",NA,NA,"inline_depth_probe","__auto_numeric__","raw","auto_numeric_column; rdatasets_rows=2800; rdatasets_n_numeric=28; depth_probe=bootstrap_full","empirical_public",2800,1.04973248974259,0.783921404024825,"strictly_positive",28.7575,TRUE,NA,"Rdatasets public catalog: psych bfi - 25 Personality items representing 5 factors ; doc=https://vincentarelbundock.github.io/Rdatasets/doc/psych/bfi.html V5 secondary within-dataset depth probe; not independent N.","TAX-Q1R019","original_regime",35,0.15,20,"clustered_upper",1000,1000,"0.15|20|clustered_upper","endogenous",3,500,500,"mom_k5",5.53847505,7.76040875,NA,500,150,150,258,2542,"V5_audit_ready",TRUE,"Pre-registered empirical profile gate: bounded/proportion by hint/domain; zero-inflated/count by hint/domain; normal_like when abs(skew)<=0.50 and excess_kurtosis<=1.00; heavy_tail_symmetric when abs(skew)<=1.00 and excess_kurtosis>3.00; lognormal_like when skew>1.00 with positive support; weibull_like when skew>0.50 with positive support; otherwise empirical_unknown.","profile_preregistered",TRUE,"paired bootstrap aligned to the same reported gain statistic",TRUE,"Benjamini-Hochberg FDR is computed at dataset level on external_dataset_level_decisions.csv for primary eligible in-regime rows only. Primary alpha=0.05; secondary sensitivity alpha=0.1.","01_results_basic contains compact final results; 02_reports contains generated report files; 03_audit_ready contains full provenance, decisions, oracle audit, and split CSVs; 98_discarded_nonfinal is reserved for obsolete or nonfinal byproducts; 99_recovery_logs contains downloads, checkpoints, temporary recovery outputs, and logs.",0.005,10,TRUE,TRUE
"RD_psych_bfi_auto__depth_bootstrap_full","RD_psych_bfi_auto","rdatasets_psych","https://vincentarelbundock.github.io/Rdatasets/csv/psych/bfi.csv","2026-06-16 15:52:34 -0400",NA,NA,"inline_depth_probe","__auto_numeric__","raw","auto_numeric_column; rdatasets_rows=2800; rdatasets_n_numeric=28; depth_probe=bootstrap_full","empirical_public",2800,1.04973248974259,0.783921404024825,"strictly_positive",28.7575,TRUE,NA,"Rdatasets public catalog: psych bfi - 25 Personality items representing 5 factors ; doc=https://vincentarelbundock.github.io/Rdatasets/doc/psych/bfi.html V5 secondary within-dataset depth probe; not independent N.","TAX-Q1R019","original_regime",1,0.15,4.5,"clustered_upper",300,300,"0.15|4.5|clustered_upper","endogenous",3,500,500,"mom_k5",5.23884763888889,10.0383993055556,NA,500,45,45,258,2542,"V5_audit_ready",TRUE,"Pre-registered empirical profile gate: bounded/proportion by hint/domain; zero-inflated/count by hint/domain; normal_like when abs(skew)<=0.50 and excess_kurtosis<=1.00; heavy_tail_symmetric when abs(skew)<=1.00 and excess_kurtosis>3.00; lognormal_like when skew>1.00 with positive support; weibull_like when skew>0.50 with positive support; otherwise empirical_unknown.","profile_preregistered",TRUE,"paired bootstrap aligned to the same reported gain statistic",TRUE,"Benjamini-Hochberg FDR is computed at dataset level on external_dataset_level_decisions.csv for primary eligible in-regime rows only. Primary alpha=0.05; secondary sensitivity alpha=0.1.","01_results_basic contains compact final results; 02_reports contains generated report files; 03_audit_ready contains full provenance, decisions, oracle audit, and split CSVs; 98_discarded_nonfinal is reserved for obsolete or nonfinal byproducts; 99_recovery_logs contains downloads, checkpoints, temporary recovery outputs, and logs.",0.005,10,TRUE,TRUE
"RD_psych_bfi_auto__depth_bootstrap_full","RD_psych_bfi_auto","rdatasets_psych","https://vincentarelbundock.github.io/Rdatasets/csv/psych/bfi.csv","2026-06-16 15:52:34 -0400",NA,NA,"inline_depth_probe","__auto_numeric__","raw","auto_numeric_column; rdatasets_rows=2800; rdatasets_n_numeric=28; depth_probe=bootstrap_full","empirical_public",2800,1.04973248974259,0.783921404024825,"strictly_positive",28.7575,TRUE,NA,"Rdatasets public catalog: psych bfi - 25 Personality items representing 5 factors ; doc=https://vincentarelbundock.github.io/Rdatasets/doc/psych/bfi.html V5 secondary within-dataset depth probe; not independent N.","TAX-Q1R019","original_regime",13,0.15,4.5,"clustered_upper",500,500,"0.15|4.5|clustered_upper","endogenous",3,500,500,"mom_k5",5.44822765,9.32693875,NA,500,75,75,258,2542,"V5_audit_ready",TRUE,"Pre-registered empirical profile gate: bounded/proportion by hint/domain; zero-inflated/count by hint/domain; normal_like when abs(skew)<=0.50 and excess_kurtosis<=1.00; heavy_tail_symmetric when abs(skew)<=1.00 and excess_kurtosis>3.00; lognormal_like when skew>1.00 with positive support; weibull_like when skew>0.50 with positive support; otherwise empirical_unknown.","profile_preregistered",TRUE,"paired bootstrap aligned to the same reported gain statistic",TRUE,"Benjamini-Hochberg FDR is computed at dataset level on external_dataset_level_decisions.csv for primary eligible in-regime rows only. Primary alpha=0.05; secondary sensitivity alpha=0.1.","01_results_basic contains compact final results; 02_reports contains generated report files; 03_audit_ready contains full provenance, decisions, oracle audit, and split CSVs; 98_discarded_nonfinal is reserved for obsolete or nonfinal byproducts; 99_recovery_logs contains downloads, checkpoints, temporary recovery outputs, and logs.",0.005,10,TRUE,TRUE
"RD_psych_bfi_auto__depth_bootstrap_full","RD_psych_bfi_auto","rdatasets_psych","https://vincentarelbundock.github.io/Rdatasets/csv/psych/bfi.csv","2026-06-16 15:52:34 -0400",NA,NA,"inline_depth_probe","__auto_numeric__","raw","auto_numeric_column; rdatasets_rows=2800; rdatasets_n_numeric=28; depth_probe=bootstrap_full","empirical_public",2800,1.04973248974259,0.783921404024825,"strictly_positive",28.7575,TRUE,NA,"Rdatasets public catalog: psych bfi - 25 Personality items representing 5 factors ; doc=https://vincentarelbundock.github.io/Rdatasets/doc/psych/bfi.html V5 secondary within-dataset depth probe; not independent N.","TAX-Q1R019","original_regime",25,0.15,4.5,"clustered_upper",1000,1000,"0.15|4.5|clustered_upper","endogenous",3,500,500,"mom_k5",5.59301495,8.04148374999999,NA,500,150,150,258,2542,"V5_audit_ready",TRUE,"Pre-registered empirical profile gate: bounded/proportion by hint/domain; zero-inflated/count by hint/domain; normal_like when abs(skew)<=0.50 and excess_kurtosis<=1.00; heavy_tail_symmetric when abs(skew)<=1.00 and excess_kurtosis>3.00; lognormal_like when skew>1.00 with positive support; weibull_like when skew>0.50 with positive support; otherwise empirical_unknown.","profile_preregistered",TRUE,"paired bootstrap aligned to the same reported gain statistic",TRUE,"Benjamini-Hochberg FDR is computed at dataset level on external_dataset_level_decisions.csv for primary eligible in-regime rows only. Primary alpha=0.05; secondary sensitivity alpha=0.1.","01_results_basic contains compact final results; 02_reports contains generated report files; 03_audit_ready contains full provenance, decisions, oracle audit, and split CSVs; 98_discarded_nonfinal is reserved for obsolete or nonfinal byproducts; 99_recovery_logs contains downloads, checkpoints, temporary recovery outputs, and logs.",0.005,10,TRUE,TRUE
"RD_psych_bfi_auto__depth_bootstrap_full","RD_psych_bfi_auto","rdatasets_psych","https://vincentarelbundock.github.io/Rdatasets/csv/psych/bfi.csv","2026-06-16 15:52:34 -0400",NA,NA,"inline_depth_probe","__auto_numeric__","raw","auto_numeric_column; rdatasets_rows=2800; rdatasets_n_numeric=28; depth_probe=bootstrap_full","empirical_public",2800,1.04973248974259,0.783921404024825,"strictly_positive",28.7575,TRUE,NA,"Rdatasets public catalog: psych bfi - 25 Personality items representing 5 factors ; doc=https://vincentarelbundock.github.io/Rdatasets/doc/psych/bfi.html V5 secondary within-dataset depth probe; not independent N.","TAX-Q1R019","original_regime",3,0.15,6,"clustered_upper",300,300,"0.15|6|clustered_upper","endogenous",3,500,500,"mom_k5",5.24347541666667,10.7201673611111,NA,500,45,45,258,2542,"V5_audit_ready",TRUE,"Pre-registered empirical profile gate: bounded/proportion by hint/domain; zero-inflated/count by hint/domain; normal_like when abs(skew)<=0.50 and excess_kurtosis<=1.00; heavy_tail_symmetric when abs(skew)<=1.00 and excess_kurtosis>3.00; lognormal_like when skew>1.00 with positive support; weibull_like when skew>0.50 with positive support; otherwise empirical_unknown.","profile_preregistered",TRUE,"paired bootstrap aligned to the same reported gain statistic",TRUE,"Benjamini-Hochberg FDR is computed at dataset level on external_dataset_level_decisions.csv for primary eligible in-regime rows only. Primary alpha=0.05; secondary sensitivity alpha=0.1.","01_results_basic contains compact final results; 02_reports contains generated report files; 03_audit_ready contains full provenance, decisions, oracle audit, and split CSVs; 98_discarded_nonfinal is reserved for obsolete or nonfinal byproducts; 99_recovery_logs contains downloads, checkpoints, temporary recovery outputs, and logs.",0.005,10,TRUE,TRUE
"RD_psych_bfi_auto__depth_bootstrap_full","RD_psych_bfi_auto","rdatasets_psych","https://vincentarelbundock.github.io/Rdatasets/csv/psych/bfi.csv","2026-06-16 15:52:34 -0400",NA,NA,"inline_depth_probe","__auto_numeric__","raw","auto_numeric_column; rdatasets_rows=2800; rdatasets_n_numeric=28; depth_probe=bootstrap_full","empirical_public",2800,1.04973248974259,0.783921404024825,"strictly_positive",28.7575,TRUE,NA,"Rdatasets public catalog: psych bfi - 25 Personality items representing 5 factors ; doc=https://vincentarelbundock.github.io/Rdatasets/doc/psych/bfi.html V5 secondary within-dataset depth probe; not independent N.","TAX-Q1R019","original_regime",15,0.15,6,"clustered_upper",500,500,"0.15|6|clustered_upper","endogenous",3,500,500,"mom_k5",5.29348515,8.90427875,NA,500,75,75,258,2542,"V5_audit_ready",TRUE,"Pre-registered empirical profile gate: bounded/proportion by hint/domain; zero-inflated/count by hint/domain; normal_like when abs(skew)<=0.50 and excess_kurtosis<=1.00; heavy_tail_symmetric when abs(skew)<=1.00 and excess_kurtosis>3.00; lognormal_like when skew>1.00 with positive support; weibull_like when skew>0.50 with positive support; otherwise empirical_unknown.","profile_preregistered",TRUE,"paired bootstrap aligned to the same reported gain statistic",TRUE,"Benjamini-Hochberg FDR is computed at dataset level on external_dataset_level_decisions.csv for primary eligible in-regime rows only. Primary alpha=0.05; secondary sensitivity alpha=0.1.","01_results_basic contains compact final results; 02_reports contains generated report files; 03_audit_ready contains full provenance, decisions, oracle audit, and split CSVs; 98_discarded_nonfinal is reserved for obsolete or nonfinal byproducts; 99_recovery_logs contains downloads, checkpoints, temporary recovery outputs, and logs.",0.005,10,TRUE,TRUE
"RD_psych_bfi_auto__depth_bootstrap_full","RD_psych_bfi_auto","rdatasets_psych","https://vincentarelbundock.github.io/Rdatasets/csv/psych/bfi.csv","2026-06-16 15:52:34 -0400",NA,NA,"inline_depth_probe","__auto_numeric__","raw","auto_numeric_column; rdatasets_rows=2800; rdatasets_n_numeric=28; depth_probe=bootstrap_full","empirical_public",2800,1.04973248974259,0.783921404024825,"strictly_positive",28.7575,TRUE,NA,"Rdatasets public catalog: psych bfi - 25 Personality items representing 5 factors ; doc=https://vincentarelbundock.github.io/Rdatasets/doc/psych/bfi.html V5 secondary within-dataset depth probe; not independent N.","TAX-Q1R019","original_regime",27,0.15,6,"clustered_upper",1000,1000,"0.15|6|clustered_upper","endogenous",3,500,500,"mom_k5",5.44506915,7.87223875000001,NA,500,150,150,258,2542,"V5_audit_ready",TRUE,"Pre-registered empirical profile gate: bounded/proportion by hint/domain; zero-inflated/count by hint/domain; normal_like when abs(skew)<=0.50 and excess_kurtosis<=1.00; heavy_tail_symmetric when abs(skew)<=1.00 and excess_kurtosis>3.00; lognormal_like when skew>1.00 with positive support; weibull_like when skew>0.50 with positive support; otherwise empirical_unknown.","profile_preregistered",TRUE,"paired bootstrap aligned to the same reported gain statistic",TRUE,"Benjamini-Hochberg FDR is computed at dataset level on external_dataset_level_decisions.csv for primary eligible in-regime rows only. Primary alpha=0.05; secondary sensitivity alpha=0.1.","01_results_basic contains compact final results; 02_reports contains generated report files; 03_audit_ready contains full provenance, decisions, oracle audit, and split CSVs; 98_discarded_nonfinal is reserved for obsolete or nonfinal byproducts; 99_recovery_logs contains downloads, checkpoints, temporary recovery outputs, and logs.",0.005,10,TRUE,TRUE
"RD_psych_bfi_auto__depth_bootstrap_full","RD_psych_bfi_auto","rdatasets_psych","https://vincentarelbundock.github.io/Rdatasets/csv/psych/bfi.csv","2026-06-16 15:52:34 -0400",NA,NA,"inline_depth_probe","__auto_numeric__","raw","auto_numeric_column; rdatasets_rows=2800; rdatasets_n_numeric=28; depth_probe=bootstrap_full","empirical_public",2800,1.04973248974259,0.783921404024825,"strictly_positive",28.7575,TRUE,NA,"Rdatasets public catalog: psych bfi - 25 Personality items representing 5 factors ; doc=https://vincentarelbundock.github.io/Rdatasets/doc/psych/bfi.html V5 secondary within-dataset depth probe; not independent N.","TAX-Q1R019","original_regime",5,0.15,9,"clustered_upper",300,300,"0.15|9|clustered_upper","endogenous",3,500,500,"mom_k5",5.25434019444445,9.76041736111112,NA,500,45,45,258,2542,"V5_audit_ready",TRUE,"Pre-registered empirical profile gate: bounded/proportion by hint/domain; zero-inflated/count by hint/domain; normal_like when abs(skew)<=0.50 and excess_kurtosis<=1.00; heavy_tail_symmetric when abs(skew)<=1.00 and excess_kurtosis>3.00; lognormal_like when skew>1.00 with positive support; weibull_like when skew>0.50 with positive support; otherwise empirical_unknown.","profile_preregistered",TRUE,"paired bootstrap aligned to the same reported gain statistic",TRUE,"Benjamini-Hochberg FDR is computed at dataset level on external_dataset_level_decisions.csv for primary eligible in-regime rows only. Primary alpha=0.05; secondary sensitivity alpha=0.1.","01_results_basic contains compact final results; 02_reports contains generated report files; 03_audit_ready contains full provenance, decisions, oracle audit, and split CSVs; 98_discarded_nonfinal is reserved for obsolete or nonfinal byproducts; 99_recovery_logs contains downloads, checkpoints, temporary recovery outputs, and logs.",0.005,10,TRUE,TRUE
"RD_psych_bfi_auto__depth_bootstrap_full","RD_psych_bfi_auto","rdatasets_psych","https://vincentarelbundock.github.io/Rdatasets/csv/psych/bfi.csv","2026-06-16 15:52:34 -0400",NA,NA,"inline_depth_probe","__auto_numeric__","raw","auto_numeric_column; rdatasets_rows=2800; rdatasets_n_numeric=28; depth_probe=bootstrap_full","empirical_public",2800,1.04973248974259,0.783921404024825,"strictly_positive",28.7575,TRUE,NA,"Rdatasets public catalog: psych bfi - 25 Personality items representing 5 factors ; doc=https://vincentarelbundock.github.io/Rdatasets/doc/psych/bfi.html V5 secondary within-dataset depth probe; not independent N.","TAX-Q1R019","original_regime",17,0.15,9,"clustered_upper",500,500,"0.15|9|clustered_upper","endogenous",3,500,500,"mom_k5",5.32679815,9.08421875000001,NA,500,75,75,258,2542,"V5_audit_ready",TRUE,"Pre-registered empirical profile gate: bounded/proportion by hint/domain; zero-inflated/count by hint/domain; normal_like when abs(skew)<=0.50 and excess_kurtosis<=1.00; heavy_tail_symmetric when abs(skew)<=1.00 and excess_kurtosis>3.00; lognormal_like when skew>1.00 with positive support; weibull_like when skew>0.50 with positive support; otherwise empirical_unknown.","profile_preregistered",TRUE,"paired bootstrap aligned to the same reported gain statistic",TRUE,"Benjamini-Hochberg FDR is computed at dataset level on external_dataset_level_decisions.csv for primary eligible in-regime rows only. Primary alpha=0.05; secondary sensitivity alpha=0.1.","01_results_basic contains compact final results; 02_reports contains generated report files; 03_audit_ready contains full provenance, decisions, oracle audit, and split CSVs; 98_discarded_nonfinal is reserved for obsolete or nonfinal byproducts; 99_recovery_logs contains downloads, checkpoints, temporary recovery outputs, and logs.",0.005,10,TRUE,TRUE
"RD_psych_bfi_auto__depth_bootstrap_full","RD_psych_bfi_auto","rdatasets_psych","https://vincentarelbundock.github.io/Rdatasets/csv/psych/bfi.csv","2026-06-16 15:52:34 -0400",NA,NA,"inline_depth_probe","__auto_numeric__","raw","auto_numeric_column; rdatasets_rows=2800; rdatasets_n_numeric=28; depth_probe=bootstrap_full","empirical_public",2800,1.04973248974259,0.783921404024825,"strictly_positive",28.7575,TRUE,NA,"Rdatasets public catalog: psych bfi - 25 Personality items representing 5 factors ; doc=https://vincentarelbundock.github.io/Rdatasets/doc/psych/bfi.html V5 secondary within-dataset depth probe; not independent N.","TAX-Q1R019","original_regime",29,0.15,9,"clustered_upper",1000,1000,"0.15|9|clustered_upper","endogenous",3,500,500,"mom_k5",5.51634705,8.05140624999999,NA,500,150,150,258,2542,"V5_audit_ready",TRUE,"Pre-registered empirical profile gate: bounded/proportion by hint/domain; zero-inflated/count by hint/domain; normal_like when abs(skew)<=0.50 and excess_kurtosis<=1.00; heavy_tail_symmetric when abs(skew)<=1.00 and excess_kurtosis>3.00; lognormal_like when skew>1.00 with positive support; weibull_like when skew>0.50 with positive support; otherwise empirical_unknown.","profile_preregistered",TRUE,"paired bootstrap aligned to the same reported gain statistic",TRUE,"Benjamini-Hochberg FDR is computed at dataset level on external_dataset_level_decisions.csv for primary eligible in-regime rows only. Primary alpha=0.05; secondary sensitivity alpha=0.1.","01_results_basic contains compact final results; 02_reports contains generated report files; 03_audit_ready contains full provenance, decisions, oracle audit, and split CSVs; 98_discarded_nonfinal is reserved for obsolete or nonfinal byproducts; 99_recovery_logs contains downloads, checkpoints, temporary recovery outputs, and logs.",0.005,10,TRUE,TRUE
"RD_psych_bfi_auto__depth_bootstrap_full","RD_psych_bfi_auto","rdatasets_psych","https://vincentarelbundock.github.io/Rdatasets/csv/psych/bfi.csv","2026-06-16 15:52:34 -0400",NA,NA,"inline_depth_probe","__auto_numeric__","raw","auto_numeric_column; rdatasets_rows=2800; rdatasets_n_numeric=28; depth_probe=bootstrap_full","empirical_public",2800,1.04973248974259,0.783921404024825,"strictly_positive",28.7575,TRUE,NA,"Rdatasets public catalog: psych bfi - 25 Personality items representing 5 factors ; doc=https://vincentarelbundock.github.io/Rdatasets/doc/psych/bfi.html V5 secondary within-dataset depth probe; not independent N.","TAX-Q1R019","original_regime",7,0.15,12,"clustered_upper",300,300,"0.15|12|clustered_upper","endogenous",3,800,500,"mom_k5",5.19418256944445,10.1814173611111,NA,800,45,45,258,2542,"V5_audit_ready",TRUE,"Pre-registered empirical profile gate: bounded/proportion by hint/domain; zero-inflated/count by hint/domain; normal_like when abs(skew)<=0.50 and excess_kurtosis<=1.00; heavy_tail_symmetric when abs(skew)<=1.00 and excess_kurtosis>3.00; lognormal_like when skew>1.00 with positive support; weibull_like when skew>0.50 with positive support; otherwise empirical_unknown.","profile_preregistered",TRUE,"paired bootstrap aligned to the same reported gain statistic",TRUE,"Benjamini-Hochberg FDR is computed at dataset level on external_dataset_level_decisions.csv for primary eligible in-regime rows only. Primary alpha=0.05; secondary sensitivity alpha=0.1.","01_results_basic contains compact final results; 02_reports contains generated report files; 03_audit_ready contains full provenance, decisions, oracle audit, and split CSVs; 98_discarded_nonfinal is reserved for obsolete or nonfinal byproducts; 99_recovery_logs contains downloads, checkpoints, temporary recovery outputs, and logs.",0.005,10,TRUE,TRUE
"RD_psych_bfi_auto__depth_bootstrap_full","RD_psych_bfi_auto","rdatasets_psych","https://vincentarelbundock.github.io/Rdatasets/csv/psych/bfi.csv","2026-06-16 15:52:34 -0400",NA,NA,"inline_depth_probe","__auto_numeric__","raw","auto_numeric_column; rdatasets_rows=2800; rdatasets_n_numeric=28; depth_probe=bootstrap_full","empirical_public",2800,1.04973248974259,0.783921404024825,"strictly_positive",28.7575,TRUE,NA,"Rdatasets public catalog: psych bfi - 25 Personality items representing 5 factors ; doc=https://vincentarelbundock.github.io/Rdatasets/doc/psych/bfi.html V5 secondary within-dataset depth probe; not independent N.","TAX-Q1R019","original_regime",9,0.15,15,"clustered_upper",300,300,"0.15|15|clustered_upper","endogenous",3,800,500,"mom_k5",5.17106114583333,9.93306597222221,NA,800,45,45,258,2542,"V5_audit_ready",TRUE,"Pre-registered empirical profile gate: bounded/proportion by hint/domain; zero-inflated/count by hint/domain; normal_like when abs(skew)<=0.50 and excess_kurtosis<=1.00; heavy_tail_symmetric when abs(skew)<=1.00 and excess_kurtosis>3.00; lognormal_like when skew>1.00 with positive support; weibull_like when skew>0.50 with positive support; otherwise empirical_unknown.","profile_preregistered",TRUE,"paired bootstrap aligned to the same reported gain statistic",TRUE,"Benjamini-Hochberg FDR is computed at dataset level on external_dataset_level_decisions.csv for primary eligible in-regime rows only. Primary alpha=0.05; secondary sensitivity alpha=0.1.","01_results_basic contains compact final results; 02_reports contains generated report files; 03_audit_ready contains full provenance, decisions, oracle audit, and split CSVs; 98_discarded_nonfinal is reserved for obsolete or nonfinal byproducts; 99_recovery_logs contains downloads, checkpoints, temporary recovery outputs, and logs.",0.005,10,TRUE,TRUE
"RD_psych_bfi_auto__depth_bootstrap_full","RD_psych_bfi_auto","rdatasets_psych","https://vincentarelbundock.github.io/Rdatasets/csv/psych/bfi.csv","2026-06-16 15:52:34 -0400",NA,NA,"inline_depth_probe","__auto_numeric__","raw","auto_numeric_column; rdatasets_rows=2800; rdatasets_n_numeric=28; depth_probe=bootstrap_full","empirical_public",2800,1.04973248974259,0.783921404024825,"strictly_positive",28.7575,TRUE,NA,"Rdatasets public catalog: psych bfi - 25 Personality items representing 5 factors ; doc=https://vincentarelbundock.github.io/Rdatasets/doc/psych/bfi.html V5 secondary within-dataset depth probe; not independent N.","TAX-Q1R019","original_regime",8,0.2,12,"clustered_upper",300,300,"0.2|12|clustered_upper","endogenous",3,800,500,"mom_k5",5.27132260416667,10.4652881944444,NA,800,60,60,258,2542,"V5_audit_ready",TRUE,"Pre-registered empirical profile gate: bounded/proportion by hint/domain; zero-inflated/count by hint/domain; normal_like when abs(skew)<=0.50 and excess_kurtosis<=1.00; heavy_tail_symmetric when abs(skew)<=1.00 and excess_kurtosis>3.00; lognormal_like when skew>1.00 with positive support; weibull_like when skew>0.50 with positive support; otherwise empirical_unknown.","profile_preregistered",TRUE,"paired bootstrap aligned to the same reported gain statistic",TRUE,"Benjamini-Hochberg FDR is computed at dataset level on external_dataset_level_decisions.csv for primary eligible in-regime rows only. Primary alpha=0.05; secondary sensitivity alpha=0.1.","01_results_basic contains compact final results; 02_reports contains generated report files; 03_audit_ready contains full provenance, decisions, oracle audit, and split CSVs; 98_discarded_nonfinal is reserved for obsolete or nonfinal byproducts; 99_recovery_logs contains downloads, checkpoints, temporary recovery outputs, and logs.",0.005,10,TRUE,TRUE
"RD_psych_bfi_auto__depth_bootstrap_full","RD_psych_bfi_auto","rdatasets_psych","https://vincentarelbundock.github.io/Rdatasets/csv/psych/bfi.csv","2026-06-16 15:52:34 -0400",NA,NA,"inline_depth_probe","__auto_numeric__","raw","auto_numeric_column; rdatasets_rows=2800; rdatasets_n_numeric=28; depth_probe=bootstrap_full","empirical_public",2800,1.04973248974259,0.783921404024825,"strictly_positive",28.7575,TRUE,NA,"Rdatasets public catalog: psych bfi - 25 Personality items representing 5 factors ; doc=https://vincentarelbundock.github.io/Rdatasets/doc/psych/bfi.html V5 secondary within-dataset depth probe; not independent N.","TAX-Q1R019","original_regime",20,0.2,12,"clustered_upper",500,500,"0.2|12|clustered_upper","endogenous",3,800,500,"mom_k5",5.3557414375,8.92515625,NA,800,100,100,258,2542,"V5_audit_ready",TRUE,"Pre-registered empirical profile gate: bounded/proportion by hint/domain; zero-inflated/count by hint/domain; normal_like when abs(skew)<=0.50 and excess_kurtosis<=1.00; heavy_tail_symmetric when abs(skew)<=1.00 and excess_kurtosis>3.00; lognormal_like when skew>1.00 with positive support; weibull_like when skew>0.50 with positive support; otherwise empirical_unknown.","profile_preregistered",TRUE,"paired bootstrap aligned to the same reported gain statistic",TRUE,"Benjamini-Hochberg FDR is computed at dataset level on external_dataset_level_decisions.csv for primary eligible in-regime rows only. Primary alpha=0.05; secondary sensitivity alpha=0.1.","01_results_basic contains compact final results; 02_reports contains generated report files; 03_audit_ready contains full provenance, decisions, oracle audit, and split CSVs; 98_discarded_nonfinal is reserved for obsolete or nonfinal byproducts; 99_recovery_logs contains downloads, checkpoints, temporary recovery outputs, and logs.",0.005,10,TRUE,TRUE
"RD_psych_bfi_auto__depth_bootstrap_full","RD_psych_bfi_auto","rdatasets_psych","https://vincentarelbundock.github.io/Rdatasets/csv/psych/bfi.csv","2026-06-16 15:52:34 -0400",NA,NA,"inline_depth_probe","__auto_numeric__","raw","auto_numeric_column; rdatasets_rows=2800; rdatasets_n_numeric=28; depth_probe=bootstrap_full","empirical_public",2800,1.04973248974259,0.783921404024825,"strictly_positive",28.7575,TRUE,NA,"Rdatasets public catalog: psych bfi - 25 Personality items representing 5 factors ; doc=https://vincentarelbundock.github.io/Rdatasets/doc/psych/bfi.html V5 secondary within-dataset depth probe; not independent N.","TAX-Q1R019","original_regime",32,0.2,12,"clustered_upper",1000,1000,"0.2|12|clustered_upper","endogenous",3,800,500,"mom_k5",5.515697625,8.10825625,NA,800,200,200,258,2542,"V5_audit_ready",TRUE,"Pre-registered empirical profile gate: bounded/proportion by hint/domain; zero-inflated/count by hint/domain; normal_like when abs(skew)<=0.50 and excess_kurtosis<=1.00; heavy_tail_symmetric when abs(skew)<=1.00 and excess_kurtosis>3.00; lognormal_like when skew>1.00 with positive support; weibull_like when skew>0.50 with positive support; otherwise empirical_unknown.","profile_preregistered",TRUE,"paired bootstrap aligned to the same reported gain statistic",TRUE,"Benjamini-Hochberg FDR is computed at dataset level on external_dataset_level_decisions.csv for primary eligible in-regime rows only. Primary alpha=0.05; secondary sensitivity alpha=0.1.","01_results_basic contains compact final results; 02_reports contains generated report files; 03_audit_ready contains full provenance, decisions, oracle audit, and split CSVs; 98_discarded_nonfinal is reserved for obsolete or nonfinal byproducts; 99_recovery_logs contains downloads, checkpoints, temporary recovery outputs, and logs.",0.005,10,TRUE,TRUE
"RD_psych_bfi_auto__depth_bootstrap_full","RD_psych_bfi_auto","rdatasets_psych","https://vincentarelbundock.github.io/Rdatasets/csv/psych/bfi.csv","2026-06-16 15:52:34 -0400",NA,NA,"inline_depth_probe","__auto_numeric__","raw","auto_numeric_column; rdatasets_rows=2800; rdatasets_n_numeric=28; depth_probe=bootstrap_full","empirical_public",2800,1.04973248974259,0.783921404024825,"strictly_positive",28.7575,TRUE,NA,"Rdatasets public catalog: psych bfi - 25 Personality items representing 5 factors ; doc=https://vincentarelbundock.github.io/Rdatasets/doc/psych/bfi.html V5 secondary within-dataset depth probe; not independent N.","TAX-Q1R019","original_regime",10,0.2,15,"clustered_upper",300,300,"0.2|15|clustered_upper","endogenous",3,800,500,"mom_k5",5.12982017361111,10.5030006944445,NA,800,60,60,258,2542,"V5_audit_ready",TRUE,"Pre-registered empirical profile gate: bounded/proportion by hint/domain; zero-inflated/count by hint/domain; normal_like when abs(skew)<=0.50 and excess_kurtosis<=1.00; heavy_tail_symmetric when abs(skew)<=1.00 and excess_kurtosis>3.00; lognormal_like when skew>1.00 with positive support; weibull_like when skew>0.50 with positive support; otherwise empirical_unknown.","profile_preregistered",TRUE,"paired bootstrap aligned to the same reported gain statistic",TRUE,"Benjamini-Hochberg FDR is computed at dataset level on external_dataset_level_decisions.csv for primary eligible in-regime rows only. Primary alpha=0.05; secondary sensitivity alpha=0.1.","01_results_basic contains compact final results; 02_reports contains generated report files; 03_audit_ready contains full provenance, decisions, oracle audit, and split CSVs; 98_discarded_nonfinal is reserved for obsolete or nonfinal byproducts; 99_recovery_logs contains downloads, checkpoints, temporary recovery outputs, and logs.",0.005,10,TRUE,TRUE
"RD_psych_bfi_auto__depth_bootstrap_full","RD_psych_bfi_auto","rdatasets_psych","https://vincentarelbundock.github.io/Rdatasets/csv/psych/bfi.csv","2026-06-16 15:52:34 -0400",NA,NA,"inline_depth_probe","__auto_numeric__","raw","auto_numeric_column; rdatasets_rows=2800; rdatasets_n_numeric=28; depth_probe=bootstrap_full","empirical_public",2800,1.04973248974259,0.783921404024825,"strictly_positive",28.7575,TRUE,NA,"Rdatasets public catalog: psych bfi - 25 Personality items representing 5 factors ; doc=https://vincentarelbundock.github.io/Rdatasets/doc/psych/bfi.html V5 secondary within-dataset depth probe; not independent N.","TAX-Q1R019","original_regime",22,0.2,15,"clustered_upper",500,500,"0.2|15|clustered_upper","endogenous",3,800,500,"mom_k5",5.3303584375,8.90427875,NA,800,100,100,258,2542,"V5_audit_ready",TRUE,"Pre-registered empirical profile gate: bounded/proportion by hint/domain; zero-inflated/count by hint/domain; normal_like when abs(skew)<=0.50 and excess_kurtosis<=1.00; heavy_tail_symmetric when abs(skew)<=1.00 and excess_kurtosis>3.00; lognormal_like when skew>1.00 with positive support; weibull_like when skew>0.50 with positive support; otherwise empirical_unknown.","profile_preregistered",TRUE,"paired bootstrap aligned to the same reported gain statistic",TRUE,"Benjamini-Hochberg FDR is computed at dataset level on external_dataset_level_decisions.csv for primary eligible in-regime rows only. Primary alpha=0.05; secondary sensitivity alpha=0.1.","01_results_basic contains compact final results; 02_reports contains generated report files; 03_audit_ready contains full provenance, decisions, oracle audit, and split CSVs; 98_discarded_nonfinal is reserved for obsolete or nonfinal byproducts; 99_recovery_logs contains downloads, checkpoints, temporary recovery outputs, and logs.",0.005,10,TRUE,TRUE
"RD_psych_bfi_auto__depth_bootstrap_full","RD_psych_bfi_auto","rdatasets_psych","https://vincentarelbundock.github.io/Rdatasets/csv/psych/bfi.csv","2026-06-16 15:52:34 -0400",NA,NA,"inline_depth_probe","__auto_numeric__","raw","auto_numeric_column; rdatasets_rows=2800; rdatasets_n_numeric=28; depth_probe=bootstrap_full","empirical_public",2800,1.04973248974259,0.783921404024825,"strictly_positive",28.7575,TRUE,NA,"Rdatasets public catalog: psych bfi - 25 Personality items representing 5 factors ; doc=https://vincentarelbundock.github.io/Rdatasets/doc/psych/bfi.html V5 secondary within-dataset depth probe; not independent N.","TAX-Q1R019","original_regime",34,0.2,15,"clustered_upper",1000,1000,"0.2|15|clustered_upper","endogenous",3,800,500,"mom_k5",5.49473475,8.13675625,NA,800,200,200,258,2542,"V5_audit_ready",TRUE,"Pre-registered empirical profile gate: bounded/proportion by hint/domain; zero-inflated/count by hint/domain; normal_like when abs(skew)<=0.50 and excess_kurtosis<=1.00; heavy_tail_symmetric when abs(skew)<=1.00 and excess_kurtosis>3.00; lognormal_like when skew>1.00 with positive support; weibull_like when skew>0.50 with positive support; otherwise empirical_unknown.","profile_preregistered",TRUE,"paired bootstrap aligned to the same reported gain statistic",TRUE,"Benjamini-Hochberg FDR is computed at dataset level on external_dataset_level_decisions.csv for primary eligible in-regime rows only. Primary alpha=0.05; secondary sensitivity alpha=0.1.","01_results_basic contains compact final results; 02_reports contains generated report files; 03_audit_ready contains full provenance, decisions, oracle audit, and split CSVs; 98_discarded_nonfinal is reserved for obsolete or nonfinal byproducts; 99_recovery_logs contains downloads, checkpoints, temporary recovery outputs, and logs.",0.005,10,TRUE,TRUE
"RD_psych_bfi_auto__depth_bootstrap_full","RD_psych_bfi_auto","rdatasets_psych","https://vincentarelbundock.github.io/Rdatasets/csv/psych/bfi.csv","2026-06-16 15:52:34 -0400",NA,NA,"inline_depth_probe","__auto_numeric__","raw","auto_numeric_column; rdatasets_rows=2800; rdatasets_n_numeric=28; depth_probe=bootstrap_full","empirical_public",2800,1.04973248974259,0.783921404024825,"strictly_positive",28.7575,TRUE,NA,"Rdatasets public catalog: psych bfi - 25 Personality items representing 5 factors ; doc=https://vincentarelbundock.github.io/Rdatasets/doc/psych/bfi.html V5 secondary within-dataset depth probe; not independent N.","TAX-Q1R019","original_regime",12,0.2,20,"clustered_upper",300,300,"0.2|20|clustered_upper","endogenous",3,800,500,"mom_k5",5.13255503472222,9.96980624999999,NA,800,60,60,258,2542,"V5_audit_ready",TRUE,"Pre-registered empirical profile gate: bounded/proportion by hint/domain; zero-inflated/count by hint/domain; normal_like when abs(skew)<=0.50 and excess_kurtosis<=1.00; heavy_tail_symmetric when abs(skew)<=1.00 and excess_kurtosis>3.00; lognormal_like when skew>1.00 with positive support; weibull_like when skew>0.50 with positive support; otherwise empirical_unknown.","profile_preregistered",TRUE,"paired bootstrap aligned to the same reported gain statistic",TRUE,"Benjamini-Hochberg FDR is computed at dataset level on external_dataset_level_decisions.csv for primary eligible in-regime rows only. Primary alpha=0.05; secondary sensitivity alpha=0.1.","01_results_basic contains compact final results; 02_reports contains generated report files; 03_audit_ready contains full provenance, decisions, oracle audit, and split CSVs; 98_discarded_nonfinal is reserved for obsolete or nonfinal byproducts; 99_recovery_logs contains downloads, checkpoints, temporary recovery outputs, and logs.",0.005,10,TRUE,TRUE
"RD_psych_bfi_auto__depth_bootstrap_full","RD_psych_bfi_auto","rdatasets_psych","https://vincentarelbundock.github.io/Rdatasets/csv/psych/bfi.csv","2026-06-16 15:52:34 -0400",NA,NA,"inline_depth_probe","__auto_numeric__","raw","auto_numeric_column; rdatasets_rows=2800; rdatasets_n_numeric=28; depth_probe=bootstrap_full","empirical_public",2800,1.04973248974259,0.783921404024825,"strictly_positive",28.7575,TRUE,NA,"Rdatasets public catalog: psych bfi - 25 Personality items representing 5 factors ; doc=https://vincentarelbundock.github.io/Rdatasets/doc/psych/bfi.html V5 secondary within-dataset depth probe; not independent N.","TAX-Q1R019","original_regime",24,0.2,20,"clustered_upper",500,500,"0.2|20|clustered_upper","endogenous",3,800,500,"mom_k5",5.36197675,9.04505625,NA,800,100,100,258,2542,"V5_audit_ready",TRUE,"Pre-registered empirical profile gate: bounded/proportion by hint/domain; zero-inflated/count by hint/domain; normal_like when abs(skew)<=0.50 and excess_kurtosis<=1.00; heavy_tail_symmetric when abs(skew)<=1.00 and excess_kurtosis>3.00; lognormal_like when skew>1.00 with positive support; weibull_like when skew>0.50 with positive support; otherwise empirical_unknown.","profile_preregistered",TRUE,"paired bootstrap aligned to the same reported gain statistic",TRUE,"Benjamini-Hochberg FDR is computed at dataset level on external_dataset_level_decisions.csv for primary eligible in-regime rows only. Primary alpha=0.05; secondary sensitivity alpha=0.1.","01_results_basic contains compact final results; 02_reports contains generated report files; 03_audit_ready contains full provenance, decisions, oracle audit, and split CSVs; 98_discarded_nonfinal is reserved for obsolete or nonfinal byproducts; 99_recovery_logs contains downloads, checkpoints, temporary recovery outputs, and logs.",0.005,10,TRUE,TRUE
"RD_psych_bfi_auto__depth_bootstrap_full","RD_psych_bfi_auto","rdatasets_psych","https://vincentarelbundock.github.io/Rdatasets/csv/psych/bfi.csv","2026-06-16 15:52:34 -0400",NA,NA,"inline_depth_probe","__auto_numeric__","raw","auto_numeric_column; rdatasets_rows=2800; rdatasets_n_numeric=28; depth_probe=bootstrap_full","empirical_public",2800,1.04973248974259,0.783921404024825,"strictly_positive",28.7575,TRUE,NA,"Rdatasets public catalog: psych bfi - 25 Personality items representing 5 factors ; doc=https://vincentarelbundock.github.io/Rdatasets/doc/psych/bfi.html V5 secondary within-dataset depth probe; not independent N.","TAX-Q1R019","original_regime",36,0.2,20,"clustered_upper",1000,1000,"0.2|20|clustered_upper","endogenous",3,800,500,"mom_k5",5.4810875,7.77015625000001,NA,800,200,200,258,2542,"V5_audit_ready",TRUE,"Pre-registered empirical profile gate: bounded/proportion by hint/domain; zero-inflated/count by hint/domain; normal_like when abs(skew)<=0.50 and excess_kurtosis<=1.00; heavy_tail_symmetric when abs(skew)<=1.00 and excess_kurtosis>3.00; lognormal_like when skew>1.00 with positive support; weibull_like when skew>0.50 with positive support; otherwise empirical_unknown.","profile_preregistered",TRUE,"paired bootstrap aligned to the same reported gain statistic",TRUE,"Benjamini-Hochberg FDR is computed at dataset level on external_dataset_level_decisions.csv for primary eligible in-regime rows only. Primary alpha=0.05; secondary sensitivity alpha=0.1.","01_results_basic contains compact final results; 02_reports contains generated report files; 03_audit_ready contains full provenance, decisions, oracle audit, and split CSVs; 98_discarded_nonfinal is reserved for obsolete or nonfinal byproducts; 99_recovery_logs contains downloads, checkpoints, temporary recovery outputs, and logs.",0.005,10,TRUE,TRUE
"RD_psych_bfi_auto__depth_bootstrap_full","RD_psych_bfi_auto","rdatasets_psych","https://vincentarelbundock.github.io/Rdatasets/csv/psych/bfi.csv","2026-06-16 15:52:34 -0400",NA,NA,"inline_depth_probe","__auto_numeric__","raw","auto_numeric_column; rdatasets_rows=2800; rdatasets_n_numeric=28; depth_probe=bootstrap_full","empirical_public",2800,1.04973248974259,0.783921404024825,"strictly_positive",28.7575,TRUE,NA,"Rdatasets public catalog: psych bfi - 25 Personality items representing 5 factors ; doc=https://vincentarelbundock.github.io/Rdatasets/doc/psych/bfi.html V5 secondary within-dataset depth probe; not independent N.","TAX-Q1R019","original_regime",2,0.2,4.5,"clustered_upper",300,300,"0.2|4.5|clustered_upper","endogenous",3,800,500,"mom_k5",5.23000986111111,10.0753340277778,NA,800,60,60,258,2542,"V5_audit_ready",TRUE,"Pre-registered empirical profile gate: bounded/proportion by hint/domain; zero-inflated/count by hint/domain; normal_like when abs(skew)<=0.50 and excess_kurtosis<=1.00; heavy_tail_symmetric when abs(skew)<=1.00 and excess_kurtosis>3.00; lognormal_like when skew>1.00 with positive support; weibull_like when skew>0.50 with positive support; otherwise empirical_unknown.","profile_preregistered",TRUE,"paired bootstrap aligned to the same reported gain statistic",TRUE,"Benjamini-Hochberg FDR is computed at dataset level on external_dataset_level_decisions.csv for primary eligible in-regime rows only. Primary alpha=0.05; secondary sensitivity alpha=0.1.","01_results_basic contains compact final results; 02_reports contains generated report files; 03_audit_ready contains full provenance, decisions, oracle audit, and split CSVs; 98_discarded_nonfinal is reserved for obsolete or nonfinal byproducts; 99_recovery_logs contains downloads, checkpoints, temporary recovery outputs, and logs.",0.005,10,TRUE,TRUE
"RD_psych_bfi_auto__depth_bootstrap_full","RD_psych_bfi_auto","rdatasets_psych","https://vincentarelbundock.github.io/Rdatasets/csv/psych/bfi.csv","2026-06-16 15:52:34 -0400",NA,NA,"inline_depth_probe","__auto_numeric__","raw","auto_numeric_column; rdatasets_rows=2800; rdatasets_n_numeric=28; depth_probe=bootstrap_full","empirical_public",2800,1.04973248974259,0.783921404024825,"strictly_positive",28.7575,TRUE,NA,"Rdatasets public catalog: psych bfi - 25 Personality items representing 5 factors ; doc=https://vincentarelbundock.github.io/Rdatasets/doc/psych/bfi.html V5 secondary within-dataset depth probe; not independent N.","TAX-Q1R019","original_regime",14,0.2,4.5,"clustered_upper",500,500,"0.2|4.5|clustered_upper","endogenous",3,800,500,"mom_k5",5.2888875625,9.10530625000001,NA,800,100,100,258,2542,"V5_audit_ready",TRUE,"Pre-registered empirical profile gate: bounded/proportion by hint/domain; zero-inflated/count by hint/domain; normal_like when abs(skew)<=0.50 and excess_kurtosis<=1.00; heavy_tail_symmetric when abs(skew)<=1.00 and excess_kurtosis>3.00; lognormal_like when skew>1.00 with positive support; weibull_like when skew>0.50 with positive support; otherwise empirical_unknown.","profile_preregistered",TRUE,"paired bootstrap aligned to the same reported gain statistic",TRUE,"Benjamini-Hochberg FDR is computed at dataset level on external_dataset_level_decisions.csv for primary eligible in-regime rows only. Primary alpha=0.05; secondary sensitivity alpha=0.1.","01_results_basic contains compact final results; 02_reports contains generated report files; 03_audit_ready contains full provenance, decisions, oracle audit, and split CSVs; 98_discarded_nonfinal is reserved for obsolete or nonfinal byproducts; 99_recovery_logs contains downloads, checkpoints, temporary recovery outputs, and logs.",0.005,10,TRUE,TRUE
"RD_psych_bfi_auto__depth_bootstrap_full","RD_psych_bfi_auto","rdatasets_psych","https://vincentarelbundock.github.io/Rdatasets/csv/psych/bfi.csv","2026-06-16 15:52:34 -0400",NA,NA,"inline_depth_probe","__auto_numeric__","raw","auto_numeric_column; rdatasets_rows=2800; rdatasets_n_numeric=28; depth_probe=bootstrap_full","empirical_public",2800,1.04973248974259,0.783921404024825,"strictly_positive",28.7575,TRUE,NA,"Rdatasets public catalog: psych bfi - 25 Personality items representing 5 factors ; doc=https://vincentarelbundock.github.io/Rdatasets/doc/psych/bfi.html V5 secondary within-dataset depth probe; not independent N.","TAX-Q1R019","original_regime",26,0.2,4.5,"clustered_upper",1000,1000,"0.2|4.5|clustered_upper","endogenous",3,800,500,"mom_k5",5.4779819375,8.02169125,NA,800,200,200,258,2542,"V5_audit_ready",TRUE,"Pre-registered empirical profile gate: bounded/proportion by hint/domain; zero-inflated/count by hint/domain; normal_like when abs(skew)<=0.50 and excess_kurtosis<=1.00; heavy_tail_symmetric when abs(skew)<=1.00 and excess_kurtosis>3.00; lognormal_like when skew>1.00 with positive support; weibull_like when skew>0.50 with positive support; otherwise empirical_unknown.","profile_preregistered",TRUE,"paired bootstrap aligned to the same reported gain statistic",TRUE,"Benjamini-Hochberg FDR is computed at dataset level on external_dataset_level_decisions.csv for primary eligible in-regime rows only. Primary alpha=0.05; secondary sensitivity alpha=0.1.","01_results_basic contains compact final results; 02_reports contains generated report files; 03_audit_ready contains full provenance, decisions, oracle audit, and split CSVs; 98_discarded_nonfinal is reserved for obsolete or nonfinal byproducts; 99_recovery_logs contains downloads, checkpoints, temporary recovery outputs, and logs.",0.005,10,TRUE,TRUE
"RD_psych_bfi_auto__depth_bootstrap_full","RD_psych_bfi_auto","rdatasets_psych","https://vincentarelbundock.github.io/Rdatasets/csv/psych/bfi.csv","2026-06-16 15:52:34 -0400",NA,NA,"inline_depth_probe","__auto_numeric__","raw","auto_numeric_column; rdatasets_rows=2800; rdatasets_n_numeric=28; depth_probe=bootstrap_full","empirical_public",2800,1.04973248974259,0.783921404024825,"strictly_positive",28.7575,TRUE,NA,"Rdatasets public catalog: psych bfi - 25 Personality items representing 5 factors ; doc=https://vincentarelbundock.github.io/Rdatasets/doc/psych/bfi.html V5 secondary within-dataset depth probe; not independent N.","TAX-Q1R019","original_regime",4,0.2,6,"clustered_upper",300,300,"0.2|6|clustered_upper","endogenous",3,800,500,"mom_k5",5.26635840277778,10.4652881944444,NA,800,60,60,258,2542,"V5_audit_ready",TRUE,"Pre-registered empirical profile gate: bounded/proportion by hint/domain; zero-inflated/count by hint/domain; normal_like when abs(skew)<=0.50 and excess_kurtosis<=1.00; heavy_tail_symmetric when abs(skew)<=1.00 and excess_kurtosis>3.00; lognormal_like when skew>1.00 with positive support; weibull_like when skew>0.50 with positive support; otherwise empirical_unknown.","profile_preregistered",TRUE,"paired bootstrap aligned to the same reported gain statistic",TRUE,"Benjamini-Hochberg FDR is computed at dataset level on external_dataset_level_decisions.csv for primary eligible in-regime rows only. Primary alpha=0.05; secondary sensitivity alpha=0.1.","01_results_basic contains compact final results; 02_reports contains generated report files; 03_audit_ready contains full provenance, decisions, oracle audit, and split CSVs; 98_discarded_nonfinal is reserved for obsolete or nonfinal byproducts; 99_recovery_logs contains downloads, checkpoints, temporary recovery outputs, and logs.",0.005,10,TRUE,TRUE
"RD_psych_bfi_auto__depth_bootstrap_full","RD_psych_bfi_auto","rdatasets_psych","https://vincentarelbundock.github.io/Rdatasets/csv/psych/bfi.csv","2026-06-16 15:52:34 -0400",NA,NA,"inline_depth_probe","__auto_numeric__","raw","auto_numeric_column; rdatasets_rows=2800; rdatasets_n_numeric=28; depth_probe=bootstrap_full","empirical_public",2800,1.04973248974259,0.783921404024825,"strictly_positive",28.7575,TRUE,NA,"Rdatasets public catalog: psych bfi - 25 Personality items representing 5 factors ; doc=https://vincentarelbundock.github.io/Rdatasets/doc/psych/bfi.html V5 secondary within-dataset depth probe; not independent N.","TAX-Q1R019","original_regime",16,0.2,6,"clustered_upper",500,500,"0.2|6|clustered_upper","endogenous",3,800,500,"mom_k5",5.3368316875,9.16575625,NA,800,100,100,258,2542,"V5_audit_ready",TRUE,"Pre-registered empirical profile gate: bounded/proportion by hint/domain; zero-inflated/count by hint/domain; normal_like when abs(skew)<=0.50 and excess_kurtosis<=1.00; heavy_tail_symmetric when abs(skew)<=1.00 and excess_kurtosis>3.00; lognormal_like when skew>1.00 with positive support; weibull_like when skew>0.50 with positive support; otherwise empirical_unknown.","profile_preregistered",TRUE,"paired bootstrap aligned to the same reported gain statistic",TRUE,"Benjamini-Hochberg FDR is computed at dataset level on external_dataset_level_decisions.csv for primary eligible in-regime rows only. Primary alpha=0.05; secondary sensitivity alpha=0.1.","01_results_basic contains compact final results; 02_reports contains generated report files; 03_audit_ready contains full provenance, decisions, oracle audit, and split CSVs; 98_discarded_nonfinal is reserved for obsolete or nonfinal byproducts; 99_recovery_logs contains downloads, checkpoints, temporary recovery outputs, and logs.",0.005,10,TRUE,TRUE
"RD_psych_bfi_auto__depth_bootstrap_full","RD_psych_bfi_auto","rdatasets_psych","https://vincentarelbundock.github.io/Rdatasets/csv/psych/bfi.csv","2026-06-16 15:52:34 -0400",NA,NA,"inline_depth_probe","__auto_numeric__","raw","auto_numeric_column; rdatasets_rows=2800; rdatasets_n_numeric=28; depth_probe=bootstrap_full","empirical_public",2800,1.04973248974259,0.783921404024825,"strictly_positive",28.7575,TRUE,NA,"Rdatasets public catalog: psych bfi - 25 Personality items representing 5 factors ; doc=https://vincentarelbundock.github.io/Rdatasets/doc/psych/bfi.html V5 secondary within-dataset depth probe; not independent N.","TAX-Q1R019","original_regime",28,0.2,6,"clustered_upper",1000,1000,"0.2|6|clustered_upper","endogenous",3,800,500,"mom_k5",5.518001625,8.06986625,NA,800,200,200,258,2542,"V5_audit_ready",TRUE,"Pre-registered empirical profile gate: bounded/proportion by hint/domain; zero-inflated/count by hint/domain; normal_like when abs(skew)<=0.50 and excess_kurtosis<=1.00; heavy_tail_symmetric when abs(skew)<=1.00 and excess_kurtosis>3.00; lognormal_like when skew>1.00 with positive support; weibull_like when skew>0.50 with positive support; otherwise empirical_unknown.","profile_preregistered",TRUE,"paired bootstrap aligned to the same reported gain statistic",TRUE,"Benjamini-Hochberg FDR is computed at dataset level on external_dataset_level_decisions.csv for primary eligible in-regime rows only. Primary alpha=0.05; secondary sensitivity alpha=0.1.","01_results_basic contains compact final results; 02_reports contains generated report files; 03_audit_ready contains full provenance, decisions, oracle audit, and split CSVs; 98_discarded_nonfinal is reserved for obsolete or nonfinal byproducts; 99_recovery_logs contains downloads, checkpoints, temporary recovery outputs, and logs.",0.005,10,TRUE,TRUE
"RD_psych_bfi_auto__depth_bootstrap_full","RD_psych_bfi_auto","rdatasets_psych","https://vincentarelbundock.github.io/Rdatasets/csv/psych/bfi.csv","2026-06-16 15:52:34 -0400",NA,NA,"inline_depth_probe","__auto_numeric__","raw","auto_numeric_column; rdatasets_rows=2800; rdatasets_n_numeric=28; depth_probe=bootstrap_full","empirical_public",2800,1.04973248974259,0.783921404024825,"strictly_positive",28.7575,TRUE,NA,"Rdatasets public catalog: psych bfi - 25 Personality items representing 5 factors ; doc=https://vincentarelbundock.github.io/Rdatasets/doc/psych/bfi.html V5 secondary within-dataset depth probe; not independent N.","TAX-Q1R019","original_regime",6,0.2,9,"clustered_upper",300,300,"0.2|9|clustered_upper","endogenous",3,800,500,"mom_k5",4.97327798611111,9.76041736111112,NA,800,60,60,258,2542,"V5_audit_ready",TRUE,"Pre-registered empirical profile gate: bounded/proportion by hint/domain; zero-inflated/count by hint/domain; normal_like when abs(skew)<=0.50 and excess_kurtosis<=1.00; heavy_tail_symmetric when abs(skew)<=1.00 and excess_kurtosis>3.00; lognormal_like when skew>1.00 with positive support; weibull_like when skew>0.50 with positive support; otherwise empirical_unknown.","profile_preregistered",TRUE,"paired bootstrap aligned to the same reported gain statistic",TRUE,"Benjamini-Hochberg FDR is computed at dataset level on external_dataset_level_decisions.csv for primary eligible in-regime rows only. Primary alpha=0.05; secondary sensitivity alpha=0.1.","01_results_basic contains compact final results; 02_reports contains generated report files; 03_audit_ready contains full provenance, decisions, oracle audit, and split CSVs; 98_discarded_nonfinal is reserved for obsolete or nonfinal byproducts; 99_recovery_logs contains downloads, checkpoints, temporary recovery outputs, and logs.",0.005,10,TRUE,TRUE
"RD_psych_bfi_auto__depth_bootstrap_full","RD_psych_bfi_auto","rdatasets_psych","https://vincentarelbundock.github.io/Rdatasets/csv/psych/bfi.csv","2026-06-16 15:52:34 -0400",NA,NA,"inline_depth_probe","__auto_numeric__","raw","auto_numeric_column; rdatasets_rows=2800; rdatasets_n_numeric=28; depth_probe=bootstrap_full","empirical_public",2800,1.04973248974259,0.783921404024825,"strictly_positive",28.7575,TRUE,NA,"Rdatasets public catalog: psych bfi - 25 Personality items representing 5 factors ; doc=https://vincentarelbundock.github.io/Rdatasets/doc/psych/bfi.html V5 secondary within-dataset depth probe; not independent N.","TAX-Q1R019","original_regime",18,0.2,9,"clustered_upper",500,500,"0.2|9|clustered_upper","endogenous",3,800,500,"mom_k5",5.3281976875,9.14459875,NA,800,100,100,258,2542,"V5_audit_ready",TRUE,"Pre-registered empirical profile gate: bounded/proportion by hint/domain; zero-inflated/count by hint/domain; normal_like when abs(skew)<=0.50 and excess_kurtosis<=1.00; heavy_tail_symmetric when abs(skew)<=1.00 and excess_kurtosis>3.00; lognormal_like when skew>1.00 with positive support; weibull_like when skew>0.50 with positive support; otherwise empirical_unknown.","profile_preregistered",TRUE,"paired bootstrap aligned to the same reported gain statistic",TRUE,"Benjamini-Hochberg FDR is computed at dataset level on external_dataset_level_decisions.csv for primary eligible in-regime rows only. Primary alpha=0.05; secondary sensitivity alpha=0.1.","01_results_basic contains compact final results; 02_reports contains generated report files; 03_audit_ready contains full provenance, decisions, oracle audit, and split CSVs; 98_discarded_nonfinal is reserved for obsolete or nonfinal byproducts; 99_recovery_logs contains downloads, checkpoints, temporary recovery outputs, and logs.",0.005,10,TRUE,TRUE
"RD_psych_bfi_auto__depth_bootstrap_full","RD_psych_bfi_auto","rdatasets_psych","https://vincentarelbundock.github.io/Rdatasets/csv/psych/bfi.csv","2026-06-16 15:52:34 -0400",NA,NA,"inline_depth_probe","__auto_numeric__","raw","auto_numeric_column; rdatasets_rows=2800; rdatasets_n_numeric=28; depth_probe=bootstrap_full","empirical_public",2800,1.04973248974259,0.783921404024825,"strictly_positive",28.7575,TRUE,NA,"Rdatasets public catalog: psych bfi - 25 Personality items representing 5 factors ; doc=https://vincentarelbundock.github.io/Rdatasets/doc/psych/bfi.html V5 secondary within-dataset depth probe; not independent N.","TAX-Q1R019","original_regime",30,0.2,9,"clustered_upper",1000,1000,"0.2|9|clustered_upper","endogenous",3,800,500,"mom_k5",5.5433673125,8.22255625,NA,800,200,200,258,2542,"V5_audit_ready",TRUE,"Pre-registered empirical profile gate: bounded/proportion by hint/domain; zero-inflated/count by hint/domain; normal_like when abs(skew)<=0.50 and excess_kurtosis<=1.00; heavy_tail_symmetric when abs(skew)<=1.00 and excess_kurtosis>3.00; lognormal_like when skew>1.00 with positive support; weibull_like when skew>0.50 with positive support; otherwise empirical_unknown.","profile_preregistered",TRUE,"paired bootstrap aligned to the same reported gain statistic",TRUE,"Benjamini-Hochberg FDR is computed at dataset level on external_dataset_level_decisions.csv for primary eligible in-regime rows only. Primary alpha=0.05; secondary sensitivity alpha=0.1.","01_results_basic contains compact final results; 02_reports contains generated report files; 03_audit_ready contains full provenance, decisions, oracle audit, and split CSVs; 98_discarded_nonfinal is reserved for obsolete or nonfinal byproducts; 99_recovery_logs contains downloads, checkpoints, temporary recovery outputs, and logs.",0.005,10,TRUE,TRUE
"RD_psych_bfi_auto__depth_bootstrap_full","RD_psych_bfi_auto","rdatasets_psych","https://vincentarelbundock.github.io/Rdatasets/csv/psych/bfi.csv","2026-06-16 15:52:34 -0400",NA,NA,"inline_depth_probe","__auto_numeric__","raw","auto_numeric_column; rdatasets_rows=2800; rdatasets_n_numeric=28; depth_probe=bootstrap_full","empirical_public",2800,1.04973248974259,0.783921404024825,"strictly_positive",28.7575,TRUE,NA,"Rdatasets public catalog: psych bfi - 25 Personality items representing 5 factors ; doc=https://vincentarelbundock.github.io/Rdatasets/doc/psych/bfi.html V5 secondary within-dataset depth probe; not independent N.","TAX-Q1R019","original_regime",19,0.15,12,"clustered_upper",500,500,"0.15|12|clustered_upper","endogenous",3,500,500,"trimean",0.911623159722223,2.59746944444446,NA,500,75,75,258,2542,"V5_audit_ready",TRUE,"Pre-registered empirical profile gate: bounded/proportion by hint/domain; zero-inflated/count by hint/domain; normal_like when abs(skew)<=0.50 and excess_kurtosis<=1.00; heavy_tail_symmetric when abs(skew)<=1.00 and excess_kurtosis>3.00; lognormal_like when skew>1.00 with positive support; weibull_like when skew>0.50 with positive support; otherwise empirical_unknown.","profile_preregistered",TRUE,"paired bootstrap aligned to the same reported gain statistic",TRUE,"Benjamini-Hochberg FDR is computed at dataset level on external_dataset_level_decisions.csv for primary eligible in-regime rows only. Primary alpha=0.05; secondary sensitivity alpha=0.1.","01_results_basic contains compact final results; 02_reports contains generated report files; 03_audit_ready contains full provenance, decisions, oracle audit, and split CSVs; 98_discarded_nonfinal is reserved for obsolete or nonfinal byproducts; 99_recovery_logs contains downloads, checkpoints, temporary recovery outputs, and logs.",0.005,10,TRUE,TRUE
"RD_psych_bfi_auto__depth_bootstrap_full","RD_psych_bfi_auto","rdatasets_psych","https://vincentarelbundock.github.io/Rdatasets/csv/psych/bfi.csv","2026-06-16 15:52:34 -0400",NA,NA,"inline_depth_probe","__auto_numeric__","raw","auto_numeric_column; rdatasets_rows=2800; rdatasets_n_numeric=28; depth_probe=bootstrap_full","empirical_public",2800,1.04973248974259,0.783921404024825,"strictly_positive",28.7575,TRUE,NA,"Rdatasets public catalog: psych bfi - 25 Personality items representing 5 factors ; doc=https://vincentarelbundock.github.io/Rdatasets/doc/psych/bfi.html V5 secondary within-dataset depth probe; not independent N.","TAX-Q1R019","original_regime",31,0.15,12,"clustered_upper",1000,1000,"0.15|12|clustered_upper","endogenous",3,500,500,"trimean",0.835763993055557,2.27255625,NA,500,150,150,258,2542,"V5_audit_ready",TRUE,"Pre-registered empirical profile gate: bounded/proportion by hint/domain; zero-inflated/count by hint/domain; normal_like when abs(skew)<=0.50 and excess_kurtosis<=1.00; heavy_tail_symmetric when abs(skew)<=1.00 and excess_kurtosis>3.00; lognormal_like when skew>1.00 with positive support; weibull_like when skew>0.50 with positive support; otherwise empirical_unknown.","profile_preregistered",TRUE,"paired bootstrap aligned to the same reported gain statistic",TRUE,"Benjamini-Hochberg FDR is computed at dataset level on external_dataset_level_decisions.csv for primary eligible in-regime rows only. Primary alpha=0.05; secondary sensitivity alpha=0.1.","01_results_basic contains compact final results; 02_reports contains generated report files; 03_audit_ready contains full provenance, decisions, oracle audit, and split CSVs; 98_discarded_nonfinal is reserved for obsolete or nonfinal byproducts; 99_recovery_logs contains downloads, checkpoints, temporary recovery outputs, and logs.",0.005,10,TRUE,TRUE
"RD_psych_bfi_auto__depth_bootstrap_full","RD_psych_bfi_auto","rdatasets_psych","https://vincentarelbundock.github.io/Rdatasets/csv/psych/bfi.csv","2026-06-16 15:52:34 -0400",NA,NA,"inline_depth_probe","__auto_numeric__","raw","auto_numeric_column; rdatasets_rows=2800; rdatasets_n_numeric=28; depth_probe=bootstrap_full","empirical_public",2800,1.04973248974259,0.783921404024825,"strictly_positive",28.7575,TRUE,NA,"Rdatasets public catalog: psych bfi - 25 Personality items representing 5 factors ; doc=https://vincentarelbundock.github.io/Rdatasets/doc/psych/bfi.html V5 secondary within-dataset depth probe; not independent N.","TAX-Q1R019","original_regime",21,0.15,15,"clustered_upper",500,500,"0.15|15|clustered_upper","endogenous",3,500,500,"trimean",0.903462569444445,2.48374982638887,NA,500,75,75,258,2542,"V5_audit_ready",TRUE,"Pre-registered empirical profile gate: bounded/proportion by hint/domain; zero-inflated/count by hint/domain; normal_like when abs(skew)<=0.50 and excess_kurtosis<=1.00; heavy_tail_symmetric when abs(skew)<=1.00 and excess_kurtosis>3.00; lognormal_like when skew>1.00 with positive support; weibull_like when skew>0.50 with positive support; otherwise empirical_unknown.","profile_preregistered",TRUE,"paired bootstrap aligned to the same reported gain statistic",TRUE,"Benjamini-Hochberg FDR is computed at dataset level on external_dataset_level_decisions.csv for primary eligible in-regime rows only. Primary alpha=0.05; secondary sensitivity alpha=0.1.","01_results_basic contains compact final results; 02_reports contains generated report files; 03_audit_ready contains full provenance, decisions, oracle audit, and split CSVs; 98_discarded_nonfinal is reserved for obsolete or nonfinal byproducts; 99_recovery_logs contains downloads, checkpoints, temporary recovery outputs, and logs.",0.005,10,TRUE,TRUE
"RD_psych_bfi_auto__depth_bootstrap_full","RD_psych_bfi_auto","rdatasets_psych","https://vincentarelbundock.github.io/Rdatasets/csv/psych/bfi.csv","2026-06-16 15:52:34 -0400",NA,NA,"inline_depth_probe","__auto_numeric__","raw","auto_numeric_column; rdatasets_rows=2800; rdatasets_n_numeric=28; depth_probe=bootstrap_full","empirical_public",2800,1.04973248974259,0.783921404024825,"strictly_positive",28.7575,TRUE,NA,"Rdatasets public catalog: psych bfi - 25 Personality items representing 5 factors ; doc=https://vincentarelbundock.github.io/Rdatasets/doc/psych/bfi.html V5 secondary within-dataset depth probe; not independent N.","TAX-Q1R019","original_regime",33,0.15,15,"clustered_upper",1000,1000,"0.15|15|clustered_upper","endogenous",3,500,500,"trimean",0.842162326388891,2.27255625,NA,500,150,150,258,2542,"V5_audit_ready",TRUE,"Pre-registered empirical profile gate: bounded/proportion by hint/domain; zero-inflated/count by hint/domain; normal_like when abs(skew)<=0.50 and excess_kurtosis<=1.00; heavy_tail_symmetric when abs(skew)<=1.00 and excess_kurtosis>3.00; lognormal_like when skew>1.00 with positive support; weibull_like when skew>0.50 with positive support; otherwise empirical_unknown.","profile_preregistered",TRUE,"paired bootstrap aligned to the same reported gain statistic",TRUE,"Benjamini-Hochberg FDR is computed at dataset level on external_dataset_level_decisions.csv for primary eligible in-regime rows only. Primary alpha=0.05; secondary sensitivity alpha=0.1.","01_results_basic contains compact final results; 02_reports contains generated report files; 03_audit_ready contains full provenance, decisions, oracle audit, and split CSVs; 98_discarded_nonfinal is reserved for obsolete or nonfinal byproducts; 99_recovery_logs contains downloads, checkpoints, temporary recovery outputs, and logs.",0.005,10,TRUE,TRUE
"RD_psych_bfi_auto__depth_bootstrap_full","RD_psych_bfi_auto","rdatasets_psych","https://vincentarelbundock.github.io/Rdatasets/csv/psych/bfi.csv","2026-06-16 15:52:34 -0400",NA,NA,"inline_depth_probe","__auto_numeric__","raw","auto_numeric_column; rdatasets_rows=2800; rdatasets_n_numeric=28; depth_probe=bootstrap_full","empirical_public",2800,1.04973248974259,0.783921404024825,"strictly_positive",28.7575,TRUE,NA,"Rdatasets public catalog: psych bfi - 25 Personality items representing 5 factors ; doc=https://vincentarelbundock.github.io/Rdatasets/doc/psych/bfi.html V5 secondary within-dataset depth probe; not independent N.","TAX-Q1R019","original_regime",11,0.15,20,"clustered_upper",300,300,"0.15|20|clustered_upper","endogenous",3,500,500,"trimean",1.07385173611111,3.33385399305553,NA,500,45,45,258,2542,"V5_audit_ready",TRUE,"Pre-registered empirical profile gate: bounded/proportion by hint/domain; zero-inflated/count by hint/domain; normal_like when abs(skew)<=0.50 and excess_kurtosis<=1.00; heavy_tail_symmetric when abs(skew)<=1.00 and excess_kurtosis>3.00; lognormal_like when skew>1.00 with positive support; weibull_like when skew>0.50 with positive support; otherwise empirical_unknown.","profile_preregistered",TRUE,"paired bootstrap aligned to the same reported gain statistic",TRUE,"Benjamini-Hochberg FDR is computed at dataset level on external_dataset_level_decisions.csv for primary eligible in-regime rows only. Primary alpha=0.05; secondary sensitivity alpha=0.1.","01_results_basic contains compact final results; 02_reports contains generated report files; 03_audit_ready contains full provenance, decisions, oracle audit, and split CSVs; 98_discarded_nonfinal is reserved for obsolete or nonfinal byproducts; 99_recovery_logs contains downloads, checkpoints, temporary recovery outputs, and logs.",0.005,10,TRUE,TRUE
"RD_psych_bfi_auto__depth_bootstrap_full","RD_psych_bfi_auto","rdatasets_psych","https://vincentarelbundock.github.io/Rdatasets/csv/psych/bfi.csv","2026-06-16 15:52:34 -0400",NA,NA,"inline_depth_probe","__auto_numeric__","raw","auto_numeric_column; rdatasets_rows=2800; rdatasets_n_numeric=28; depth_probe=bootstrap_full","empirical_public",2800,1.04973248974259,0.783921404024825,"strictly_positive",28.7575,TRUE,NA,"Rdatasets public catalog: psych bfi - 25 Personality items representing 5 factors ; doc=https://vincentarelbundock.github.io/Rdatasets/doc/psych/bfi.html V5 secondary within-dataset depth probe; not independent N.","TAX-Q1R019","original_regime",23,0.15,20,"clustered_upper",500,500,"0.15|20|clustered_upper","endogenous",3,500,500,"trimean",0.874000381944445,2.27255625,NA,500,75,75,258,2542,"V5_audit_ready",TRUE,"Pre-registered empirical profile gate: bounded/proportion by hint/domain; zero-inflated/count by hint/domain; normal_like when abs(skew)<=0.50 and excess_kurtosis<=1.00; heavy_tail_symmetric when abs(skew)<=1.00 and excess_kurtosis>3.00; lognormal_like when skew>1.00 with positive support; weibull_like when skew>0.50 with positive support; otherwise empirical_unknown.","profile_preregistered",TRUE,"paired bootstrap aligned to the same reported gain statistic",TRUE,"Benjamini-Hochberg FDR is computed at dataset level on external_dataset_level_decisions.csv for primary eligible in-regime rows only. Primary alpha=0.05; secondary sensitivity alpha=0.1.","01_results_basic contains compact final results; 02_reports contains generated report files; 03_audit_ready contains full provenance, decisions, oracle audit, and split CSVs; 98_discarded_nonfinal is reserved for obsolete or nonfinal byproducts; 99_recovery_logs contains downloads, checkpoints, temporary recovery outputs, and logs.",0.005,10,TRUE,TRUE
"RD_psych_bfi_auto__depth_bootstrap_full","RD_psych_bfi_auto","rdatasets_psych","https://vincentarelbundock.github.io/Rdatasets/csv/psych/bfi.csv","2026-06-16 15:52:34 -0400",NA,NA,"inline_depth_probe","__auto_numeric__","raw","auto_numeric_column; rdatasets_rows=2800; rdatasets_n_numeric=28; depth_probe=bootstrap_full","empirical_public",2800,1.04973248974259,0.783921404024825,"strictly_positive",28.7575,TRUE,NA,"Rdatasets public catalog: psych bfi - 25 Personality items representing 5 factors ; doc=https://vincentarelbundock.github.io/Rdatasets/doc/psych/bfi.html V5 secondary within-dataset depth probe; not independent N.","TAX-Q1R019","original_regime",35,0.15,20,"clustered_upper",1000,1000,"0.15|20|clustered_upper","endogenous",3,500,500,"trimean",0.843110173611112,2.27255625,NA,500,150,150,258,2542,"V5_audit_ready",TRUE,"Pre-registered empirical profile gate: bounded/proportion by hint/domain; zero-inflated/count by hint/domain; normal_like when abs(skew)<=0.50 and excess_kurtosis<=1.00; heavy_tail_symmetric when abs(skew)<=1.00 and excess_kurtosis>3.00; lognormal_like when skew>1.00 with positive support; weibull_like when skew>0.50 with positive support; otherwise empirical_unknown.","profile_preregistered",TRUE,"paired bootstrap aligned to the same reported gain statistic",TRUE,"Benjamini-Hochberg FDR is computed at dataset level on external_dataset_level_decisions.csv for primary eligible in-regime rows only. Primary alpha=0.05; secondary sensitivity alpha=0.1.","01_results_basic contains compact final results; 02_reports contains generated report files; 03_audit_ready contains full provenance, decisions, oracle audit, and split CSVs; 98_discarded_nonfinal is reserved for obsolete or nonfinal byproducts; 99_recovery_logs contains downloads, checkpoints, temporary recovery outputs, and logs.",0.005,10,TRUE,TRUE
"RD_psych_bfi_auto__depth_bootstrap_full","RD_psych_bfi_auto","rdatasets_psych","https://vincentarelbundock.github.io/Rdatasets/csv/psych/bfi.csv","2026-06-16 15:52:34 -0400",NA,NA,"inline_depth_probe","__auto_numeric__","raw","auto_numeric_column; rdatasets_rows=2800; rdatasets_n_numeric=28; depth_probe=bootstrap_full","empirical_public",2800,1.04973248974259,0.783921404024825,"strictly_positive",28.7575,TRUE,NA,"Rdatasets public catalog: psych bfi - 25 Personality items representing 5 factors ; doc=https://vincentarelbundock.github.io/Rdatasets/doc/psych/bfi.html V5 secondary within-dataset depth probe; not independent N.","TAX-Q1R019","original_regime",1,0.15,4.5,"clustered_upper",300,300,"0.15|4.5|clustered_upper","endogenous",3,500,500,"trimean",1.03788302083333,3.08880625,NA,500,45,45,258,2542,"V5_audit_ready",TRUE,"Pre-registered empirical profile gate: bounded/proportion by hint/domain; zero-inflated/count by hint/domain; normal_like when abs(skew)<=0.50 and excess_kurtosis<=1.00; heavy_tail_symmetric when abs(skew)<=1.00 and excess_kurtosis>3.00; lognormal_like when skew>1.00 with positive support; weibull_like when skew>0.50 with positive support; otherwise empirical_unknown.","profile_preregistered",TRUE,"paired bootstrap aligned to the same reported gain statistic",TRUE,"Benjamini-Hochberg FDR is computed at dataset level on external_dataset_level_decisions.csv for primary eligible in-regime rows only. Primary alpha=0.05; secondary sensitivity alpha=0.1.","01_results_basic contains compact final results; 02_reports contains generated report files; 03_audit_ready contains full provenance, decisions, oracle audit, and split CSVs; 98_discarded_nonfinal is reserved for obsolete or nonfinal byproducts; 99_recovery_logs contains downloads, checkpoints, temporary recovery outputs, and logs.",0.005,10,TRUE,TRUE
"RD_psych_bfi_auto__depth_bootstrap_full","RD_psych_bfi_auto","rdatasets_psych","https://vincentarelbundock.github.io/Rdatasets/csv/psych/bfi.csv","2026-06-16 15:52:34 -0400",NA,NA,"inline_depth_probe","__auto_numeric__","raw","auto_numeric_column; rdatasets_rows=2800; rdatasets_n_numeric=28; depth_probe=bootstrap_full","empirical_public",2800,1.04973248974259,0.783921404024825,"strictly_positive",28.7575,TRUE,NA,"Rdatasets public catalog: psych bfi - 25 Personality items representing 5 factors ; doc=https://vincentarelbundock.github.io/Rdatasets/doc/psych/bfi.html V5 secondary within-dataset depth probe; not independent N.","TAX-Q1R019","original_regime",13,0.15,4.5,"clustered_upper",500,500,"0.15|4.5|clustered_upper","endogenous",3,500,500,"trimean",1.00461180555556,3.08880624999998,NA,500,75,75,258,2542,"V5_audit_ready",TRUE,"Pre-registered empirical profile gate: bounded/proportion by hint/domain; zero-inflated/count by hint/domain; normal_like when abs(skew)<=0.50 and excess_kurtosis<=1.00; heavy_tail_symmetric when abs(skew)<=1.00 and excess_kurtosis>3.00; lognormal_like when skew>1.00 with positive support; weibull_like when skew>0.50 with positive support; otherwise empirical_unknown.","profile_preregistered",TRUE,"paired bootstrap aligned to the same reported gain statistic",TRUE,"Benjamini-Hochberg FDR is computed at dataset level on external_dataset_level_decisions.csv for primary eligible in-regime rows only. Primary alpha=0.05; secondary sensitivity alpha=0.1.","01_results_basic contains compact final results; 02_reports contains generated report files; 03_audit_ready contains full provenance, decisions, oracle audit, and split CSVs; 98_discarded_nonfinal is reserved for obsolete or nonfinal byproducts; 99_recovery_logs contains downloads, checkpoints, temporary recovery outputs, and logs.",0.005,10,TRUE,TRUE
"RD_psych_bfi_auto__depth_bootstrap_full","RD_psych_bfi_auto","rdatasets_psych","https://vincentarelbundock.github.io/Rdatasets/csv/psych/bfi.csv","2026-06-16 15:52:34 -0400",NA,NA,"inline_depth_probe","__auto_numeric__","raw","auto_numeric_column; rdatasets_rows=2800; rdatasets_n_numeric=28; depth_probe=bootstrap_full","empirical_public",2800,1.04973248974259,0.783921404024825,"strictly_positive",28.7575,TRUE,NA,"Rdatasets public catalog: psych bfi - 25 Personality items representing 5 factors ; doc=https://vincentarelbundock.github.io/Rdatasets/doc/psych/bfi.html V5 secondary within-dataset depth probe; not independent N.","TAX-Q1R019","original_regime",25,0.15,4.5,"clustered_upper",1000,1000,"0.15|4.5|clustered_upper","endogenous",3,500,500,"trimean",0.859336527777779,2.27255625,NA,500,150,150,258,2542,"V5_audit_ready",TRUE,"Pre-registered empirical profile gate: bounded/proportion by hint/domain; zero-inflated/count by hint/domain; normal_like when abs(skew)<=0.50 and excess_kurtosis<=1.00; heavy_tail_symmetric when abs(skew)<=1.00 and excess_kurtosis>3.00; lognormal_like when skew>1.00 with positive support; weibull_like when skew>0.50 with positive support; otherwise empirical_unknown.","profile_preregistered",TRUE,"paired bootstrap aligned to the same reported gain statistic",TRUE,"Benjamini-Hochberg FDR is computed at dataset level on external_dataset_level_decisions.csv for primary eligible in-regime rows only. Primary alpha=0.05; secondary sensitivity alpha=0.1.","01_results_basic contains compact final results; 02_reports contains generated report files; 03_audit_ready contains full provenance, decisions, oracle audit, and split CSVs; 98_discarded_nonfinal is reserved for obsolete or nonfinal byproducts; 99_recovery_logs contains downloads, checkpoints, temporary recovery outputs, and logs.",0.005,10,TRUE,TRUE
"RD_psych_bfi_auto__depth_bootstrap_full","RD_psych_bfi_auto","rdatasets_psych","https://vincentarelbundock.github.io/Rdatasets/csv/psych/bfi.csv","2026-06-16 15:52:34 -0400",NA,NA,"inline_depth_probe","__auto_numeric__","raw","auto_numeric_column; rdatasets_rows=2800; rdatasets_n_numeric=28; depth_probe=bootstrap_full","empirical_public",2800,1.04973248974259,0.783921404024825,"strictly_positive",28.7575,TRUE,NA,"Rdatasets public catalog: psych bfi - 25 Personality items representing 5 factors ; doc=https://vincentarelbundock.github.io/Rdatasets/doc/psych/bfi.html V5 secondary within-dataset depth probe; not independent N.","TAX-Q1R019","original_regime",3,0.15,6,"clustered_upper",300,300,"0.15|6|clustered_upper","endogenous",3,500,500,"trimean",1.12960704861111,3.56777152777776,NA,500,45,45,258,2542,"V5_audit_ready",TRUE,"Pre-registered empirical profile gate: bounded/proportion by hint/domain; zero-inflated/count by hint/domain; normal_like when abs(skew)<=0.50 and excess_kurtosis<=1.00; heavy_tail_symmetric when abs(skew)<=1.00 and excess_kurtosis>3.00; lognormal_like when skew>1.00 with positive support; weibull_like when skew>0.50 with positive support; otherwise empirical_unknown.","profile_preregistered",TRUE,"paired bootstrap aligned to the same reported gain statistic",TRUE,"Benjamini-Hochberg FDR is computed at dataset level on external_dataset_level_decisions.csv for primary eligible in-regime rows only. Primary alpha=0.05; secondary sensitivity alpha=0.1.","01_results_basic contains compact final results; 02_reports contains generated report files; 03_audit_ready contains full provenance, decisions, oracle audit, and split CSVs; 98_discarded_nonfinal is reserved for obsolete or nonfinal byproducts; 99_recovery_logs contains downloads, checkpoints, temporary recovery outputs, and logs.",0.005,10,TRUE,TRUE
"RD_psych_bfi_auto__depth_bootstrap_full","RD_psych_bfi_auto","rdatasets_psych","https://vincentarelbundock.github.io/Rdatasets/csv/psych/bfi.csv","2026-06-16 15:52:34 -0400",NA,NA,"inline_depth_probe","__auto_numeric__","raw","auto_numeric_column; rdatasets_rows=2800; rdatasets_n_numeric=28; depth_probe=bootstrap_full","empirical_public",2800,1.04973248974259,0.783921404024825,"strictly_positive",28.7575,TRUE,NA,"Rdatasets public catalog: psych bfi - 25 Personality items representing 5 factors ; doc=https://vincentarelbundock.github.io/Rdatasets/doc/psych/bfi.html V5 secondary within-dataset depth probe; not independent N.","TAX-Q1R019","original_regime",15,0.15,6,"clustered_upper",500,500,"0.15|6|clustered_upper","endogenous",3,500,500,"trimean",0.934406041666666,2.48374982638889,NA,500,75,75,258,2542,"V5_audit_ready",TRUE,"Pre-registered empirical profile gate: bounded/proportion by hint/domain; zero-inflated/count by hint/domain; normal_like when abs(skew)<=0.50 and excess_kurtosis<=1.00; heavy_tail_symmetric when abs(skew)<=1.00 and excess_kurtosis>3.00; lognormal_like when skew>1.00 with positive support; weibull_like when skew>0.50 with positive support; otherwise empirical_unknown.","profile_preregistered",TRUE,"paired bootstrap aligned to the same reported gain statistic",TRUE,"Benjamini-Hochberg FDR is computed at dataset level on external_dataset_level_decisions.csv for primary eligible in-regime rows only. Primary alpha=0.05; secondary sensitivity alpha=0.1.","01_results_basic contains compact final results; 02_reports contains generated report files; 03_audit_ready contains full provenance, decisions, oracle audit, and split CSVs; 98_discarded_nonfinal is reserved for obsolete or nonfinal byproducts; 99_recovery_logs contains downloads, checkpoints, temporary recovery outputs, and logs.",0.005,10,TRUE,TRUE
"RD_psych_bfi_auto__depth_bootstrap_full","RD_psych_bfi_auto","rdatasets_psych","https://vincentarelbundock.github.io/Rdatasets/csv/psych/bfi.csv","2026-06-16 15:52:34 -0400",NA,NA,"inline_depth_probe","__auto_numeric__","raw","auto_numeric_column; rdatasets_rows=2800; rdatasets_n_numeric=28; depth_probe=bootstrap_full","empirical_public",2800,1.04973248974259,0.783921404024825,"strictly_positive",28.7575,TRUE,NA,"Rdatasets public catalog: psych bfi - 25 Personality items representing 5 factors ; doc=https://vincentarelbundock.github.io/Rdatasets/doc/psych/bfi.html V5 secondary within-dataset depth probe; not independent N.","TAX-Q1R019","original_regime",27,0.15,6,"clustered_upper",1000,1000,"0.15|6|clustered_upper","endogenous",3,500,500,"trimean",0.796287222222224,2.27255625,NA,500,150,150,258,2542,"V5_audit_ready",TRUE,"Pre-registered empirical profile gate: bounded/proportion by hint/domain; zero-inflated/count by hint/domain; normal_like when abs(skew)<=0.50 and excess_kurtosis<=1.00; heavy_tail_symmetric when abs(skew)<=1.00 and excess_kurtosis>3.00; lognormal_like when skew>1.00 with positive support; weibull_like when skew>0.50 with positive support; otherwise empirical_unknown.","profile_preregistered",TRUE,"paired bootstrap aligned to the same reported gain statistic",TRUE,"Benjamini-Hochberg FDR is computed at dataset level on external_dataset_level_decisions.csv for primary eligible in-regime rows only. Primary alpha=0.05; secondary sensitivity alpha=0.1.","01_results_basic contains compact final results; 02_reports contains generated report files; 03_audit_ready contains full provenance, decisions, oracle audit, and split CSVs; 98_discarded_nonfinal is reserved for obsolete or nonfinal byproducts; 99_recovery_logs contains downloads, checkpoints, temporary recovery outputs, and logs.",0.005,10,TRUE,TRUE
"RD_psych_bfi_auto__depth_bootstrap_full","RD_psych_bfi_auto","rdatasets_psych","https://vincentarelbundock.github.io/Rdatasets/csv/psych/bfi.csv","2026-06-16 15:52:34 -0400",NA,NA,"inline_depth_probe","__auto_numeric__","raw","auto_numeric_column; rdatasets_rows=2800; rdatasets_n_numeric=28; depth_probe=bootstrap_full","empirical_public",2800,1.04973248974259,0.783921404024825,"strictly_positive",28.7575,TRUE,NA,"Rdatasets public catalog: psych bfi - 25 Personality items representing 5 factors ; doc=https://vincentarelbundock.github.io/Rdatasets/doc/psych/bfi.html V5 secondary within-dataset depth probe; not independent N.","TAX-Q1R019","original_regime",5,0.15,9,"clustered_upper",300,300,"0.15|9|clustered_upper","endogenous",3,500,500,"trimean",1.08057670138888,3.08880625,NA,500,45,45,258,2542,"V5_audit_ready",TRUE,"Pre-registered empirical profile gate: bounded/proportion by hint/domain; zero-inflated/count by hint/domain; normal_like when abs(skew)<=0.50 and excess_kurtosis<=1.00; heavy_tail_symmetric when abs(skew)<=1.00 and excess_kurtosis>3.00; lognormal_like when skew>1.00 with positive support; weibull_like when skew>0.50 with positive support; otherwise empirical_unknown.","profile_preregistered",TRUE,"paired bootstrap aligned to the same reported gain statistic",TRUE,"Benjamini-Hochberg FDR is computed at dataset level on external_dataset_level_decisions.csv for primary eligible in-regime rows only. Primary alpha=0.05; secondary sensitivity alpha=0.1.","01_results_basic contains compact final results; 02_reports contains generated report files; 03_audit_ready contains full provenance, decisions, oracle audit, and split CSVs; 98_discarded_nonfinal is reserved for obsolete or nonfinal byproducts; 99_recovery_logs contains downloads, checkpoints, temporary recovery outputs, and logs.",0.005,10,TRUE,TRUE
"RD_psych_bfi_auto__depth_bootstrap_full","RD_psych_bfi_auto","rdatasets_psych","https://vincentarelbundock.github.io/Rdatasets/csv/psych/bfi.csv","2026-06-16 15:52:34 -0400",NA,NA,"inline_depth_probe","__auto_numeric__","raw","auto_numeric_column; rdatasets_rows=2800; rdatasets_n_numeric=28; depth_probe=bootstrap_full","empirical_public",2800,1.04973248974259,0.783921404024825,"strictly_positive",28.7575,TRUE,NA,"Rdatasets public catalog: psych bfi - 25 Personality items representing 5 factors ; doc=https://vincentarelbundock.github.io/Rdatasets/doc/psych/bfi.html V5 secondary within-dataset depth probe; not independent N.","TAX-Q1R019","original_regime",17,0.15,9,"clustered_upper",500,500,"0.15|9|clustered_upper","endogenous",3,500,500,"trimean",0.958942847222223,2.96445295138885,NA,500,75,75,258,2542,"V5_audit_ready",TRUE,"Pre-registered empirical profile gate: bounded/proportion by hint/domain; zero-inflated/count by hint/domain; normal_like when abs(skew)<=0.50 and excess_kurtosis<=1.00; heavy_tail_symmetric when abs(skew)<=1.00 and excess_kurtosis>3.00; lognormal_like when skew>1.00 with positive support; weibull_like when skew>0.50 with positive support; otherwise empirical_unknown.","profile_preregistered",TRUE,"paired bootstrap aligned to the same reported gain statistic",TRUE,"Benjamini-Hochberg FDR is computed at dataset level on external_dataset_level_decisions.csv for primary eligible in-regime rows only. Primary alpha=0.05; secondary sensitivity alpha=0.1.","01_results_basic contains compact final results; 02_reports contains generated report files; 03_audit_ready contains full provenance, decisions, oracle audit, and split CSVs; 98_discarded_nonfinal is reserved for obsolete or nonfinal byproducts; 99_recovery_logs contains downloads, checkpoints, temporary recovery outputs, and logs.",0.005,10,TRUE,TRUE
"RD_psych_bfi_auto__depth_bootstrap_full","RD_psych_bfi_auto","rdatasets_psych","https://vincentarelbundock.github.io/Rdatasets/csv/psych/bfi.csv","2026-06-16 15:52:34 -0400",NA,NA,"inline_depth_probe","__auto_numeric__","raw","auto_numeric_column; rdatasets_rows=2800; rdatasets_n_numeric=28; depth_probe=bootstrap_full","empirical_public",2800,1.04973248974259,0.783921404024825,"strictly_positive",28.7575,TRUE,NA,"Rdatasets public catalog: psych bfi - 25 Personality items representing 5 factors ; doc=https://vincentarelbundock.github.io/Rdatasets/doc/psych/bfi.html V5 secondary within-dataset depth probe; not independent N.","TAX-Q1R019","original_regime",29,0.15,9,"clustered_upper",1000,1000,"0.15|9|clustered_upper","endogenous",3,500,500,"trimean",0.812879027777779,2.27255625,NA,500,150,150,258,2542,"V5_audit_ready",TRUE,"Pre-registered empirical profile gate: bounded/proportion by hint/domain; zero-inflated/count by hint/domain; normal_like when abs(skew)<=0.50 and excess_kurtosis<=1.00; heavy_tail_symmetric when abs(skew)<=1.00 and excess_kurtosis>3.00; lognormal_like when skew>1.00 with positive support; weibull_like when skew>0.50 with positive support; otherwise empirical_unknown.","profile_preregistered",TRUE,"paired bootstrap aligned to the same reported gain statistic",TRUE,"Benjamini-Hochberg FDR is computed at dataset level on external_dataset_level_decisions.csv for primary eligible in-regime rows only. Primary alpha=0.05; secondary sensitivity alpha=0.1.","01_results_basic contains compact final results; 02_reports contains generated report files; 03_audit_ready contains full provenance, decisions, oracle audit, and split CSVs; 98_discarded_nonfinal is reserved for obsolete or nonfinal byproducts; 99_recovery_logs contains downloads, checkpoints, temporary recovery outputs, and logs.",0.005,10,TRUE,TRUE
"RD_psych_bfi_auto__depth_bootstrap_full","RD_psych_bfi_auto","rdatasets_psych","https://vincentarelbundock.github.io/Rdatasets/csv/psych/bfi.csv","2026-06-16 15:52:34 -0400",NA,NA,"inline_depth_probe","__auto_numeric__","raw","auto_numeric_column; rdatasets_rows=2800; rdatasets_n_numeric=28; depth_probe=bootstrap_full","empirical_public",2800,1.04973248974259,0.783921404024825,"strictly_positive",28.7575,TRUE,NA,"Rdatasets public catalog: psych bfi - 25 Personality items representing 5 factors ; doc=https://vincentarelbundock.github.io/Rdatasets/doc/psych/bfi.html V5 secondary within-dataset depth probe; not independent N.","TAX-Q1R019","original_regime",7,0.15,12,"clustered_upper",300,300,"0.15|12|clustered_upper","endogenous",3,800,500,"trimean",1.05418430989583,3.08880625,NA,800,45,45,258,2542,"V5_audit_ready",TRUE,"Pre-registered empirical profile gate: bounded/proportion by hint/domain; zero-inflated/count by hint/domain; normal_like when abs(skew)<=0.50 and excess_kurtosis<=1.00; heavy_tail_symmetric when abs(skew)<=1.00 and excess_kurtosis>3.00; lognormal_like when skew>1.00 with positive support; weibull_like when skew>0.50 with positive support; otherwise empirical_unknown.","profile_preregistered",TRUE,"paired bootstrap aligned to the same reported gain statistic",TRUE,"Benjamini-Hochberg FDR is computed at dataset level on external_dataset_level_decisions.csv for primary eligible in-regime rows only. Primary alpha=0.05; secondary sensitivity alpha=0.1.","01_results_basic contains compact final results; 02_reports contains generated report files; 03_audit_ready contains full provenance, decisions, oracle audit, and split CSVs; 98_discarded_nonfinal is reserved for obsolete or nonfinal byproducts; 99_recovery_logs contains downloads, checkpoints, temporary recovery outputs, and logs.",0.005,10,TRUE,TRUE
"RD_psych_bfi_auto__depth_bootstrap_full","RD_psych_bfi_auto","rdatasets_psych","https://vincentarelbundock.github.io/Rdatasets/csv/psych/bfi.csv","2026-06-16 15:52:34 -0400",NA,NA,"inline_depth_probe","__auto_numeric__","raw","auto_numeric_column; rdatasets_rows=2800; rdatasets_n_numeric=28; depth_probe=bootstrap_full","empirical_public",2800,1.04973248974259,0.783921404024825,"strictly_positive",28.7575,TRUE,NA,"Rdatasets public catalog: psych bfi - 25 Personality items representing 5 factors ; doc=https://vincentarelbundock.github.io/Rdatasets/doc/psych/bfi.html V5 secondary within-dataset depth probe; not independent N.","TAX-Q1R019","original_regime",9,0.15,15,"clustered_upper",300,300,"0.15|15|clustered_upper","endogenous",3,800,500,"trimean",1.06432274305555,3.08880625,NA,800,45,45,258,2542,"V5_audit_ready",TRUE,"Pre-registered empirical profile gate: bounded/proportion by hint/domain; zero-inflated/count by hint/domain; normal_like when abs(skew)<=0.50 and excess_kurtosis<=1.00; heavy_tail_symmetric when abs(skew)<=1.00 and excess_kurtosis>3.00; lognormal_like when skew>1.00 with positive support; weibull_like when skew>0.50 with positive support; otherwise empirical_unknown.","profile_preregistered",TRUE,"paired bootstrap aligned to the same reported gain statistic",TRUE,"Benjamini-Hochberg FDR is computed at dataset level on external_dataset_level_decisions.csv for primary eligible in-regime rows only. Primary alpha=0.05; secondary sensitivity alpha=0.1.","01_results_basic contains compact final results; 02_reports contains generated report files; 03_audit_ready contains full provenance, decisions, oracle audit, and split CSVs; 98_discarded_nonfinal is reserved for obsolete or nonfinal byproducts; 99_recovery_logs contains downloads, checkpoints, temporary recovery outputs, and logs.",0.005,10,TRUE,TRUE
"RD_psych_bfi_auto__depth_bootstrap_full","RD_psych_bfi_auto","rdatasets_psych","https://vincentarelbundock.github.io/Rdatasets/csv/psych/bfi.csv","2026-06-16 15:52:34 -0400",NA,NA,"inline_depth_probe","__auto_numeric__","raw","auto_numeric_column; rdatasets_rows=2800; rdatasets_n_numeric=28; depth_probe=bootstrap_full","empirical_public",2800,1.04973248974259,0.783921404024825,"strictly_positive",28.7575,TRUE,NA,"Rdatasets public catalog: psych bfi - 25 Personality items representing 5 factors ; doc=https://vincentarelbundock.github.io/Rdatasets/doc/psych/bfi.html V5 secondary within-dataset depth probe; not independent N.","TAX-Q1R019","original_regime",8,0.2,12,"clustered_upper",300,300,"0.2|12|clustered_upper","endogenous",3,800,500,"trimean",0.662532248263893,2.54934444444445,NA,800,60,60,258,2542,"V5_audit_ready",TRUE,"Pre-registered empirical profile gate: bounded/proportion by hint/domain; zero-inflated/count by hint/domain; normal_like when abs(skew)<=0.50 and excess_kurtosis<=1.00; heavy_tail_symmetric when abs(skew)<=1.00 and excess_kurtosis>3.00; lognormal_like when skew>1.00 with positive support; weibull_like when skew>0.50 with positive support; otherwise empirical_unknown.","profile_preregistered",TRUE,"paired bootstrap aligned to the same reported gain statistic",TRUE,"Benjamini-Hochberg FDR is computed at dataset level on external_dataset_level_decisions.csv for primary eligible in-regime rows only. Primary alpha=0.05; secondary sensitivity alpha=0.1.","01_results_basic contains compact final results; 02_reports contains generated report files; 03_audit_ready contains full provenance, decisions, oracle audit, and split CSVs; 98_discarded_nonfinal is reserved for obsolete or nonfinal byproducts; 99_recovery_logs contains downloads, checkpoints, temporary recovery outputs, and logs.",0.005,10,TRUE,TRUE
"RD_psych_bfi_auto__depth_bootstrap_full","RD_psych_bfi_auto","rdatasets_psych","https://vincentarelbundock.github.io/Rdatasets/csv/psych/bfi.csv","2026-06-16 15:52:34 -0400",NA,NA,"inline_depth_probe","__auto_numeric__","raw","auto_numeric_column; rdatasets_rows=2800; rdatasets_n_numeric=28; depth_probe=bootstrap_full","empirical_public",2800,1.04973248974259,0.783921404024825,"strictly_positive",28.7575,TRUE,NA,"Rdatasets public catalog: psych bfi - 25 Personality items representing 5 factors ; doc=https://vincentarelbundock.github.io/Rdatasets/doc/psych/bfi.html V5 secondary within-dataset depth probe; not independent N.","TAX-Q1R019","original_regime",20,0.2,12,"clustered_upper",500,500,"0.2|12|clustered_upper","endogenous",3,800,500,"trimean",0.450603537326388,1.54380625,NA,800,100,100,258,2542,"V5_audit_ready",TRUE,"Pre-registered empirical profile gate: bounded/proportion by hint/domain; zero-inflated/count by hint/domain; normal_like when abs(skew)<=0.50 and excess_kurtosis<=1.00; heavy_tail_symmetric when abs(skew)<=1.00 and excess_kurtosis>3.00; lognormal_like when skew>1.00 with positive support; weibull_like when skew>0.50 with positive support; otherwise empirical_unknown.","profile_preregistered",TRUE,"paired bootstrap aligned to the same reported gain statistic",TRUE,"Benjamini-Hochberg FDR is computed at dataset level on external_dataset_level_decisions.csv for primary eligible in-regime rows only. Primary alpha=0.05; secondary sensitivity alpha=0.1.","01_results_basic contains compact final results; 02_reports contains generated report files; 03_audit_ready contains full provenance, decisions, oracle audit, and split CSVs; 98_discarded_nonfinal is reserved for obsolete or nonfinal byproducts; 99_recovery_logs contains downloads, checkpoints, temporary recovery outputs, and logs.",0.005,10,TRUE,TRUE
"RD_psych_bfi_auto__depth_bootstrap_full","RD_psych_bfi_auto","rdatasets_psych","https://vincentarelbundock.github.io/Rdatasets/csv/psych/bfi.csv","2026-06-16 15:52:34 -0400",NA,NA,"inline_depth_probe","__auto_numeric__","raw","auto_numeric_column; rdatasets_rows=2800; rdatasets_n_numeric=28; depth_probe=bootstrap_full","empirical_public",2800,1.04973248974259,0.783921404024825,"strictly_positive",28.7575,TRUE,NA,"Rdatasets public catalog: psych bfi - 25 Personality items representing 5 factors ; doc=https://vincentarelbundock.github.io/Rdatasets/doc/psych/bfi.html V5 secondary within-dataset depth probe; not independent N.","TAX-Q1R019","original_regime",32,0.2,12,"clustered_upper",1000,1000,"0.2|12|clustered_upper","endogenous",3,800,500,"trimean",0.404176367187499,0.985056249999999,NA,800,200,200,258,2542,"V5_audit_ready",TRUE,"Pre-registered empirical profile gate: bounded/proportion by hint/domain; zero-inflated/count by hint/domain; normal_like when abs(skew)<=0.50 and excess_kurtosis<=1.00; heavy_tail_symmetric when abs(skew)<=1.00 and excess_kurtosis>3.00; lognormal_like when skew>1.00 with positive support; weibull_like when skew>0.50 with positive support; otherwise empirical_unknown.","profile_preregistered",TRUE,"paired bootstrap aligned to the same reported gain statistic",TRUE,"Benjamini-Hochberg FDR is computed at dataset level on external_dataset_level_decisions.csv for primary eligible in-regime rows only. Primary alpha=0.05; secondary sensitivity alpha=0.1.","01_results_basic contains compact final results; 02_reports contains generated report files; 03_audit_ready contains full provenance, decisions, oracle audit, and split CSVs; 98_discarded_nonfinal is reserved for obsolete or nonfinal byproducts; 99_recovery_logs contains downloads, checkpoints, temporary recovery outputs, and logs.",0.005,10,TRUE,TRUE
"RD_psych_bfi_auto__depth_bootstrap_full","RD_psych_bfi_auto","rdatasets_psych","https://vincentarelbundock.github.io/Rdatasets/csv/psych/bfi.csv","2026-06-16 15:52:34 -0400",NA,NA,"inline_depth_probe","__auto_numeric__","raw","auto_numeric_column; rdatasets_rows=2800; rdatasets_n_numeric=28; depth_probe=bootstrap_full","empirical_public",2800,1.04973248974259,0.783921404024825,"strictly_positive",28.7575,TRUE,NA,"Rdatasets public catalog: psych bfi - 25 Personality items representing 5 factors ; doc=https://vincentarelbundock.github.io/Rdatasets/doc/psych/bfi.html V5 secondary within-dataset depth probe; not independent N.","TAX-Q1R019","original_regime",10,0.2,15,"clustered_upper",300,300,"0.2|15|clustered_upper","endogenous",3,800,500,"trimean",0.655815776909726,2.22755625,NA,800,60,60,258,2542,"V5_audit_ready",TRUE,"Pre-registered empirical profile gate: bounded/proportion by hint/domain; zero-inflated/count by hint/domain; normal_like when abs(skew)<=0.50 and excess_kurtosis<=1.00; heavy_tail_symmetric when abs(skew)<=1.00 and excess_kurtosis>3.00; lognormal_like when skew>1.00 with positive support; weibull_like when skew>0.50 with positive support; otherwise empirical_unknown.","profile_preregistered",TRUE,"paired bootstrap aligned to the same reported gain statistic",TRUE,"Benjamini-Hochberg FDR is computed at dataset level on external_dataset_level_decisions.csv for primary eligible in-regime rows only. Primary alpha=0.05; secondary sensitivity alpha=0.1.","01_results_basic contains compact final results; 02_reports contains generated report files; 03_audit_ready contains full provenance, decisions, oracle audit, and split CSVs; 98_discarded_nonfinal is reserved for obsolete or nonfinal byproducts; 99_recovery_logs contains downloads, checkpoints, temporary recovery outputs, and logs.",0.005,10,TRUE,TRUE
"RD_psych_bfi_auto__depth_bootstrap_full","RD_psych_bfi_auto","rdatasets_psych","https://vincentarelbundock.github.io/Rdatasets/csv/psych/bfi.csv","2026-06-16 15:52:34 -0400",NA,NA,"inline_depth_probe","__auto_numeric__","raw","auto_numeric_column; rdatasets_rows=2800; rdatasets_n_numeric=28; depth_probe=bootstrap_full","empirical_public",2800,1.04973248974259,0.783921404024825,"strictly_positive",28.7575,TRUE,NA,"Rdatasets public catalog: psych bfi - 25 Personality items representing 5 factors ; doc=https://vincentarelbundock.github.io/Rdatasets/doc/psych/bfi.html V5 secondary within-dataset depth probe; not independent N.","TAX-Q1R019","original_regime",22,0.2,15,"clustered_upper",500,500,"0.2|15|clustered_upper","endogenous",3,800,500,"trimean",0.456820203993055,1.54380625,NA,800,100,100,258,2542,"V5_audit_ready",TRUE,"Pre-registered empirical profile gate: bounded/proportion by hint/domain; zero-inflated/count by hint/domain; normal_like when abs(skew)<=0.50 and excess_kurtosis<=1.00; heavy_tail_symmetric when abs(skew)<=1.00 and excess_kurtosis>3.00; lognormal_like when skew>1.00 with positive support; weibull_like when skew>0.50 with positive support; otherwise empirical_unknown.","profile_preregistered",TRUE,"paired bootstrap aligned to the same reported gain statistic",TRUE,"Benjamini-Hochberg FDR is computed at dataset level on external_dataset_level_decisions.csv for primary eligible in-regime rows only. Primary alpha=0.05; secondary sensitivity alpha=0.1.","01_results_basic contains compact final results; 02_reports contains generated report files; 03_audit_ready contains full provenance, decisions, oracle audit, and split CSVs; 98_discarded_nonfinal is reserved for obsolete or nonfinal byproducts; 99_recovery_logs contains downloads, checkpoints, temporary recovery outputs, and logs.",0.005,10,TRUE,TRUE
"RD_psych_bfi_auto__depth_bootstrap_full","RD_psych_bfi_auto","rdatasets_psych","https://vincentarelbundock.github.io/Rdatasets/csv/psych/bfi.csv","2026-06-16 15:52:34 -0400",NA,NA,"inline_depth_probe","__auto_numeric__","raw","auto_numeric_column; rdatasets_rows=2800; rdatasets_n_numeric=28; depth_probe=bootstrap_full","empirical_public",2800,1.04973248974259,0.783921404024825,"strictly_positive",28.7575,TRUE,NA,"Rdatasets public catalog: psych bfi - 25 Personality items representing 5 factors ; doc=https://vincentarelbundock.github.io/Rdatasets/doc/psych/bfi.html V5 secondary within-dataset depth probe; not independent N.","TAX-Q1R019","original_regime",34,0.2,15,"clustered_upper",1000,1000,"0.2|15|clustered_upper","endogenous",3,800,500,"trimean",0.418525,0.985056249999999,NA,800,200,200,258,2542,"V5_audit_ready",TRUE,"Pre-registered empirical profile gate: bounded/proportion by hint/domain; zero-inflated/count by hint/domain; normal_like when abs(skew)<=0.50 and excess_kurtosis<=1.00; heavy_tail_symmetric when abs(skew)<=1.00 and excess_kurtosis>3.00; lognormal_like when skew>1.00 with positive support; weibull_like when skew>0.50 with positive support; otherwise empirical_unknown.","profile_preregistered",TRUE,"paired bootstrap aligned to the same reported gain statistic",TRUE,"Benjamini-Hochberg FDR is computed at dataset level on external_dataset_level_decisions.csv for primary eligible in-regime rows only. Primary alpha=0.05; secondary sensitivity alpha=0.1.","01_results_basic contains compact final results; 02_reports contains generated report files; 03_audit_ready contains full provenance, decisions, oracle audit, and split CSVs; 98_discarded_nonfinal is reserved for obsolete or nonfinal byproducts; 99_recovery_logs contains downloads, checkpoints, temporary recovery outputs, and logs.",0.005,10,TRUE,TRUE
"RD_psych_bfi_auto__depth_bootstrap_full","RD_psych_bfi_auto","rdatasets_psych","https://vincentarelbundock.github.io/Rdatasets/csv/psych/bfi.csv","2026-06-16 15:52:34 -0400",NA,NA,"inline_depth_probe","__auto_numeric__","raw","auto_numeric_column; rdatasets_rows=2800; rdatasets_n_numeric=28; depth_probe=bootstrap_full","empirical_public",2800,1.04973248974259,0.783921404024825,"strictly_positive",28.7575,TRUE,NA,"Rdatasets public catalog: psych bfi - 25 Personality items representing 5 factors ; doc=https://vincentarelbundock.github.io/Rdatasets/doc/psych/bfi.html V5 secondary within-dataset depth probe; not independent N.","TAX-Q1R019","original_regime",12,0.2,20,"clustered_upper",300,300,"0.2|20|clustered_upper","endogenous",3,800,500,"trimean",0.584167122395837,2.22755625,NA,800,60,60,258,2542,"V5_audit_ready",TRUE,"Pre-registered empirical profile gate: bounded/proportion by hint/domain; zero-inflated/count by hint/domain; normal_like when abs(skew)<=0.50 and excess_kurtosis<=1.00; heavy_tail_symmetric when abs(skew)<=1.00 and excess_kurtosis>3.00; lognormal_like when skew>1.00 with positive support; weibull_like when skew>0.50 with positive support; otherwise empirical_unknown.","profile_preregistered",TRUE,"paired bootstrap aligned to the same reported gain statistic",TRUE,"Benjamini-Hochberg FDR is computed at dataset level on external_dataset_level_decisions.csv for primary eligible in-regime rows only. Primary alpha=0.05; secondary sensitivity alpha=0.1.","01_results_basic contains compact final results; 02_reports contains generated report files; 03_audit_ready contains full provenance, decisions, oracle audit, and split CSVs; 98_discarded_nonfinal is reserved for obsolete or nonfinal byproducts; 99_recovery_logs contains downloads, checkpoints, temporary recovery outputs, and logs.",0.005,10,TRUE,TRUE
"RD_psych_bfi_auto__depth_bootstrap_full","RD_psych_bfi_auto","rdatasets_psych","https://vincentarelbundock.github.io/Rdatasets/csv/psych/bfi.csv","2026-06-16 15:52:34 -0400",NA,NA,"inline_depth_probe","__auto_numeric__","raw","auto_numeric_column; rdatasets_rows=2800; rdatasets_n_numeric=28; depth_probe=bootstrap_full","empirical_public",2800,1.04973248974259,0.783921404024825,"strictly_positive",28.7575,TRUE,NA,"Rdatasets public catalog: psych bfi - 25 Personality items representing 5 factors ; doc=https://vincentarelbundock.github.io/Rdatasets/doc/psych/bfi.html V5 secondary within-dataset depth probe; not independent N.","TAX-Q1R019","original_regime",24,0.2,20,"clustered_upper",500,500,"0.2|20|clustered_upper","endogenous",3,800,500,"trimean",0.462929079861111,1.54380625,NA,800,100,100,258,2542,"V5_audit_ready",TRUE,"Pre-registered empirical profile gate: bounded/proportion by hint/domain; zero-inflated/count by hint/domain; normal_like when abs(skew)<=0.50 and excess_kurtosis<=1.00; heavy_tail_symmetric when abs(skew)<=1.00 and excess_kurtosis>3.00; lognormal_like when skew>1.00 with positive support; weibull_like when skew>0.50 with positive support; otherwise empirical_unknown.","profile_preregistered",TRUE,"paired bootstrap aligned to the same reported gain statistic",TRUE,"Benjamini-Hochberg FDR is computed at dataset level on external_dataset_level_decisions.csv for primary eligible in-regime rows only. Primary alpha=0.05; secondary sensitivity alpha=0.1.","01_results_basic contains compact final results; 02_reports contains generated report files; 03_audit_ready contains full provenance, decisions, oracle audit, and split CSVs; 98_discarded_nonfinal is reserved for obsolete or nonfinal byproducts; 99_recovery_logs contains downloads, checkpoints, temporary recovery outputs, and logs.",0.005,10,TRUE,TRUE
"RD_psych_bfi_auto__depth_bootstrap_full","RD_psych_bfi_auto","rdatasets_psych","https://vincentarelbundock.github.io/Rdatasets/csv/psych/bfi.csv","2026-06-16 15:52:34 -0400",NA,NA,"inline_depth_probe","__auto_numeric__","raw","auto_numeric_column; rdatasets_rows=2800; rdatasets_n_numeric=28; depth_probe=bootstrap_full","empirical_public",2800,1.04973248974259,0.783921404024825,"strictly_positive",28.7575,TRUE,NA,"Rdatasets public catalog: psych bfi - 25 Personality items representing 5 factors ; doc=https://vincentarelbundock.github.io/Rdatasets/doc/psych/bfi.html V5 secondary within-dataset depth probe; not independent N.","TAX-Q1R019","original_regime",36,0.2,20,"clustered_upper",1000,1000,"0.2|20|clustered_upper","endogenous",3,800,500,"trimean",0.406659895833333,0.985056249999999,NA,800,200,200,258,2542,"V5_audit_ready",TRUE,"Pre-registered empirical profile gate: bounded/proportion by hint/domain; zero-inflated/count by hint/domain; normal_like when abs(skew)<=0.50 and excess_kurtosis<=1.00; heavy_tail_symmetric when abs(skew)<=1.00 and excess_kurtosis>3.00; lognormal_like when skew>1.00 with positive support; weibull_like when skew>0.50 with positive support; otherwise empirical_unknown.","profile_preregistered",TRUE,"paired bootstrap aligned to the same reported gain statistic",TRUE,"Benjamini-Hochberg FDR is computed at dataset level on external_dataset_level_decisions.csv for primary eligible in-regime rows only. Primary alpha=0.05; secondary sensitivity alpha=0.1.","01_results_basic contains compact final results; 02_reports contains generated report files; 03_audit_ready contains full provenance, decisions, oracle audit, and split CSVs; 98_discarded_nonfinal is reserved for obsolete or nonfinal byproducts; 99_recovery_logs contains downloads, checkpoints, temporary recovery outputs, and logs.",0.005,10,TRUE,TRUE
"RD_psych_bfi_auto__depth_bootstrap_full","RD_psych_bfi_auto","rdatasets_psych","https://vincentarelbundock.github.io/Rdatasets/csv/psych/bfi.csv","2026-06-16 15:52:34 -0400",NA,NA,"inline_depth_probe","__auto_numeric__","raw","auto_numeric_column; rdatasets_rows=2800; rdatasets_n_numeric=28; depth_probe=bootstrap_full","empirical_public",2800,1.04973248974259,0.783921404024825,"strictly_positive",28.7575,TRUE,NA,"Rdatasets public catalog: psych bfi - 25 Personality items representing 5 factors ; doc=https://vincentarelbundock.github.io/Rdatasets/doc/psych/bfi.html V5 secondary within-dataset depth probe; not independent N.","TAX-Q1R019","original_regime",2,0.2,4.5,"clustered_upper",300,300,"0.2|4.5|clustered_upper","endogenous",3,800,500,"trimean",0.583909526909727,2.22755625,NA,800,60,60,258,2542,"V5_audit_ready",TRUE,"Pre-registered empirical profile gate: bounded/proportion by hint/domain; zero-inflated/count by hint/domain; normal_like when abs(skew)<=0.50 and excess_kurtosis<=1.00; heavy_tail_symmetric when abs(skew)<=1.00 and excess_kurtosis>3.00; lognormal_like when skew>1.00 with positive support; weibull_like when skew>0.50 with positive support; otherwise empirical_unknown.","profile_preregistered",TRUE,"paired bootstrap aligned to the same reported gain statistic",TRUE,"Benjamini-Hochberg FDR is computed at dataset level on external_dataset_level_decisions.csv for primary eligible in-regime rows only. Primary alpha=0.05; secondary sensitivity alpha=0.1.","01_results_basic contains compact final results; 02_reports contains generated report files; 03_audit_ready contains full provenance, decisions, oracle audit, and split CSVs; 98_discarded_nonfinal is reserved for obsolete or nonfinal byproducts; 99_recovery_logs contains downloads, checkpoints, temporary recovery outputs, and logs.",0.005,10,TRUE,TRUE
"RD_psych_bfi_auto__depth_bootstrap_full","RD_psych_bfi_auto","rdatasets_psych","https://vincentarelbundock.github.io/Rdatasets/csv/psych/bfi.csv","2026-06-16 15:52:34 -0400",NA,NA,"inline_depth_probe","__auto_numeric__","raw","auto_numeric_column; rdatasets_rows=2800; rdatasets_n_numeric=28; depth_probe=bootstrap_full","empirical_public",2800,1.04973248974259,0.783921404024825,"strictly_positive",28.7575,TRUE,NA,"Rdatasets public catalog: psych bfi - 25 Personality items representing 5 factors ; doc=https://vincentarelbundock.github.io/Rdatasets/doc/psych/bfi.html V5 secondary within-dataset depth probe; not independent N.","TAX-Q1R019","original_regime",14,0.2,4.5,"clustered_upper",500,500,"0.2|4.5|clustered_upper","endogenous",3,800,500,"trimean",0.473452625868055,1.54380625,NA,800,100,100,258,2542,"V5_audit_ready",TRUE,"Pre-registered empirical profile gate: bounded/proportion by hint/domain; zero-inflated/count by hint/domain; normal_like when abs(skew)<=0.50 and excess_kurtosis<=1.00; heavy_tail_symmetric when abs(skew)<=1.00 and excess_kurtosis>3.00; lognormal_like when skew>1.00 with positive support; weibull_like when skew>0.50 with positive support; otherwise empirical_unknown.","profile_preregistered",TRUE,"paired bootstrap aligned to the same reported gain statistic",TRUE,"Benjamini-Hochberg FDR is computed at dataset level on external_dataset_level_decisions.csv for primary eligible in-regime rows only. Primary alpha=0.05; secondary sensitivity alpha=0.1.","01_results_basic contains compact final results; 02_reports contains generated report files; 03_audit_ready contains full provenance, decisions, oracle audit, and split CSVs; 98_discarded_nonfinal is reserved for obsolete or nonfinal byproducts; 99_recovery_logs contains downloads, checkpoints, temporary recovery outputs, and logs.",0.005,10,TRUE,TRUE
"RD_psych_bfi_auto__depth_bootstrap_full","RD_psych_bfi_auto","rdatasets_psych","https://vincentarelbundock.github.io/Rdatasets/csv/psych/bfi.csv","2026-06-16 15:52:34 -0400",NA,NA,"inline_depth_probe","__auto_numeric__","raw","auto_numeric_column; rdatasets_rows=2800; rdatasets_n_numeric=28; depth_probe=bootstrap_full","empirical_public",2800,1.04973248974259,0.783921404024825,"strictly_positive",28.7575,TRUE,NA,"Rdatasets public catalog: psych bfi - 25 Personality items representing 5 factors ; doc=https://vincentarelbundock.github.io/Rdatasets/doc/psych/bfi.html V5 secondary within-dataset depth probe; not independent N.","TAX-Q1R019","original_regime",26,0.2,4.5,"clustered_upper",1000,1000,"0.2|4.5|clustered_upper","endogenous",3,800,500,"trimean",0.4036693359375,0.985056249999999,NA,800,200,200,258,2542,"V5_audit_ready",TRUE,"Pre-registered empirical profile gate: bounded/proportion by hint/domain; zero-inflated/count by hint/domain; normal_like when abs(skew)<=0.50 and excess_kurtosis<=1.00; heavy_tail_symmetric when abs(skew)<=1.00 and excess_kurtosis>3.00; lognormal_like when skew>1.00 with positive support; weibull_like when skew>0.50 with positive support; otherwise empirical_unknown.","profile_preregistered",TRUE,"paired bootstrap aligned to the same reported gain statistic",TRUE,"Benjamini-Hochberg FDR is computed at dataset level on external_dataset_level_decisions.csv for primary eligible in-regime rows only. Primary alpha=0.05; secondary sensitivity alpha=0.1.","01_results_basic contains compact final results; 02_reports contains generated report files; 03_audit_ready contains full provenance, decisions, oracle audit, and split CSVs; 98_discarded_nonfinal is reserved for obsolete or nonfinal byproducts; 99_recovery_logs contains downloads, checkpoints, temporary recovery outputs, and logs.",0.005,10,TRUE,TRUE
"RD_psych_bfi_auto__depth_bootstrap_full","RD_psych_bfi_auto","rdatasets_psych","https://vincentarelbundock.github.io/Rdatasets/csv/psych/bfi.csv","2026-06-16 15:52:34 -0400",NA,NA,"inline_depth_probe","__auto_numeric__","raw","auto_numeric_column; rdatasets_rows=2800; rdatasets_n_numeric=28; depth_probe=bootstrap_full","empirical_public",2800,1.04973248974259,0.783921404024825,"strictly_positive",28.7575,TRUE,NA,"Rdatasets public catalog: psych bfi - 25 Personality items representing 5 factors ; doc=https://vincentarelbundock.github.io/Rdatasets/doc/psych/bfi.html V5 secondary within-dataset depth probe; not independent N.","TAX-Q1R019","original_regime",4,0.2,6,"clustered_upper",300,300,"0.2|6|clustered_upper","endogenous",3,800,500,"trimean",0.594011349826392,2.22755625,NA,800,60,60,258,2542,"V5_audit_ready",TRUE,"Pre-registered empirical profile gate: bounded/proportion by hint/domain; zero-inflated/count by hint/domain; normal_like when abs(skew)<=0.50 and excess_kurtosis<=1.00; heavy_tail_symmetric when abs(skew)<=1.00 and excess_kurtosis>3.00; lognormal_like when skew>1.00 with positive support; weibull_like when skew>0.50 with positive support; otherwise empirical_unknown.","profile_preregistered",TRUE,"paired bootstrap aligned to the same reported gain statistic",TRUE,"Benjamini-Hochberg FDR is computed at dataset level on external_dataset_level_decisions.csv for primary eligible in-regime rows only. Primary alpha=0.05; secondary sensitivity alpha=0.1.","01_results_basic contains compact final results; 02_reports contains generated report files; 03_audit_ready contains full provenance, decisions, oracle audit, and split CSVs; 98_discarded_nonfinal is reserved for obsolete or nonfinal byproducts; 99_recovery_logs contains downloads, checkpoints, temporary recovery outputs, and logs.",0.005,10,TRUE,TRUE
"RD_psych_bfi_auto__depth_bootstrap_full","RD_psych_bfi_auto","rdatasets_psych","https://vincentarelbundock.github.io/Rdatasets/csv/psych/bfi.csv","2026-06-16 15:52:34 -0400",NA,NA,"inline_depth_probe","__auto_numeric__","raw","auto_numeric_column; rdatasets_rows=2800; rdatasets_n_numeric=28; depth_probe=bootstrap_full","empirical_public",2800,1.04973248974259,0.783921404024825,"strictly_positive",28.7575,TRUE,NA,"Rdatasets public catalog: psych bfi - 25 Personality items representing 5 factors ; doc=https://vincentarelbundock.github.io/Rdatasets/doc/psych/bfi.html V5 secondary within-dataset depth probe; not independent N.","TAX-Q1R019","original_regime",16,0.2,6,"clustered_upper",500,500,"0.2|6|clustered_upper","endogenous",3,800,500,"trimean",0.4729607421875,1.54380625,NA,800,100,100,258,2542,"V5_audit_ready",TRUE,"Pre-registered empirical profile gate: bounded/proportion by hint/domain; zero-inflated/count by hint/domain; normal_like when abs(skew)<=0.50 and excess_kurtosis<=1.00; heavy_tail_symmetric when abs(skew)<=1.00 and excess_kurtosis>3.00; lognormal_like when skew>1.00 with positive support; weibull_like when skew>0.50 with positive support; otherwise empirical_unknown.","profile_preregistered",TRUE,"paired bootstrap aligned to the same reported gain statistic",TRUE,"Benjamini-Hochberg FDR is computed at dataset level on external_dataset_level_decisions.csv for primary eligible in-regime rows only. Primary alpha=0.05; secondary sensitivity alpha=0.1.","01_results_basic contains compact final results; 02_reports contains generated report files; 03_audit_ready contains full provenance, decisions, oracle audit, and split CSVs; 98_discarded_nonfinal is reserved for obsolete or nonfinal byproducts; 99_recovery_logs contains downloads, checkpoints, temporary recovery outputs, and logs.",0.005,10,TRUE,TRUE
"RD_psych_bfi_auto__depth_bootstrap_full","RD_psych_bfi_auto","rdatasets_psych","https://vincentarelbundock.github.io/Rdatasets/csv/psych/bfi.csv","2026-06-16 15:52:34 -0400",NA,NA,"inline_depth_probe","__auto_numeric__","raw","auto_numeric_column; rdatasets_rows=2800; rdatasets_n_numeric=28; depth_probe=bootstrap_full","empirical_public",2800,1.04973248974259,0.783921404024825,"strictly_positive",28.7575,TRUE,NA,"Rdatasets public catalog: psych bfi - 25 Personality items representing 5 factors ; doc=https://vincentarelbundock.github.io/Rdatasets/doc/psych/bfi.html V5 secondary within-dataset depth probe; not independent N.","TAX-Q1R019","original_regime",28,0.2,6,"clustered_upper",1000,1000,"0.2|6|clustered_upper","endogenous",3,800,500,"trimean",0.424747894965278,0.985056249999999,NA,800,200,200,258,2542,"V5_audit_ready",TRUE,"Pre-registered empirical profile gate: bounded/proportion by hint/domain; zero-inflated/count by hint/domain; normal_like when abs(skew)<=0.50 and excess_kurtosis<=1.00; heavy_tail_symmetric when abs(skew)<=1.00 and excess_kurtosis>3.00; lognormal_like when skew>1.00 with positive support; weibull_like when skew>0.50 with positive support; otherwise empirical_unknown.","profile_preregistered",TRUE,"paired bootstrap aligned to the same reported gain statistic",TRUE,"Benjamini-Hochberg FDR is computed at dataset level on external_dataset_level_decisions.csv for primary eligible in-regime rows only. Primary alpha=0.05; secondary sensitivity alpha=0.1.","01_results_basic contains compact final results; 02_reports contains generated report files; 03_audit_ready contains full provenance, decisions, oracle audit, and split CSVs; 98_discarded_nonfinal is reserved for obsolete or nonfinal byproducts; 99_recovery_logs contains downloads, checkpoints, temporary recovery outputs, and logs.",0.005,10,TRUE,TRUE
"RD_psych_bfi_auto__depth_bootstrap_full","RD_psych_bfi_auto","rdatasets_psych","https://vincentarelbundock.github.io/Rdatasets/csv/psych/bfi.csv","2026-06-16 15:52:34 -0400",NA,NA,"inline_depth_probe","__auto_numeric__","raw","auto_numeric_column; rdatasets_rows=2800; rdatasets_n_numeric=28; depth_probe=bootstrap_full","empirical_public",2800,1.04973248974259,0.783921404024825,"strictly_positive",28.7575,TRUE,NA,"Rdatasets public catalog: psych bfi - 25 Personality items representing 5 factors ; doc=https://vincentarelbundock.github.io/Rdatasets/doc/psych/bfi.html V5 secondary within-dataset depth probe; not independent N.","TAX-Q1R019","original_regime",6,0.2,9,"clustered_upper",300,300,"0.2|9|clustered_upper","endogenous",3,800,500,"trimean",0.611692382812504,2.22755625,NA,800,60,60,258,2542,"V5_audit_ready",TRUE,"Pre-registered empirical profile gate: bounded/proportion by hint/domain; zero-inflated/count by hint/domain; normal_like when abs(skew)<=0.50 and excess_kurtosis<=1.00; heavy_tail_symmetric when abs(skew)<=1.00 and excess_kurtosis>3.00; lognormal_like when skew>1.00 with positive support; weibull_like when skew>0.50 with positive support; otherwise empirical_unknown.","profile_preregistered",TRUE,"paired bootstrap aligned to the same reported gain statistic",TRUE,"Benjamini-Hochberg FDR is computed at dataset level on external_dataset_level_decisions.csv for primary eligible in-regime rows only. Primary alpha=0.05; secondary sensitivity alpha=0.1.","01_results_basic contains compact final results; 02_reports contains generated report files; 03_audit_ready contains full provenance, decisions, oracle audit, and split CSVs; 98_discarded_nonfinal is reserved for obsolete or nonfinal byproducts; 99_recovery_logs contains downloads, checkpoints, temporary recovery outputs, and logs.",0.005,10,TRUE,TRUE
"RD_psych_bfi_auto__depth_bootstrap_full","RD_psych_bfi_auto","rdatasets_psych","https://vincentarelbundock.github.io/Rdatasets/csv/psych/bfi.csv","2026-06-16 15:52:34 -0400",NA,NA,"inline_depth_probe","__auto_numeric__","raw","auto_numeric_column; rdatasets_rows=2800; rdatasets_n_numeric=28; depth_probe=bootstrap_full","empirical_public",2800,1.04973248974259,0.783921404024825,"strictly_positive",28.7575,TRUE,NA,"Rdatasets public catalog: psych bfi - 25 Personality items representing 5 factors ; doc=https://vincentarelbundock.github.io/Rdatasets/doc/psych/bfi.html V5 secondary within-dataset depth probe; not independent N.","TAX-Q1R019","original_regime",18,0.2,9,"clustered_upper",500,500,"0.2|9|clustered_upper","endogenous",3,800,500,"trimean",0.462915494791667,1.54380625,NA,800,100,100,258,2542,"V5_audit_ready",TRUE,"Pre-registered empirical profile gate: bounded/proportion by hint/domain; zero-inflated/count by hint/domain; normal_like when abs(skew)<=0.50 and excess_kurtosis<=1.00; heavy_tail_symmetric when abs(skew)<=1.00 and excess_kurtosis>3.00; lognormal_like when skew>1.00 with positive support; weibull_like when skew>0.50 with positive support; otherwise empirical_unknown.","profile_preregistered",TRUE,"paired bootstrap aligned to the same reported gain statistic",TRUE,"Benjamini-Hochberg FDR is computed at dataset level on external_dataset_level_decisions.csv for primary eligible in-regime rows only. Primary alpha=0.05; secondary sensitivity alpha=0.1.","01_results_basic contains compact final results; 02_reports contains generated report files; 03_audit_ready contains full provenance, decisions, oracle audit, and split CSVs; 98_discarded_nonfinal is reserved for obsolete or nonfinal byproducts; 99_recovery_logs contains downloads, checkpoints, temporary recovery outputs, and logs.",0.005,10,TRUE,TRUE
"RD_psych_bfi_auto__depth_bootstrap_full","RD_psych_bfi_auto","rdatasets_psych","https://vincentarelbundock.github.io/Rdatasets/csv/psych/bfi.csv","2026-06-16 15:52:34 -0400",NA,NA,"inline_depth_probe","__auto_numeric__","raw","auto_numeric_column; rdatasets_rows=2800; rdatasets_n_numeric=28; depth_probe=bootstrap_full","empirical_public",2800,1.04973248974259,0.783921404024825,"strictly_positive",28.7575,TRUE,NA,"Rdatasets public catalog: psych bfi - 25 Personality items representing 5 factors ; doc=https://vincentarelbundock.github.io/Rdatasets/doc/psych/bfi.html V5 secondary within-dataset depth probe; not independent N.","TAX-Q1R019","original_regime",30,0.2,9,"clustered_upper",1000,1000,"0.2|9|clustered_upper","endogenous",3,800,500,"trimean",0.391620095486111,0.985056249999999,NA,800,200,200,258,2542,"V5_audit_ready",TRUE,"Pre-registered empirical profile gate: bounded/proportion by hint/domain; zero-inflated/count by hint/domain; normal_like when abs(skew)<=0.50 and excess_kurtosis<=1.00; heavy_tail_symmetric when abs(skew)<=1.00 and excess_kurtosis>3.00; lognormal_like when skew>1.00 with positive support; weibull_like when skew>0.50 with positive support; otherwise empirical_unknown.","profile_preregistered",TRUE,"paired bootstrap aligned to the same reported gain statistic",TRUE,"Benjamini-Hochberg FDR is computed at dataset level on external_dataset_level_decisions.csv for primary eligible in-regime rows only. Primary alpha=0.05; secondary sensitivity alpha=0.1.","01_results_basic contains compact final results; 02_reports contains generated report files; 03_audit_ready contains full provenance, decisions, oracle audit, and split CSVs; 98_discarded_nonfinal is reserved for obsolete or nonfinal byproducts; 99_recovery_logs contains downloads, checkpoints, temporary recovery outputs, and logs.",0.005,10,TRUE,TRUE
"RD_psych_bfi_auto__depth_bootstrap_full","RD_psych_bfi_auto","rdatasets_psych","https://vincentarelbundock.github.io/Rdatasets/csv/psych/bfi.csv","2026-06-16 15:52:34 -0400",NA,NA,"inline_depth_probe","__auto_numeric__","raw","auto_numeric_column; rdatasets_rows=2800; rdatasets_n_numeric=28; depth_probe=bootstrap_full","empirical_public",2800,1.04973248974259,0.783921404024825,"strictly_positive",28.7575,TRUE,NA,"Rdatasets public catalog: psych bfi - 25 Personality items representing 5 factors ; doc=https://vincentarelbundock.github.io/Rdatasets/doc/psych/bfi.html V5 secondary within-dataset depth probe; not independent N.","TAX-Q1R019","original_regime",19,0.15,12,"clustered_upper",500,500,"0.15|12|clustered_upper","endogenous",3,500,500,"trimmed20",1.06332599444444,2.87360013888889,NA,500,75,75,258,2542,"V5_audit_ready",TRUE,"Pre-registered empirical profile gate: bounded/proportion by hint/domain; zero-inflated/count by hint/domain; normal_like when abs(skew)<=0.50 and excess_kurtosis<=1.00; heavy_tail_symmetric when abs(skew)<=1.00 and excess_kurtosis>3.00; lognormal_like when skew>1.00 with positive support; weibull_like when skew>0.50 with positive support; otherwise empirical_unknown.","profile_preregistered",TRUE,"paired bootstrap aligned to the same reported gain statistic",TRUE,"Benjamini-Hochberg FDR is computed at dataset level on external_dataset_level_decisions.csv for primary eligible in-regime rows only. Primary alpha=0.05; secondary sensitivity alpha=0.1.","01_results_basic contains compact final results; 02_reports contains generated report files; 03_audit_ready contains full provenance, decisions, oracle audit, and split CSVs; 98_discarded_nonfinal is reserved for obsolete or nonfinal byproducts; 99_recovery_logs contains downloads, checkpoints, temporary recovery outputs, and logs.",0.005,10,TRUE,TRUE
"RD_psych_bfi_auto__depth_bootstrap_full","RD_psych_bfi_auto","rdatasets_psych","https://vincentarelbundock.github.io/Rdatasets/csv/psych/bfi.csv","2026-06-16 15:52:34 -0400",NA,NA,"inline_depth_probe","__auto_numeric__","raw","auto_numeric_column; rdatasets_rows=2800; rdatasets_n_numeric=28; depth_probe=bootstrap_full","empirical_public",2800,1.04973248974259,0.783921404024825,"strictly_positive",28.7575,TRUE,NA,"Rdatasets public catalog: psych bfi - 25 Personality items representing 5 factors ; doc=https://vincentarelbundock.github.io/Rdatasets/doc/psych/bfi.html V5 secondary within-dataset depth probe; not independent N.","TAX-Q1R019","original_regime",31,0.15,12,"clustered_upper",1000,1000,"0.15|12|clustered_upper","endogenous",3,500,500,"trimmed20",1.00246540555556,2.00600263888889,NA,500,150,150,258,2542,"V5_audit_ready",TRUE,"Pre-registered empirical profile gate: bounded/proportion by hint/domain; zero-inflated/count by hint/domain; normal_like when abs(skew)<=0.50 and excess_kurtosis<=1.00; heavy_tail_symmetric when abs(skew)<=1.00 and excess_kurtosis>3.00; lognormal_like when skew>1.00 with positive support; weibull_like when skew>0.50 with positive support; otherwise empirical_unknown.","profile_preregistered",TRUE,"paired bootstrap aligned to the same reported gain statistic",TRUE,"Benjamini-Hochberg FDR is computed at dataset level on external_dataset_level_decisions.csv for primary eligible in-regime rows only. Primary alpha=0.05; secondary sensitivity alpha=0.1.","01_results_basic contains compact final results; 02_reports contains generated report files; 03_audit_ready contains full provenance, decisions, oracle audit, and split CSVs; 98_discarded_nonfinal is reserved for obsolete or nonfinal byproducts; 99_recovery_logs contains downloads, checkpoints, temporary recovery outputs, and logs.",0.005,10,TRUE,TRUE
"RD_psych_bfi_auto__depth_bootstrap_full","RD_psych_bfi_auto","rdatasets_psych","https://vincentarelbundock.github.io/Rdatasets/csv/psych/bfi.csv","2026-06-16 15:52:34 -0400",NA,NA,"inline_depth_probe","__auto_numeric__","raw","auto_numeric_column; rdatasets_rows=2800; rdatasets_n_numeric=28; depth_probe=bootstrap_full","empirical_public",2800,1.04973248974259,0.783921404024825,"strictly_positive",28.7575,TRUE,NA,"Rdatasets public catalog: psych bfi - 25 Personality items representing 5 factors ; doc=https://vincentarelbundock.github.io/Rdatasets/doc/psych/bfi.html V5 secondary within-dataset depth probe; not independent N.","TAX-Q1R019","original_regime",21,0.15,15,"clustered_upper",500,500,"0.15|15|clustered_upper","endogenous",3,500,500,"trimmed20",1.08387118333333,2.74677652777778,NA,500,75,75,258,2542,"V5_audit_ready",TRUE,"Pre-registered empirical profile gate: bounded/proportion by hint/domain; zero-inflated/count by hint/domain; normal_like when abs(skew)<=0.50 and excess_kurtosis<=1.00; heavy_tail_symmetric when abs(skew)<=1.00 and excess_kurtosis>3.00; lognormal_like when skew>1.00 with positive support; weibull_like when skew>0.50 with positive support; otherwise empirical_unknown.","profile_preregistered",TRUE,"paired bootstrap aligned to the same reported gain statistic",TRUE,"Benjamini-Hochberg FDR is computed at dataset level on external_dataset_level_decisions.csv for primary eligible in-regime rows only. Primary alpha=0.05; secondary sensitivity alpha=0.1.","01_results_basic contains compact final results; 02_reports contains generated report files; 03_audit_ready contains full provenance, decisions, oracle audit, and split CSVs; 98_discarded_nonfinal is reserved for obsolete or nonfinal byproducts; 99_recovery_logs contains downloads, checkpoints, temporary recovery outputs, and logs.",0.005,10,TRUE,TRUE
"RD_psych_bfi_auto__depth_bootstrap_full","RD_psych_bfi_auto","rdatasets_psych","https://vincentarelbundock.github.io/Rdatasets/csv/psych/bfi.csv","2026-06-16 15:52:34 -0400",NA,NA,"inline_depth_probe","__auto_numeric__","raw","auto_numeric_column; rdatasets_rows=2800; rdatasets_n_numeric=28; depth_probe=bootstrap_full","empirical_public",2800,1.04973248974259,0.783921404024825,"strictly_positive",28.7575,TRUE,NA,"Rdatasets public catalog: psych bfi - 25 Personality items representing 5 factors ; doc=https://vincentarelbundock.github.io/Rdatasets/doc/psych/bfi.html V5 secondary within-dataset depth probe; not independent N.","TAX-Q1R019","original_regime",33,0.15,15,"clustered_upper",1000,1000,"0.15|15|clustered_upper","endogenous",3,500,500,"trimmed20",0.994271505555556,1.90670069444445,NA,500,150,150,258,2542,"V5_audit_ready",TRUE,"Pre-registered empirical profile gate: bounded/proportion by hint/domain; zero-inflated/count by hint/domain; normal_like when abs(skew)<=0.50 and excess_kurtosis<=1.00; heavy_tail_symmetric when abs(skew)<=1.00 and excess_kurtosis>3.00; lognormal_like when skew>1.00 with positive support; weibull_like when skew>0.50 with positive support; otherwise empirical_unknown.","profile_preregistered",TRUE,"paired bootstrap aligned to the same reported gain statistic",TRUE,"Benjamini-Hochberg FDR is computed at dataset level on external_dataset_level_decisions.csv for primary eligible in-regime rows only. Primary alpha=0.05; secondary sensitivity alpha=0.1.","01_results_basic contains compact final results; 02_reports contains generated report files; 03_audit_ready contains full provenance, decisions, oracle audit, and split CSVs; 98_discarded_nonfinal is reserved for obsolete or nonfinal byproducts; 99_recovery_logs contains downloads, checkpoints, temporary recovery outputs, and logs.",0.005,10,TRUE,TRUE
"RD_psych_bfi_auto__depth_bootstrap_full","RD_psych_bfi_auto","rdatasets_psych","https://vincentarelbundock.github.io/Rdatasets/csv/psych/bfi.csv","2026-06-16 15:52:34 -0400",NA,NA,"inline_depth_probe","__auto_numeric__","raw","auto_numeric_column; rdatasets_rows=2800; rdatasets_n_numeric=28; depth_probe=bootstrap_full","empirical_public",2800,1.04973248974259,0.783921404024825,"strictly_positive",28.7575,TRUE,NA,"Rdatasets public catalog: psych bfi - 25 Personality items representing 5 factors ; doc=https://vincentarelbundock.github.io/Rdatasets/doc/psych/bfi.html V5 secondary within-dataset depth probe; not independent N.","TAX-Q1R019","original_regime",11,0.15,20,"clustered_upper",300,300,"0.15|20|clustered_upper","endogenous",3,500,500,"trimmed20",1.26780194753086,3.63114899691358,NA,500,45,45,258,2542,"V5_audit_ready",TRUE,"Pre-registered empirical profile gate: bounded/proportion by hint/domain; zero-inflated/count by hint/domain; normal_like when abs(skew)<=0.50 and excess_kurtosis<=1.00; heavy_tail_symmetric when abs(skew)<=1.00 and excess_kurtosis>3.00; lognormal_like when skew>1.00 with positive support; weibull_like when skew>0.50 with positive support; otherwise empirical_unknown.","profile_preregistered",TRUE,"paired bootstrap aligned to the same reported gain statistic",TRUE,"Benjamini-Hochberg FDR is computed at dataset level on external_dataset_level_decisions.csv for primary eligible in-regime rows only. Primary alpha=0.05; secondary sensitivity alpha=0.1.","01_results_basic contains compact final results; 02_reports contains generated report files; 03_audit_ready contains full provenance, decisions, oracle audit, and split CSVs; 98_discarded_nonfinal is reserved for obsolete or nonfinal byproducts; 99_recovery_logs contains downloads, checkpoints, temporary recovery outputs, and logs.",0.005,10,TRUE,TRUE
"RD_psych_bfi_auto__depth_bootstrap_full","RD_psych_bfi_auto","rdatasets_psych","https://vincentarelbundock.github.io/Rdatasets/csv/psych/bfi.csv","2026-06-16 15:52:34 -0400",NA,NA,"inline_depth_probe","__auto_numeric__","raw","auto_numeric_column; rdatasets_rows=2800; rdatasets_n_numeric=28; depth_probe=bootstrap_full","empirical_public",2800,1.04973248974259,0.783921404024825,"strictly_positive",28.7575,TRUE,NA,"Rdatasets public catalog: psych bfi - 25 Personality items representing 5 factors ; doc=https://vincentarelbundock.github.io/Rdatasets/doc/psych/bfi.html V5 secondary within-dataset depth probe; not independent N.","TAX-Q1R019","original_regime",23,0.15,20,"clustered_upper",500,500,"0.15|20|clustered_upper","endogenous",3,500,500,"trimmed20",1.10232940555556,2.83249152777778,NA,500,75,75,258,2542,"V5_audit_ready",TRUE,"Pre-registered empirical profile gate: bounded/proportion by hint/domain; zero-inflated/count by hint/domain; normal_like when abs(skew)<=0.50 and excess_kurtosis<=1.00; heavy_tail_symmetric when abs(skew)<=1.00 and excess_kurtosis>3.00; lognormal_like when skew>1.00 with positive support; weibull_like when skew>0.50 with positive support; otherwise empirical_unknown.","profile_preregistered",TRUE,"paired bootstrap aligned to the same reported gain statistic",TRUE,"Benjamini-Hochberg FDR is computed at dataset level on external_dataset_level_decisions.csv for primary eligible in-regime rows only. Primary alpha=0.05; secondary sensitivity alpha=0.1.","01_results_basic contains compact final results; 02_reports contains generated report files; 03_audit_ready contains full provenance, decisions, oracle audit, and split CSVs; 98_discarded_nonfinal is reserved for obsolete or nonfinal byproducts; 99_recovery_logs contains downloads, checkpoints, temporary recovery outputs, and logs.",0.005,10,TRUE,TRUE
"RD_psych_bfi_auto__depth_bootstrap_full","RD_psych_bfi_auto","rdatasets_psych","https://vincentarelbundock.github.io/Rdatasets/csv/psych/bfi.csv","2026-06-16 15:52:34 -0400",NA,NA,"inline_depth_probe","__auto_numeric__","raw","auto_numeric_column; rdatasets_rows=2800; rdatasets_n_numeric=28; depth_probe=bootstrap_full","empirical_public",2800,1.04973248974259,0.783921404024825,"strictly_positive",28.7575,TRUE,NA,"Rdatasets public catalog: psych bfi - 25 Personality items representing 5 factors ; doc=https://vincentarelbundock.github.io/Rdatasets/doc/psych/bfi.html V5 secondary within-dataset depth probe; not independent N.","TAX-Q1R019","original_regime",35,0.15,20,"clustered_upper",1000,1000,"0.15|20|clustered_upper","endogenous",3,500,500,"trimmed20",0.986931283333334,1.92816430555556,NA,500,150,150,258,2542,"V5_audit_ready",TRUE,"Pre-registered empirical profile gate: bounded/proportion by hint/domain; zero-inflated/count by hint/domain; normal_like when abs(skew)<=0.50 and excess_kurtosis<=1.00; heavy_tail_symmetric when abs(skew)<=1.00 and excess_kurtosis>3.00; lognormal_like when skew>1.00 with positive support; weibull_like when skew>0.50 with positive support; otherwise empirical_unknown.","profile_preregistered",TRUE,"paired bootstrap aligned to the same reported gain statistic",TRUE,"Benjamini-Hochberg FDR is computed at dataset level on external_dataset_level_decisions.csv for primary eligible in-regime rows only. Primary alpha=0.05; secondary sensitivity alpha=0.1.","01_results_basic contains compact final results; 02_reports contains generated report files; 03_audit_ready contains full provenance, decisions, oracle audit, and split CSVs; 98_discarded_nonfinal is reserved for obsolete or nonfinal byproducts; 99_recovery_logs contains downloads, checkpoints, temporary recovery outputs, and logs.",0.005,10,TRUE,TRUE
"RD_psych_bfi_auto__depth_bootstrap_full","RD_psych_bfi_auto","rdatasets_psych","https://vincentarelbundock.github.io/Rdatasets/csv/psych/bfi.csv","2026-06-16 15:52:34 -0400",NA,NA,"inline_depth_probe","__auto_numeric__","raw","auto_numeric_column; rdatasets_rows=2800; rdatasets_n_numeric=28; depth_probe=bootstrap_full","empirical_public",2800,1.04973248974259,0.783921404024825,"strictly_positive",28.7575,TRUE,NA,"Rdatasets public catalog: psych bfi - 25 Personality items representing 5 factors ; doc=https://vincentarelbundock.github.io/Rdatasets/doc/psych/bfi.html V5 secondary within-dataset depth probe; not independent N.","TAX-Q1R019","original_regime",1,0.15,4.5,"clustered_upper",300,300,"0.15|4.5|clustered_upper","endogenous",3,500,500,"trimmed20",1.2358304537037,3.58158433641975,NA,500,45,45,258,2542,"V5_audit_ready",TRUE,"Pre-registered empirical profile gate: bounded/proportion by hint/domain; zero-inflated/count by hint/domain; normal_like when abs(skew)<=0.50 and excess_kurtosis<=1.00; heavy_tail_symmetric when abs(skew)<=1.00 and excess_kurtosis>3.00; lognormal_like when skew>1.00 with positive support; weibull_like when skew>0.50 with positive support; otherwise empirical_unknown.","profile_preregistered",TRUE,"paired bootstrap aligned to the same reported gain statistic",TRUE,"Benjamini-Hochberg FDR is computed at dataset level on external_dataset_level_decisions.csv for primary eligible in-regime rows only. Primary alpha=0.05; secondary sensitivity alpha=0.1.","01_results_basic contains compact final results; 02_reports contains generated report files; 03_audit_ready contains full provenance, decisions, oracle audit, and split CSVs; 98_discarded_nonfinal is reserved for obsolete or nonfinal byproducts; 99_recovery_logs contains downloads, checkpoints, temporary recovery outputs, and logs.",0.005,10,TRUE,TRUE
"RD_psych_bfi_auto__depth_bootstrap_full","RD_psych_bfi_auto","rdatasets_psych","https://vincentarelbundock.github.io/Rdatasets/csv/psych/bfi.csv","2026-06-16 15:52:34 -0400",NA,NA,"inline_depth_probe","__auto_numeric__","raw","auto_numeric_column; rdatasets_rows=2800; rdatasets_n_numeric=28; depth_probe=bootstrap_full","empirical_public",2800,1.04973248974259,0.783921404024825,"strictly_positive",28.7575,TRUE,NA,"Rdatasets public catalog: psych bfi - 25 Personality items representing 5 factors ; doc=https://vincentarelbundock.github.io/Rdatasets/doc/psych/bfi.html V5 secondary within-dataset depth probe; not independent N.","TAX-Q1R019","original_regime",13,0.15,4.5,"clustered_upper",500,500,"0.15|4.5|clustered_upper","endogenous",3,500,500,"trimmed20",1.16534613888889,2.93836736111111,NA,500,75,75,258,2542,"V5_audit_ready",TRUE,"Pre-registered empirical profile gate: bounded/proportion by hint/domain; zero-inflated/count by hint/domain; normal_like when abs(skew)<=0.50 and excess_kurtosis<=1.00; heavy_tail_symmetric when abs(skew)<=1.00 and excess_kurtosis>3.00; lognormal_like when skew>1.00 with positive support; weibull_like when skew>0.50 with positive support; otherwise empirical_unknown.","profile_preregistered",TRUE,"paired bootstrap aligned to the same reported gain statistic",TRUE,"Benjamini-Hochberg FDR is computed at dataset level on external_dataset_level_decisions.csv for primary eligible in-regime rows only. Primary alpha=0.05; secondary sensitivity alpha=0.1.","01_results_basic contains compact final results; 02_reports contains generated report files; 03_audit_ready contains full provenance, decisions, oracle audit, and split CSVs; 98_discarded_nonfinal is reserved for obsolete or nonfinal byproducts; 99_recovery_logs contains downloads, checkpoints, temporary recovery outputs, and logs.",0.005,10,TRUE,TRUE
"RD_psych_bfi_auto__depth_bootstrap_full","RD_psych_bfi_auto","rdatasets_psych","https://vincentarelbundock.github.io/Rdatasets/csv/psych/bfi.csv","2026-06-16 15:52:34 -0400",NA,NA,"inline_depth_probe","__auto_numeric__","raw","auto_numeric_column; rdatasets_rows=2800; rdatasets_n_numeric=28; depth_probe=bootstrap_full","empirical_public",2800,1.04973248974259,0.783921404024825,"strictly_positive",28.7575,TRUE,NA,"Rdatasets public catalog: psych bfi - 25 Personality items representing 5 factors ; doc=https://vincentarelbundock.github.io/Rdatasets/doc/psych/bfi.html V5 secondary within-dataset depth probe; not independent N.","TAX-Q1R019","original_regime",25,0.15,4.5,"clustered_upper",1000,1000,"0.15|4.5|clustered_upper","endogenous",3,500,500,"trimmed20",0.995254227777778,1.87896125,NA,500,150,150,258,2542,"V5_audit_ready",TRUE,"Pre-registered empirical profile gate: bounded/proportion by hint/domain; zero-inflated/count by hint/domain; normal_like when abs(skew)<=0.50 and excess_kurtosis<=1.00; heavy_tail_symmetric when abs(skew)<=1.00 and excess_kurtosis>3.00; lognormal_like when skew>1.00 with positive support; weibull_like when skew>0.50 with positive support; otherwise empirical_unknown.","profile_preregistered",TRUE,"paired bootstrap aligned to the same reported gain statistic",TRUE,"Benjamini-Hochberg FDR is computed at dataset level on external_dataset_level_decisions.csv for primary eligible in-regime rows only. Primary alpha=0.05; secondary sensitivity alpha=0.1.","01_results_basic contains compact final results; 02_reports contains generated report files; 03_audit_ready contains full provenance, decisions, oracle audit, and split CSVs; 98_discarded_nonfinal is reserved for obsolete or nonfinal byproducts; 99_recovery_logs contains downloads, checkpoints, temporary recovery outputs, and logs.",0.005,10,TRUE,TRUE
"RD_psych_bfi_auto__depth_bootstrap_full","RD_psych_bfi_auto","rdatasets_psych","https://vincentarelbundock.github.io/Rdatasets/csv/psych/bfi.csv","2026-06-16 15:52:34 -0400",NA,NA,"inline_depth_probe","__auto_numeric__","raw","auto_numeric_column; rdatasets_rows=2800; rdatasets_n_numeric=28; depth_probe=bootstrap_full","empirical_public",2800,1.04973248974259,0.783921404024825,"strictly_positive",28.7575,TRUE,NA,"Rdatasets public catalog: psych bfi - 25 Personality items representing 5 factors ; doc=https://vincentarelbundock.github.io/Rdatasets/doc/psych/bfi.html V5 secondary within-dataset depth probe; not independent N.","TAX-Q1R019","original_regime",3,0.15,6,"clustered_upper",300,300,"0.15|6|clustered_upper","endogenous",3,500,500,"trimmed20",1.33116049074074,4.12656890432099,NA,500,45,45,258,2542,"V5_audit_ready",TRUE,"Pre-registered empirical profile gate: bounded/proportion by hint/domain; zero-inflated/count by hint/domain; normal_like when abs(skew)<=0.50 and excess_kurtosis<=1.00; heavy_tail_symmetric when abs(skew)<=1.00 and excess_kurtosis>3.00; lognormal_like when skew>1.00 with positive support; weibull_like when skew>0.50 with positive support; otherwise empirical_unknown.","profile_preregistered",TRUE,"paired bootstrap aligned to the same reported gain statistic",TRUE,"Benjamini-Hochberg FDR is computed at dataset level on external_dataset_level_decisions.csv for primary eligible in-regime rows only. Primary alpha=0.05; secondary sensitivity alpha=0.1.","01_results_basic contains compact final results; 02_reports contains generated report files; 03_audit_ready contains full provenance, decisions, oracle audit, and split CSVs; 98_discarded_nonfinal is reserved for obsolete or nonfinal byproducts; 99_recovery_logs contains downloads, checkpoints, temporary recovery outputs, and logs.",0.005,10,TRUE,TRUE
"RD_psych_bfi_auto__depth_bootstrap_full","RD_psych_bfi_auto","rdatasets_psych","https://vincentarelbundock.github.io/Rdatasets/csv/psych/bfi.csv","2026-06-16 15:52:34 -0400",NA,NA,"inline_depth_probe","__auto_numeric__","raw","auto_numeric_column; rdatasets_rows=2800; rdatasets_n_numeric=28; depth_probe=bootstrap_full","empirical_public",2800,1.04973248974259,0.783921404024825,"strictly_positive",28.7575,TRUE,NA,"Rdatasets public catalog: psych bfi - 25 Personality items representing 5 factors ; doc=https://vincentarelbundock.github.io/Rdatasets/doc/psych/bfi.html V5 secondary within-dataset depth probe; not independent N.","TAX-Q1R019","original_regime",15,0.15,6,"clustered_upper",500,500,"0.15|6|clustered_upper","endogenous",3,500,500,"trimmed20",1.09415507222222,2.72140263888889,NA,500,75,75,258,2542,"V5_audit_ready",TRUE,"Pre-registered empirical profile gate: bounded/proportion by hint/domain; zero-inflated/count by hint/domain; normal_like when abs(skew)<=0.50 and excess_kurtosis<=1.00; heavy_tail_symmetric when abs(skew)<=1.00 and excess_kurtosis>3.00; lognormal_like when skew>1.00 with positive support; weibull_like when skew>0.50 with positive support; otherwise empirical_unknown.","profile_preregistered",TRUE,"paired bootstrap aligned to the same reported gain statistic",TRUE,"Benjamini-Hochberg FDR is computed at dataset level on external_dataset_level_decisions.csv for primary eligible in-regime rows only. Primary alpha=0.05; secondary sensitivity alpha=0.1.","01_results_basic contains compact final results; 02_reports contains generated report files; 03_audit_ready contains full provenance, decisions, oracle audit, and split CSVs; 98_discarded_nonfinal is reserved for obsolete or nonfinal byproducts; 99_recovery_logs contains downloads, checkpoints, temporary recovery outputs, and logs.",0.005,10,TRUE,TRUE
"RD_psych_bfi_auto__depth_bootstrap_full","RD_psych_bfi_auto","rdatasets_psych","https://vincentarelbundock.github.io/Rdatasets/csv/psych/bfi.csv","2026-06-16 15:52:34 -0400",NA,NA,"inline_depth_probe","__auto_numeric__","raw","auto_numeric_column; rdatasets_rows=2800; rdatasets_n_numeric=28; depth_probe=bootstrap_full","empirical_public",2800,1.04973248974259,0.783921404024825,"strictly_positive",28.7575,TRUE,NA,"Rdatasets public catalog: psych bfi - 25 Personality items representing 5 factors ; doc=https://vincentarelbundock.github.io/Rdatasets/doc/psych/bfi.html V5 secondary within-dataset depth probe; not independent N.","TAX-Q1R019","original_regime",27,0.15,6,"clustered_upper",1000,1000,"0.15|6|clustered_upper","endogenous",3,500,500,"trimmed20",0.969836872222223,1.95766736111111,NA,500,150,150,258,2542,"V5_audit_ready",TRUE,"Pre-registered empirical profile gate: bounded/proportion by hint/domain; zero-inflated/count by hint/domain; normal_like when abs(skew)<=0.50 and excess_kurtosis<=1.00; heavy_tail_symmetric when abs(skew)<=1.00 and excess_kurtosis>3.00; lognormal_like when skew>1.00 with positive support; weibull_like when skew>0.50 with positive support; otherwise empirical_unknown.","profile_preregistered",TRUE,"paired bootstrap aligned to the same reported gain statistic",TRUE,"Benjamini-Hochberg FDR is computed at dataset level on external_dataset_level_decisions.csv for primary eligible in-regime rows only. Primary alpha=0.05; secondary sensitivity alpha=0.1.","01_results_basic contains compact final results; 02_reports contains generated report files; 03_audit_ready contains full provenance, decisions, oracle audit, and split CSVs; 98_discarded_nonfinal is reserved for obsolete or nonfinal byproducts; 99_recovery_logs contains downloads, checkpoints, temporary recovery outputs, and logs.",0.005,10,TRUE,TRUE
"RD_psych_bfi_auto__depth_bootstrap_full","RD_psych_bfi_auto","rdatasets_psych","https://vincentarelbundock.github.io/Rdatasets/csv/psych/bfi.csv","2026-06-16 15:52:34 -0400",NA,NA,"inline_depth_probe","__auto_numeric__","raw","auto_numeric_column; rdatasets_rows=2800; rdatasets_n_numeric=28; depth_probe=bootstrap_full","empirical_public",2800,1.04973248974259,0.783921404024825,"strictly_positive",28.7575,TRUE,NA,"Rdatasets public catalog: psych bfi - 25 Personality items representing 5 factors ; doc=https://vincentarelbundock.github.io/Rdatasets/doc/psych/bfi.html V5 secondary within-dataset depth probe; not independent N.","TAX-Q1R019","original_regime",5,0.15,9,"clustered_upper",300,300,"0.15|9|clustered_upper","endogenous",3,500,500,"trimmed20",1.28869087962963,3.76581905864198,NA,500,45,45,258,2542,"V5_audit_ready",TRUE,"Pre-registered empirical profile gate: bounded/proportion by hint/domain; zero-inflated/count by hint/domain; normal_like when abs(skew)<=0.50 and excess_kurtosis<=1.00; heavy_tail_symmetric when abs(skew)<=1.00 and excess_kurtosis>3.00; lognormal_like when skew>1.00 with positive support; weibull_like when skew>0.50 with positive support; otherwise empirical_unknown.","profile_preregistered",TRUE,"paired bootstrap aligned to the same reported gain statistic",TRUE,"Benjamini-Hochberg FDR is computed at dataset level on external_dataset_level_decisions.csv for primary eligible in-regime rows only. Primary alpha=0.05; secondary sensitivity alpha=0.1.","01_results_basic contains compact final results; 02_reports contains generated report files; 03_audit_ready contains full provenance, decisions, oracle audit, and split CSVs; 98_discarded_nonfinal is reserved for obsolete or nonfinal byproducts; 99_recovery_logs contains downloads, checkpoints, temporary recovery outputs, and logs.",0.005,10,TRUE,TRUE
"RD_psych_bfi_auto__depth_bootstrap_full","RD_psych_bfi_auto","rdatasets_psych","https://vincentarelbundock.github.io/Rdatasets/csv/psych/bfi.csv","2026-06-16 15:52:34 -0400",NA,NA,"inline_depth_probe","__auto_numeric__","raw","auto_numeric_column; rdatasets_rows=2800; rdatasets_n_numeric=28; depth_probe=bootstrap_full","empirical_public",2800,1.04973248974259,0.783921404024825,"strictly_positive",28.7575,TRUE,NA,"Rdatasets public catalog: psych bfi - 25 Personality items representing 5 factors ; doc=https://vincentarelbundock.github.io/Rdatasets/doc/psych/bfi.html V5 secondary within-dataset depth probe; not independent N.","TAX-Q1R019","original_regime",17,0.15,9,"clustered_upper",500,500,"0.15|9|clustered_upper","endogenous",3,500,500,"trimmed20",1.13453955,2.79453263888889,NA,500,75,75,258,2542,"V5_audit_ready",TRUE,"Pre-registered empirical profile gate: bounded/proportion by hint/domain; zero-inflated/count by hint/domain; normal_like when abs(skew)<=0.50 and excess_kurtosis<=1.00; heavy_tail_symmetric when abs(skew)<=1.00 and excess_kurtosis>3.00; lognormal_like when skew>1.00 with positive support; weibull_like when skew>0.50 with positive support; otherwise empirical_unknown.","profile_preregistered",TRUE,"paired bootstrap aligned to the same reported gain statistic",TRUE,"Benjamini-Hochberg FDR is computed at dataset level on external_dataset_level_decisions.csv for primary eligible in-regime rows only. Primary alpha=0.05; secondary sensitivity alpha=0.1.","01_results_basic contains compact final results; 02_reports contains generated report files; 03_audit_ready contains full provenance, decisions, oracle audit, and split CSVs; 98_discarded_nonfinal is reserved for obsolete or nonfinal byproducts; 99_recovery_logs contains downloads, checkpoints, temporary recovery outputs, and logs.",0.005,10,TRUE,TRUE
"RD_psych_bfi_auto__depth_bootstrap_full","RD_psych_bfi_auto","rdatasets_psych","https://vincentarelbundock.github.io/Rdatasets/csv/psych/bfi.csv","2026-06-16 15:52:34 -0400",NA,NA,"inline_depth_probe","__auto_numeric__","raw","auto_numeric_column; rdatasets_rows=2800; rdatasets_n_numeric=28; depth_probe=bootstrap_full","empirical_public",2800,1.04973248974259,0.783921404024825,"strictly_positive",28.7575,TRUE,NA,"Rdatasets public catalog: psych bfi - 25 Personality items representing 5 factors ; doc=https://vincentarelbundock.github.io/Rdatasets/doc/psych/bfi.html V5 secondary within-dataset depth probe; not independent N.","TAX-Q1R019","original_regime",29,0.15,9,"clustered_upper",1000,1000,"0.15|9|clustered_upper","endogenous",3,500,500,"trimmed20",0.993732738888889,2.06305597222222,NA,500,150,150,258,2542,"V5_audit_ready",TRUE,"Pre-registered empirical profile gate: bounded/proportion by hint/domain; zero-inflated/count by hint/domain; normal_like when abs(skew)<=0.50 and excess_kurtosis<=1.00; heavy_tail_symmetric when abs(skew)<=1.00 and excess_kurtosis>3.00; lognormal_like when skew>1.00 with positive support; weibull_like when skew>0.50 with positive support; otherwise empirical_unknown.","profile_preregistered",TRUE,"paired bootstrap aligned to the same reported gain statistic",TRUE,"Benjamini-Hochberg FDR is computed at dataset level on external_dataset_level_decisions.csv for primary eligible in-regime rows only. Primary alpha=0.05; secondary sensitivity alpha=0.1.","01_results_basic contains compact final results; 02_reports contains generated report files; 03_audit_ready contains full provenance, decisions, oracle audit, and split CSVs; 98_discarded_nonfinal is reserved for obsolete or nonfinal byproducts; 99_recovery_logs contains downloads, checkpoints, temporary recovery outputs, and logs.",0.005,10,TRUE,TRUE
"RD_psych_bfi_auto__depth_bootstrap_full","RD_psych_bfi_auto","rdatasets_psych","https://vincentarelbundock.github.io/Rdatasets/csv/psych/bfi.csv","2026-06-16 15:52:34 -0400",NA,NA,"inline_depth_probe","__auto_numeric__","raw","auto_numeric_column; rdatasets_rows=2800; rdatasets_n_numeric=28; depth_probe=bootstrap_full","empirical_public",2800,1.04973248974259,0.783921404024825,"strictly_positive",28.7575,TRUE,NA,"Rdatasets public catalog: psych bfi - 25 Personality items representing 5 factors ; doc=https://vincentarelbundock.github.io/Rdatasets/doc/psych/bfi.html V5 secondary within-dataset depth probe; not independent N.","TAX-Q1R019","original_regime",7,0.15,12,"clustered_upper",300,300,"0.15|12|clustered_upper","endogenous",3,800,500,"trimmed20",1.23425169753086,3.66618927469136,NA,800,45,45,258,2542,"V5_audit_ready",TRUE,"Pre-registered empirical profile gate: bounded/proportion by hint/domain; zero-inflated/count by hint/domain; normal_like when abs(skew)<=0.50 and excess_kurtosis<=1.00; heavy_tail_symmetric when abs(skew)<=1.00 and excess_kurtosis>3.00; lognormal_like when skew>1.00 with positive support; weibull_like when skew>0.50 with positive support; otherwise empirical_unknown.","profile_preregistered",TRUE,"paired bootstrap aligned to the same reported gain statistic",TRUE,"Benjamini-Hochberg FDR is computed at dataset level on external_dataset_level_decisions.csv for primary eligible in-regime rows only. Primary alpha=0.05; secondary sensitivity alpha=0.1.","01_results_basic contains compact final results; 02_reports contains generated report files; 03_audit_ready contains full provenance, decisions, oracle audit, and split CSVs; 98_discarded_nonfinal is reserved for obsolete or nonfinal byproducts; 99_recovery_logs contains downloads, checkpoints, temporary recovery outputs, and logs.",0.005,10,TRUE,TRUE
"RD_psych_bfi_auto__depth_bootstrap_full","RD_psych_bfi_auto","rdatasets_psych","https://vincentarelbundock.github.io/Rdatasets/csv/psych/bfi.csv","2026-06-16 15:52:34 -0400",NA,NA,"inline_depth_probe","__auto_numeric__","raw","auto_numeric_column; rdatasets_rows=2800; rdatasets_n_numeric=28; depth_probe=bootstrap_full","empirical_public",2800,1.04973248974259,0.783921404024825,"strictly_positive",28.7575,TRUE,NA,"Rdatasets public catalog: psych bfi - 25 Personality items representing 5 factors ; doc=https://vincentarelbundock.github.io/Rdatasets/doc/psych/bfi.html V5 secondary within-dataset depth probe; not independent N.","TAX-Q1R019","original_regime",9,0.15,15,"clustered_upper",300,300,"0.15|15|clustered_upper","endogenous",3,800,500,"trimmed20",1.24833209876543,3.50522307098766,NA,800,45,45,258,2542,"V5_audit_ready",TRUE,"Pre-registered empirical profile gate: bounded/proportion by hint/domain; zero-inflated/count by hint/domain; normal_like when abs(skew)<=0.50 and excess_kurtosis<=1.00; heavy_tail_symmetric when abs(skew)<=1.00 and excess_kurtosis>3.00; lognormal_like when skew>1.00 with positive support; weibull_like when skew>0.50 with positive support; otherwise empirical_unknown.","profile_preregistered",TRUE,"paired bootstrap aligned to the same reported gain statistic",TRUE,"Benjamini-Hochberg FDR is computed at dataset level on external_dataset_level_decisions.csv for primary eligible in-regime rows only. Primary alpha=0.05; secondary sensitivity alpha=0.1.","01_results_basic contains compact final results; 02_reports contains generated report files; 03_audit_ready contains full provenance, decisions, oracle audit, and split CSVs; 98_discarded_nonfinal is reserved for obsolete or nonfinal byproducts; 99_recovery_logs contains downloads, checkpoints, temporary recovery outputs, and logs.",0.005,10,TRUE,TRUE
"RD_psych_bfi_auto__depth_bootstrap_full","RD_psych_bfi_auto","rdatasets_psych","https://vincentarelbundock.github.io/Rdatasets/csv/psych/bfi.csv","2026-06-16 15:52:34 -0400",NA,NA,"inline_depth_probe","__auto_numeric__","raw","auto_numeric_column; rdatasets_rows=2800; rdatasets_n_numeric=28; depth_probe=bootstrap_full","empirical_public",2800,1.04973248974259,0.783921404024825,"strictly_positive",28.7575,TRUE,NA,"Rdatasets public catalog: psych bfi - 25 Personality items representing 5 factors ; doc=https://vincentarelbundock.github.io/Rdatasets/doc/psych/bfi.html V5 secondary within-dataset depth probe; not independent N.","TAX-Q1R019","original_regime",8,0.2,12,"clustered_upper",300,300,"0.2|12|clustered_upper","endogenous",3,800,500,"trimmed20",0.597904969135802,2.37930625,NA,800,60,60,258,2542,"V5_audit_ready",TRUE,"Pre-registered empirical profile gate: bounded/proportion by hint/domain; zero-inflated/count by hint/domain; normal_like when abs(skew)<=0.50 and excess_kurtosis<=1.00; heavy_tail_symmetric when abs(skew)<=1.00 and excess_kurtosis>3.00; lognormal_like when skew>1.00 with positive support; weibull_like when skew>0.50 with positive support; otherwise empirical_unknown.","profile_preregistered",TRUE,"paired bootstrap aligned to the same reported gain statistic",TRUE,"Benjamini-Hochberg FDR is computed at dataset level on external_dataset_level_decisions.csv for primary eligible in-regime rows only. Primary alpha=0.05; secondary sensitivity alpha=0.1.","01_results_basic contains compact final results; 02_reports contains generated report files; 03_audit_ready contains full provenance, decisions, oracle audit, and split CSVs; 98_discarded_nonfinal is reserved for obsolete or nonfinal byproducts; 99_recovery_logs contains downloads, checkpoints, temporary recovery outputs, and logs.",0.005,10,TRUE,TRUE
"RD_psych_bfi_auto__depth_bootstrap_full","RD_psych_bfi_auto","rdatasets_psych","https://vincentarelbundock.github.io/Rdatasets/csv/psych/bfi.csv","2026-06-16 15:52:34 -0400",NA,NA,"inline_depth_probe","__auto_numeric__","raw","auto_numeric_column; rdatasets_rows=2800; rdatasets_n_numeric=28; depth_probe=bootstrap_full","empirical_public",2800,1.04973248974259,0.783921404024825,"strictly_positive",28.7575,TRUE,NA,"Rdatasets public catalog: psych bfi - 25 Personality items representing 5 factors ; doc=https://vincentarelbundock.github.io/Rdatasets/doc/psych/bfi.html V5 secondary within-dataset depth probe; not independent N.","TAX-Q1R019","original_regime",20,0.2,12,"clustered_upper",500,500,"0.2|12|clustered_upper","endogenous",3,800,500,"trimmed20",0.3924499375,1.39006375,NA,800,100,100,258,2542,"V5_audit_ready",TRUE,"Pre-registered empirical profile gate: bounded/proportion by hint/domain; zero-inflated/count by hint/domain; normal_like when abs(skew)<=0.50 and excess_kurtosis<=1.00; heavy_tail_symmetric when abs(skew)<=1.00 and excess_kurtosis>3.00; lognormal_like when skew>1.00 with positive support; weibull_like when skew>0.50 with positive support; otherwise empirical_unknown.","profile_preregistered",TRUE,"paired bootstrap aligned to the same reported gain statistic",TRUE,"Benjamini-Hochberg FDR is computed at dataset level on external_dataset_level_decisions.csv for primary eligible in-regime rows only. Primary alpha=0.05; secondary sensitivity alpha=0.1.","01_results_basic contains compact final results; 02_reports contains generated report files; 03_audit_ready contains full provenance, decisions, oracle audit, and split CSVs; 98_discarded_nonfinal is reserved for obsolete or nonfinal byproducts; 99_recovery_logs contains downloads, checkpoints, temporary recovery outputs, and logs.",0.005,10,TRUE,TRUE
"RD_psych_bfi_auto__depth_bootstrap_full","RD_psych_bfi_auto","rdatasets_psych","https://vincentarelbundock.github.io/Rdatasets/csv/psych/bfi.csv","2026-06-16 15:52:34 -0400",NA,NA,"inline_depth_probe","__auto_numeric__","raw","auto_numeric_column; rdatasets_rows=2800; rdatasets_n_numeric=28; depth_probe=bootstrap_full","empirical_public",2800,1.04973248974259,0.783921404024825,"strictly_positive",28.7575,TRUE,NA,"Rdatasets public catalog: psych bfi - 25 Personality items representing 5 factors ; doc=https://vincentarelbundock.github.io/Rdatasets/doc/psych/bfi.html V5 secondary within-dataset depth probe; not independent N.","TAX-Q1R019","original_regime",32,0.2,12,"clustered_upper",1000,1000,"0.2|12|clustered_upper","endogenous",3,800,500,"trimmed20",0.289487104166666,0.857018749999997,NA,800,200,200,258,2542,"V5_audit_ready",TRUE,"Pre-registered empirical profile gate: bounded/proportion by hint/domain; zero-inflated/count by hint/domain; normal_like when abs(skew)<=0.50 and excess_kurtosis<=1.00; heavy_tail_symmetric when abs(skew)<=1.00 and excess_kurtosis>3.00; lognormal_like when skew>1.00 with positive support; weibull_like when skew>0.50 with positive support; otherwise empirical_unknown.","profile_preregistered",TRUE,"paired bootstrap aligned to the same reported gain statistic",TRUE,"Benjamini-Hochberg FDR is computed at dataset level on external_dataset_level_decisions.csv for primary eligible in-regime rows only. Primary alpha=0.05; secondary sensitivity alpha=0.1.","01_results_basic contains compact final results; 02_reports contains generated report files; 03_audit_ready contains full provenance, decisions, oracle audit, and split CSVs; 98_discarded_nonfinal is reserved for obsolete or nonfinal byproducts; 99_recovery_logs contains downloads, checkpoints, temporary recovery outputs, and logs.",0.005,10,TRUE,TRUE
"RD_psych_bfi_auto__depth_bootstrap_full","RD_psych_bfi_auto","rdatasets_psych","https://vincentarelbundock.github.io/Rdatasets/csv/psych/bfi.csv","2026-06-16 15:52:34 -0400",NA,NA,"inline_depth_probe","__auto_numeric__","raw","auto_numeric_column; rdatasets_rows=2800; rdatasets_n_numeric=28; depth_probe=bootstrap_full","empirical_public",2800,1.04973248974259,0.783921404024825,"strictly_positive",28.7575,TRUE,NA,"Rdatasets public catalog: psych bfi - 25 Personality items representing 5 factors ; doc=https://vincentarelbundock.github.io/Rdatasets/doc/psych/bfi.html V5 secondary within-dataset depth probe; not independent N.","TAX-Q1R019","original_regime",10,0.2,15,"clustered_upper",300,300,"0.2|15|clustered_upper","endogenous",3,800,500,"trimmed20",0.598738784722222,2.13339807098765,NA,800,60,60,258,2542,"V5_audit_ready",TRUE,"Pre-registered empirical profile gate: bounded/proportion by hint/domain; zero-inflated/count by hint/domain; normal_like when abs(skew)<=0.50 and excess_kurtosis<=1.00; heavy_tail_symmetric when abs(skew)<=1.00 and excess_kurtosis>3.00; lognormal_like when skew>1.00 with positive support; weibull_like when skew>0.50 with positive support; otherwise empirical_unknown.","profile_preregistered",TRUE,"paired bootstrap aligned to the same reported gain statistic",TRUE,"Benjamini-Hochberg FDR is computed at dataset level on external_dataset_level_decisions.csv for primary eligible in-regime rows only. Primary alpha=0.05; secondary sensitivity alpha=0.1.","01_results_basic contains compact final results; 02_reports contains generated report files; 03_audit_ready contains full provenance, decisions, oracle audit, and split CSVs; 98_discarded_nonfinal is reserved for obsolete or nonfinal byproducts; 99_recovery_logs contains downloads, checkpoints, temporary recovery outputs, and logs.",0.005,10,TRUE,TRUE
"RD_psych_bfi_auto__depth_bootstrap_full","RD_psych_bfi_auto","rdatasets_psych","https://vincentarelbundock.github.io/Rdatasets/csv/psych/bfi.csv","2026-06-16 15:52:34 -0400",NA,NA,"inline_depth_probe","__auto_numeric__","raw","auto_numeric_column; rdatasets_rows=2800; rdatasets_n_numeric=28; depth_probe=bootstrap_full","empirical_public",2800,1.04973248974259,0.783921404024825,"strictly_positive",28.7575,TRUE,NA,"Rdatasets public catalog: psych bfi - 25 Personality items representing 5 factors ; doc=https://vincentarelbundock.github.io/Rdatasets/doc/psych/bfi.html V5 secondary within-dataset depth probe; not independent N.","TAX-Q1R019","original_regime",22,0.2,15,"clustered_upper",500,500,"0.2|15|clustered_upper","endogenous",3,800,500,"trimmed20",0.391079826388889,1.37438819444444,NA,800,100,100,258,2542,"V5_audit_ready",TRUE,"Pre-registered empirical profile gate: bounded/proportion by hint/domain; zero-inflated/count by hint/domain; normal_like when abs(skew)<=0.50 and excess_kurtosis<=1.00; heavy_tail_symmetric when abs(skew)<=1.00 and excess_kurtosis>3.00; lognormal_like when skew>1.00 with positive support; weibull_like when skew>0.50 with positive support; otherwise empirical_unknown.","profile_preregistered",TRUE,"paired bootstrap aligned to the same reported gain statistic",TRUE,"Benjamini-Hochberg FDR is computed at dataset level on external_dataset_level_decisions.csv for primary eligible in-regime rows only. Primary alpha=0.05; secondary sensitivity alpha=0.1.","01_results_basic contains compact final results; 02_reports contains generated report files; 03_audit_ready contains full provenance, decisions, oracle audit, and split CSVs; 98_discarded_nonfinal is reserved for obsolete or nonfinal byproducts; 99_recovery_logs contains downloads, checkpoints, temporary recovery outputs, and logs.",0.005,10,TRUE,TRUE
"RD_psych_bfi_auto__depth_bootstrap_full","RD_psych_bfi_auto","rdatasets_psych","https://vincentarelbundock.github.io/Rdatasets/csv/psych/bfi.csv","2026-06-16 15:52:34 -0400",NA,NA,"inline_depth_probe","__auto_numeric__","raw","auto_numeric_column; rdatasets_rows=2800; rdatasets_n_numeric=28; depth_probe=bootstrap_full","empirical_public",2800,1.04973248974259,0.783921404024825,"strictly_positive",28.7575,TRUE,NA,"Rdatasets public catalog: psych bfi - 25 Personality items representing 5 factors ; doc=https://vincentarelbundock.github.io/Rdatasets/doc/psych/bfi.html V5 secondary within-dataset depth probe; not independent N.","TAX-Q1R019","original_regime",34,0.2,15,"clustered_upper",1000,1000,"0.2|15|clustered_upper","endogenous",3,800,500,"trimmed20",0.300571916666666,0.926108194444444,NA,800,200,200,258,2542,"V5_audit_ready",TRUE,"Pre-registered empirical profile gate: bounded/proportion by hint/domain; zero-inflated/count by hint/domain; normal_like when abs(skew)<=0.50 and excess_kurtosis<=1.00; heavy_tail_symmetric when abs(skew)<=1.00 and excess_kurtosis>3.00; lognormal_like when skew>1.00 with positive support; weibull_like when skew>0.50 with positive support; otherwise empirical_unknown.","profile_preregistered",TRUE,"paired bootstrap aligned to the same reported gain statistic",TRUE,"Benjamini-Hochberg FDR is computed at dataset level on external_dataset_level_decisions.csv for primary eligible in-regime rows only. Primary alpha=0.05; secondary sensitivity alpha=0.1.","01_results_basic contains compact final results; 02_reports contains generated report files; 03_audit_ready contains full provenance, decisions, oracle audit, and split CSVs; 98_discarded_nonfinal is reserved for obsolete or nonfinal byproducts; 99_recovery_logs contains downloads, checkpoints, temporary recovery outputs, and logs.",0.005,10,TRUE,TRUE
"RD_psych_bfi_auto__depth_bootstrap_full","RD_psych_bfi_auto","rdatasets_psych","https://vincentarelbundock.github.io/Rdatasets/csv/psych/bfi.csv","2026-06-16 15:52:34 -0400",NA,NA,"inline_depth_probe","__auto_numeric__","raw","auto_numeric_column; rdatasets_rows=2800; rdatasets_n_numeric=28; depth_probe=bootstrap_full","empirical_public",2800,1.04973248974259,0.783921404024825,"strictly_positive",28.7575,TRUE,NA,"Rdatasets public catalog: psych bfi - 25 Personality items representing 5 factors ; doc=https://vincentarelbundock.github.io/Rdatasets/doc/psych/bfi.html V5 secondary within-dataset depth probe; not independent N.","TAX-Q1R019","original_regime",12,0.2,20,"clustered_upper",300,300,"0.2|20|clustered_upper","endogenous",3,800,500,"trimmed20",0.548401539351852,2.13406211419753,NA,800,60,60,258,2542,"V5_audit_ready",TRUE,"Pre-registered empirical profile gate: bounded/proportion by hint/domain; zero-inflated/count by hint/domain; normal_like when abs(skew)<=0.50 and excess_kurtosis<=1.00; heavy_tail_symmetric when abs(skew)<=1.00 and excess_kurtosis>3.00; lognormal_like when skew>1.00 with positive support; weibull_like when skew>0.50 with positive support; otherwise empirical_unknown.","profile_preregistered",TRUE,"paired bootstrap aligned to the same reported gain statistic",TRUE,"Benjamini-Hochberg FDR is computed at dataset level on external_dataset_level_decisions.csv for primary eligible in-regime rows only. Primary alpha=0.05; secondary sensitivity alpha=0.1.","01_results_basic contains compact final results; 02_reports contains generated report files; 03_audit_ready contains full provenance, decisions, oracle audit, and split CSVs; 98_discarded_nonfinal is reserved for obsolete or nonfinal byproducts; 99_recovery_logs contains downloads, checkpoints, temporary recovery outputs, and logs.",0.005,10,TRUE,TRUE
"RD_psych_bfi_auto__depth_bootstrap_full","RD_psych_bfi_auto","rdatasets_psych","https://vincentarelbundock.github.io/Rdatasets/csv/psych/bfi.csv","2026-06-16 15:52:34 -0400",NA,NA,"inline_depth_probe","__auto_numeric__","raw","auto_numeric_column; rdatasets_rows=2800; rdatasets_n_numeric=28; depth_probe=bootstrap_full","empirical_public",2800,1.04973248974259,0.783921404024825,"strictly_positive",28.7575,TRUE,NA,"Rdatasets public catalog: psych bfi - 25 Personality items representing 5 factors ; doc=https://vincentarelbundock.github.io/Rdatasets/doc/psych/bfi.html V5 secondary within-dataset depth probe; not independent N.","TAX-Q1R019","original_regime",24,0.2,20,"clustered_upper",500,500,"0.2|20|clustered_upper","endogenous",3,800,500,"trimmed20",0.399939631944444,1.60418402777778,NA,800,100,100,258,2542,"V5_audit_ready",TRUE,"Pre-registered empirical profile gate: bounded/proportion by hint/domain; zero-inflated/count by hint/domain; normal_like when abs(skew)<=0.50 and excess_kurtosis<=1.00; heavy_tail_symmetric when abs(skew)<=1.00 and excess_kurtosis>3.00; lognormal_like when skew>1.00 with positive support; weibull_like when skew>0.50 with positive support; otherwise empirical_unknown.","profile_preregistered",TRUE,"paired bootstrap aligned to the same reported gain statistic",TRUE,"Benjamini-Hochberg FDR is computed at dataset level on external_dataset_level_decisions.csv for primary eligible in-regime rows only. Primary alpha=0.05; secondary sensitivity alpha=0.1.","01_results_basic contains compact final results; 02_reports contains generated report files; 03_audit_ready contains full provenance, decisions, oracle audit, and split CSVs; 98_discarded_nonfinal is reserved for obsolete or nonfinal byproducts; 99_recovery_logs contains downloads, checkpoints, temporary recovery outputs, and logs.",0.005,10,TRUE,TRUE
"RD_psych_bfi_auto__depth_bootstrap_full","RD_psych_bfi_auto","rdatasets_psych","https://vincentarelbundock.github.io/Rdatasets/csv/psych/bfi.csv","2026-06-16 15:52:34 -0400",NA,NA,"inline_depth_probe","__auto_numeric__","raw","auto_numeric_column; rdatasets_rows=2800; rdatasets_n_numeric=28; depth_probe=bootstrap_full","empirical_public",2800,1.04973248974259,0.783921404024825,"strictly_positive",28.7575,TRUE,NA,"Rdatasets public catalog: psych bfi - 25 Personality items representing 5 factors ; doc=https://vincentarelbundock.github.io/Rdatasets/doc/psych/bfi.html V5 secondary within-dataset depth probe; not independent N.","TAX-Q1R019","original_regime",36,0.2,20,"clustered_upper",1000,1000,"0.2|20|clustered_upper","endogenous",3,800,500,"trimmed20",0.302701020833333,0.891450694444446,NA,800,200,200,258,2542,"V5_audit_ready",TRUE,"Pre-registered empirical profile gate: bounded/proportion by hint/domain; zero-inflated/count by hint/domain; normal_like when abs(skew)<=0.50 and excess_kurtosis<=1.00; heavy_tail_symmetric when abs(skew)<=1.00 and excess_kurtosis>3.00; lognormal_like when skew>1.00 with positive support; weibull_like when skew>0.50 with positive support; otherwise empirical_unknown.","profile_preregistered",TRUE,"paired bootstrap aligned to the same reported gain statistic",TRUE,"Benjamini-Hochberg FDR is computed at dataset level on external_dataset_level_decisions.csv for primary eligible in-regime rows only. Primary alpha=0.05; secondary sensitivity alpha=0.1.","01_results_basic contains compact final results; 02_reports contains generated report files; 03_audit_ready contains full provenance, decisions, oracle audit, and split CSVs; 98_discarded_nonfinal is reserved for obsolete or nonfinal byproducts; 99_recovery_logs contains downloads, checkpoints, temporary recovery outputs, and logs.",0.005,10,TRUE,TRUE
"RD_psych_bfi_auto__depth_bootstrap_full","RD_psych_bfi_auto","rdatasets_psych","https://vincentarelbundock.github.io/Rdatasets/csv/psych/bfi.csv","2026-06-16 15:52:34 -0400",NA,NA,"inline_depth_probe","__auto_numeric__","raw","auto_numeric_column; rdatasets_rows=2800; rdatasets_n_numeric=28; depth_probe=bootstrap_full","empirical_public",2800,1.04973248974259,0.783921404024825,"strictly_positive",28.7575,TRUE,NA,"Rdatasets public catalog: psych bfi - 25 Personality items representing 5 factors ; doc=https://vincentarelbundock.github.io/Rdatasets/doc/psych/bfi.html V5 secondary within-dataset depth probe; not independent N.","TAX-Q1R019","original_regime",2,0.2,4.5,"clustered_upper",300,300,"0.2|4.5|clustered_upper","endogenous",3,800,500,"trimmed20",0.531711535493827,2.02195408950617,NA,800,60,60,258,2542,"V5_audit_ready",TRUE,"Pre-registered empirical profile gate: bounded/proportion by hint/domain; zero-inflated/count by hint/domain; normal_like when abs(skew)<=0.50 and excess_kurtosis<=1.00; heavy_tail_symmetric when abs(skew)<=1.00 and excess_kurtosis>3.00; lognormal_like when skew>1.00 with positive support; weibull_like when skew>0.50 with positive support; otherwise empirical_unknown.","profile_preregistered",TRUE,"paired bootstrap aligned to the same reported gain statistic",TRUE,"Benjamini-Hochberg FDR is computed at dataset level on external_dataset_level_decisions.csv for primary eligible in-regime rows only. Primary alpha=0.05; secondary sensitivity alpha=0.1.","01_results_basic contains compact final results; 02_reports contains generated report files; 03_audit_ready contains full provenance, decisions, oracle audit, and split CSVs; 98_discarded_nonfinal is reserved for obsolete or nonfinal byproducts; 99_recovery_logs contains downloads, checkpoints, temporary recovery outputs, and logs.",0.005,10,TRUE,TRUE
"RD_psych_bfi_auto__depth_bootstrap_full","RD_psych_bfi_auto","rdatasets_psych","https://vincentarelbundock.github.io/Rdatasets/csv/psych/bfi.csv","2026-06-16 15:52:34 -0400",NA,NA,"inline_depth_probe","__auto_numeric__","raw","auto_numeric_column; rdatasets_rows=2800; rdatasets_n_numeric=28; depth_probe=bootstrap_full","empirical_public",2800,1.04973248974259,0.783921404024825,"strictly_positive",28.7575,TRUE,NA,"Rdatasets public catalog: psych bfi - 25 Personality items representing 5 factors ; doc=https://vincentarelbundock.github.io/Rdatasets/doc/psych/bfi.html V5 secondary within-dataset depth probe; not independent N.","TAX-Q1R019","original_regime",14,0.2,4.5,"clustered_upper",500,500,"0.2|4.5|clustered_upper","endogenous",3,800,500,"trimmed20",0.406325048611111,1.49696236111111,NA,800,100,100,258,2542,"V5_audit_ready",TRUE,"Pre-registered empirical profile gate: bounded/proportion by hint/domain; zero-inflated/count by hint/domain; normal_like when abs(skew)<=0.50 and excess_kurtosis<=1.00; heavy_tail_symmetric when abs(skew)<=1.00 and excess_kurtosis>3.00; lognormal_like when skew>1.00 with positive support; weibull_like when skew>0.50 with positive support; otherwise empirical_unknown.","profile_preregistered",TRUE,"paired bootstrap aligned to the same reported gain statistic",TRUE,"Benjamini-Hochberg FDR is computed at dataset level on external_dataset_level_decisions.csv for primary eligible in-regime rows only. Primary alpha=0.05; secondary sensitivity alpha=0.1.","01_results_basic contains compact final results; 02_reports contains generated report files; 03_audit_ready contains full provenance, decisions, oracle audit, and split CSVs; 98_discarded_nonfinal is reserved for obsolete or nonfinal byproducts; 99_recovery_logs contains downloads, checkpoints, temporary recovery outputs, and logs.",0.005,10,TRUE,TRUE
"RD_psych_bfi_auto__depth_bootstrap_full","RD_psych_bfi_auto","rdatasets_psych","https://vincentarelbundock.github.io/Rdatasets/csv/psych/bfi.csv","2026-06-16 15:52:34 -0400",NA,NA,"inline_depth_probe","__auto_numeric__","raw","auto_numeric_column; rdatasets_rows=2800; rdatasets_n_numeric=28; depth_probe=bootstrap_full","empirical_public",2800,1.04973248974259,0.783921404024825,"strictly_positive",28.7575,TRUE,NA,"Rdatasets public catalog: psych bfi - 25 Personality items representing 5 factors ; doc=https://vincentarelbundock.github.io/Rdatasets/doc/psych/bfi.html V5 secondary within-dataset depth probe; not independent N.","TAX-Q1R019","original_regime",26,0.2,4.5,"clustered_upper",1000,1000,"0.2|4.5|clustered_upper","endogenous",3,800,500,"trimmed20",0.297395583333333,0.824466527777779,NA,800,200,200,258,2542,"V5_audit_ready",TRUE,"Pre-registered empirical profile gate: bounded/proportion by hint/domain; zero-inflated/count by hint/domain; normal_like when abs(skew)<=0.50 and excess_kurtosis<=1.00; heavy_tail_symmetric when abs(skew)<=1.00 and excess_kurtosis>3.00; lognormal_like when skew>1.00 with positive support; weibull_like when skew>0.50 with positive support; otherwise empirical_unknown.","profile_preregistered",TRUE,"paired bootstrap aligned to the same reported gain statistic",TRUE,"Benjamini-Hochberg FDR is computed at dataset level on external_dataset_level_decisions.csv for primary eligible in-regime rows only. Primary alpha=0.05; secondary sensitivity alpha=0.1.","01_results_basic contains compact final results; 02_reports contains generated report files; 03_audit_ready contains full provenance, decisions, oracle audit, and split CSVs; 98_discarded_nonfinal is reserved for obsolete or nonfinal byproducts; 99_recovery_logs contains downloads, checkpoints, temporary recovery outputs, and logs.",0.005,10,TRUE,TRUE
"RD_psych_bfi_auto__depth_bootstrap_full","RD_psych_bfi_auto","rdatasets_psych","https://vincentarelbundock.github.io/Rdatasets/csv/psych/bfi.csv","2026-06-16 15:52:34 -0400",NA,NA,"inline_depth_probe","__auto_numeric__","raw","auto_numeric_column; rdatasets_rows=2800; rdatasets_n_numeric=28; depth_probe=bootstrap_full","empirical_public",2800,1.04973248974259,0.783921404024825,"strictly_positive",28.7575,TRUE,NA,"Rdatasets public catalog: psych bfi - 25 Personality items representing 5 factors ; doc=https://vincentarelbundock.github.io/Rdatasets/doc/psych/bfi.html V5 secondary within-dataset depth probe; not independent N.","TAX-Q1R019","original_regime",4,0.2,6,"clustered_upper",300,300,"0.2|6|clustered_upper","endogenous",3,800,500,"trimmed20",0.547164050925926,1.89753433641975,NA,800,60,60,258,2542,"V5_audit_ready",TRUE,"Pre-registered empirical profile gate: bounded/proportion by hint/domain; zero-inflated/count by hint/domain; normal_like when abs(skew)<=0.50 and excess_kurtosis<=1.00; heavy_tail_symmetric when abs(skew)<=1.00 and excess_kurtosis>3.00; lognormal_like when skew>1.00 with positive support; weibull_like when skew>0.50 with positive support; otherwise empirical_unknown.","profile_preregistered",TRUE,"paired bootstrap aligned to the same reported gain statistic",TRUE,"Benjamini-Hochberg FDR is computed at dataset level on external_dataset_level_decisions.csv for primary eligible in-regime rows only. Primary alpha=0.05; secondary sensitivity alpha=0.1.","01_results_basic contains compact final results; 02_reports contains generated report files; 03_audit_ready contains full provenance, decisions, oracle audit, and split CSVs; 98_discarded_nonfinal is reserved for obsolete or nonfinal byproducts; 99_recovery_logs contains downloads, checkpoints, temporary recovery outputs, and logs.",0.005,10,TRUE,TRUE
"RD_psych_bfi_auto__depth_bootstrap_full","RD_psych_bfi_auto","rdatasets_psych","https://vincentarelbundock.github.io/Rdatasets/csv/psych/bfi.csv","2026-06-16 15:52:34 -0400",NA,NA,"inline_depth_probe","__auto_numeric__","raw","auto_numeric_column; rdatasets_rows=2800; rdatasets_n_numeric=28; depth_probe=bootstrap_full","empirical_public",2800,1.04973248974259,0.783921404024825,"strictly_positive",28.7575,TRUE,NA,"Rdatasets public catalog: psych bfi - 25 Personality items representing 5 factors ; doc=https://vincentarelbundock.github.io/Rdatasets/doc/psych/bfi.html V5 secondary within-dataset depth probe; not independent N.","TAX-Q1R019","original_regime",16,0.2,6,"clustered_upper",500,500,"0.2|6|clustered_upper","endogenous",3,800,500,"trimmed20",0.424584347222222,1.49023625,NA,800,100,100,258,2542,"V5_audit_ready",TRUE,"Pre-registered empirical profile gate: bounded/proportion by hint/domain; zero-inflated/count by hint/domain; normal_like when abs(skew)<=0.50 and excess_kurtosis<=1.00; heavy_tail_symmetric when abs(skew)<=1.00 and excess_kurtosis>3.00; lognormal_like when skew>1.00 with positive support; weibull_like when skew>0.50 with positive support; otherwise empirical_unknown.","profile_preregistered",TRUE,"paired bootstrap aligned to the same reported gain statistic",TRUE,"Benjamini-Hochberg FDR is computed at dataset level on external_dataset_level_decisions.csv for primary eligible in-regime rows only. Primary alpha=0.05; secondary sensitivity alpha=0.1.","01_results_basic contains compact final results; 02_reports contains generated report files; 03_audit_ready contains full provenance, decisions, oracle audit, and split CSVs; 98_discarded_nonfinal is reserved for obsolete or nonfinal byproducts; 99_recovery_logs contains downloads, checkpoints, temporary recovery outputs, and logs.",0.005,10,TRUE,TRUE
"RD_psych_bfi_auto__depth_bootstrap_full","RD_psych_bfi_auto","rdatasets_psych","https://vincentarelbundock.github.io/Rdatasets/csv/psych/bfi.csv","2026-06-16 15:52:34 -0400",NA,NA,"inline_depth_probe","__auto_numeric__","raw","auto_numeric_column; rdatasets_rows=2800; rdatasets_n_numeric=28; depth_probe=bootstrap_full","empirical_public",2800,1.04973248974259,0.783921404024825,"strictly_positive",28.7575,TRUE,NA,"Rdatasets public catalog: psych bfi - 25 Personality items representing 5 factors ; doc=https://vincentarelbundock.github.io/Rdatasets/doc/psych/bfi.html V5 secondary within-dataset depth probe; not independent N.","TAX-Q1R019","original_regime",28,0.2,6,"clustered_upper",1000,1000,"0.2|6|clustered_upper","endogenous",3,800,500,"trimmed20",0.289173416666666,0.813454305555556,NA,800,200,200,258,2542,"V5_audit_ready",TRUE,"Pre-registered empirical profile gate: bounded/proportion by hint/domain; zero-inflated/count by hint/domain; normal_like when abs(skew)<=0.50 and excess_kurtosis<=1.00; heavy_tail_symmetric when abs(skew)<=1.00 and excess_kurtosis>3.00; lognormal_like when skew>1.00 with positive support; weibull_like when skew>0.50 with positive support; otherwise empirical_unknown.","profile_preregistered",TRUE,"paired bootstrap aligned to the same reported gain statistic",TRUE,"Benjamini-Hochberg FDR is computed at dataset level on external_dataset_level_decisions.csv for primary eligible in-regime rows only. Primary alpha=0.05; secondary sensitivity alpha=0.1.","01_results_basic contains compact final results; 02_reports contains generated report files; 03_audit_ready contains full provenance, decisions, oracle audit, and split CSVs; 98_discarded_nonfinal is reserved for obsolete or nonfinal byproducts; 99_recovery_logs contains downloads, checkpoints, temporary recovery outputs, and logs.",0.005,10,TRUE,TRUE
"RD_psych_bfi_auto__depth_bootstrap_full","RD_psych_bfi_auto","rdatasets_psych","https://vincentarelbundock.github.io/Rdatasets/csv/psych/bfi.csv","2026-06-16 15:52:34 -0400",NA,NA,"inline_depth_probe","__auto_numeric__","raw","auto_numeric_column; rdatasets_rows=2800; rdatasets_n_numeric=28; depth_probe=bootstrap_full","empirical_public",2800,1.04973248974259,0.783921404024825,"strictly_positive",28.7575,TRUE,NA,"Rdatasets public catalog: psych bfi - 25 Personality items representing 5 factors ; doc=https://vincentarelbundock.github.io/Rdatasets/doc/psych/bfi.html V5 secondary within-dataset depth probe; not independent N.","TAX-Q1R019","original_regime",6,0.2,9,"clustered_upper",300,300,"0.2|9|clustered_upper","endogenous",3,800,500,"trimmed20",0.583874513888889,2.22679035493827,NA,800,60,60,258,2542,"V5_audit_ready",TRUE,"Pre-registered empirical profile gate: bounded/proportion by hint/domain; zero-inflated/count by hint/domain; normal_like when abs(skew)<=0.50 and excess_kurtosis<=1.00; heavy_tail_symmetric when abs(skew)<=1.00 and excess_kurtosis>3.00; lognormal_like when skew>1.00 with positive support; weibull_like when skew>0.50 with positive support; otherwise empirical_unknown.","profile_preregistered",TRUE,"paired bootstrap aligned to the same reported gain statistic",TRUE,"Benjamini-Hochberg FDR is computed at dataset level on external_dataset_level_decisions.csv for primary eligible in-regime rows only. Primary alpha=0.05; secondary sensitivity alpha=0.1.","01_results_basic contains compact final results; 02_reports contains generated report files; 03_audit_ready contains full provenance, decisions, oracle audit, and split CSVs; 98_discarded_nonfinal is reserved for obsolete or nonfinal byproducts; 99_recovery_logs contains downloads, checkpoints, temporary recovery outputs, and logs.",0.005,10,TRUE,TRUE
"RD_psych_bfi_auto__depth_bootstrap_full","RD_psych_bfi_auto","rdatasets_psych","https://vincentarelbundock.github.io/Rdatasets/csv/psych/bfi.csv","2026-06-16 15:52:34 -0400",NA,NA,"inline_depth_probe","__auto_numeric__","raw","auto_numeric_column; rdatasets_rows=2800; rdatasets_n_numeric=28; depth_probe=bootstrap_full","empirical_public",2800,1.04973248974259,0.783921404024825,"strictly_positive",28.7575,TRUE,NA,"Rdatasets public catalog: psych bfi - 25 Personality items representing 5 factors ; doc=https://vincentarelbundock.github.io/Rdatasets/doc/psych/bfi.html V5 secondary within-dataset depth probe; not independent N.","TAX-Q1R019","original_regime",18,0.2,9,"clustered_upper",500,500,"0.2|9|clustered_upper","endogenous",3,800,500,"trimmed20",0.431272118055555,1.52440430555555,NA,800,100,100,258,2542,"V5_audit_ready",TRUE,"Pre-registered empirical profile gate: bounded/proportion by hint/domain; zero-inflated/count by hint/domain; normal_like when abs(skew)<=0.50 and excess_kurtosis<=1.00; heavy_tail_symmetric when abs(skew)<=1.00 and excess_kurtosis>3.00; lognormal_like when skew>1.00 with positive support; weibull_like when skew>0.50 with positive support; otherwise empirical_unknown.","profile_preregistered",TRUE,"paired bootstrap aligned to the same reported gain statistic",TRUE,"Benjamini-Hochberg FDR is computed at dataset level on external_dataset_level_decisions.csv for primary eligible in-regime rows only. Primary alpha=0.05; secondary sensitivity alpha=0.1.","01_results_basic contains compact final results; 02_reports contains generated report files; 03_audit_ready contains full provenance, decisions, oracle audit, and split CSVs; 98_discarded_nonfinal is reserved for obsolete or nonfinal byproducts; 99_recovery_logs contains downloads, checkpoints, temporary recovery outputs, and logs.",0.005,10,TRUE,TRUE
"RD_psych_bfi_auto__depth_bootstrap_full","RD_psych_bfi_auto","rdatasets_psych","https://vincentarelbundock.github.io/Rdatasets/csv/psych/bfi.csv","2026-06-16 15:52:34 -0400",NA,NA,"inline_depth_probe","__auto_numeric__","raw","auto_numeric_column; rdatasets_rows=2800; rdatasets_n_numeric=28; depth_probe=bootstrap_full","empirical_public",2800,1.04973248974259,0.783921404024825,"strictly_positive",28.7575,TRUE,NA,"Rdatasets public catalog: psych bfi - 25 Personality items representing 5 factors ; doc=https://vincentarelbundock.github.io/Rdatasets/doc/psych/bfi.html V5 secondary within-dataset depth probe; not independent N.","TAX-Q1R019","original_regime",30,0.2,9,"clustered_upper",1000,1000,"0.2|9|clustered_upper","endogenous",3,800,500,"trimmed20",0.282900902777778,0.847934027777779,NA,800,200,200,258,2542,"V5_audit_ready",TRUE,"Pre-registered empirical profile gate: bounded/proportion by hint/domain; zero-inflated/count by hint/domain; normal_like when abs(skew)<=0.50 and excess_kurtosis<=1.00; heavy_tail_symmetric when abs(skew)<=1.00 and excess_kurtosis>3.00; lognormal_like when skew>1.00 with positive support; weibull_like when skew>0.50 with positive support; otherwise empirical_unknown.","profile_preregistered",TRUE,"paired bootstrap aligned to the same reported gain statistic",TRUE,"Benjamini-Hochberg FDR is computed at dataset level on external_dataset_level_decisions.csv for primary eligible in-regime rows only. Primary alpha=0.05; secondary sensitivity alpha=0.1.","01_results_basic contains compact final results; 02_reports contains generated report files; 03_audit_ready contains full provenance, decisions, oracle audit, and split CSVs; 98_discarded_nonfinal is reserved for obsolete or nonfinal byproducts; 99_recovery_logs contains downloads, checkpoints, temporary recovery outputs, and logs.",0.005,10,TRUE,TRUE
"RD_psych_bfi_auto__depth_bootstrap_full","RD_psych_bfi_auto","rdatasets_psych","https://vincentarelbundock.github.io/Rdatasets/csv/psych/bfi.csv","2026-06-16 15:52:34 -0400",NA,NA,"inline_depth_probe","__auto_numeric__","raw","auto_numeric_column; rdatasets_rows=2800; rdatasets_n_numeric=28; depth_probe=bootstrap_full","empirical_public",2800,1.04973248974259,0.783921404024825,"strictly_positive",28.7575,TRUE,NA,"Rdatasets public catalog: psych bfi - 25 Personality items representing 5 factors ; doc=https://vincentarelbundock.github.io/Rdatasets/doc/psych/bfi.html V5 secondary within-dataset depth probe; not independent N.","TAX-Q1R019","original_regime",19,0.15,12,"clustered_upper",500,500,"0.15|12|clustered_upper","endogenous",3,500,500,"winsorized_0.05",2.2471887435,3.84445213749999,NA,500,75,75,258,2542,"V5_audit_ready",TRUE,"Pre-registered empirical profile gate: bounded/proportion by hint/domain; zero-inflated/count by hint/domain; normal_like when abs(skew)<=0.50 and excess_kurtosis<=1.00; heavy_tail_symmetric when abs(skew)<=1.00 and excess_kurtosis>3.00; lognormal_like when skew>1.00 with positive support; weibull_like when skew>0.50 with positive support; otherwise empirical_unknown.","profile_preregistered",TRUE,"paired bootstrap aligned to the same reported gain statistic",TRUE,"Benjamini-Hochberg FDR is computed at dataset level on external_dataset_level_decisions.csv for primary eligible in-regime rows only. Primary alpha=0.05; secondary sensitivity alpha=0.1.","01_results_basic contains compact final results; 02_reports contains generated report files; 03_audit_ready contains full provenance, decisions, oracle audit, and split CSVs; 98_discarded_nonfinal is reserved for obsolete or nonfinal byproducts; 99_recovery_logs contains downloads, checkpoints, temporary recovery outputs, and logs.",0.005,10,TRUE,TRUE
"RD_psych_bfi_auto__depth_bootstrap_full","RD_psych_bfi_auto","rdatasets_psych","https://vincentarelbundock.github.io/Rdatasets/csv/psych/bfi.csv","2026-06-16 15:52:34 -0400",NA,NA,"inline_depth_probe","__auto_numeric__","raw","auto_numeric_column; rdatasets_rows=2800; rdatasets_n_numeric=28; depth_probe=bootstrap_full","empirical_public",2800,1.04973248974259,0.783921404024825,"strictly_positive",28.7575,TRUE,NA,"Rdatasets public catalog: psych bfi - 25 Personality items representing 5 factors ; doc=https://vincentarelbundock.github.io/Rdatasets/doc/psych/bfi.html V5 secondary within-dataset depth probe; not independent N.","TAX-Q1R019","original_regime",31,0.15,12,"clustered_upper",1000,1000,"0.15|12|clustered_upper","endogenous",3,500,500,"winsorized_0.05",2.108208862,3.04626505,NA,500,150,150,258,2542,"V5_audit_ready",TRUE,"Pre-registered empirical profile gate: bounded/proportion by hint/domain; zero-inflated/count by hint/domain; normal_like when abs(skew)<=0.50 and excess_kurtosis<=1.00; heavy_tail_symmetric when abs(skew)<=1.00 and excess_kurtosis>3.00; lognormal_like when skew>1.00 with positive support; weibull_like when skew>0.50 with positive support; otherwise empirical_unknown.","profile_preregistered",TRUE,"paired bootstrap aligned to the same reported gain statistic",TRUE,"Benjamini-Hochberg FDR is computed at dataset level on external_dataset_level_decisions.csv for primary eligible in-regime rows only. Primary alpha=0.05; secondary sensitivity alpha=0.1.","01_results_basic contains compact final results; 02_reports contains generated report files; 03_audit_ready contains full provenance, decisions, oracle audit, and split CSVs; 98_discarded_nonfinal is reserved for obsolete or nonfinal byproducts; 99_recovery_logs contains downloads, checkpoints, temporary recovery outputs, and logs.",0.005,10,TRUE,TRUE
"RD_psych_bfi_auto__depth_bootstrap_full","RD_psych_bfi_auto","rdatasets_psych","https://vincentarelbundock.github.io/Rdatasets/csv/psych/bfi.csv","2026-06-16 15:52:34 -0400",NA,NA,"inline_depth_probe","__auto_numeric__","raw","auto_numeric_column; rdatasets_rows=2800; rdatasets_n_numeric=28; depth_probe=bootstrap_full","empirical_public",2800,1.04973248974259,0.783921404024825,"strictly_positive",28.7575,TRUE,NA,"Rdatasets public catalog: psych bfi - 25 Personality items representing 5 factors ; doc=https://vincentarelbundock.github.io/Rdatasets/doc/psych/bfi.html V5 secondary within-dataset depth probe; not independent N.","TAX-Q1R019","original_regime",21,0.15,15,"clustered_upper",500,500,"0.15|15|clustered_upper","endogenous",3,500,500,"winsorized_0.05",2.2063455215,3.82583871249999,NA,500,75,75,258,2542,"V5_audit_ready",TRUE,"Pre-registered empirical profile gate: bounded/proportion by hint/domain; zero-inflated/count by hint/domain; normal_like when abs(skew)<=0.50 and excess_kurtosis<=1.00; heavy_tail_symmetric when abs(skew)<=1.00 and excess_kurtosis>3.00; lognormal_like when skew>1.00 with positive support; weibull_like when skew>0.50 with positive support; otherwise empirical_unknown.","profile_preregistered",TRUE,"paired bootstrap aligned to the same reported gain statistic",TRUE,"Benjamini-Hochberg FDR is computed at dataset level on external_dataset_level_decisions.csv for primary eligible in-regime rows only. Primary alpha=0.05; secondary sensitivity alpha=0.1.","01_results_basic contains compact final results; 02_reports contains generated report files; 03_audit_ready contains full provenance, decisions, oracle audit, and split CSVs; 98_discarded_nonfinal is reserved for obsolete or nonfinal byproducts; 99_recovery_logs contains downloads, checkpoints, temporary recovery outputs, and logs.",0.005,10,TRUE,TRUE
"RD_psych_bfi_auto__depth_bootstrap_full","RD_psych_bfi_auto","rdatasets_psych","https://vincentarelbundock.github.io/Rdatasets/csv/psych/bfi.csv","2026-06-16 15:52:34 -0400",NA,NA,"inline_depth_probe","__auto_numeric__","raw","auto_numeric_column; rdatasets_rows=2800; rdatasets_n_numeric=28; depth_probe=bootstrap_full","empirical_public",2800,1.04973248974259,0.783921404024825,"strictly_positive",28.7575,TRUE,NA,"Rdatasets public catalog: psych bfi - 25 Personality items representing 5 factors ; doc=https://vincentarelbundock.github.io/Rdatasets/doc/psych/bfi.html V5 secondary within-dataset depth probe; not independent N.","TAX-Q1R019","original_regime",33,0.15,15,"clustered_upper",1000,1000,"0.15|15|clustered_upper","endogenous",3,500,500,"winsorized_0.05",2.109054639,3.06180095,NA,500,150,150,258,2542,"V5_audit_ready",TRUE,"Pre-registered empirical profile gate: bounded/proportion by hint/domain; zero-inflated/count by hint/domain; normal_like when abs(skew)<=0.50 and excess_kurtosis<=1.00; heavy_tail_symmetric when abs(skew)<=1.00 and excess_kurtosis>3.00; lognormal_like when skew>1.00 with positive support; weibull_like when skew>0.50 with positive support; otherwise empirical_unknown.","profile_preregistered",TRUE,"paired bootstrap aligned to the same reported gain statistic",TRUE,"Benjamini-Hochberg FDR is computed at dataset level on external_dataset_level_decisions.csv for primary eligible in-regime rows only. Primary alpha=0.05; secondary sensitivity alpha=0.1.","01_results_basic contains compact final results; 02_reports contains generated report files; 03_audit_ready contains full provenance, decisions, oracle audit, and split CSVs; 98_discarded_nonfinal is reserved for obsolete or nonfinal byproducts; 99_recovery_logs contains downloads, checkpoints, temporary recovery outputs, and logs.",0.005,10,TRUE,TRUE
"RD_psych_bfi_auto__depth_bootstrap_full","RD_psych_bfi_auto","rdatasets_psych","https://vincentarelbundock.github.io/Rdatasets/csv/psych/bfi.csv","2026-06-16 15:52:34 -0400",NA,NA,"inline_depth_probe","__auto_numeric__","raw","auto_numeric_column; rdatasets_rows=2800; rdatasets_n_numeric=28; depth_probe=bootstrap_full","empirical_public",2800,1.04973248974259,0.783921404024825,"strictly_positive",28.7575,TRUE,NA,"Rdatasets public catalog: psych bfi - 25 Personality items representing 5 factors ; doc=https://vincentarelbundock.github.io/Rdatasets/doc/psych/bfi.html V5 secondary within-dataset depth probe; not independent N.","TAX-Q1R019","original_regime",11,0.15,20,"clustered_upper",300,300,"0.15|20|clustered_upper","endogenous",3,500,500,"winsorized_0.05",2.28773419305555,4.79811545138889,NA,500,45,45,258,2542,"V5_audit_ready",TRUE,"Pre-registered empirical profile gate: bounded/proportion by hint/domain; zero-inflated/count by hint/domain; normal_like when abs(skew)<=0.50 and excess_kurtosis<=1.00; heavy_tail_symmetric when abs(skew)<=1.00 and excess_kurtosis>3.00; lognormal_like when skew>1.00 with positive support; weibull_like when skew>0.50 with positive support; otherwise empirical_unknown.","profile_preregistered",TRUE,"paired bootstrap aligned to the same reported gain statistic",TRUE,"Benjamini-Hochberg FDR is computed at dataset level on external_dataset_level_decisions.csv for primary eligible in-regime rows only. Primary alpha=0.05; secondary sensitivity alpha=0.1.","01_results_basic contains compact final results; 02_reports contains generated report files; 03_audit_ready contains full provenance, decisions, oracle audit, and split CSVs; 98_discarded_nonfinal is reserved for obsolete or nonfinal byproducts; 99_recovery_logs contains downloads, checkpoints, temporary recovery outputs, and logs.",0.005,10,TRUE,TRUE
"RD_psych_bfi_auto__depth_bootstrap_full","RD_psych_bfi_auto","rdatasets_psych","https://vincentarelbundock.github.io/Rdatasets/csv/psych/bfi.csv","2026-06-16 15:52:34 -0400",NA,NA,"inline_depth_probe","__auto_numeric__","raw","auto_numeric_column; rdatasets_rows=2800; rdatasets_n_numeric=28; depth_probe=bootstrap_full","empirical_public",2800,1.04973248974259,0.783921404024825,"strictly_positive",28.7575,TRUE,NA,"Rdatasets public catalog: psych bfi - 25 Personality items representing 5 factors ; doc=https://vincentarelbundock.github.io/Rdatasets/doc/psych/bfi.html V5 secondary within-dataset depth probe; not independent N.","TAX-Q1R019","original_regime",23,0.15,20,"clustered_upper",500,500,"0.15|20|clustered_upper","endogenous",3,500,500,"winsorized_0.05",2.196730746,3.96209025,NA,500,75,75,258,2542,"V5_audit_ready",TRUE,"Pre-registered empirical profile gate: bounded/proportion by hint/domain; zero-inflated/count by hint/domain; normal_like when abs(skew)<=0.50 and excess_kurtosis<=1.00; heavy_tail_symmetric when abs(skew)<=1.00 and excess_kurtosis>3.00; lognormal_like when skew>1.00 with positive support; weibull_like when skew>0.50 with positive support; otherwise empirical_unknown.","profile_preregistered",TRUE,"paired bootstrap aligned to the same reported gain statistic",TRUE,"Benjamini-Hochberg FDR is computed at dataset level on external_dataset_level_decisions.csv for primary eligible in-regime rows only. Primary alpha=0.05; secondary sensitivity alpha=0.1.","01_results_basic contains compact final results; 02_reports contains generated report files; 03_audit_ready contains full provenance, decisions, oracle audit, and split CSVs; 98_discarded_nonfinal is reserved for obsolete or nonfinal byproducts; 99_recovery_logs contains downloads, checkpoints, temporary recovery outputs, and logs.",0.005,10,TRUE,TRUE
"RD_psych_bfi_auto__depth_bootstrap_full","RD_psych_bfi_auto","rdatasets_psych","https://vincentarelbundock.github.io/Rdatasets/csv/psych/bfi.csv","2026-06-16 15:52:34 -0400",NA,NA,"inline_depth_probe","__auto_numeric__","raw","auto_numeric_column; rdatasets_rows=2800; rdatasets_n_numeric=28; depth_probe=bootstrap_full","empirical_public",2800,1.04973248974259,0.783921404024825,"strictly_positive",28.7575,TRUE,NA,"Rdatasets public catalog: psych bfi - 25 Personality items representing 5 factors ; doc=https://vincentarelbundock.github.io/Rdatasets/doc/psych/bfi.html V5 secondary within-dataset depth probe; not independent N.","TAX-Q1R019","original_regime",35,0.15,20,"clustered_upper",1000,1000,"0.15|20|clustered_upper","endogenous",3,500,500,"winsorized_0.05",2.1307504605,3.11699025,NA,500,150,150,258,2542,"V5_audit_ready",TRUE,"Pre-registered empirical profile gate: bounded/proportion by hint/domain; zero-inflated/count by hint/domain; normal_like when abs(skew)<=0.50 and excess_kurtosis<=1.00; heavy_tail_symmetric when abs(skew)<=1.00 and excess_kurtosis>3.00; lognormal_like when skew>1.00 with positive support; weibull_like when skew>0.50 with positive support; otherwise empirical_unknown.","profile_preregistered",TRUE,"paired bootstrap aligned to the same reported gain statistic",TRUE,"Benjamini-Hochberg FDR is computed at dataset level on external_dataset_level_decisions.csv for primary eligible in-regime rows only. Primary alpha=0.05; secondary sensitivity alpha=0.1.","01_results_basic contains compact final results; 02_reports contains generated report files; 03_audit_ready contains full provenance, decisions, oracle audit, and split CSVs; 98_discarded_nonfinal is reserved for obsolete or nonfinal byproducts; 99_recovery_logs contains downloads, checkpoints, temporary recovery outputs, and logs.",0.005,10,TRUE,TRUE
"RD_psych_bfi_auto__depth_bootstrap_full","RD_psych_bfi_auto","rdatasets_psych","https://vincentarelbundock.github.io/Rdatasets/csv/psych/bfi.csv","2026-06-16 15:52:34 -0400",NA,NA,"inline_depth_probe","__auto_numeric__","raw","auto_numeric_column; rdatasets_rows=2800; rdatasets_n_numeric=28; depth_probe=bootstrap_full","empirical_public",2800,1.04973248974259,0.783921404024825,"strictly_positive",28.7575,TRUE,NA,"Rdatasets public catalog: psych bfi - 25 Personality items representing 5 factors ; doc=https://vincentarelbundock.github.io/Rdatasets/doc/psych/bfi.html V5 secondary within-dataset depth probe; not independent N.","TAX-Q1R019","original_regime",1,0.15,4.5,"clustered_upper",300,300,"0.15|4.5|clustered_upper","endogenous",3,500,500,"winsorized_0.05",2.30081833472222,4.83871690972222,NA,500,45,45,258,2542,"V5_audit_ready",TRUE,"Pre-registered empirical profile gate: bounded/proportion by hint/domain; zero-inflated/count by hint/domain; normal_like when abs(skew)<=0.50 and excess_kurtosis<=1.00; heavy_tail_symmetric when abs(skew)<=1.00 and excess_kurtosis>3.00; lognormal_like when skew>1.00 with positive support; weibull_like when skew>0.50 with positive support; otherwise empirical_unknown.","profile_preregistered",TRUE,"paired bootstrap aligned to the same reported gain statistic",TRUE,"Benjamini-Hochberg FDR is computed at dataset level on external_dataset_level_decisions.csv for primary eligible in-regime rows only. Primary alpha=0.05; secondary sensitivity alpha=0.1.","01_results_basic contains compact final results; 02_reports contains generated report files; 03_audit_ready contains full provenance, decisions, oracle audit, and split CSVs; 98_discarded_nonfinal is reserved for obsolete or nonfinal byproducts; 99_recovery_logs contains downloads, checkpoints, temporary recovery outputs, and logs.",0.005,10,TRUE,TRUE
"RD_psych_bfi_auto__depth_bootstrap_full","RD_psych_bfi_auto","rdatasets_psych","https://vincentarelbundock.github.io/Rdatasets/csv/psych/bfi.csv","2026-06-16 15:52:34 -0400",NA,NA,"inline_depth_probe","__auto_numeric__","raw","auto_numeric_column; rdatasets_rows=2800; rdatasets_n_numeric=28; depth_probe=bootstrap_full","empirical_public",2800,1.04973248974259,0.783921404024825,"strictly_positive",28.7575,TRUE,NA,"Rdatasets public catalog: psych bfi - 25 Personality items representing 5 factors ; doc=https://vincentarelbundock.github.io/Rdatasets/doc/psych/bfi.html V5 secondary within-dataset depth probe; not independent N.","TAX-Q1R019","original_regime",13,0.15,4.5,"clustered_upper",500,500,"0.15|4.5|clustered_upper","endogenous",3,500,500,"winsorized_0.05",2.157755521,3.85651135,NA,500,75,75,258,2542,"V5_audit_ready",TRUE,"Pre-registered empirical profile gate: bounded/proportion by hint/domain; zero-inflated/count by hint/domain; normal_like when abs(skew)<=0.50 and excess_kurtosis<=1.00; heavy_tail_symmetric when abs(skew)<=1.00 and excess_kurtosis>3.00; lognormal_like when skew>1.00 with positive support; weibull_like when skew>0.50 with positive support; otherwise empirical_unknown.","profile_preregistered",TRUE,"paired bootstrap aligned to the same reported gain statistic",TRUE,"Benjamini-Hochberg FDR is computed at dataset level on external_dataset_level_decisions.csv for primary eligible in-regime rows only. Primary alpha=0.05; secondary sensitivity alpha=0.1.","01_results_basic contains compact final results; 02_reports contains generated report files; 03_audit_ready contains full provenance, decisions, oracle audit, and split CSVs; 98_discarded_nonfinal is reserved for obsolete or nonfinal byproducts; 99_recovery_logs contains downloads, checkpoints, temporary recovery outputs, and logs.",0.005,10,TRUE,TRUE
"RD_psych_bfi_auto__depth_bootstrap_full","RD_psych_bfi_auto","rdatasets_psych","https://vincentarelbundock.github.io/Rdatasets/csv/psych/bfi.csv","2026-06-16 15:52:34 -0400",NA,NA,"inline_depth_probe","__auto_numeric__","raw","auto_numeric_column; rdatasets_rows=2800; rdatasets_n_numeric=28; depth_probe=bootstrap_full","empirical_public",2800,1.04973248974259,0.783921404024825,"strictly_positive",28.7575,TRUE,NA,"Rdatasets public catalog: psych bfi - 25 Personality items representing 5 factors ; doc=https://vincentarelbundock.github.io/Rdatasets/doc/psych/bfi.html V5 secondary within-dataset depth probe; not independent N.","TAX-Q1R019","original_regime",25,0.15,4.5,"clustered_upper",1000,1000,"0.15|4.5|clustered_upper","endogenous",3,500,500,"winsorized_0.05",2.1252159665,3.08846295,NA,500,150,150,258,2542,"V5_audit_ready",TRUE,"Pre-registered empirical profile gate: bounded/proportion by hint/domain; zero-inflated/count by hint/domain; normal_like when abs(skew)<=0.50 and excess_kurtosis<=1.00; heavy_tail_symmetric when abs(skew)<=1.00 and excess_kurtosis>3.00; lognormal_like when skew>1.00 with positive support; weibull_like when skew>0.50 with positive support; otherwise empirical_unknown.","profile_preregistered",TRUE,"paired bootstrap aligned to the same reported gain statistic",TRUE,"Benjamini-Hochberg FDR is computed at dataset level on external_dataset_level_decisions.csv for primary eligible in-regime rows only. Primary alpha=0.05; secondary sensitivity alpha=0.1.","01_results_basic contains compact final results; 02_reports contains generated report files; 03_audit_ready contains full provenance, decisions, oracle audit, and split CSVs; 98_discarded_nonfinal is reserved for obsolete or nonfinal byproducts; 99_recovery_logs contains downloads, checkpoints, temporary recovery outputs, and logs.",0.005,10,TRUE,TRUE
"RD_psych_bfi_auto__depth_bootstrap_full","RD_psych_bfi_auto","rdatasets_psych","https://vincentarelbundock.github.io/Rdatasets/csv/psych/bfi.csv","2026-06-16 15:52:34 -0400",NA,NA,"inline_depth_probe","__auto_numeric__","raw","auto_numeric_column; rdatasets_rows=2800; rdatasets_n_numeric=28; depth_probe=bootstrap_full","empirical_public",2800,1.04973248974259,0.783921404024825,"strictly_positive",28.7575,TRUE,NA,"Rdatasets public catalog: psych bfi - 25 Personality items representing 5 factors ; doc=https://vincentarelbundock.github.io/Rdatasets/doc/psych/bfi.html V5 secondary within-dataset depth probe; not independent N.","TAX-Q1R019","original_regime",3,0.15,6,"clustered_upper",300,300,"0.15|6|clustered_upper","endogenous",3,500,500,"winsorized_0.05",2.30428280277778,4.77277097222222,NA,500,45,45,258,2542,"V5_audit_ready",TRUE,"Pre-registered empirical profile gate: bounded/proportion by hint/domain; zero-inflated/count by hint/domain; normal_like when abs(skew)<=0.50 and excess_kurtosis<=1.00; heavy_tail_symmetric when abs(skew)<=1.00 and excess_kurtosis>3.00; lognormal_like when skew>1.00 with positive support; weibull_like when skew>0.50 with positive support; otherwise empirical_unknown.","profile_preregistered",TRUE,"paired bootstrap aligned to the same reported gain statistic",TRUE,"Benjamini-Hochberg FDR is computed at dataset level on external_dataset_level_decisions.csv for primary eligible in-regime rows only. Primary alpha=0.05; secondary sensitivity alpha=0.1.","01_results_basic contains compact final results; 02_reports contains generated report files; 03_audit_ready contains full provenance, decisions, oracle audit, and split CSVs; 98_discarded_nonfinal is reserved for obsolete or nonfinal byproducts; 99_recovery_logs contains downloads, checkpoints, temporary recovery outputs, and logs.",0.005,10,TRUE,TRUE
"RD_psych_bfi_auto__depth_bootstrap_full","RD_psych_bfi_auto","rdatasets_psych","https://vincentarelbundock.github.io/Rdatasets/csv/psych/bfi.csv","2026-06-16 15:52:34 -0400",NA,NA,"inline_depth_probe","__auto_numeric__","raw","auto_numeric_column; rdatasets_rows=2800; rdatasets_n_numeric=28; depth_probe=bootstrap_full","empirical_public",2800,1.04973248974259,0.783921404024825,"strictly_positive",28.7575,TRUE,NA,"Rdatasets public catalog: psych bfi - 25 Personality items representing 5 factors ; doc=https://vincentarelbundock.github.io/Rdatasets/doc/psych/bfi.html V5 secondary within-dataset depth probe; not independent N.","TAX-Q1R019","original_regime",15,0.15,6,"clustered_upper",500,500,"0.15|6|clustered_upper","endogenous",3,500,500,"winsorized_0.05",2.1568414285,3.5375027375,NA,500,75,75,258,2542,"V5_audit_ready",TRUE,"Pre-registered empirical profile gate: bounded/proportion by hint/domain; zero-inflated/count by hint/domain; normal_like when abs(skew)<=0.50 and excess_kurtosis<=1.00; heavy_tail_symmetric when abs(skew)<=1.00 and excess_kurtosis>3.00; lognormal_like when skew>1.00 with positive support; weibull_like when skew>0.50 with positive support; otherwise empirical_unknown.","profile_preregistered",TRUE,"paired bootstrap aligned to the same reported gain statistic",TRUE,"Benjamini-Hochberg FDR is computed at dataset level on external_dataset_level_decisions.csv for primary eligible in-regime rows only. Primary alpha=0.05; secondary sensitivity alpha=0.1.","01_results_basic contains compact final results; 02_reports contains generated report files; 03_audit_ready contains full provenance, decisions, oracle audit, and split CSVs; 98_discarded_nonfinal is reserved for obsolete or nonfinal byproducts; 99_recovery_logs contains downloads, checkpoints, temporary recovery outputs, and logs.",0.005,10,TRUE,TRUE
"RD_psych_bfi_auto__depth_bootstrap_full","RD_psych_bfi_auto","rdatasets_psych","https://vincentarelbundock.github.io/Rdatasets/csv/psych/bfi.csv","2026-06-16 15:52:34 -0400",NA,NA,"inline_depth_probe","__auto_numeric__","raw","auto_numeric_column; rdatasets_rows=2800; rdatasets_n_numeric=28; depth_probe=bootstrap_full","empirical_public",2800,1.04973248974259,0.783921404024825,"strictly_positive",28.7575,TRUE,NA,"Rdatasets public catalog: psych bfi - 25 Personality items representing 5 factors ; doc=https://vincentarelbundock.github.io/Rdatasets/doc/psych/bfi.html V5 secondary within-dataset depth probe; not independent N.","TAX-Q1R019","original_regime",27,0.15,6,"clustered_upper",1000,1000,"0.15|6|clustered_upper","endogenous",3,500,500,"winsorized_0.05",2.1569206855,3.22130795,NA,500,150,150,258,2542,"V5_audit_ready",TRUE,"Pre-registered empirical profile gate: bounded/proportion by hint/domain; zero-inflated/count by hint/domain; normal_like when abs(skew)<=0.50 and excess_kurtosis<=1.00; heavy_tail_symmetric when abs(skew)<=1.00 and excess_kurtosis>3.00; lognormal_like when skew>1.00 with positive support; weibull_like when skew>0.50 with positive support; otherwise empirical_unknown.","profile_preregistered",TRUE,"paired bootstrap aligned to the same reported gain statistic",TRUE,"Benjamini-Hochberg FDR is computed at dataset level on external_dataset_level_decisions.csv for primary eligible in-regime rows only. Primary alpha=0.05; secondary sensitivity alpha=0.1.","01_results_basic contains compact final results; 02_reports contains generated report files; 03_audit_ready contains full provenance, decisions, oracle audit, and split CSVs; 98_discarded_nonfinal is reserved for obsolete or nonfinal byproducts; 99_recovery_logs contains downloads, checkpoints, temporary recovery outputs, and logs.",0.005,10,TRUE,TRUE
"RD_psych_bfi_auto__depth_bootstrap_full","RD_psych_bfi_auto","rdatasets_psych","https://vincentarelbundock.github.io/Rdatasets/csv/psych/bfi.csv","2026-06-16 15:52:34 -0400",NA,NA,"inline_depth_probe","__auto_numeric__","raw","auto_numeric_column; rdatasets_rows=2800; rdatasets_n_numeric=28; depth_probe=bootstrap_full","empirical_public",2800,1.04973248974259,0.783921404024825,"strictly_positive",28.7575,TRUE,NA,"Rdatasets public catalog: psych bfi - 25 Personality items representing 5 factors ; doc=https://vincentarelbundock.github.io/Rdatasets/doc/psych/bfi.html V5 secondary within-dataset depth probe; not independent N.","TAX-Q1R019","original_regime",5,0.15,9,"clustered_upper",300,300,"0.15|9|clustered_upper","endogenous",3,500,500,"winsorized_0.05",2.23999105138889,4.36532388888888,NA,500,45,45,258,2542,"V5_audit_ready",TRUE,"Pre-registered empirical profile gate: bounded/proportion by hint/domain; zero-inflated/count by hint/domain; normal_like when abs(skew)<=0.50 and excess_kurtosis<=1.00; heavy_tail_symmetric when abs(skew)<=1.00 and excess_kurtosis>3.00; lognormal_like when skew>1.00 with positive support; weibull_like when skew>0.50 with positive support; otherwise empirical_unknown.","profile_preregistered",TRUE,"paired bootstrap aligned to the same reported gain statistic",TRUE,"Benjamini-Hochberg FDR is computed at dataset level on external_dataset_level_decisions.csv for primary eligible in-regime rows only. Primary alpha=0.05; secondary sensitivity alpha=0.1.","01_results_basic contains compact final results; 02_reports contains generated report files; 03_audit_ready contains full provenance, decisions, oracle audit, and split CSVs; 98_discarded_nonfinal is reserved for obsolete or nonfinal byproducts; 99_recovery_logs contains downloads, checkpoints, temporary recovery outputs, and logs.",0.005,10,TRUE,TRUE
"RD_psych_bfi_auto__depth_bootstrap_full","RD_psych_bfi_auto","rdatasets_psych","https://vincentarelbundock.github.io/Rdatasets/csv/psych/bfi.csv","2026-06-16 15:52:34 -0400",NA,NA,"inline_depth_probe","__auto_numeric__","raw","auto_numeric_column; rdatasets_rows=2800; rdatasets_n_numeric=28; depth_probe=bootstrap_full","empirical_public",2800,1.04973248974259,0.783921404024825,"strictly_positive",28.7575,TRUE,NA,"Rdatasets public catalog: psych bfi - 25 Personality items representing 5 factors ; doc=https://vincentarelbundock.github.io/Rdatasets/doc/psych/bfi.html V5 secondary within-dataset depth probe; not independent N.","TAX-Q1R019","original_regime",17,0.15,9,"clustered_upper",500,500,"0.15|9|clustered_upper","endogenous",3,500,500,"winsorized_0.05",2.175892615,3.90616515,NA,500,75,75,258,2542,"V5_audit_ready",TRUE,"Pre-registered empirical profile gate: bounded/proportion by hint/domain; zero-inflated/count by hint/domain; normal_like when abs(skew)<=0.50 and excess_kurtosis<=1.00; heavy_tail_symmetric when abs(skew)<=1.00 and excess_kurtosis>3.00; lognormal_like when skew>1.00 with positive support; weibull_like when skew>0.50 with positive support; otherwise empirical_unknown.","profile_preregistered",TRUE,"paired bootstrap aligned to the same reported gain statistic",TRUE,"Benjamini-Hochberg FDR is computed at dataset level on external_dataset_level_decisions.csv for primary eligible in-regime rows only. Primary alpha=0.05; secondary sensitivity alpha=0.1.","01_results_basic contains compact final results; 02_reports contains generated report files; 03_audit_ready contains full provenance, decisions, oracle audit, and split CSVs; 98_discarded_nonfinal is reserved for obsolete or nonfinal byproducts; 99_recovery_logs contains downloads, checkpoints, temporary recovery outputs, and logs.",0.005,10,TRUE,TRUE
"RD_psych_bfi_auto__depth_bootstrap_full","RD_psych_bfi_auto","rdatasets_psych","https://vincentarelbundock.github.io/Rdatasets/csv/psych/bfi.csv","2026-06-16 15:52:34 -0400",NA,NA,"inline_depth_probe","__auto_numeric__","raw","auto_numeric_column; rdatasets_rows=2800; rdatasets_n_numeric=28; depth_probe=bootstrap_full","empirical_public",2800,1.04973248974259,0.783921404024825,"strictly_positive",28.7575,TRUE,NA,"Rdatasets public catalog: psych bfi - 25 Personality items representing 5 factors ; doc=https://vincentarelbundock.github.io/Rdatasets/doc/psych/bfi.html V5 secondary within-dataset depth probe; not independent N.","TAX-Q1R019","original_regime",29,0.15,9,"clustered_upper",1000,1000,"0.15|9|clustered_upper","endogenous",3,500,500,"winsorized_0.05",2.128066065,3.08283455,NA,500,150,150,258,2542,"V5_audit_ready",TRUE,"Pre-registered empirical profile gate: bounded/proportion by hint/domain; zero-inflated/count by hint/domain; normal_like when abs(skew)<=0.50 and excess_kurtosis<=1.00; heavy_tail_symmetric when abs(skew)<=1.00 and excess_kurtosis>3.00; lognormal_like when skew>1.00 with positive support; weibull_like when skew>0.50 with positive support; otherwise empirical_unknown.","profile_preregistered",TRUE,"paired bootstrap aligned to the same reported gain statistic",TRUE,"Benjamini-Hochberg FDR is computed at dataset level on external_dataset_level_decisions.csv for primary eligible in-regime rows only. Primary alpha=0.05; secondary sensitivity alpha=0.1.","01_results_basic contains compact final results; 02_reports contains generated report files; 03_audit_ready contains full provenance, decisions, oracle audit, and split CSVs; 98_discarded_nonfinal is reserved for obsolete or nonfinal byproducts; 99_recovery_logs contains downloads, checkpoints, temporary recovery outputs, and logs.",0.005,10,TRUE,TRUE
"RD_psych_bfi_auto__depth_bootstrap_full","RD_psych_bfi_auto","rdatasets_psych","https://vincentarelbundock.github.io/Rdatasets/csv/psych/bfi.csv","2026-06-16 15:52:34 -0400",NA,NA,"inline_depth_probe","__auto_numeric__","raw","auto_numeric_column; rdatasets_rows=2800; rdatasets_n_numeric=28; depth_probe=bootstrap_full","empirical_public",2800,1.04973248974259,0.783921404024825,"strictly_positive",28.7575,TRUE,NA,"Rdatasets public catalog: psych bfi - 25 Personality items representing 5 factors ; doc=https://vincentarelbundock.github.io/Rdatasets/doc/psych/bfi.html V5 secondary within-dataset depth probe; not independent N.","TAX-Q1R019","original_regime",7,0.15,12,"clustered_upper",300,300,"0.15|12|clustered_upper","endogenous",3,800,500,"winsorized_0.05",2.31867510677083,4.71469097222222,NA,800,45,45,258,2542,"V5_audit_ready",TRUE,"Pre-registered empirical profile gate: bounded/proportion by hint/domain; zero-inflated/count by hint/domain; normal_like when abs(skew)<=0.50 and excess_kurtosis<=1.00; heavy_tail_symmetric when abs(skew)<=1.00 and excess_kurtosis>3.00; lognormal_like when skew>1.00 with positive support; weibull_like when skew>0.50 with positive support; otherwise empirical_unknown.","profile_preregistered",TRUE,"paired bootstrap aligned to the same reported gain statistic",TRUE,"Benjamini-Hochberg FDR is computed at dataset level on external_dataset_level_decisions.csv for primary eligible in-regime rows only. Primary alpha=0.05; secondary sensitivity alpha=0.1.","01_results_basic contains compact final results; 02_reports contains generated report files; 03_audit_ready contains full provenance, decisions, oracle audit, and split CSVs; 98_discarded_nonfinal is reserved for obsolete or nonfinal byproducts; 99_recovery_logs contains downloads, checkpoints, temporary recovery outputs, and logs.",0.005,10,TRUE,TRUE
"RD_psych_bfi_auto__depth_bootstrap_full","RD_psych_bfi_auto","rdatasets_psych","https://vincentarelbundock.github.io/Rdatasets/csv/psych/bfi.csv","2026-06-16 15:52:34 -0400",NA,NA,"inline_depth_probe","__auto_numeric__","raw","auto_numeric_column; rdatasets_rows=2800; rdatasets_n_numeric=28; depth_probe=bootstrap_full","empirical_public",2800,1.04973248974259,0.783921404024825,"strictly_positive",28.7575,TRUE,NA,"Rdatasets public catalog: psych bfi - 25 Personality items representing 5 factors ; doc=https://vincentarelbundock.github.io/Rdatasets/doc/psych/bfi.html V5 secondary within-dataset depth probe; not independent N.","TAX-Q1R019","original_regime",9,0.15,15,"clustered_upper",300,300,"0.15|15|clustered_upper","endogenous",3,800,500,"winsorized_0.05",2.30516351215278,4.66867329861111,NA,800,45,45,258,2542,"V5_audit_ready",TRUE,"Pre-registered empirical profile gate: bounded/proportion by hint/domain; zero-inflated/count by hint/domain; normal_like when abs(skew)<=0.50 and excess_kurtosis<=1.00; heavy_tail_symmetric when abs(skew)<=1.00 and excess_kurtosis>3.00; lognormal_like when skew>1.00 with positive support; weibull_like when skew>0.50 with positive support; otherwise empirical_unknown.","profile_preregistered",TRUE,"paired bootstrap aligned to the same reported gain statistic",TRUE,"Benjamini-Hochberg FDR is computed at dataset level on external_dataset_level_decisions.csv for primary eligible in-regime rows only. Primary alpha=0.05; secondary sensitivity alpha=0.1.","01_results_basic contains compact final results; 02_reports contains generated report files; 03_audit_ready contains full provenance, decisions, oracle audit, and split CSVs; 98_discarded_nonfinal is reserved for obsolete or nonfinal byproducts; 99_recovery_logs contains downloads, checkpoints, temporary recovery outputs, and logs.",0.005,10,TRUE,TRUE
"RD_psych_bfi_auto__depth_bootstrap_full","RD_psych_bfi_auto","rdatasets_psych","https://vincentarelbundock.github.io/Rdatasets/csv/psych/bfi.csv","2026-06-16 15:52:34 -0400",NA,NA,"inline_depth_probe","__auto_numeric__","raw","auto_numeric_column; rdatasets_rows=2800; rdatasets_n_numeric=28; depth_probe=bootstrap_full","empirical_public",2800,1.04973248974259,0.783921404024825,"strictly_positive",28.7575,TRUE,NA,"Rdatasets public catalog: psych bfi - 25 Personality items representing 5 factors ; doc=https://vincentarelbundock.github.io/Rdatasets/doc/psych/bfi.html V5 secondary within-dataset depth probe; not independent N.","TAX-Q1R019","original_regime",8,0.2,12,"clustered_upper",300,300,"0.2|12|clustered_upper","endogenous",3,800,500,"winsorized_0.05",8.026983140625,12.5410443055555,NA,800,60,60,258,2542,"V5_audit_ready",TRUE,"Pre-registered empirical profile gate: bounded/proportion by hint/domain; zero-inflated/count by hint/domain; normal_like when abs(skew)<=0.50 and excess_kurtosis<=1.00; heavy_tail_symmetric when abs(skew)<=1.00 and excess_kurtosis>3.00; lognormal_like when skew>1.00 with positive support; weibull_like when skew>0.50 with positive support; otherwise empirical_unknown.","profile_preregistered",TRUE,"paired bootstrap aligned to the same reported gain statistic",TRUE,"Benjamini-Hochberg FDR is computed at dataset level on external_dataset_level_decisions.csv for primary eligible in-regime rows only. Primary alpha=0.05; secondary sensitivity alpha=0.1.","01_results_basic contains compact final results; 02_reports contains generated report files; 03_audit_ready contains full provenance, decisions, oracle audit, and split CSVs; 98_discarded_nonfinal is reserved for obsolete or nonfinal byproducts; 99_recovery_logs contains downloads, checkpoints, temporary recovery outputs, and logs.",0.005,10,TRUE,TRUE
"RD_psych_bfi_auto__depth_bootstrap_full","RD_psych_bfi_auto","rdatasets_psych","https://vincentarelbundock.github.io/Rdatasets/csv/psych/bfi.csv","2026-06-16 15:52:34 -0400",NA,NA,"inline_depth_probe","__auto_numeric__","raw","auto_numeric_column; rdatasets_rows=2800; rdatasets_n_numeric=28; depth_probe=bootstrap_full","empirical_public",2800,1.04973248974259,0.783921404024825,"strictly_positive",28.7575,TRUE,NA,"Rdatasets public catalog: psych bfi - 25 Personality items representing 5 factors ; doc=https://vincentarelbundock.github.io/Rdatasets/doc/psych/bfi.html V5 secondary within-dataset depth probe; not independent N.","TAX-Q1R019","original_regime",20,0.2,12,"clustered_upper",500,500,"0.2|12|clustered_upper","endogenous",3,800,500,"winsorized_0.05",7.8638071165625,10.87087205,NA,800,100,100,258,2542,"V5_audit_ready",TRUE,"Pre-registered empirical profile gate: bounded/proportion by hint/domain; zero-inflated/count by hint/domain; normal_like when abs(skew)<=0.50 and excess_kurtosis<=1.00; heavy_tail_symmetric when abs(skew)<=1.00 and excess_kurtosis>3.00; lognormal_like when skew>1.00 with positive support; weibull_like when skew>0.50 with positive support; otherwise empirical_unknown.","profile_preregistered",TRUE,"paired bootstrap aligned to the same reported gain statistic",TRUE,"Benjamini-Hochberg FDR is computed at dataset level on external_dataset_level_decisions.csv for primary eligible in-regime rows only. Primary alpha=0.05; secondary sensitivity alpha=0.1.","01_results_basic contains compact final results; 02_reports contains generated report files; 03_audit_ready contains full provenance, decisions, oracle audit, and split CSVs; 98_discarded_nonfinal is reserved for obsolete or nonfinal byproducts; 99_recovery_logs contains downloads, checkpoints, temporary recovery outputs, and logs.",0.005,10,TRUE,TRUE
"RD_psych_bfi_auto__depth_bootstrap_full","RD_psych_bfi_auto","rdatasets_psych","https://vincentarelbundock.github.io/Rdatasets/csv/psych/bfi.csv","2026-06-16 15:52:34 -0400",NA,NA,"inline_depth_probe","__auto_numeric__","raw","auto_numeric_column; rdatasets_rows=2800; rdatasets_n_numeric=28; depth_probe=bootstrap_full","empirical_public",2800,1.04973248974259,0.783921404024825,"strictly_positive",28.7575,TRUE,NA,"Rdatasets public catalog: psych bfi - 25 Personality items representing 5 factors ; doc=https://vincentarelbundock.github.io/Rdatasets/doc/psych/bfi.html V5 secondary within-dataset depth probe; not independent N.","TAX-Q1R019","original_regime",32,0.2,12,"clustered_upper",1000,1000,"0.2|12|clustered_upper","endogenous",3,800,500,"winsorized_0.05",7.9276084190625,9.69980085,NA,800,200,200,258,2542,"V5_audit_ready",TRUE,"Pre-registered empirical profile gate: bounded/proportion by hint/domain; zero-inflated/count by hint/domain; normal_like when abs(skew)<=0.50 and excess_kurtosis<=1.00; heavy_tail_symmetric when abs(skew)<=1.00 and excess_kurtosis>3.00; lognormal_like when skew>1.00 with positive support; weibull_like when skew>0.50 with positive support; otherwise empirical_unknown.","profile_preregistered",TRUE,"paired bootstrap aligned to the same reported gain statistic",TRUE,"Benjamini-Hochberg FDR is computed at dataset level on external_dataset_level_decisions.csv for primary eligible in-regime rows only. Primary alpha=0.05; secondary sensitivity alpha=0.1.","01_results_basic contains compact final results; 02_reports contains generated report files; 03_audit_ready contains full provenance, decisions, oracle audit, and split CSVs; 98_discarded_nonfinal is reserved for obsolete or nonfinal byproducts; 99_recovery_logs contains downloads, checkpoints, temporary recovery outputs, and logs.",0.005,10,TRUE,TRUE
"RD_psych_bfi_auto__depth_bootstrap_full","RD_psych_bfi_auto","rdatasets_psych","https://vincentarelbundock.github.io/Rdatasets/csv/psych/bfi.csv","2026-06-16 15:52:34 -0400",NA,NA,"inline_depth_probe","__auto_numeric__","raw","auto_numeric_column; rdatasets_rows=2800; rdatasets_n_numeric=28; depth_probe=bootstrap_full","empirical_public",2800,1.04973248974259,0.783921404024825,"strictly_positive",28.7575,TRUE,NA,"Rdatasets public catalog: psych bfi - 25 Personality items representing 5 factors ; doc=https://vincentarelbundock.github.io/Rdatasets/doc/psych/bfi.html V5 secondary within-dataset depth probe; not independent N.","TAX-Q1R019","original_regime",10,0.2,15,"clustered_upper",300,300,"0.2|15|clustered_upper","endogenous",3,800,500,"winsorized_0.05",8.08466919618055,12.1894109722222,NA,800,60,60,258,2542,"V5_audit_ready",TRUE,"Pre-registered empirical profile gate: bounded/proportion by hint/domain; zero-inflated/count by hint/domain; normal_like when abs(skew)<=0.50 and excess_kurtosis<=1.00; heavy_tail_symmetric when abs(skew)<=1.00 and excess_kurtosis>3.00; lognormal_like when skew>1.00 with positive support; weibull_like when skew>0.50 with positive support; otherwise empirical_unknown.","profile_preregistered",TRUE,"paired bootstrap aligned to the same reported gain statistic",TRUE,"Benjamini-Hochberg FDR is computed at dataset level on external_dataset_level_decisions.csv for primary eligible in-regime rows only. Primary alpha=0.05; secondary sensitivity alpha=0.1.","01_results_basic contains compact final results; 02_reports contains generated report files; 03_audit_ready contains full provenance, decisions, oracle audit, and split CSVs; 98_discarded_nonfinal is reserved for obsolete or nonfinal byproducts; 99_recovery_logs contains downloads, checkpoints, temporary recovery outputs, and logs.",0.005,10,TRUE,TRUE
"RD_psych_bfi_auto__depth_bootstrap_full","RD_psych_bfi_auto","rdatasets_psych","https://vincentarelbundock.github.io/Rdatasets/csv/psych/bfi.csv","2026-06-16 15:52:34 -0400",NA,NA,"inline_depth_probe","__auto_numeric__","raw","auto_numeric_column; rdatasets_rows=2800; rdatasets_n_numeric=28; depth_probe=bootstrap_full","empirical_public",2800,1.04973248974259,0.783921404024825,"strictly_positive",28.7575,TRUE,NA,"Rdatasets public catalog: psych bfi - 25 Personality items representing 5 factors ; doc=https://vincentarelbundock.github.io/Rdatasets/doc/psych/bfi.html V5 secondary within-dataset depth probe; not independent N.","TAX-Q1R019","original_regime",22,0.2,15,"clustered_upper",500,500,"0.2|15|clustered_upper","endogenous",3,800,500,"winsorized_0.05",7.9035320684375,10.79980045,NA,800,100,100,258,2542,"V5_audit_ready",TRUE,"Pre-registered empirical profile gate: bounded/proportion by hint/domain; zero-inflated/count by hint/domain; normal_like when abs(skew)<=0.50 and excess_kurtosis<=1.00; heavy_tail_symmetric when abs(skew)<=1.00 and excess_kurtosis>3.00; lognormal_like when skew>1.00 with positive support; weibull_like when skew>0.50 with positive support; otherwise empirical_unknown.","profile_preregistered",TRUE,"paired bootstrap aligned to the same reported gain statistic",TRUE,"Benjamini-Hochberg FDR is computed at dataset level on external_dataset_level_decisions.csv for primary eligible in-regime rows only. Primary alpha=0.05; secondary sensitivity alpha=0.1.","01_results_basic contains compact final results; 02_reports contains generated report files; 03_audit_ready contains full provenance, decisions, oracle audit, and split CSVs; 98_discarded_nonfinal is reserved for obsolete or nonfinal byproducts; 99_recovery_logs contains downloads, checkpoints, temporary recovery outputs, and logs.",0.005,10,TRUE,TRUE
"RD_psych_bfi_auto__depth_bootstrap_full","RD_psych_bfi_auto","rdatasets_psych","https://vincentarelbundock.github.io/Rdatasets/csv/psych/bfi.csv","2026-06-16 15:52:34 -0400",NA,NA,"inline_depth_probe","__auto_numeric__","raw","auto_numeric_column; rdatasets_rows=2800; rdatasets_n_numeric=28; depth_probe=bootstrap_full","empirical_public",2800,1.04973248974259,0.783921404024825,"strictly_positive",28.7575,TRUE,NA,"Rdatasets public catalog: psych bfi - 25 Personality items representing 5 factors ; doc=https://vincentarelbundock.github.io/Rdatasets/doc/psych/bfi.html V5 secondary within-dataset depth probe; not independent N.","TAX-Q1R019","original_regime",34,0.2,15,"clustered_upper",1000,1000,"0.2|15|clustered_upper","endogenous",3,800,500,"winsorized_0.05",7.9417163515625,9.71039104999999,NA,800,200,200,258,2542,"V5_audit_ready",TRUE,"Pre-registered empirical profile gate: bounded/proportion by hint/domain; zero-inflated/count by hint/domain; normal_like when abs(skew)<=0.50 and excess_kurtosis<=1.00; heavy_tail_symmetric when abs(skew)<=1.00 and excess_kurtosis>3.00; lognormal_like when skew>1.00 with positive support; weibull_like when skew>0.50 with positive support; otherwise empirical_unknown.","profile_preregistered",TRUE,"paired bootstrap aligned to the same reported gain statistic",TRUE,"Benjamini-Hochberg FDR is computed at dataset level on external_dataset_level_decisions.csv for primary eligible in-regime rows only. Primary alpha=0.05; secondary sensitivity alpha=0.1.","01_results_basic contains compact final results; 02_reports contains generated report files; 03_audit_ready contains full provenance, decisions, oracle audit, and split CSVs; 98_discarded_nonfinal is reserved for obsolete or nonfinal byproducts; 99_recovery_logs contains downloads, checkpoints, temporary recovery outputs, and logs.",0.005,10,TRUE,TRUE
"RD_psych_bfi_auto__depth_bootstrap_full","RD_psych_bfi_auto","rdatasets_psych","https://vincentarelbundock.github.io/Rdatasets/csv/psych/bfi.csv","2026-06-16 15:52:34 -0400",NA,NA,"inline_depth_probe","__auto_numeric__","raw","auto_numeric_column; rdatasets_rows=2800; rdatasets_n_numeric=28; depth_probe=bootstrap_full","empirical_public",2800,1.04973248974259,0.783921404024825,"strictly_positive",28.7575,TRUE,NA,"Rdatasets public catalog: psych bfi - 25 Personality items representing 5 factors ; doc=https://vincentarelbundock.github.io/Rdatasets/doc/psych/bfi.html V5 secondary within-dataset depth probe; not independent N.","TAX-Q1R019","original_regime",12,0.2,20,"clustered_upper",300,300,"0.2|20|clustered_upper","endogenous",3,800,500,"winsorized_0.05",7.87134217881944,11.8619984375,NA,800,60,60,258,2542,"V5_audit_ready",TRUE,"Pre-registered empirical profile gate: bounded/proportion by hint/domain; zero-inflated/count by hint/domain; normal_like when abs(skew)<=0.50 and excess_kurtosis<=1.00; heavy_tail_symmetric when abs(skew)<=1.00 and excess_kurtosis>3.00; lognormal_like when skew>1.00 with positive support; weibull_like when skew>0.50 with positive support; otherwise empirical_unknown.","profile_preregistered",TRUE,"paired bootstrap aligned to the same reported gain statistic",TRUE,"Benjamini-Hochberg FDR is computed at dataset level on external_dataset_level_decisions.csv for primary eligible in-regime rows only. Primary alpha=0.05; secondary sensitivity alpha=0.1.","01_results_basic contains compact final results; 02_reports contains generated report files; 03_audit_ready contains full provenance, decisions, oracle audit, and split CSVs; 98_discarded_nonfinal is reserved for obsolete or nonfinal byproducts; 99_recovery_logs contains downloads, checkpoints, temporary recovery outputs, and logs.",0.005,10,TRUE,TRUE
"RD_psych_bfi_auto__depth_bootstrap_full","RD_psych_bfi_auto","rdatasets_psych","https://vincentarelbundock.github.io/Rdatasets/csv/psych/bfi.csv","2026-06-16 15:52:34 -0400",NA,NA,"inline_depth_probe","__auto_numeric__","raw","auto_numeric_column; rdatasets_rows=2800; rdatasets_n_numeric=28; depth_probe=bootstrap_full","empirical_public",2800,1.04973248974259,0.783921404024825,"strictly_positive",28.7575,TRUE,NA,"Rdatasets public catalog: psych bfi - 25 Personality items representing 5 factors ; doc=https://vincentarelbundock.github.io/Rdatasets/doc/psych/bfi.html V5 secondary within-dataset depth probe; not independent N.","TAX-Q1R019","original_regime",24,0.2,20,"clustered_upper",500,500,"0.2|20|clustered_upper","endogenous",3,800,500,"winsorized_0.05",7.842542033125,11.02906375,NA,800,100,100,258,2542,"V5_audit_ready",TRUE,"Pre-registered empirical profile gate: bounded/proportion by hint/domain; zero-inflated/count by hint/domain; normal_like when abs(skew)<=0.50 and excess_kurtosis<=1.00; heavy_tail_symmetric when abs(skew)<=1.00 and excess_kurtosis>3.00; lognormal_like when skew>1.00 with positive support; weibull_like when skew>0.50 with positive support; otherwise empirical_unknown.","profile_preregistered",TRUE,"paired bootstrap aligned to the same reported gain statistic",TRUE,"Benjamini-Hochberg FDR is computed at dataset level on external_dataset_level_decisions.csv for primary eligible in-regime rows only. Primary alpha=0.05; secondary sensitivity alpha=0.1.","01_results_basic contains compact final results; 02_reports contains generated report files; 03_audit_ready contains full provenance, decisions, oracle audit, and split CSVs; 98_discarded_nonfinal is reserved for obsolete or nonfinal byproducts; 99_recovery_logs contains downloads, checkpoints, temporary recovery outputs, and logs.",0.005,10,TRUE,TRUE
"RD_psych_bfi_auto__depth_bootstrap_full","RD_psych_bfi_auto","rdatasets_psych","https://vincentarelbundock.github.io/Rdatasets/csv/psych/bfi.csv","2026-06-16 15:52:34 -0400",NA,NA,"inline_depth_probe","__auto_numeric__","raw","auto_numeric_column; rdatasets_rows=2800; rdatasets_n_numeric=28; depth_probe=bootstrap_full","empirical_public",2800,1.04973248974259,0.783921404024825,"strictly_positive",28.7575,TRUE,NA,"Rdatasets public catalog: psych bfi - 25 Personality items representing 5 factors ; doc=https://vincentarelbundock.github.io/Rdatasets/doc/psych/bfi.html V5 secondary within-dataset depth probe; not independent N.","TAX-Q1R019","original_regime",36,0.2,20,"clustered_upper",1000,1000,"0.2|20|clustered_upper","endogenous",3,800,500,"winsorized_0.05",7.9356763003125,9.87877444999999,NA,800,200,200,258,2542,"V5_audit_ready",TRUE,"Pre-registered empirical profile gate: bounded/proportion by hint/domain; zero-inflated/count by hint/domain; normal_like when abs(skew)<=0.50 and excess_kurtosis<=1.00; heavy_tail_symmetric when abs(skew)<=1.00 and excess_kurtosis>3.00; lognormal_like when skew>1.00 with positive support; weibull_like when skew>0.50 with positive support; otherwise empirical_unknown.","profile_preregistered",TRUE,"paired bootstrap aligned to the same reported gain statistic",TRUE,"Benjamini-Hochberg FDR is computed at dataset level on external_dataset_level_decisions.csv for primary eligible in-regime rows only. Primary alpha=0.05; secondary sensitivity alpha=0.1.","01_results_basic contains compact final results; 02_reports contains generated report files; 03_audit_ready contains full provenance, decisions, oracle audit, and split CSVs; 98_discarded_nonfinal is reserved for obsolete or nonfinal byproducts; 99_recovery_logs contains downloads, checkpoints, temporary recovery outputs, and logs.",0.005,10,TRUE,TRUE
"RD_psych_bfi_auto__depth_bootstrap_full","RD_psych_bfi_auto","rdatasets_psych","https://vincentarelbundock.github.io/Rdatasets/csv/psych/bfi.csv","2026-06-16 15:52:34 -0400",NA,NA,"inline_depth_probe","__auto_numeric__","raw","auto_numeric_column; rdatasets_rows=2800; rdatasets_n_numeric=28; depth_probe=bootstrap_full","empirical_public",2800,1.04973248974259,0.783921404024825,"strictly_positive",28.7575,TRUE,NA,"Rdatasets public catalog: psych bfi - 25 Personality items representing 5 factors ; doc=https://vincentarelbundock.github.io/Rdatasets/doc/psych/bfi.html V5 secondary within-dataset depth probe; not independent N.","TAX-Q1R019","original_regime",2,0.2,4.5,"clustered_upper",300,300,"0.2|4.5|clustered_upper","endogenous",3,800,500,"winsorized_0.05",7.89737668836805,11.6907006944445,NA,800,60,60,258,2542,"V5_audit_ready",TRUE,"Pre-registered empirical profile gate: bounded/proportion by hint/domain; zero-inflated/count by hint/domain; normal_like when abs(skew)<=0.50 and excess_kurtosis<=1.00; heavy_tail_symmetric when abs(skew)<=1.00 and excess_kurtosis>3.00; lognormal_like when skew>1.00 with positive support; weibull_like when skew>0.50 with positive support; otherwise empirical_unknown.","profile_preregistered",TRUE,"paired bootstrap aligned to the same reported gain statistic",TRUE,"Benjamini-Hochberg FDR is computed at dataset level on external_dataset_level_decisions.csv for primary eligible in-regime rows only. Primary alpha=0.05; secondary sensitivity alpha=0.1.","01_results_basic contains compact final results; 02_reports contains generated report files; 03_audit_ready contains full provenance, decisions, oracle audit, and split CSVs; 98_discarded_nonfinal is reserved for obsolete or nonfinal byproducts; 99_recovery_logs contains downloads, checkpoints, temporary recovery outputs, and logs.",0.005,10,TRUE,TRUE
"RD_psych_bfi_auto__depth_bootstrap_full","RD_psych_bfi_auto","rdatasets_psych","https://vincentarelbundock.github.io/Rdatasets/csv/psych/bfi.csv","2026-06-16 15:52:34 -0400",NA,NA,"inline_depth_probe","__auto_numeric__","raw","auto_numeric_column; rdatasets_rows=2800; rdatasets_n_numeric=28; depth_probe=bootstrap_full","empirical_public",2800,1.04973248974259,0.783921404024825,"strictly_positive",28.7575,TRUE,NA,"Rdatasets public catalog: psych bfi - 25 Personality items representing 5 factors ; doc=https://vincentarelbundock.github.io/Rdatasets/doc/psych/bfi.html V5 secondary within-dataset depth probe; not independent N.","TAX-Q1R019","original_regime",14,0.2,4.5,"clustered_upper",500,500,"0.2|4.5|clustered_upper","endogenous",3,800,500,"winsorized_0.05",7.9333488228125,11.04764735,NA,800,100,100,258,2542,"V5_audit_ready",TRUE,"Pre-registered empirical profile gate: bounded/proportion by hint/domain; zero-inflated/count by hint/domain; normal_like when abs(skew)<=0.50 and excess_kurtosis<=1.00; heavy_tail_symmetric when abs(skew)<=1.00 and excess_kurtosis>3.00; lognormal_like when skew>1.00 with positive support; weibull_like when skew>0.50 with positive support; otherwise empirical_unknown.","profile_preregistered",TRUE,"paired bootstrap aligned to the same reported gain statistic",TRUE,"Benjamini-Hochberg FDR is computed at dataset level on external_dataset_level_decisions.csv for primary eligible in-regime rows only. Primary alpha=0.05; secondary sensitivity alpha=0.1.","01_results_basic contains compact final results; 02_reports contains generated report files; 03_audit_ready contains full provenance, decisions, oracle audit, and split CSVs; 98_discarded_nonfinal is reserved for obsolete or nonfinal byproducts; 99_recovery_logs contains downloads, checkpoints, temporary recovery outputs, and logs.",0.005,10,TRUE,TRUE
"RD_psych_bfi_auto__depth_bootstrap_full","RD_psych_bfi_auto","rdatasets_psych","https://vincentarelbundock.github.io/Rdatasets/csv/psych/bfi.csv","2026-06-16 15:52:34 -0400",NA,NA,"inline_depth_probe","__auto_numeric__","raw","auto_numeric_column; rdatasets_rows=2800; rdatasets_n_numeric=28; depth_probe=bootstrap_full","empirical_public",2800,1.04973248974259,0.783921404024825,"strictly_positive",28.7575,TRUE,NA,"Rdatasets public catalog: psych bfi - 25 Personality items representing 5 factors ; doc=https://vincentarelbundock.github.io/Rdatasets/doc/psych/bfi.html V5 secondary within-dataset depth probe; not independent N.","TAX-Q1R019","original_regime",26,0.2,4.5,"clustered_upper",1000,1000,"0.2|4.5|clustered_upper","endogenous",3,800,500,"winsorized_0.05",7.9257083553125,9.74376225000001,NA,800,200,200,258,2542,"V5_audit_ready",TRUE,"Pre-registered empirical profile gate: bounded/proportion by hint/domain; zero-inflated/count by hint/domain; normal_like when abs(skew)<=0.50 and excess_kurtosis<=1.00; heavy_tail_symmetric when abs(skew)<=1.00 and excess_kurtosis>3.00; lognormal_like when skew>1.00 with positive support; weibull_like when skew>0.50 with positive support; otherwise empirical_unknown.","profile_preregistered",TRUE,"paired bootstrap aligned to the same reported gain statistic",TRUE,"Benjamini-Hochberg FDR is computed at dataset level on external_dataset_level_decisions.csv for primary eligible in-regime rows only. Primary alpha=0.05; secondary sensitivity alpha=0.1.","01_results_basic contains compact final results; 02_reports contains generated report files; 03_audit_ready contains full provenance, decisions, oracle audit, and split CSVs; 98_discarded_nonfinal is reserved for obsolete or nonfinal byproducts; 99_recovery_logs contains downloads, checkpoints, temporary recovery outputs, and logs.",0.005,10,TRUE,TRUE
"RD_psych_bfi_auto__depth_bootstrap_full","RD_psych_bfi_auto","rdatasets_psych","https://vincentarelbundock.github.io/Rdatasets/csv/psych/bfi.csv","2026-06-16 15:52:34 -0400",NA,NA,"inline_depth_probe","__auto_numeric__","raw","auto_numeric_column; rdatasets_rows=2800; rdatasets_n_numeric=28; depth_probe=bootstrap_full","empirical_public",2800,1.04973248974259,0.783921404024825,"strictly_positive",28.7575,TRUE,NA,"Rdatasets public catalog: psych bfi - 25 Personality items representing 5 factors ; doc=https://vincentarelbundock.github.io/Rdatasets/doc/psych/bfi.html V5 secondary within-dataset depth probe; not independent N.","TAX-Q1R019","original_regime",4,0.2,6,"clustered_upper",300,300,"0.2|6|clustered_upper","endogenous",3,800,500,"winsorized_0.05",7.95187757204861,11.9609531597222,NA,800,60,60,258,2542,"V5_audit_ready",TRUE,"Pre-registered empirical profile gate: bounded/proportion by hint/domain; zero-inflated/count by hint/domain; normal_like when abs(skew)<=0.50 and excess_kurtosis<=1.00; heavy_tail_symmetric when abs(skew)<=1.00 and excess_kurtosis>3.00; lognormal_like when skew>1.00 with positive support; weibull_like when skew>0.50 with positive support; otherwise empirical_unknown.","profile_preregistered",TRUE,"paired bootstrap aligned to the same reported gain statistic",TRUE,"Benjamini-Hochberg FDR is computed at dataset level on external_dataset_level_decisions.csv for primary eligible in-regime rows only. Primary alpha=0.05; secondary sensitivity alpha=0.1.","01_results_basic contains compact final results; 02_reports contains generated report files; 03_audit_ready contains full provenance, decisions, oracle audit, and split CSVs; 98_discarded_nonfinal is reserved for obsolete or nonfinal byproducts; 99_recovery_logs contains downloads, checkpoints, temporary recovery outputs, and logs.",0.005,10,TRUE,TRUE
"RD_psych_bfi_auto__depth_bootstrap_full","RD_psych_bfi_auto","rdatasets_psych","https://vincentarelbundock.github.io/Rdatasets/csv/psych/bfi.csv","2026-06-16 15:52:34 -0400",NA,NA,"inline_depth_probe","__auto_numeric__","raw","auto_numeric_column; rdatasets_rows=2800; rdatasets_n_numeric=28; depth_probe=bootstrap_full","empirical_public",2800,1.04973248974259,0.783921404024825,"strictly_positive",28.7575,TRUE,NA,"Rdatasets public catalog: psych bfi - 25 Personality items representing 5 factors ; doc=https://vincentarelbundock.github.io/Rdatasets/doc/psych/bfi.html V5 secondary within-dataset depth probe; not independent N.","TAX-Q1R019","original_regime",16,0.2,6,"clustered_upper",500,500,"0.2|6|clustered_upper","endogenous",3,800,500,"winsorized_0.05",7.900578278125,10.81358275,NA,800,100,100,258,2542,"V5_audit_ready",TRUE,"Pre-registered empirical profile gate: bounded/proportion by hint/domain; zero-inflated/count by hint/domain; normal_like when abs(skew)<=0.50 and excess_kurtosis<=1.00; heavy_tail_symmetric when abs(skew)<=1.00 and excess_kurtosis>3.00; lognormal_like when skew>1.00 with positive support; weibull_like when skew>0.50 with positive support; otherwise empirical_unknown.","profile_preregistered",TRUE,"paired bootstrap aligned to the same reported gain statistic",TRUE,"Benjamini-Hochberg FDR is computed at dataset level on external_dataset_level_decisions.csv for primary eligible in-regime rows only. Primary alpha=0.05; secondary sensitivity alpha=0.1.","01_results_basic contains compact final results; 02_reports contains generated report files; 03_audit_ready contains full provenance, decisions, oracle audit, and split CSVs; 98_discarded_nonfinal is reserved for obsolete or nonfinal byproducts; 99_recovery_logs contains downloads, checkpoints, temporary recovery outputs, and logs.",0.005,10,TRUE,TRUE
"RD_psych_bfi_auto__depth_bootstrap_full","RD_psych_bfi_auto","rdatasets_psych","https://vincentarelbundock.github.io/Rdatasets/csv/psych/bfi.csv","2026-06-16 15:52:34 -0400",NA,NA,"inline_depth_probe","__auto_numeric__","raw","auto_numeric_column; rdatasets_rows=2800; rdatasets_n_numeric=28; depth_probe=bootstrap_full","empirical_public",2800,1.04973248974259,0.783921404024825,"strictly_positive",28.7575,TRUE,NA,"Rdatasets public catalog: psych bfi - 25 Personality items representing 5 factors ; doc=https://vincentarelbundock.github.io/Rdatasets/doc/psych/bfi.html V5 secondary within-dataset depth probe; not independent N.","TAX-Q1R019","original_regime",28,0.2,6,"clustered_upper",1000,1000,"0.2|6|clustered_upper","endogenous",3,800,500,"winsorized_0.05",7.89686051875,9.6679020125,NA,800,200,200,258,2542,"V5_audit_ready",TRUE,"Pre-registered empirical profile gate: bounded/proportion by hint/domain; zero-inflated/count by hint/domain; normal_like when abs(skew)<=0.50 and excess_kurtosis<=1.00; heavy_tail_symmetric when abs(skew)<=1.00 and excess_kurtosis>3.00; lognormal_like when skew>1.00 with positive support; weibull_like when skew>0.50 with positive support; otherwise empirical_unknown.","profile_preregistered",TRUE,"paired bootstrap aligned to the same reported gain statistic",TRUE,"Benjamini-Hochberg FDR is computed at dataset level on external_dataset_level_decisions.csv for primary eligible in-regime rows only. Primary alpha=0.05; secondary sensitivity alpha=0.1.","01_results_basic contains compact final results; 02_reports contains generated report files; 03_audit_ready contains full provenance, decisions, oracle audit, and split CSVs; 98_discarded_nonfinal is reserved for obsolete or nonfinal byproducts; 99_recovery_logs contains downloads, checkpoints, temporary recovery outputs, and logs.",0.005,10,TRUE,TRUE
"RD_psych_bfi_auto__depth_bootstrap_full","RD_psych_bfi_auto","rdatasets_psych","https://vincentarelbundock.github.io/Rdatasets/csv/psych/bfi.csv","2026-06-16 15:52:34 -0400",NA,NA,"inline_depth_probe","__auto_numeric__","raw","auto_numeric_column; rdatasets_rows=2800; rdatasets_n_numeric=28; depth_probe=bootstrap_full","empirical_public",2800,1.04973248974259,0.783921404024825,"strictly_positive",28.7575,TRUE,NA,"Rdatasets public catalog: psych bfi - 25 Personality items representing 5 factors ; doc=https://vincentarelbundock.github.io/Rdatasets/doc/psych/bfi.html V5 secondary within-dataset depth probe; not independent N.","TAX-Q1R019","original_regime",6,0.2,9,"clustered_upper",300,300,"0.2|9|clustered_upper","endogenous",3,800,500,"winsorized_0.05",8.12757049565972,12.3725145486111,NA,800,60,60,258,2542,"V5_audit_ready",TRUE,"Pre-registered empirical profile gate: bounded/proportion by hint/domain; zero-inflated/count by hint/domain; normal_like when abs(skew)<=0.50 and excess_kurtosis<=1.00; heavy_tail_symmetric when abs(skew)<=1.00 and excess_kurtosis>3.00; lognormal_like when skew>1.00 with positive support; weibull_like when skew>0.50 with positive support; otherwise empirical_unknown.","profile_preregistered",TRUE,"paired bootstrap aligned to the same reported gain statistic",TRUE,"Benjamini-Hochberg FDR is computed at dataset level on external_dataset_level_decisions.csv for primary eligible in-regime rows only. Primary alpha=0.05; secondary sensitivity alpha=0.1.","01_results_basic contains compact final results; 02_reports contains generated report files; 03_audit_ready contains full provenance, decisions, oracle audit, and split CSVs; 98_discarded_nonfinal is reserved for obsolete or nonfinal byproducts; 99_recovery_logs contains downloads, checkpoints, temporary recovery outputs, and logs.",0.005,10,TRUE,TRUE
"RD_psych_bfi_auto__depth_bootstrap_full","RD_psych_bfi_auto","rdatasets_psych","https://vincentarelbundock.github.io/Rdatasets/csv/psych/bfi.csv","2026-06-16 15:52:34 -0400",NA,NA,"inline_depth_probe","__auto_numeric__","raw","auto_numeric_column; rdatasets_rows=2800; rdatasets_n_numeric=28; depth_probe=bootstrap_full","empirical_public",2800,1.04973248974259,0.783921404024825,"strictly_positive",28.7575,TRUE,NA,"Rdatasets public catalog: psych bfi - 25 Personality items representing 5 factors ; doc=https://vincentarelbundock.github.io/Rdatasets/doc/psych/bfi.html V5 secondary within-dataset depth probe; not independent N.","TAX-Q1R019","original_regime",18,0.2,9,"clustered_upper",500,500,"0.2|9|clustered_upper","endogenous",3,800,500,"winsorized_0.05",7.9547399040625,10.9777940125,NA,800,100,100,258,2542,"V5_audit_ready",TRUE,"Pre-registered empirical profile gate: bounded/proportion by hint/domain; zero-inflated/count by hint/domain; normal_like when abs(skew)<=0.50 and excess_kurtosis<=1.00; heavy_tail_symmetric when abs(skew)<=1.00 and excess_kurtosis>3.00; lognormal_like when skew>1.00 with positive support; weibull_like when skew>0.50 with positive support; otherwise empirical_unknown.","profile_preregistered",TRUE,"paired bootstrap aligned to the same reported gain statistic",TRUE,"Benjamini-Hochberg FDR is computed at dataset level on external_dataset_level_decisions.csv for primary eligible in-regime rows only. Primary alpha=0.05; secondary sensitivity alpha=0.1.","01_results_basic contains compact final results; 02_reports contains generated report files; 03_audit_ready contains full provenance, decisions, oracle audit, and split CSVs; 98_discarded_nonfinal is reserved for obsolete or nonfinal byproducts; 99_recovery_logs contains downloads, checkpoints, temporary recovery outputs, and logs.",0.005,10,TRUE,TRUE
"RD_psych_bfi_auto__depth_bootstrap_full","RD_psych_bfi_auto","rdatasets_psych","https://vincentarelbundock.github.io/Rdatasets/csv/psych/bfi.csv","2026-06-16 15:52:34 -0400",NA,NA,"inline_depth_probe","__auto_numeric__","raw","auto_numeric_column; rdatasets_rows=2800; rdatasets_n_numeric=28; depth_probe=bootstrap_full","empirical_public",2800,1.04973248974259,0.783921404024825,"strictly_positive",28.7575,TRUE,NA,"Rdatasets public catalog: psych bfi - 25 Personality items representing 5 factors ; doc=https://vincentarelbundock.github.io/Rdatasets/doc/psych/bfi.html V5 secondary within-dataset depth probe; not independent N.","TAX-Q1R019","original_regime",30,0.2,9,"clustered_upper",1000,1000,"0.2|9|clustered_upper","endogenous",3,800,500,"winsorized_0.05",7.87654830125,9.71662435,NA,800,200,200,258,2542,"V5_audit_ready",TRUE,"Pre-registered empirical profile gate: bounded/proportion by hint/domain; zero-inflated/count by hint/domain; normal_like when abs(skew)<=0.50 and excess_kurtosis<=1.00; heavy_tail_symmetric when abs(skew)<=1.00 and excess_kurtosis>3.00; lognormal_like when skew>1.00 with positive support; weibull_like when skew>0.50 with positive support; otherwise empirical_unknown.","profile_preregistered",TRUE,"paired bootstrap aligned to the same reported gain statistic",TRUE,"Benjamini-Hochberg FDR is computed at dataset level on external_dataset_level_decisions.csv for primary eligible in-regime rows only. Primary alpha=0.05; secondary sensitivity alpha=0.1.","01_results_basic contains compact final results; 02_reports contains generated report files; 03_audit_ready contains full provenance, decisions, oracle audit, and split CSVs; 98_discarded_nonfinal is reserved for obsolete or nonfinal byproducts; 99_recovery_logs contains downloads, checkpoints, temporary recovery outputs, and logs.",0.005,10,TRUE,TRUE
"RD_psych_bfi_auto__depth_bootstrap_full","RD_psych_bfi_auto","rdatasets_psych","https://vincentarelbundock.github.io/Rdatasets/csv/psych/bfi.csv","2026-06-16 15:52:34 -0400",NA,NA,"inline_depth_probe","__auto_numeric__","raw","auto_numeric_column; rdatasets_rows=2800; rdatasets_n_numeric=28; depth_probe=bootstrap_full","empirical_public",2800,1.04973248974259,0.783921404024825,"strictly_positive",28.7575,TRUE,NA,"Rdatasets public catalog: psych bfi - 25 Personality items representing 5 factors ; doc=https://vincentarelbundock.github.io/Rdatasets/doc/psych/bfi.html V5 secondary within-dataset depth probe; not independent N.","TAX-Q1R019","original_regime",19,0.15,12,"clustered_upper",500,500,"0.15|12|clustered_upper","endogenous",3,500,500,"winsorized_0.1",1.69745668111111,3.01994975,NA,500,75,75,258,2542,"V5_audit_ready",TRUE,"Pre-registered empirical profile gate: bounded/proportion by hint/domain; zero-inflated/count by hint/domain; normal_like when abs(skew)<=0.50 and excess_kurtosis<=1.00; heavy_tail_symmetric when abs(skew)<=1.00 and excess_kurtosis>3.00; lognormal_like when skew>1.00 with positive support; weibull_like when skew>0.50 with positive support; otherwise empirical_unknown.","profile_preregistered",TRUE,"paired bootstrap aligned to the same reported gain statistic",TRUE,"Benjamini-Hochberg FDR is computed at dataset level on external_dataset_level_decisions.csv for primary eligible in-regime rows only. Primary alpha=0.05; secondary sensitivity alpha=0.1.","01_results_basic contains compact final results; 02_reports contains generated report files; 03_audit_ready contains full provenance, decisions, oracle audit, and split CSVs; 98_discarded_nonfinal is reserved for obsolete or nonfinal byproducts; 99_recovery_logs contains downloads, checkpoints, temporary recovery outputs, and logs.",0.005,10,TRUE,TRUE
"RD_psych_bfi_auto__depth_bootstrap_full","RD_psych_bfi_auto","rdatasets_psych","https://vincentarelbundock.github.io/Rdatasets/csv/psych/bfi.csv","2026-06-16 15:52:34 -0400",NA,NA,"inline_depth_probe","__auto_numeric__","raw","auto_numeric_column; rdatasets_rows=2800; rdatasets_n_numeric=28; depth_probe=bootstrap_full","empirical_public",2800,1.04973248974259,0.783921404024825,"strictly_positive",28.7575,TRUE,NA,"Rdatasets public catalog: psych bfi - 25 Personality items representing 5 factors ; doc=https://vincentarelbundock.github.io/Rdatasets/doc/psych/bfi.html V5 secondary within-dataset depth probe; not independent N.","TAX-Q1R019","original_regime",31,0.15,12,"clustered_upper",1000,1000,"0.15|12|clustered_upper","endogenous",3,500,500,"winsorized_0.1",1.57396237444444,2.44343815,NA,500,150,150,258,2542,"V5_audit_ready",TRUE,"Pre-registered empirical profile gate: bounded/proportion by hint/domain; zero-inflated/count by hint/domain; normal_like when abs(skew)<=0.50 and excess_kurtosis<=1.00; heavy_tail_symmetric when abs(skew)<=1.00 and excess_kurtosis>3.00; lognormal_like when skew>1.00 with positive support; weibull_like when skew>0.50 with positive support; otherwise empirical_unknown.","profile_preregistered",TRUE,"paired bootstrap aligned to the same reported gain statistic",TRUE,"Benjamini-Hochberg FDR is computed at dataset level on external_dataset_level_decisions.csv for primary eligible in-regime rows only. Primary alpha=0.05; secondary sensitivity alpha=0.1.","01_results_basic contains compact final results; 02_reports contains generated report files; 03_audit_ready contains full provenance, decisions, oracle audit, and split CSVs; 98_discarded_nonfinal is reserved for obsolete or nonfinal byproducts; 99_recovery_logs contains downloads, checkpoints, temporary recovery outputs, and logs.",0.005,10,TRUE,TRUE
"RD_psych_bfi_auto__depth_bootstrap_full","RD_psych_bfi_auto","rdatasets_psych","https://vincentarelbundock.github.io/Rdatasets/csv/psych/bfi.csv","2026-06-16 15:52:34 -0400",NA,NA,"inline_depth_probe","__auto_numeric__","raw","auto_numeric_column; rdatasets_rows=2800; rdatasets_n_numeric=28; depth_probe=bootstrap_full","empirical_public",2800,1.04973248974259,0.783921404024825,"strictly_positive",28.7575,TRUE,NA,"Rdatasets public catalog: psych bfi - 25 Personality items representing 5 factors ; doc=https://vincentarelbundock.github.io/Rdatasets/doc/psych/bfi.html V5 secondary within-dataset depth probe; not independent N.","TAX-Q1R019","original_regime",21,0.15,15,"clustered_upper",500,500,"0.15|15|clustered_upper","endogenous",3,500,500,"winsorized_0.1",1.66429413488889,3.07058805,NA,500,75,75,258,2542,"V5_audit_ready",TRUE,"Pre-registered empirical profile gate: bounded/proportion by hint/domain; zero-inflated/count by hint/domain; normal_like when abs(skew)<=0.50 and excess_kurtosis<=1.00; heavy_tail_symmetric when abs(skew)<=1.00 and excess_kurtosis>3.00; lognormal_like when skew>1.00 with positive support; weibull_like when skew>0.50 with positive support; otherwise empirical_unknown.","profile_preregistered",TRUE,"paired bootstrap aligned to the same reported gain statistic",TRUE,"Benjamini-Hochberg FDR is computed at dataset level on external_dataset_level_decisions.csv for primary eligible in-regime rows only. Primary alpha=0.05; secondary sensitivity alpha=0.1.","01_results_basic contains compact final results; 02_reports contains generated report files; 03_audit_ready contains full provenance, decisions, oracle audit, and split CSVs; 98_discarded_nonfinal is reserved for obsolete or nonfinal byproducts; 99_recovery_logs contains downloads, checkpoints, temporary recovery outputs, and logs.",0.005,10,TRUE,TRUE
"RD_psych_bfi_auto__depth_bootstrap_full","RD_psych_bfi_auto","rdatasets_psych","https://vincentarelbundock.github.io/Rdatasets/csv/psych/bfi.csv","2026-06-16 15:52:34 -0400",NA,NA,"inline_depth_probe","__auto_numeric__","raw","auto_numeric_column; rdatasets_rows=2800; rdatasets_n_numeric=28; depth_probe=bootstrap_full","empirical_public",2800,1.04973248974259,0.783921404024825,"strictly_positive",28.7575,TRUE,NA,"Rdatasets public catalog: psych bfi - 25 Personality items representing 5 factors ; doc=https://vincentarelbundock.github.io/Rdatasets/doc/psych/bfi.html V5 secondary within-dataset depth probe; not independent N.","TAX-Q1R019","original_regime",33,0.15,15,"clustered_upper",1000,1000,"0.15|15|clustered_upper","endogenous",3,500,500,"winsorized_0.1",1.58211363311111,2.39475625,NA,500,150,150,258,2542,"V5_audit_ready",TRUE,"Pre-registered empirical profile gate: bounded/proportion by hint/domain; zero-inflated/count by hint/domain; normal_like when abs(skew)<=0.50 and excess_kurtosis<=1.00; heavy_tail_symmetric when abs(skew)<=1.00 and excess_kurtosis>3.00; lognormal_like when skew>1.00 with positive support; weibull_like when skew>0.50 with positive support; otherwise empirical_unknown.","profile_preregistered",TRUE,"paired bootstrap aligned to the same reported gain statistic",TRUE,"Benjamini-Hochberg FDR is computed at dataset level on external_dataset_level_decisions.csv for primary eligible in-regime rows only. Primary alpha=0.05; secondary sensitivity alpha=0.1.","01_results_basic contains compact final results; 02_reports contains generated report files; 03_audit_ready contains full provenance, decisions, oracle audit, and split CSVs; 98_discarded_nonfinal is reserved for obsolete or nonfinal byproducts; 99_recovery_logs contains downloads, checkpoints, temporary recovery outputs, and logs.",0.005,10,TRUE,TRUE
"RD_psych_bfi_auto__depth_bootstrap_full","RD_psych_bfi_auto","rdatasets_psych","https://vincentarelbundock.github.io/Rdatasets/csv/psych/bfi.csv","2026-06-16 15:52:34 -0400",NA,NA,"inline_depth_probe","__auto_numeric__","raw","auto_numeric_column; rdatasets_rows=2800; rdatasets_n_numeric=28; depth_probe=bootstrap_full","empirical_public",2800,1.04973248974259,0.783921404024825,"strictly_positive",28.7575,TRUE,NA,"Rdatasets public catalog: psych bfi - 25 Personality items representing 5 factors ; doc=https://vincentarelbundock.github.io/Rdatasets/doc/psych/bfi.html V5 secondary within-dataset depth probe; not independent N.","TAX-Q1R019","original_regime",11,0.15,20,"clustered_upper",300,300,"0.15|20|clustered_upper","endogenous",3,500,500,"winsorized_0.1",1.75970835,4.09050625000001,NA,500,45,45,258,2542,"V5_audit_ready",TRUE,"Pre-registered empirical profile gate: bounded/proportion by hint/domain; zero-inflated/count by hint/domain; normal_like when abs(skew)<=0.50 and excess_kurtosis<=1.00; heavy_tail_symmetric when abs(skew)<=1.00 and excess_kurtosis>3.00; lognormal_like when skew>1.00 with positive support; weibull_like when skew>0.50 with positive support; otherwise empirical_unknown.","profile_preregistered",TRUE,"paired bootstrap aligned to the same reported gain statistic",TRUE,"Benjamini-Hochberg FDR is computed at dataset level on external_dataset_level_decisions.csv for primary eligible in-regime rows only. Primary alpha=0.05; secondary sensitivity alpha=0.1.","01_results_basic contains compact final results; 02_reports contains generated report files; 03_audit_ready contains full provenance, decisions, oracle audit, and split CSVs; 98_discarded_nonfinal is reserved for obsolete or nonfinal byproducts; 99_recovery_logs contains downloads, checkpoints, temporary recovery outputs, and logs.",0.005,10,TRUE,TRUE
"RD_psych_bfi_auto__depth_bootstrap_full","RD_psych_bfi_auto","rdatasets_psych","https://vincentarelbundock.github.io/Rdatasets/csv/psych/bfi.csv","2026-06-16 15:52:34 -0400",NA,NA,"inline_depth_probe","__auto_numeric__","raw","auto_numeric_column; rdatasets_rows=2800; rdatasets_n_numeric=28; depth_probe=bootstrap_full","empirical_public",2800,1.04973248974259,0.783921404024825,"strictly_positive",28.7575,TRUE,NA,"Rdatasets public catalog: psych bfi - 25 Personality items representing 5 factors ; doc=https://vincentarelbundock.github.io/Rdatasets/doc/psych/bfi.html V5 secondary within-dataset depth probe; not independent N.","TAX-Q1R019","original_regime",23,0.15,20,"clustered_upper",500,500,"0.15|20|clustered_upper","endogenous",3,500,500,"winsorized_0.1",1.65035716555556,3.18444025,NA,500,75,75,258,2542,"V5_audit_ready",TRUE,"Pre-registered empirical profile gate: bounded/proportion by hint/domain; zero-inflated/count by hint/domain; normal_like when abs(skew)<=0.50 and excess_kurtosis<=1.00; heavy_tail_symmetric when abs(skew)<=1.00 and excess_kurtosis>3.00; lognormal_like when skew>1.00 with positive support; weibull_like when skew>0.50 with positive support; otherwise empirical_unknown.","profile_preregistered",TRUE,"paired bootstrap aligned to the same reported gain statistic",TRUE,"Benjamini-Hochberg FDR is computed at dataset level on external_dataset_level_decisions.csv for primary eligible in-regime rows only. Primary alpha=0.05; secondary sensitivity alpha=0.1.","01_results_basic contains compact final results; 02_reports contains generated report files; 03_audit_ready contains full provenance, decisions, oracle audit, and split CSVs; 98_discarded_nonfinal is reserved for obsolete or nonfinal byproducts; 99_recovery_logs contains downloads, checkpoints, temporary recovery outputs, and logs.",0.005,10,TRUE,TRUE
"RD_psych_bfi_auto__depth_bootstrap_full","RD_psych_bfi_auto","rdatasets_psych","https://vincentarelbundock.github.io/Rdatasets/csv/psych/bfi.csv","2026-06-16 15:52:34 -0400",NA,NA,"inline_depth_probe","__auto_numeric__","raw","auto_numeric_column; rdatasets_rows=2800; rdatasets_n_numeric=28; depth_probe=bootstrap_full","empirical_public",2800,1.04973248974259,0.783921404024825,"strictly_positive",28.7575,TRUE,NA,"Rdatasets public catalog: psych bfi - 25 Personality items representing 5 factors ; doc=https://vincentarelbundock.github.io/Rdatasets/doc/psych/bfi.html V5 secondary within-dataset depth probe; not independent N.","TAX-Q1R019","original_regime",35,0.15,20,"clustered_upper",1000,1000,"0.15|20|clustered_upper","endogenous",3,500,500,"winsorized_0.1",1.60157983222222,2.48067873888888,NA,500,150,150,258,2542,"V5_audit_ready",TRUE,"Pre-registered empirical profile gate: bounded/proportion by hint/domain; zero-inflated/count by hint/domain; normal_like when abs(skew)<=0.50 and excess_kurtosis<=1.00; heavy_tail_symmetric when abs(skew)<=1.00 and excess_kurtosis>3.00; lognormal_like when skew>1.00 with positive support; weibull_like when skew>0.50 with positive support; otherwise empirical_unknown.","profile_preregistered",TRUE,"paired bootstrap aligned to the same reported gain statistic",TRUE,"Benjamini-Hochberg FDR is computed at dataset level on external_dataset_level_decisions.csv for primary eligible in-regime rows only. Primary alpha=0.05; secondary sensitivity alpha=0.1.","01_results_basic contains compact final results; 02_reports contains generated report files; 03_audit_ready contains full provenance, decisions, oracle audit, and split CSVs; 98_discarded_nonfinal is reserved for obsolete or nonfinal byproducts; 99_recovery_logs contains downloads, checkpoints, temporary recovery outputs, and logs.",0.005,10,TRUE,TRUE
"RD_psych_bfi_auto__depth_bootstrap_full","RD_psych_bfi_auto","rdatasets_psych","https://vincentarelbundock.github.io/Rdatasets/csv/psych/bfi.csv","2026-06-16 15:52:34 -0400",NA,NA,"inline_depth_probe","__auto_numeric__","raw","auto_numeric_column; rdatasets_rows=2800; rdatasets_n_numeric=28; depth_probe=bootstrap_full","empirical_public",2800,1.04973248974259,0.783921404024825,"strictly_positive",28.7575,TRUE,NA,"Rdatasets public catalog: psych bfi - 25 Personality items representing 5 factors ; doc=https://vincentarelbundock.github.io/Rdatasets/doc/psych/bfi.html V5 secondary within-dataset depth probe; not independent N.","TAX-Q1R019","original_regime",1,0.15,4.5,"clustered_upper",300,300,"0.15|4.5|clustered_upper","endogenous",3,500,500,"winsorized_0.1",1.76746958333334,4.01000625000001,NA,500,45,45,258,2542,"V5_audit_ready",TRUE,"Pre-registered empirical profile gate: bounded/proportion by hint/domain; zero-inflated/count by hint/domain; normal_like when abs(skew)<=0.50 and excess_kurtosis<=1.00; heavy_tail_symmetric when abs(skew)<=1.00 and excess_kurtosis>3.00; lognormal_like when skew>1.00 with positive support; weibull_like when skew>0.50 with positive support; otherwise empirical_unknown.","profile_preregistered",TRUE,"paired bootstrap aligned to the same reported gain statistic",TRUE,"Benjamini-Hochberg FDR is computed at dataset level on external_dataset_level_decisions.csv for primary eligible in-regime rows only. Primary alpha=0.05; secondary sensitivity alpha=0.1.","01_results_basic contains compact final results; 02_reports contains generated report files; 03_audit_ready contains full provenance, decisions, oracle audit, and split CSVs; 98_discarded_nonfinal is reserved for obsolete or nonfinal byproducts; 99_recovery_logs contains downloads, checkpoints, temporary recovery outputs, and logs.",0.005,10,TRUE,TRUE
"RD_psych_bfi_auto__depth_bootstrap_full","RD_psych_bfi_auto","rdatasets_psych","https://vincentarelbundock.github.io/Rdatasets/csv/psych/bfi.csv","2026-06-16 15:52:34 -0400",NA,NA,"inline_depth_probe","__auto_numeric__","raw","auto_numeric_column; rdatasets_rows=2800; rdatasets_n_numeric=28; depth_probe=bootstrap_full","empirical_public",2800,1.04973248974259,0.783921404024825,"strictly_positive",28.7575,TRUE,NA,"Rdatasets public catalog: psych bfi - 25 Personality items representing 5 factors ; doc=https://vincentarelbundock.github.io/Rdatasets/doc/psych/bfi.html V5 secondary within-dataset depth probe; not independent N.","TAX-Q1R019","original_regime",13,0.15,4.5,"clustered_upper",500,500,"0.15|4.5|clustered_upper","endogenous",3,500,500,"winsorized_0.1",1.62375744644445,3.01543225,NA,500,75,75,258,2542,"V5_audit_ready",TRUE,"Pre-registered empirical profile gate: bounded/proportion by hint/domain; zero-inflated/count by hint/domain; normal_like when abs(skew)<=0.50 and excess_kurtosis<=1.00; heavy_tail_symmetric when abs(skew)<=1.00 and excess_kurtosis>3.00; lognormal_like when skew>1.00 with positive support; weibull_like when skew>0.50 with positive support; otherwise empirical_unknown.","profile_preregistered",TRUE,"paired bootstrap aligned to the same reported gain statistic",TRUE,"Benjamini-Hochberg FDR is computed at dataset level on external_dataset_level_decisions.csv for primary eligible in-regime rows only. Primary alpha=0.05; secondary sensitivity alpha=0.1.","01_results_basic contains compact final results; 02_reports contains generated report files; 03_audit_ready contains full provenance, decisions, oracle audit, and split CSVs; 98_discarded_nonfinal is reserved for obsolete or nonfinal byproducts; 99_recovery_logs contains downloads, checkpoints, temporary recovery outputs, and logs.",0.005,10,TRUE,TRUE
"RD_psych_bfi_auto__depth_bootstrap_full","RD_psych_bfi_auto","rdatasets_psych","https://vincentarelbundock.github.io/Rdatasets/csv/psych/bfi.csv","2026-06-16 15:52:34 -0400",NA,NA,"inline_depth_probe","__auto_numeric__","raw","auto_numeric_column; rdatasets_rows=2800; rdatasets_n_numeric=28; depth_probe=bootstrap_full","empirical_public",2800,1.04973248974259,0.783921404024825,"strictly_positive",28.7575,TRUE,NA,"Rdatasets public catalog: psych bfi - 25 Personality items representing 5 factors ; doc=https://vincentarelbundock.github.io/Rdatasets/doc/psych/bfi.html V5 secondary within-dataset depth probe; not independent N.","TAX-Q1R019","original_regime",25,0.15,4.5,"clustered_upper",1000,1000,"0.15|4.5|clustered_upper","endogenous",3,500,500,"winsorized_0.1",1.59347655977778,2.43703685,NA,500,150,150,258,2542,"V5_audit_ready",TRUE,"Pre-registered empirical profile gate: bounded/proportion by hint/domain; zero-inflated/count by hint/domain; normal_like when abs(skew)<=0.50 and excess_kurtosis<=1.00; heavy_tail_symmetric when abs(skew)<=1.00 and excess_kurtosis>3.00; lognormal_like when skew>1.00 with positive support; weibull_like when skew>0.50 with positive support; otherwise empirical_unknown.","profile_preregistered",TRUE,"paired bootstrap aligned to the same reported gain statistic",TRUE,"Benjamini-Hochberg FDR is computed at dataset level on external_dataset_level_decisions.csv for primary eligible in-regime rows only. Primary alpha=0.05; secondary sensitivity alpha=0.1.","01_results_basic contains compact final results; 02_reports contains generated report files; 03_audit_ready contains full provenance, decisions, oracle audit, and split CSVs; 98_discarded_nonfinal is reserved for obsolete or nonfinal byproducts; 99_recovery_logs contains downloads, checkpoints, temporary recovery outputs, and logs.",0.005,10,TRUE,TRUE
"RD_psych_bfi_auto__depth_bootstrap_full","RD_psych_bfi_auto","rdatasets_psych","https://vincentarelbundock.github.io/Rdatasets/csv/psych/bfi.csv","2026-06-16 15:52:34 -0400",NA,NA,"inline_depth_probe","__auto_numeric__","raw","auto_numeric_column; rdatasets_rows=2800; rdatasets_n_numeric=28; depth_probe=bootstrap_full","empirical_public",2800,1.04973248974259,0.783921404024825,"strictly_positive",28.7575,TRUE,NA,"Rdatasets public catalog: psych bfi - 25 Personality items representing 5 factors ; doc=https://vincentarelbundock.github.io/Rdatasets/doc/psych/bfi.html V5 secondary within-dataset depth probe; not independent N.","TAX-Q1R019","original_regime",3,0.15,6,"clustered_upper",300,300,"0.15|6|clustered_upper","endogenous",3,500,500,"winsorized_0.1",1.76547985,4.04546430555555,NA,500,45,45,258,2542,"V5_audit_ready",TRUE,"Pre-registered empirical profile gate: bounded/proportion by hint/domain; zero-inflated/count by hint/domain; normal_like when abs(skew)<=0.50 and excess_kurtosis<=1.00; heavy_tail_symmetric when abs(skew)<=1.00 and excess_kurtosis>3.00; lognormal_like when skew>1.00 with positive support; weibull_like when skew>0.50 with positive support; otherwise empirical_unknown.","profile_preregistered",TRUE,"paired bootstrap aligned to the same reported gain statistic",TRUE,"Benjamini-Hochberg FDR is computed at dataset level on external_dataset_level_decisions.csv for primary eligible in-regime rows only. Primary alpha=0.05; secondary sensitivity alpha=0.1.","01_results_basic contains compact final results; 02_reports contains generated report files; 03_audit_ready contains full provenance, decisions, oracle audit, and split CSVs; 98_discarded_nonfinal is reserved for obsolete or nonfinal byproducts; 99_recovery_logs contains downloads, checkpoints, temporary recovery outputs, and logs.",0.005,10,TRUE,TRUE
"RD_psych_bfi_auto__depth_bootstrap_full","RD_psych_bfi_auto","rdatasets_psych","https://vincentarelbundock.github.io/Rdatasets/csv/psych/bfi.csv","2026-06-16 15:52:34 -0400",NA,NA,"inline_depth_probe","__auto_numeric__","raw","auto_numeric_column; rdatasets_rows=2800; rdatasets_n_numeric=28; depth_probe=bootstrap_full","empirical_public",2800,1.04973248974259,0.783921404024825,"strictly_positive",28.7575,TRUE,NA,"Rdatasets public catalog: psych bfi - 25 Personality items representing 5 factors ; doc=https://vincentarelbundock.github.io/Rdatasets/doc/psych/bfi.html V5 secondary within-dataset depth probe; not independent N.","TAX-Q1R019","original_regime",15,0.15,6,"clustered_upper",500,500,"0.15|6|clustered_upper","endogenous",3,500,500,"winsorized_0.1",1.61503290644445,2.80316897222222,NA,500,75,75,258,2542,"V5_audit_ready",TRUE,"Pre-registered empirical profile gate: bounded/proportion by hint/domain; zero-inflated/count by hint/domain; normal_like when abs(skew)<=0.50 and excess_kurtosis<=1.00; heavy_tail_symmetric when abs(skew)<=1.00 and excess_kurtosis>3.00; lognormal_like when skew>1.00 with positive support; weibull_like when skew>0.50 with positive support; otherwise empirical_unknown.","profile_preregistered",TRUE,"paired bootstrap aligned to the same reported gain statistic",TRUE,"Benjamini-Hochberg FDR is computed at dataset level on external_dataset_level_decisions.csv for primary eligible in-regime rows only. Primary alpha=0.05; secondary sensitivity alpha=0.1.","01_results_basic contains compact final results; 02_reports contains generated report files; 03_audit_ready contains full provenance, decisions, oracle audit, and split CSVs; 98_discarded_nonfinal is reserved for obsolete or nonfinal byproducts; 99_recovery_logs contains downloads, checkpoints, temporary recovery outputs, and logs.",0.005,10,TRUE,TRUE
"RD_psych_bfi_auto__depth_bootstrap_full","RD_psych_bfi_auto","rdatasets_psych","https://vincentarelbundock.github.io/Rdatasets/csv/psych/bfi.csv","2026-06-16 15:52:34 -0400",NA,NA,"inline_depth_probe","__auto_numeric__","raw","auto_numeric_column; rdatasets_rows=2800; rdatasets_n_numeric=28; depth_probe=bootstrap_full","empirical_public",2800,1.04973248974259,0.783921404024825,"strictly_positive",28.7575,TRUE,NA,"Rdatasets public catalog: psych bfi - 25 Personality items representing 5 factors ; doc=https://vincentarelbundock.github.io/Rdatasets/doc/psych/bfi.html V5 secondary within-dataset depth probe; not independent N.","TAX-Q1R019","original_regime",27,0.15,6,"clustered_upper",1000,1000,"0.15|6|clustered_upper","endogenous",3,500,500,"winsorized_0.1",1.62873982644444,2.53893175,NA,500,150,150,258,2542,"V5_audit_ready",TRUE,"Pre-registered empirical profile gate: bounded/proportion by hint/domain; zero-inflated/count by hint/domain; normal_like when abs(skew)<=0.50 and excess_kurtosis<=1.00; heavy_tail_symmetric when abs(skew)<=1.00 and excess_kurtosis>3.00; lognormal_like when skew>1.00 with positive support; weibull_like when skew>0.50 with positive support; otherwise empirical_unknown.","profile_preregistered",TRUE,"paired bootstrap aligned to the same reported gain statistic",TRUE,"Benjamini-Hochberg FDR is computed at dataset level on external_dataset_level_decisions.csv for primary eligible in-regime rows only. Primary alpha=0.05; secondary sensitivity alpha=0.1.","01_results_basic contains compact final results; 02_reports contains generated report files; 03_audit_ready contains full provenance, decisions, oracle audit, and split CSVs; 98_discarded_nonfinal is reserved for obsolete or nonfinal byproducts; 99_recovery_logs contains downloads, checkpoints, temporary recovery outputs, and logs.",0.005,10,TRUE,TRUE
"RD_psych_bfi_auto__depth_bootstrap_full","RD_psych_bfi_auto","rdatasets_psych","https://vincentarelbundock.github.io/Rdatasets/csv/psych/bfi.csv","2026-06-16 15:52:34 -0400",NA,NA,"inline_depth_probe","__auto_numeric__","raw","auto_numeric_column; rdatasets_rows=2800; rdatasets_n_numeric=28; depth_probe=bootstrap_full","empirical_public",2800,1.04973248974259,0.783921404024825,"strictly_positive",28.7575,TRUE,NA,"Rdatasets public catalog: psych bfi - 25 Personality items representing 5 factors ; doc=https://vincentarelbundock.github.io/Rdatasets/doc/psych/bfi.html V5 secondary within-dataset depth probe; not independent N.","TAX-Q1R019","original_regime",5,0.15,9,"clustered_upper",300,300,"0.15|9|clustered_upper","endogenous",3,500,500,"winsorized_0.1",1.72502771666667,3.67426013888889,NA,500,45,45,258,2542,"V5_audit_ready",TRUE,"Pre-registered empirical profile gate: bounded/proportion by hint/domain; zero-inflated/count by hint/domain; normal_like when abs(skew)<=0.50 and excess_kurtosis<=1.00; heavy_tail_symmetric when abs(skew)<=1.00 and excess_kurtosis>3.00; lognormal_like when skew>1.00 with positive support; weibull_like when skew>0.50 with positive support; otherwise empirical_unknown.","profile_preregistered",TRUE,"paired bootstrap aligned to the same reported gain statistic",TRUE,"Benjamini-Hochberg FDR is computed at dataset level on external_dataset_level_decisions.csv for primary eligible in-regime rows only. Primary alpha=0.05; secondary sensitivity alpha=0.1.","01_results_basic contains compact final results; 02_reports contains generated report files; 03_audit_ready contains full provenance, decisions, oracle audit, and split CSVs; 98_discarded_nonfinal is reserved for obsolete or nonfinal byproducts; 99_recovery_logs contains downloads, checkpoints, temporary recovery outputs, and logs.",0.005,10,TRUE,TRUE
"RD_psych_bfi_auto__depth_bootstrap_full","RD_psych_bfi_auto","rdatasets_psych","https://vincentarelbundock.github.io/Rdatasets/csv/psych/bfi.csv","2026-06-16 15:52:34 -0400",NA,NA,"inline_depth_probe","__auto_numeric__","raw","auto_numeric_column; rdatasets_rows=2800; rdatasets_n_numeric=28; depth_probe=bootstrap_full","empirical_public",2800,1.04973248974259,0.783921404024825,"strictly_positive",28.7575,TRUE,NA,"Rdatasets public catalog: psych bfi - 25 Personality items representing 5 factors ; doc=https://vincentarelbundock.github.io/Rdatasets/doc/psych/bfi.html V5 secondary within-dataset depth probe; not independent N.","TAX-Q1R019","original_regime",17,0.15,9,"clustered_upper",500,500,"0.15|9|clustered_upper","endogenous",3,500,500,"winsorized_0.1",1.63983506822222,3.08833800555556,NA,500,75,75,258,2542,"V5_audit_ready",TRUE,"Pre-registered empirical profile gate: bounded/proportion by hint/domain; zero-inflated/count by hint/domain; normal_like when abs(skew)<=0.50 and excess_kurtosis<=1.00; heavy_tail_symmetric when abs(skew)<=1.00 and excess_kurtosis>3.00; lognormal_like when skew>1.00 with positive support; weibull_like when skew>0.50 with positive support; otherwise empirical_unknown.","profile_preregistered",TRUE,"paired bootstrap aligned to the same reported gain statistic",TRUE,"Benjamini-Hochberg FDR is computed at dataset level on external_dataset_level_decisions.csv for primary eligible in-regime rows only. Primary alpha=0.05; secondary sensitivity alpha=0.1.","01_results_basic contains compact final results; 02_reports contains generated report files; 03_audit_ready contains full provenance, decisions, oracle audit, and split CSVs; 98_discarded_nonfinal is reserved for obsolete or nonfinal byproducts; 99_recovery_logs contains downloads, checkpoints, temporary recovery outputs, and logs.",0.005,10,TRUE,TRUE
"RD_psych_bfi_auto__depth_bootstrap_full","RD_psych_bfi_auto","rdatasets_psych","https://vincentarelbundock.github.io/Rdatasets/csv/psych/bfi.csv","2026-06-16 15:52:34 -0400",NA,NA,"inline_depth_probe","__auto_numeric__","raw","auto_numeric_column; rdatasets_rows=2800; rdatasets_n_numeric=28; depth_probe=bootstrap_full","empirical_public",2800,1.04973248974259,0.783921404024825,"strictly_positive",28.7575,TRUE,NA,"Rdatasets public catalog: psych bfi - 25 Personality items representing 5 factors ; doc=https://vincentarelbundock.github.io/Rdatasets/doc/psych/bfi.html V5 secondary within-dataset depth probe; not independent N.","TAX-Q1R019","original_regime",29,0.15,9,"clustered_upper",1000,1000,"0.15|9|clustered_upper","endogenous",3,500,500,"winsorized_0.1",1.59402864288889,2.39259115,NA,500,150,150,258,2542,"V5_audit_ready",TRUE,"Pre-registered empirical profile gate: bounded/proportion by hint/domain; zero-inflated/count by hint/domain; normal_like when abs(skew)<=0.50 and excess_kurtosis<=1.00; heavy_tail_symmetric when abs(skew)<=1.00 and excess_kurtosis>3.00; lognormal_like when skew>1.00 with positive support; weibull_like when skew>0.50 with positive support; otherwise empirical_unknown.","profile_preregistered",TRUE,"paired bootstrap aligned to the same reported gain statistic",TRUE,"Benjamini-Hochberg FDR is computed at dataset level on external_dataset_level_decisions.csv for primary eligible in-regime rows only. Primary alpha=0.05; secondary sensitivity alpha=0.1.","01_results_basic contains compact final results; 02_reports contains generated report files; 03_audit_ready contains full provenance, decisions, oracle audit, and split CSVs; 98_discarded_nonfinal is reserved for obsolete or nonfinal byproducts; 99_recovery_logs contains downloads, checkpoints, temporary recovery outputs, and logs.",0.005,10,TRUE,TRUE
"RD_psych_bfi_auto__depth_bootstrap_full","RD_psych_bfi_auto","rdatasets_psych","https://vincentarelbundock.github.io/Rdatasets/csv/psych/bfi.csv","2026-06-16 15:52:34 -0400",NA,NA,"inline_depth_probe","__auto_numeric__","raw","auto_numeric_column; rdatasets_rows=2800; rdatasets_n_numeric=28; depth_probe=bootstrap_full","empirical_public",2800,1.04973248974259,0.783921404024825,"strictly_positive",28.7575,TRUE,NA,"Rdatasets public catalog: psych bfi - 25 Personality items representing 5 factors ; doc=https://vincentarelbundock.github.io/Rdatasets/doc/psych/bfi.html V5 secondary within-dataset depth probe; not independent N.","TAX-Q1R019","original_regime",7,0.15,12,"clustered_upper",300,300,"0.15|12|clustered_upper","endogenous",3,800,500,"winsorized_0.1",1.77573825,3.84226347222222,NA,800,45,45,258,2542,"V5_audit_ready",TRUE,"Pre-registered empirical profile gate: bounded/proportion by hint/domain; zero-inflated/count by hint/domain; normal_like when abs(skew)<=0.50 and excess_kurtosis<=1.00; heavy_tail_symmetric when abs(skew)<=1.00 and excess_kurtosis>3.00; lognormal_like when skew>1.00 with positive support; weibull_like when skew>0.50 with positive support; otherwise empirical_unknown.","profile_preregistered",TRUE,"paired bootstrap aligned to the same reported gain statistic",TRUE,"Benjamini-Hochberg FDR is computed at dataset level on external_dataset_level_decisions.csv for primary eligible in-regime rows only. Primary alpha=0.05; secondary sensitivity alpha=0.1.","01_results_basic contains compact final results; 02_reports contains generated report files; 03_audit_ready contains full provenance, decisions, oracle audit, and split CSVs; 98_discarded_nonfinal is reserved for obsolete or nonfinal byproducts; 99_recovery_logs contains downloads, checkpoints, temporary recovery outputs, and logs.",0.005,10,TRUE,TRUE
"RD_psych_bfi_auto__depth_bootstrap_full","RD_psych_bfi_auto","rdatasets_psych","https://vincentarelbundock.github.io/Rdatasets/csv/psych/bfi.csv","2026-06-16 15:52:34 -0400",NA,NA,"inline_depth_probe","__auto_numeric__","raw","auto_numeric_column; rdatasets_rows=2800; rdatasets_n_numeric=28; depth_probe=bootstrap_full","empirical_public",2800,1.04973248974259,0.783921404024825,"strictly_positive",28.7575,TRUE,NA,"Rdatasets public catalog: psych bfi - 25 Personality items representing 5 factors ; doc=https://vincentarelbundock.github.io/Rdatasets/doc/psych/bfi.html V5 secondary within-dataset depth probe; not independent N.","TAX-Q1R019","original_regime",9,0.15,15,"clustered_upper",300,300,"0.15|15|clustered_upper","endogenous",3,800,500,"winsorized_0.1",1.76753724305556,3.98270819444444,NA,800,45,45,258,2542,"V5_audit_ready",TRUE,"Pre-registered empirical profile gate: bounded/proportion by hint/domain; zero-inflated/count by hint/domain; normal_like when abs(skew)<=0.50 and excess_kurtosis<=1.00; heavy_tail_symmetric when abs(skew)<=1.00 and excess_kurtosis>3.00; lognormal_like when skew>1.00 with positive support; weibull_like when skew>0.50 with positive support; otherwise empirical_unknown.","profile_preregistered",TRUE,"paired bootstrap aligned to the same reported gain statistic",TRUE,"Benjamini-Hochberg FDR is computed at dataset level on external_dataset_level_decisions.csv for primary eligible in-regime rows only. Primary alpha=0.05; secondary sensitivity alpha=0.1.","01_results_basic contains compact final results; 02_reports contains generated report files; 03_audit_ready contains full provenance, decisions, oracle audit, and split CSVs; 98_discarded_nonfinal is reserved for obsolete or nonfinal byproducts; 99_recovery_logs contains downloads, checkpoints, temporary recovery outputs, and logs.",0.005,10,TRUE,TRUE
"RD_psych_bfi_auto__depth_bootstrap_full","RD_psych_bfi_auto","rdatasets_psych","https://vincentarelbundock.github.io/Rdatasets/csv/psych/bfi.csv","2026-06-16 15:52:34 -0400",NA,NA,"inline_depth_probe","__auto_numeric__","raw","auto_numeric_column; rdatasets_rows=2800; rdatasets_n_numeric=28; depth_probe=bootstrap_full","empirical_public",2800,1.04973248974259,0.783921404024825,"strictly_positive",28.7575,TRUE,NA,"Rdatasets public catalog: psych bfi - 25 Personality items representing 5 factors ; doc=https://vincentarelbundock.github.io/Rdatasets/doc/psych/bfi.html V5 secondary within-dataset depth probe; not independent N.","TAX-Q1R019","original_regime",8,0.2,12,"clustered_upper",300,300,"0.2|12|clustered_upper","endogenous",3,800,500,"winsorized_0.1",7.19535425694445,11.4638673611111,NA,800,60,60,258,2542,"V5_audit_ready",TRUE,"Pre-registered empirical profile gate: bounded/proportion by hint/domain; zero-inflated/count by hint/domain; normal_like when abs(skew)<=0.50 and excess_kurtosis<=1.00; heavy_tail_symmetric when abs(skew)<=1.00 and excess_kurtosis>3.00; lognormal_like when skew>1.00 with positive support; weibull_like when skew>0.50 with positive support; otherwise empirical_unknown.","profile_preregistered",TRUE,"paired bootstrap aligned to the same reported gain statistic",TRUE,"Benjamini-Hochberg FDR is computed at dataset level on external_dataset_level_decisions.csv for primary eligible in-regime rows only. Primary alpha=0.05; secondary sensitivity alpha=0.1.","01_results_basic contains compact final results; 02_reports contains generated report files; 03_audit_ready contains full provenance, decisions, oracle audit, and split CSVs; 98_discarded_nonfinal is reserved for obsolete or nonfinal byproducts; 99_recovery_logs contains downloads, checkpoints, temporary recovery outputs, and logs.",0.005,10,TRUE,TRUE
"RD_psych_bfi_auto__depth_bootstrap_full","RD_psych_bfi_auto","rdatasets_psych","https://vincentarelbundock.github.io/Rdatasets/csv/psych/bfi.csv","2026-06-16 15:52:34 -0400",NA,NA,"inline_depth_probe","__auto_numeric__","raw","auto_numeric_column; rdatasets_rows=2800; rdatasets_n_numeric=28; depth_probe=bootstrap_full","empirical_public",2800,1.04973248974259,0.783921404024825,"strictly_positive",28.7575,TRUE,NA,"Rdatasets public catalog: psych bfi - 25 Personality items representing 5 factors ; doc=https://vincentarelbundock.github.io/Rdatasets/doc/psych/bfi.html V5 secondary within-dataset depth probe; not independent N.","TAX-Q1R019","original_regime",20,0.2,12,"clustered_upper",500,500,"0.2|12|clustered_upper","endogenous",3,800,500,"winsorized_0.1",6.98651397222222,9.76916860555556,NA,800,100,100,258,2542,"V5_audit_ready",TRUE,"Pre-registered empirical profile gate: bounded/proportion by hint/domain; zero-inflated/count by hint/domain; normal_like when abs(skew)<=0.50 and excess_kurtosis<=1.00; heavy_tail_symmetric when abs(skew)<=1.00 and excess_kurtosis>3.00; lognormal_like when skew>1.00 with positive support; weibull_like when skew>0.50 with positive support; otherwise empirical_unknown.","profile_preregistered",TRUE,"paired bootstrap aligned to the same reported gain statistic",TRUE,"Benjamini-Hochberg FDR is computed at dataset level on external_dataset_level_decisions.csv for primary eligible in-regime rows only. Primary alpha=0.05; secondary sensitivity alpha=0.1.","01_results_basic contains compact final results; 02_reports contains generated report files; 03_audit_ready contains full provenance, decisions, oracle audit, and split CSVs; 98_discarded_nonfinal is reserved for obsolete or nonfinal byproducts; 99_recovery_logs contains downloads, checkpoints, temporary recovery outputs, and logs.",0.005,10,TRUE,TRUE
"RD_psych_bfi_auto__depth_bootstrap_full","RD_psych_bfi_auto","rdatasets_psych","https://vincentarelbundock.github.io/Rdatasets/csv/psych/bfi.csv","2026-06-16 15:52:34 -0400",NA,NA,"inline_depth_probe","__auto_numeric__","raw","auto_numeric_column; rdatasets_rows=2800; rdatasets_n_numeric=28; depth_probe=bootstrap_full","empirical_public",2800,1.04973248974259,0.783921404024825,"strictly_positive",28.7575,TRUE,NA,"Rdatasets public catalog: psych bfi - 25 Personality items representing 5 factors ; doc=https://vincentarelbundock.github.io/Rdatasets/doc/psych/bfi.html V5 secondary within-dataset depth probe; not independent N.","TAX-Q1R019","original_regime",32,0.2,12,"clustered_upper",1000,1000,"0.2|12|clustered_upper","endogenous",3,800,500,"winsorized_0.1",6.93426637027778,8.55065345,NA,800,200,200,258,2542,"V5_audit_ready",TRUE,"Pre-registered empirical profile gate: bounded/proportion by hint/domain; zero-inflated/count by hint/domain; normal_like when abs(skew)<=0.50 and excess_kurtosis<=1.00; heavy_tail_symmetric when abs(skew)<=1.00 and excess_kurtosis>3.00; lognormal_like when skew>1.00 with positive support; weibull_like when skew>0.50 with positive support; otherwise empirical_unknown.","profile_preregistered",TRUE,"paired bootstrap aligned to the same reported gain statistic",TRUE,"Benjamini-Hochberg FDR is computed at dataset level on external_dataset_level_decisions.csv for primary eligible in-regime rows only. Primary alpha=0.05; secondary sensitivity alpha=0.1.","01_results_basic contains compact final results; 02_reports contains generated report files; 03_audit_ready contains full provenance, decisions, oracle audit, and split CSVs; 98_discarded_nonfinal is reserved for obsolete or nonfinal byproducts; 99_recovery_logs contains downloads, checkpoints, temporary recovery outputs, and logs.",0.005,10,TRUE,TRUE
"RD_psych_bfi_auto__depth_bootstrap_full","RD_psych_bfi_auto","rdatasets_psych","https://vincentarelbundock.github.io/Rdatasets/csv/psych/bfi.csv","2026-06-16 15:52:34 -0400",NA,NA,"inline_depth_probe","__auto_numeric__","raw","auto_numeric_column; rdatasets_rows=2800; rdatasets_n_numeric=28; depth_probe=bootstrap_full","empirical_public",2800,1.04973248974259,0.783921404024825,"strictly_positive",28.7575,TRUE,NA,"Rdatasets public catalog: psych bfi - 25 Personality items representing 5 factors ; doc=https://vincentarelbundock.github.io/Rdatasets/doc/psych/bfi.html V5 secondary within-dataset depth probe; not independent N.","TAX-Q1R019","original_regime",10,0.2,15,"clustered_upper",300,300,"0.2|15|clustered_upper","endogenous",3,800,500,"winsorized_0.1",7.24207347916667,10.9197606944445,NA,800,60,60,258,2542,"V5_audit_ready",TRUE,"Pre-registered empirical profile gate: bounded/proportion by hint/domain; zero-inflated/count by hint/domain; normal_like when abs(skew)<=0.50 and excess_kurtosis<=1.00; heavy_tail_symmetric when abs(skew)<=1.00 and excess_kurtosis>3.00; lognormal_like when skew>1.00 with positive support; weibull_like when skew>0.50 with positive support; otherwise empirical_unknown.","profile_preregistered",TRUE,"paired bootstrap aligned to the same reported gain statistic",TRUE,"Benjamini-Hochberg FDR is computed at dataset level on external_dataset_level_decisions.csv for primary eligible in-regime rows only. Primary alpha=0.05; secondary sensitivity alpha=0.1.","01_results_basic contains compact final results; 02_reports contains generated report files; 03_audit_ready contains full provenance, decisions, oracle audit, and split CSVs; 98_discarded_nonfinal is reserved for obsolete or nonfinal byproducts; 99_recovery_logs contains downloads, checkpoints, temporary recovery outputs, and logs.",0.005,10,TRUE,TRUE
"RD_psych_bfi_auto__depth_bootstrap_full","RD_psych_bfi_auto","rdatasets_psych","https://vincentarelbundock.github.io/Rdatasets/csv/psych/bfi.csv","2026-06-16 15:52:34 -0400",NA,NA,"inline_depth_probe","__auto_numeric__","raw","auto_numeric_column; rdatasets_rows=2800; rdatasets_n_numeric=28; depth_probe=bootstrap_full","empirical_public",2800,1.04973248974259,0.783921404024825,"strictly_positive",28.7575,TRUE,NA,"Rdatasets public catalog: psych bfi - 25 Personality items representing 5 factors ; doc=https://vincentarelbundock.github.io/Rdatasets/doc/psych/bfi.html V5 secondary within-dataset depth probe; not independent N.","TAX-Q1R019","original_regime",22,0.2,15,"clustered_upper",500,500,"0.2|15|clustered_upper","endogenous",3,800,500,"winsorized_0.1",7.02070542722222,9.86212034999999,NA,800,100,100,258,2542,"V5_audit_ready",TRUE,"Pre-registered empirical profile gate: bounded/proportion by hint/domain; zero-inflated/count by hint/domain; normal_like when abs(skew)<=0.50 and excess_kurtosis<=1.00; heavy_tail_symmetric when abs(skew)<=1.00 and excess_kurtosis>3.00; lognormal_like when skew>1.00 with positive support; weibull_like when skew>0.50 with positive support; otherwise empirical_unknown.","profile_preregistered",TRUE,"paired bootstrap aligned to the same reported gain statistic",TRUE,"Benjamini-Hochberg FDR is computed at dataset level on external_dataset_level_decisions.csv for primary eligible in-regime rows only. Primary alpha=0.05; secondary sensitivity alpha=0.1.","01_results_basic contains compact final results; 02_reports contains generated report files; 03_audit_ready contains full provenance, decisions, oracle audit, and split CSVs; 98_discarded_nonfinal is reserved for obsolete or nonfinal byproducts; 99_recovery_logs contains downloads, checkpoints, temporary recovery outputs, and logs.",0.005,10,TRUE,TRUE
"RD_psych_bfi_auto__depth_bootstrap_full","RD_psych_bfi_auto","rdatasets_psych","https://vincentarelbundock.github.io/Rdatasets/csv/psych/bfi.csv","2026-06-16 15:52:34 -0400",NA,NA,"inline_depth_probe","__auto_numeric__","raw","auto_numeric_column; rdatasets_rows=2800; rdatasets_n_numeric=28; depth_probe=bootstrap_full","empirical_public",2800,1.04973248974259,0.783921404024825,"strictly_positive",28.7575,TRUE,NA,"Rdatasets public catalog: psych bfi - 25 Personality items representing 5 factors ; doc=https://vincentarelbundock.github.io/Rdatasets/doc/psych/bfi.html V5 secondary within-dataset depth probe; not independent N.","TAX-Q1R019","original_regime",34,0.2,15,"clustered_upper",1000,1000,"0.2|15|clustered_upper","endogenous",3,800,500,"winsorized_0.1",6.95440561388889,8.61658135,NA,800,200,200,258,2542,"V5_audit_ready",TRUE,"Pre-registered empirical profile gate: bounded/proportion by hint/domain; zero-inflated/count by hint/domain; normal_like when abs(skew)<=0.50 and excess_kurtosis<=1.00; heavy_tail_symmetric when abs(skew)<=1.00 and excess_kurtosis>3.00; lognormal_like when skew>1.00 with positive support; weibull_like when skew>0.50 with positive support; otherwise empirical_unknown.","profile_preregistered",TRUE,"paired bootstrap aligned to the same reported gain statistic",TRUE,"Benjamini-Hochberg FDR is computed at dataset level on external_dataset_level_decisions.csv for primary eligible in-regime rows only. Primary alpha=0.05; secondary sensitivity alpha=0.1.","01_results_basic contains compact final results; 02_reports contains generated report files; 03_audit_ready contains full provenance, decisions, oracle audit, and split CSVs; 98_discarded_nonfinal is reserved for obsolete or nonfinal byproducts; 99_recovery_logs contains downloads, checkpoints, temporary recovery outputs, and logs.",0.005,10,TRUE,TRUE
"RD_psych_bfi_auto__depth_bootstrap_full","RD_psych_bfi_auto","rdatasets_psych","https://vincentarelbundock.github.io/Rdatasets/csv/psych/bfi.csv","2026-06-16 15:52:34 -0400",NA,NA,"inline_depth_probe","__auto_numeric__","raw","auto_numeric_column; rdatasets_rows=2800; rdatasets_n_numeric=28; depth_probe=bootstrap_full","empirical_public",2800,1.04973248974259,0.783921404024825,"strictly_positive",28.7575,TRUE,NA,"Rdatasets public catalog: psych bfi - 25 Personality items representing 5 factors ; doc=https://vincentarelbundock.github.io/Rdatasets/doc/psych/bfi.html V5 secondary within-dataset depth probe; not independent N.","TAX-Q1R019","original_regime",12,0.2,20,"clustered_upper",300,300,"0.2|20|clustered_upper","endogenous",3,800,500,"winsorized_0.1",7.03729270138889,10.8988043055556,NA,800,60,60,258,2542,"V5_audit_ready",TRUE,"Pre-registered empirical profile gate: bounded/proportion by hint/domain; zero-inflated/count by hint/domain; normal_like when abs(skew)<=0.50 and excess_kurtosis<=1.00; heavy_tail_symmetric when abs(skew)<=1.00 and excess_kurtosis>3.00; lognormal_like when skew>1.00 with positive support; weibull_like when skew>0.50 with positive support; otherwise empirical_unknown.","profile_preregistered",TRUE,"paired bootstrap aligned to the same reported gain statistic",TRUE,"Benjamini-Hochberg FDR is computed at dataset level on external_dataset_level_decisions.csv for primary eligible in-regime rows only. Primary alpha=0.05; secondary sensitivity alpha=0.1.","01_results_basic contains compact final results; 02_reports contains generated report files; 03_audit_ready contains full provenance, decisions, oracle audit, and split CSVs; 98_discarded_nonfinal is reserved for obsolete or nonfinal byproducts; 99_recovery_logs contains downloads, checkpoints, temporary recovery outputs, and logs.",0.005,10,TRUE,TRUE
"RD_psych_bfi_auto__depth_bootstrap_full","RD_psych_bfi_auto","rdatasets_psych","https://vincentarelbundock.github.io/Rdatasets/csv/psych/bfi.csv","2026-06-16 15:52:34 -0400",NA,NA,"inline_depth_probe","__auto_numeric__","raw","auto_numeric_column; rdatasets_rows=2800; rdatasets_n_numeric=28; depth_probe=bootstrap_full","empirical_public",2800,1.04973248974259,0.783921404024825,"strictly_positive",28.7575,TRUE,NA,"Rdatasets public catalog: psych bfi - 25 Personality items representing 5 factors ; doc=https://vincentarelbundock.github.io/Rdatasets/doc/psych/bfi.html V5 secondary within-dataset depth probe; not independent N.","TAX-Q1R019","original_regime",24,0.2,20,"clustered_upper",500,500,"0.2|20|clustered_upper","endogenous",3,800,500,"winsorized_0.1",6.97097085,10.0944284722222,NA,800,100,100,258,2542,"V5_audit_ready",TRUE,"Pre-registered empirical profile gate: bounded/proportion by hint/domain; zero-inflated/count by hint/domain; normal_like when abs(skew)<=0.50 and excess_kurtosis<=1.00; heavy_tail_symmetric when abs(skew)<=1.00 and excess_kurtosis>3.00; lognormal_like when skew>1.00 with positive support; weibull_like when skew>0.50 with positive support; otherwise empirical_unknown.","profile_preregistered",TRUE,"paired bootstrap aligned to the same reported gain statistic",TRUE,"Benjamini-Hochberg FDR is computed at dataset level on external_dataset_level_decisions.csv for primary eligible in-regime rows only. Primary alpha=0.05; secondary sensitivity alpha=0.1.","01_results_basic contains compact final results; 02_reports contains generated report files; 03_audit_ready contains full provenance, decisions, oracle audit, and split CSVs; 98_discarded_nonfinal is reserved for obsolete or nonfinal byproducts; 99_recovery_logs contains downloads, checkpoints, temporary recovery outputs, and logs.",0.005,10,TRUE,TRUE
"RD_psych_bfi_auto__depth_bootstrap_full","RD_psych_bfi_auto","rdatasets_psych","https://vincentarelbundock.github.io/Rdatasets/csv/psych/bfi.csv","2026-06-16 15:52:34 -0400",NA,NA,"inline_depth_probe","__auto_numeric__","raw","auto_numeric_column; rdatasets_rows=2800; rdatasets_n_numeric=28; depth_probe=bootstrap_full","empirical_public",2800,1.04973248974259,0.783921404024825,"strictly_positive",28.7575,TRUE,NA,"Rdatasets public catalog: psych bfi - 25 Personality items representing 5 factors ; doc=https://vincentarelbundock.github.io/Rdatasets/doc/psych/bfi.html V5 secondary within-dataset depth probe; not independent N.","TAX-Q1R019","original_regime",36,0.2,20,"clustered_upper",1000,1000,"0.2|20|clustered_upper","endogenous",3,800,500,"winsorized_0.1",6.95101690694444,8.66978785,NA,800,200,200,258,2542,"V5_audit_ready",TRUE,"Pre-registered empirical profile gate: bounded/proportion by hint/domain; zero-inflated/count by hint/domain; normal_like when abs(skew)<=0.50 and excess_kurtosis<=1.00; heavy_tail_symmetric when abs(skew)<=1.00 and excess_kurtosis>3.00; lognormal_like when skew>1.00 with positive support; weibull_like when skew>0.50 with positive support; otherwise empirical_unknown.","profile_preregistered",TRUE,"paired bootstrap aligned to the same reported gain statistic",TRUE,"Benjamini-Hochberg FDR is computed at dataset level on external_dataset_level_decisions.csv for primary eligible in-regime rows only. Primary alpha=0.05; secondary sensitivity alpha=0.1.","01_results_basic contains compact final results; 02_reports contains generated report files; 03_audit_ready contains full provenance, decisions, oracle audit, and split CSVs; 98_discarded_nonfinal is reserved for obsolete or nonfinal byproducts; 99_recovery_logs contains downloads, checkpoints, temporary recovery outputs, and logs.",0.005,10,TRUE,TRUE
"RD_psych_bfi_auto__depth_bootstrap_full","RD_psych_bfi_auto","rdatasets_psych","https://vincentarelbundock.github.io/Rdatasets/csv/psych/bfi.csv","2026-06-16 15:52:34 -0400",NA,NA,"inline_depth_probe","__auto_numeric__","raw","auto_numeric_column; rdatasets_rows=2800; rdatasets_n_numeric=28; depth_probe=bootstrap_full","empirical_public",2800,1.04973248974259,0.783921404024825,"strictly_positive",28.7575,TRUE,NA,"Rdatasets public catalog: psych bfi - 25 Personality items representing 5 factors ; doc=https://vincentarelbundock.github.io/Rdatasets/doc/psych/bfi.html V5 secondary within-dataset depth probe; not independent N.","TAX-Q1R019","original_regime",2,0.2,4.5,"clustered_upper",300,300,"0.2|4.5|clustered_upper","endogenous",3,800,500,"winsorized_0.1",7.07375609722223,10.8977418055555,NA,800,60,60,258,2542,"V5_audit_ready",TRUE,"Pre-registered empirical profile gate: bounded/proportion by hint/domain; zero-inflated/count by hint/domain; normal_like when abs(skew)<=0.50 and excess_kurtosis<=1.00; heavy_tail_symmetric when abs(skew)<=1.00 and excess_kurtosis>3.00; lognormal_like when skew>1.00 with positive support; weibull_like when skew>0.50 with positive support; otherwise empirical_unknown.","profile_preregistered",TRUE,"paired bootstrap aligned to the same reported gain statistic",TRUE,"Benjamini-Hochberg FDR is computed at dataset level on external_dataset_level_decisions.csv for primary eligible in-regime rows only. Primary alpha=0.05; secondary sensitivity alpha=0.1.","01_results_basic contains compact final results; 02_reports contains generated report files; 03_audit_ready contains full provenance, decisions, oracle audit, and split CSVs; 98_discarded_nonfinal is reserved for obsolete or nonfinal byproducts; 99_recovery_logs contains downloads, checkpoints, temporary recovery outputs, and logs.",0.005,10,TRUE,TRUE
"RD_psych_bfi_auto__depth_bootstrap_full","RD_psych_bfi_auto","rdatasets_psych","https://vincentarelbundock.github.io/Rdatasets/csv/psych/bfi.csv","2026-06-16 15:52:34 -0400",NA,NA,"inline_depth_probe","__auto_numeric__","raw","auto_numeric_column; rdatasets_rows=2800; rdatasets_n_numeric=28; depth_probe=bootstrap_full","empirical_public",2800,1.04973248974259,0.783921404024825,"strictly_positive",28.7575,TRUE,NA,"Rdatasets public catalog: psych bfi - 25 Personality items representing 5 factors ; doc=https://vincentarelbundock.github.io/Rdatasets/doc/psych/bfi.html V5 secondary within-dataset depth probe; not independent N.","TAX-Q1R019","original_regime",14,0.2,4.5,"clustered_upper",500,500,"0.2|4.5|clustered_upper","endogenous",3,800,500,"winsorized_0.1",7.06470585277778,10.08570655,NA,800,100,100,258,2542,"V5_audit_ready",TRUE,"Pre-registered empirical profile gate: bounded/proportion by hint/domain; zero-inflated/count by hint/domain; normal_like when abs(skew)<=0.50 and excess_kurtosis<=1.00; heavy_tail_symmetric when abs(skew)<=1.00 and excess_kurtosis>3.00; lognormal_like when skew>1.00 with positive support; weibull_like when skew>0.50 with positive support; otherwise empirical_unknown.","profile_preregistered",TRUE,"paired bootstrap aligned to the same reported gain statistic",TRUE,"Benjamini-Hochberg FDR is computed at dataset level on external_dataset_level_decisions.csv for primary eligible in-regime rows only. Primary alpha=0.05; secondary sensitivity alpha=0.1.","01_results_basic contains compact final results; 02_reports contains generated report files; 03_audit_ready contains full provenance, decisions, oracle audit, and split CSVs; 98_discarded_nonfinal is reserved for obsolete or nonfinal byproducts; 99_recovery_logs contains downloads, checkpoints, temporary recovery outputs, and logs.",0.005,10,TRUE,TRUE
"RD_psych_bfi_auto__depth_bootstrap_full","RD_psych_bfi_auto","rdatasets_psych","https://vincentarelbundock.github.io/Rdatasets/csv/psych/bfi.csv","2026-06-16 15:52:34 -0400",NA,NA,"inline_depth_probe","__auto_numeric__","raw","auto_numeric_column; rdatasets_rows=2800; rdatasets_n_numeric=28; depth_probe=bootstrap_full","empirical_public",2800,1.04973248974259,0.783921404024825,"strictly_positive",28.7575,TRUE,NA,"Rdatasets public catalog: psych bfi - 25 Personality items representing 5 factors ; doc=https://vincentarelbundock.github.io/Rdatasets/doc/psych/bfi.html V5 secondary within-dataset depth probe; not independent N.","TAX-Q1R019","original_regime",26,0.2,4.5,"clustered_upper",1000,1000,"0.2|4.5|clustered_upper","endogenous",3,800,500,"winsorized_0.1",6.93614020277778,8.45152135,NA,800,200,200,258,2542,"V5_audit_ready",TRUE,"Pre-registered empirical profile gate: bounded/proportion by hint/domain; zero-inflated/count by hint/domain; normal_like when abs(skew)<=0.50 and excess_kurtosis<=1.00; heavy_tail_symmetric when abs(skew)<=1.00 and excess_kurtosis>3.00; lognormal_like when skew>1.00 with positive support; weibull_like when skew>0.50 with positive support; otherwise empirical_unknown.","profile_preregistered",TRUE,"paired bootstrap aligned to the same reported gain statistic",TRUE,"Benjamini-Hochberg FDR is computed at dataset level on external_dataset_level_decisions.csv for primary eligible in-regime rows only. Primary alpha=0.05; secondary sensitivity alpha=0.1.","01_results_basic contains compact final results; 02_reports contains generated report files; 03_audit_ready contains full provenance, decisions, oracle audit, and split CSVs; 98_discarded_nonfinal is reserved for obsolete or nonfinal byproducts; 99_recovery_logs contains downloads, checkpoints, temporary recovery outputs, and logs.",0.005,10,TRUE,TRUE
"RD_psych_bfi_auto__depth_bootstrap_full","RD_psych_bfi_auto","rdatasets_psych","https://vincentarelbundock.github.io/Rdatasets/csv/psych/bfi.csv","2026-06-16 15:52:34 -0400",NA,NA,"inline_depth_probe","__auto_numeric__","raw","auto_numeric_column; rdatasets_rows=2800; rdatasets_n_numeric=28; depth_probe=bootstrap_full","empirical_public",2800,1.04973248974259,0.783921404024825,"strictly_positive",28.7575,TRUE,NA,"Rdatasets public catalog: psych bfi - 25 Personality items representing 5 factors ; doc=https://vincentarelbundock.github.io/Rdatasets/doc/psych/bfi.html V5 secondary within-dataset depth probe; not independent N.","TAX-Q1R019","original_regime",4,0.2,6,"clustered_upper",300,300,"0.2|6|clustered_upper","endogenous",3,800,500,"winsorized_0.1",7.09405647222223,10.9870176388889,NA,800,60,60,258,2542,"V5_audit_ready",TRUE,"Pre-registered empirical profile gate: bounded/proportion by hint/domain; zero-inflated/count by hint/domain; normal_like when abs(skew)<=0.50 and excess_kurtosis<=1.00; heavy_tail_symmetric when abs(skew)<=1.00 and excess_kurtosis>3.00; lognormal_like when skew>1.00 with positive support; weibull_like when skew>0.50 with positive support; otherwise empirical_unknown.","profile_preregistered",TRUE,"paired bootstrap aligned to the same reported gain statistic",TRUE,"Benjamini-Hochberg FDR is computed at dataset level on external_dataset_level_decisions.csv for primary eligible in-regime rows only. Primary alpha=0.05; secondary sensitivity alpha=0.1.","01_results_basic contains compact final results; 02_reports contains generated report files; 03_audit_ready contains full provenance, decisions, oracle audit, and split CSVs; 98_discarded_nonfinal is reserved for obsolete or nonfinal byproducts; 99_recovery_logs contains downloads, checkpoints, temporary recovery outputs, and logs.",0.005,10,TRUE,TRUE
"RD_psych_bfi_auto__depth_bootstrap_full","RD_psych_bfi_auto","rdatasets_psych","https://vincentarelbundock.github.io/Rdatasets/csv/psych/bfi.csv","2026-06-16 15:52:34 -0400",NA,NA,"inline_depth_probe","__auto_numeric__","raw","auto_numeric_column; rdatasets_rows=2800; rdatasets_n_numeric=28; depth_probe=bootstrap_full","empirical_public",2800,1.04973248974259,0.783921404024825,"strictly_positive",28.7575,TRUE,NA,"Rdatasets public catalog: psych bfi - 25 Personality items representing 5 factors ; doc=https://vincentarelbundock.github.io/Rdatasets/doc/psych/bfi.html V5 secondary within-dataset depth probe; not independent N.","TAX-Q1R019","original_regime",16,0.2,6,"clustered_upper",500,500,"0.2|6|clustered_upper","endogenous",3,800,500,"winsorized_0.1",7.02352095138889,9.83324254999999,NA,800,100,100,258,2542,"V5_audit_ready",TRUE,"Pre-registered empirical profile gate: bounded/proportion by hint/domain; zero-inflated/count by hint/domain; normal_like when abs(skew)<=0.50 and excess_kurtosis<=1.00; heavy_tail_symmetric when abs(skew)<=1.00 and excess_kurtosis>3.00; lognormal_like when skew>1.00 with positive support; weibull_like when skew>0.50 with positive support; otherwise empirical_unknown.","profile_preregistered",TRUE,"paired bootstrap aligned to the same reported gain statistic",TRUE,"Benjamini-Hochberg FDR is computed at dataset level on external_dataset_level_decisions.csv for primary eligible in-regime rows only. Primary alpha=0.05; secondary sensitivity alpha=0.1.","01_results_basic contains compact final results; 02_reports contains generated report files; 03_audit_ready contains full provenance, decisions, oracle audit, and split CSVs; 98_discarded_nonfinal is reserved for obsolete or nonfinal byproducts; 99_recovery_logs contains downloads, checkpoints, temporary recovery outputs, and logs.",0.005,10,TRUE,TRUE
"RD_psych_bfi_auto__depth_bootstrap_full","RD_psych_bfi_auto","rdatasets_psych","https://vincentarelbundock.github.io/Rdatasets/csv/psych/bfi.csv","2026-06-16 15:52:34 -0400",NA,NA,"inline_depth_probe","__auto_numeric__","raw","auto_numeric_column; rdatasets_rows=2800; rdatasets_n_numeric=28; depth_probe=bootstrap_full","empirical_public",2800,1.04973248974259,0.783921404024825,"strictly_positive",28.7575,TRUE,NA,"Rdatasets public catalog: psych bfi - 25 Personality items representing 5 factors ; doc=https://vincentarelbundock.github.io/Rdatasets/doc/psych/bfi.html V5 secondary within-dataset depth probe; not independent N.","TAX-Q1R019","original_regime",28,0.2,6,"clustered_upper",1000,1000,"0.2|6|clustered_upper","endogenous",3,800,500,"winsorized_0.1",6.91706359555555,8.49149437222223,NA,800,200,200,258,2542,"V5_audit_ready",TRUE,"Pre-registered empirical profile gate: bounded/proportion by hint/domain; zero-inflated/count by hint/domain; normal_like when abs(skew)<=0.50 and excess_kurtosis<=1.00; heavy_tail_symmetric when abs(skew)<=1.00 and excess_kurtosis>3.00; lognormal_like when skew>1.00 with positive support; weibull_like when skew>0.50 with positive support; otherwise empirical_unknown.","profile_preregistered",TRUE,"paired bootstrap aligned to the same reported gain statistic",TRUE,"Benjamini-Hochberg FDR is computed at dataset level on external_dataset_level_decisions.csv for primary eligible in-regime rows only. Primary alpha=0.05; secondary sensitivity alpha=0.1.","01_results_basic contains compact final results; 02_reports contains generated report files; 03_audit_ready contains full provenance, decisions, oracle audit, and split CSVs; 98_discarded_nonfinal is reserved for obsolete or nonfinal byproducts; 99_recovery_logs contains downloads, checkpoints, temporary recovery outputs, and logs.",0.005,10,TRUE,TRUE
"RD_psych_bfi_auto__depth_bootstrap_full","RD_psych_bfi_auto","rdatasets_psych","https://vincentarelbundock.github.io/Rdatasets/csv/psych/bfi.csv","2026-06-16 15:52:34 -0400",NA,NA,"inline_depth_probe","__auto_numeric__","raw","auto_numeric_column; rdatasets_rows=2800; rdatasets_n_numeric=28; depth_probe=bootstrap_full","empirical_public",2800,1.04973248974259,0.783921404024825,"strictly_positive",28.7575,TRUE,NA,"Rdatasets public catalog: psych bfi - 25 Personality items representing 5 factors ; doc=https://vincentarelbundock.github.io/Rdatasets/doc/psych/bfi.html V5 secondary within-dataset depth probe; not independent N.","TAX-Q1R019","original_regime",6,0.2,9,"clustered_upper",300,300,"0.2|9|clustered_upper","endogenous",3,800,500,"winsorized_0.1",7.31025694444445,11.5838223611111,NA,800,60,60,258,2542,"V5_audit_ready",TRUE,"Pre-registered empirical profile gate: bounded/proportion by hint/domain; zero-inflated/count by hint/domain; normal_like when abs(skew)<=0.50 and excess_kurtosis<=1.00; heavy_tail_symmetric when abs(skew)<=1.00 and excess_kurtosis>3.00; lognormal_like when skew>1.00 with positive support; weibull_like when skew>0.50 with positive support; otherwise empirical_unknown.","profile_preregistered",TRUE,"paired bootstrap aligned to the same reported gain statistic",TRUE,"Benjamini-Hochberg FDR is computed at dataset level on external_dataset_level_decisions.csv for primary eligible in-regime rows only. Primary alpha=0.05; secondary sensitivity alpha=0.1.","01_results_basic contains compact final results; 02_reports contains generated report files; 03_audit_ready contains full provenance, decisions, oracle audit, and split CSVs; 98_discarded_nonfinal is reserved for obsolete or nonfinal byproducts; 99_recovery_logs contains downloads, checkpoints, temporary recovery outputs, and logs.",0.005,10,TRUE,TRUE
"RD_psych_bfi_auto__depth_bootstrap_full","RD_psych_bfi_auto","rdatasets_psych","https://vincentarelbundock.github.io/Rdatasets/csv/psych/bfi.csv","2026-06-16 15:52:34 -0400",NA,NA,"inline_depth_probe","__auto_numeric__","raw","auto_numeric_column; rdatasets_rows=2800; rdatasets_n_numeric=28; depth_probe=bootstrap_full","empirical_public",2800,1.04973248974259,0.783921404024825,"strictly_positive",28.7575,TRUE,NA,"Rdatasets public catalog: psych bfi - 25 Personality items representing 5 factors ; doc=https://vincentarelbundock.github.io/Rdatasets/doc/psych/bfi.html V5 secondary within-dataset depth probe; not independent N.","TAX-Q1R019","original_regime",18,0.2,9,"clustered_upper",500,500,"0.2|9|clustered_upper","endogenous",3,800,500,"winsorized_0.1",7.07385632888889,10.02672225,NA,800,100,100,258,2542,"V5_audit_ready",TRUE,"Pre-registered empirical profile gate: bounded/proportion by hint/domain; zero-inflated/count by hint/domain; normal_like when abs(skew)<=0.50 and excess_kurtosis<=1.00; heavy_tail_symmetric when abs(skew)<=1.00 and excess_kurtosis>3.00; lognormal_like when skew>1.00 with positive support; weibull_like when skew>0.50 with positive support; otherwise empirical_unknown.","profile_preregistered",TRUE,"paired bootstrap aligned to the same reported gain statistic",TRUE,"Benjamini-Hochberg FDR is computed at dataset level on external_dataset_level_decisions.csv for primary eligible in-regime rows only. Primary alpha=0.05; secondary sensitivity alpha=0.1.","01_results_basic contains compact final results; 02_reports contains generated report files; 03_audit_ready contains full provenance, decisions, oracle audit, and split CSVs; 98_discarded_nonfinal is reserved for obsolete or nonfinal byproducts; 99_recovery_logs contains downloads, checkpoints, temporary recovery outputs, and logs.",0.005,10,TRUE,TRUE
"RD_psych_bfi_auto__depth_bootstrap_full","RD_psych_bfi_auto","rdatasets_psych","https://vincentarelbundock.github.io/Rdatasets/csv/psych/bfi.csv","2026-06-16 15:52:34 -0400",NA,NA,"inline_depth_probe","__auto_numeric__","raw","auto_numeric_column; rdatasets_rows=2800; rdatasets_n_numeric=28; depth_probe=bootstrap_full","empirical_public",2800,1.04973248974259,0.783921404024825,"strictly_positive",28.7575,TRUE,NA,"Rdatasets public catalog: psych bfi - 25 Personality items representing 5 factors ; doc=https://vincentarelbundock.github.io/Rdatasets/doc/psych/bfi.html V5 secondary within-dataset depth probe; not independent N.","TAX-Q1R019","original_regime",30,0.2,9,"clustered_upper",1000,1000,"0.2|9|clustered_upper","endogenous",3,800,500,"winsorized_0.1",6.88698393444444,8.52727625,NA,800,200,200,258,2542,"V5_audit_ready",TRUE,"Pre-registered empirical profile gate: bounded/proportion by hint/domain; zero-inflated/count by hint/domain; normal_like when abs(skew)<=0.50 and excess_kurtosis<=1.00; heavy_tail_symmetric when abs(skew)<=1.00 and excess_kurtosis>3.00; lognormal_like when skew>1.00 with positive support; weibull_like when skew>0.50 with positive support; otherwise empirical_unknown.","profile_preregistered",TRUE,"paired bootstrap aligned to the same reported gain statistic",TRUE,"Benjamini-Hochberg FDR is computed at dataset level on external_dataset_level_decisions.csv for primary eligible in-regime rows only. Primary alpha=0.05; secondary sensitivity alpha=0.1.","01_results_basic contains compact final results; 02_reports contains generated report files; 03_audit_ready contains full provenance, decisions, oracle audit, and split CSVs; 98_discarded_nonfinal is reserved for obsolete or nonfinal byproducts; 99_recovery_logs contains downloads, checkpoints, temporary recovery outputs, and logs.",0.005,10,TRUE,TRUE
"RD_psych_bfi_auto__depth_bootstrap_full","RD_psych_bfi_auto","rdatasets_psych","https://vincentarelbundock.github.io/Rdatasets/csv/psych/bfi.csv","2026-06-16 15:52:34 -0400",NA,NA,"inline_depth_probe","__auto_numeric__","raw","auto_numeric_column; rdatasets_rows=2800; rdatasets_n_numeric=28; depth_probe=bootstrap_full","empirical_public",2800,1.04973248974259,0.783921404024825,"strictly_positive",28.7575,TRUE,NA,"Rdatasets public catalog: psych bfi - 25 Personality items representing 5 factors ; doc=https://vincentarelbundock.github.io/Rdatasets/doc/psych/bfi.html V5 secondary within-dataset depth probe; not independent N.","TAX-Q1R019","original_regime",19,0.15,12,"clustered_upper",500,500,"0.15|12|clustered_upper","endogenous",3,500,500,"winsorized_0.2",0.19125655,0.735821749999999,NA,500,75,75,258,2542,"V5_audit_ready",TRUE,"Pre-registered empirical profile gate: bounded/proportion by hint/domain; zero-inflated/count by hint/domain; normal_like when abs(skew)<=0.50 and excess_kurtosis<=1.00; heavy_tail_symmetric when abs(skew)<=1.00 and excess_kurtosis>3.00; lognormal_like when skew>1.00 with positive support; weibull_like when skew>0.50 with positive support; otherwise empirical_unknown.","profile_preregistered",TRUE,"paired bootstrap aligned to the same reported gain statistic",TRUE,"Benjamini-Hochberg FDR is computed at dataset level on external_dataset_level_decisions.csv for primary eligible in-regime rows only. Primary alpha=0.05; secondary sensitivity alpha=0.1.","01_results_basic contains compact final results; 02_reports contains generated report files; 03_audit_ready contains full provenance, decisions, oracle audit, and split CSVs; 98_discarded_nonfinal is reserved for obsolete or nonfinal byproducts; 99_recovery_logs contains downloads, checkpoints, temporary recovery outputs, and logs.",0.005,10,TRUE,TRUE
"RD_psych_bfi_auto__depth_bootstrap_full","RD_psych_bfi_auto","rdatasets_psych","https://vincentarelbundock.github.io/Rdatasets/csv/psych/bfi.csv","2026-06-16 15:52:34 -0400",NA,NA,"inline_depth_probe","__auto_numeric__","raw","auto_numeric_column; rdatasets_rows=2800; rdatasets_n_numeric=28; depth_probe=bootstrap_full","empirical_public",2800,1.04973248974259,0.783921404024825,"strictly_positive",28.7575,TRUE,NA,"Rdatasets public catalog: psych bfi - 25 Personality items representing 5 factors ; doc=https://vincentarelbundock.github.io/Rdatasets/doc/psych/bfi.html V5 secondary within-dataset depth probe; not independent N.","TAX-Q1R019","original_regime",31,0.15,12,"clustered_upper",1000,1000,"0.15|12|clustered_upper","endogenous",3,500,500,"winsorized_0.2",0.092655482,0.31522815,NA,500,150,150,258,2542,"V5_audit_ready",TRUE,"Pre-registered empirical profile gate: bounded/proportion by hint/domain; zero-inflated/count by hint/domain; normal_like when abs(skew)<=0.50 and excess_kurtosis<=1.00; heavy_tail_symmetric when abs(skew)<=1.00 and excess_kurtosis>3.00; lognormal_like when skew>1.00 with positive support; weibull_like when skew>0.50 with positive support; otherwise empirical_unknown.","profile_preregistered",TRUE,"paired bootstrap aligned to the same reported gain statistic",TRUE,"Benjamini-Hochberg FDR is computed at dataset level on external_dataset_level_decisions.csv for primary eligible in-regime rows only. Primary alpha=0.05; secondary sensitivity alpha=0.1.","01_results_basic contains compact final results; 02_reports contains generated report files; 03_audit_ready contains full provenance, decisions, oracle audit, and split CSVs; 98_discarded_nonfinal is reserved for obsolete or nonfinal byproducts; 99_recovery_logs contains downloads, checkpoints, temporary recovery outputs, and logs.",0.005,10,TRUE,TRUE
"RD_psych_bfi_auto__depth_bootstrap_full","RD_psych_bfi_auto","rdatasets_psych","https://vincentarelbundock.github.io/Rdatasets/csv/psych/bfi.csv","2026-06-16 15:52:34 -0400",NA,NA,"inline_depth_probe","__auto_numeric__","raw","auto_numeric_column; rdatasets_rows=2800; rdatasets_n_numeric=28; depth_probe=bootstrap_full","empirical_public",2800,1.04973248974259,0.783921404024825,"strictly_positive",28.7575,TRUE,NA,"Rdatasets public catalog: psych bfi - 25 Personality items representing 5 factors ; doc=https://vincentarelbundock.github.io/Rdatasets/doc/psych/bfi.html V5 secondary within-dataset depth probe; not independent N.","TAX-Q1R019","original_regime",21,0.15,15,"clustered_upper",500,500,"0.15|15|clustered_upper","endogenous",3,500,500,"winsorized_0.2",0.185459226,0.729861249999998,NA,500,75,75,258,2542,"V5_audit_ready",TRUE,"Pre-registered empirical profile gate: bounded/proportion by hint/domain; zero-inflated/count by hint/domain; normal_like when abs(skew)<=0.50 and excess_kurtosis<=1.00; heavy_tail_symmetric when abs(skew)<=1.00 and excess_kurtosis>3.00; lognormal_like when skew>1.00 with positive support; weibull_like when skew>0.50 with positive support; otherwise empirical_unknown.","profile_preregistered",TRUE,"paired bootstrap aligned to the same reported gain statistic",TRUE,"Benjamini-Hochberg FDR is computed at dataset level on external_dataset_level_decisions.csv for primary eligible in-regime rows only. Primary alpha=0.05; secondary sensitivity alpha=0.1.","01_results_basic contains compact final results; 02_reports contains generated report files; 03_audit_ready contains full provenance, decisions, oracle audit, and split CSVs; 98_discarded_nonfinal is reserved for obsolete or nonfinal byproducts; 99_recovery_logs contains downloads, checkpoints, temporary recovery outputs, and logs.",0.005,10,TRUE,TRUE
"RD_psych_bfi_auto__depth_bootstrap_full","RD_psych_bfi_auto","rdatasets_psych","https://vincentarelbundock.github.io/Rdatasets/csv/psych/bfi.csv","2026-06-16 15:52:34 -0400",NA,NA,"inline_depth_probe","__auto_numeric__","raw","auto_numeric_column; rdatasets_rows=2800; rdatasets_n_numeric=28; depth_probe=bootstrap_full","empirical_public",2800,1.04973248974259,0.783921404024825,"strictly_positive",28.7575,TRUE,NA,"Rdatasets public catalog: psych bfi - 25 Personality items representing 5 factors ; doc=https://vincentarelbundock.github.io/Rdatasets/doc/psych/bfi.html V5 secondary within-dataset depth probe; not independent N.","TAX-Q1R019","original_regime",33,0.15,15,"clustered_upper",1000,1000,"0.15|15|clustered_upper","endogenous",3,500,500,"winsorized_0.2",0.0880231660000001,0.31826545,NA,500,150,150,258,2542,"V5_audit_ready",TRUE,"Pre-registered empirical profile gate: bounded/proportion by hint/domain; zero-inflated/count by hint/domain; normal_like when abs(skew)<=0.50 and excess_kurtosis<=1.00; heavy_tail_symmetric when abs(skew)<=1.00 and excess_kurtosis>3.00; lognormal_like when skew>1.00 with positive support; weibull_like when skew>0.50 with positive support; otherwise empirical_unknown.","profile_preregistered",TRUE,"paired bootstrap aligned to the same reported gain statistic",TRUE,"Benjamini-Hochberg FDR is computed at dataset level on external_dataset_level_decisions.csv for primary eligible in-regime rows only. Primary alpha=0.05; secondary sensitivity alpha=0.1.","01_results_basic contains compact final results; 02_reports contains generated report files; 03_audit_ready contains full provenance, decisions, oracle audit, and split CSVs; 98_discarded_nonfinal is reserved for obsolete or nonfinal byproducts; 99_recovery_logs contains downloads, checkpoints, temporary recovery outputs, and logs.",0.005,10,TRUE,TRUE
"RD_psych_bfi_auto__depth_bootstrap_full","RD_psych_bfi_auto","rdatasets_psych","https://vincentarelbundock.github.io/Rdatasets/csv/psych/bfi.csv","2026-06-16 15:52:34 -0400",NA,NA,"inline_depth_probe","__auto_numeric__","raw","auto_numeric_column; rdatasets_rows=2800; rdatasets_n_numeric=28; depth_probe=bootstrap_full","empirical_public",2800,1.04973248974259,0.783921404024825,"strictly_positive",28.7575,TRUE,NA,"Rdatasets public catalog: psych bfi - 25 Personality items representing 5 factors ; doc=https://vincentarelbundock.github.io/Rdatasets/doc/psych/bfi.html V5 secondary within-dataset depth probe; not independent N.","TAX-Q1R019","original_regime",11,0.15,20,"clustered_upper",300,300,"0.15|20|clustered_upper","endogenous",3,500,500,"winsorized_0.2",0.328888127777778,1.29734375000001,NA,500,45,45,258,2542,"V5_audit_ready",TRUE,"Pre-registered empirical profile gate: bounded/proportion by hint/domain; zero-inflated/count by hint/domain; normal_like when abs(skew)<=0.50 and excess_kurtosis<=1.00; heavy_tail_symmetric when abs(skew)<=1.00 and excess_kurtosis>3.00; lognormal_like when skew>1.00 with positive support; weibull_like when skew>0.50 with positive support; otherwise empirical_unknown.","profile_preregistered",TRUE,"paired bootstrap aligned to the same reported gain statistic",TRUE,"Benjamini-Hochberg FDR is computed at dataset level on external_dataset_level_decisions.csv for primary eligible in-regime rows only. Primary alpha=0.05; secondary sensitivity alpha=0.1.","01_results_basic contains compact final results; 02_reports contains generated report files; 03_audit_ready contains full provenance, decisions, oracle audit, and split CSVs; 98_discarded_nonfinal is reserved for obsolete or nonfinal byproducts; 99_recovery_logs contains downloads, checkpoints, temporary recovery outputs, and logs.",0.005,10,TRUE,TRUE
"RD_psych_bfi_auto__depth_bootstrap_full","RD_psych_bfi_auto","rdatasets_psych","https://vincentarelbundock.github.io/Rdatasets/csv/psych/bfi.csv","2026-06-16 15:52:34 -0400",NA,NA,"inline_depth_probe","__auto_numeric__","raw","auto_numeric_column; rdatasets_rows=2800; rdatasets_n_numeric=28; depth_probe=bootstrap_full","empirical_public",2800,1.04973248974259,0.783921404024825,"strictly_positive",28.7575,TRUE,NA,"Rdatasets public catalog: psych bfi - 25 Personality items representing 5 factors ; doc=https://vincentarelbundock.github.io/Rdatasets/doc/psych/bfi.html V5 secondary within-dataset depth probe; not independent N.","TAX-Q1R019","original_regime",23,0.15,20,"clustered_upper",500,500,"0.15|20|clustered_upper","endogenous",3,500,500,"winsorized_0.2",0.18502273,0.720462349999999,NA,500,75,75,258,2542,"V5_audit_ready",TRUE,"Pre-registered empirical profile gate: bounded/proportion by hint/domain; zero-inflated/count by hint/domain; normal_like when abs(skew)<=0.50 and excess_kurtosis<=1.00; heavy_tail_symmetric when abs(skew)<=1.00 and excess_kurtosis>3.00; lognormal_like when skew>1.00 with positive support; weibull_like when skew>0.50 with positive support; otherwise empirical_unknown.","profile_preregistered",TRUE,"paired bootstrap aligned to the same reported gain statistic",TRUE,"Benjamini-Hochberg FDR is computed at dataset level on external_dataset_level_decisions.csv for primary eligible in-regime rows only. Primary alpha=0.05; secondary sensitivity alpha=0.1.","01_results_basic contains compact final results; 02_reports contains generated report files; 03_audit_ready contains full provenance, decisions, oracle audit, and split CSVs; 98_discarded_nonfinal is reserved for obsolete or nonfinal byproducts; 99_recovery_logs contains downloads, checkpoints, temporary recovery outputs, and logs.",0.005,10,TRUE,TRUE
"RD_psych_bfi_auto__depth_bootstrap_full","RD_psych_bfi_auto","rdatasets_psych","https://vincentarelbundock.github.io/Rdatasets/csv/psych/bfi.csv","2026-06-16 15:52:34 -0400",NA,NA,"inline_depth_probe","__auto_numeric__","raw","auto_numeric_column; rdatasets_rows=2800; rdatasets_n_numeric=28; depth_probe=bootstrap_full","empirical_public",2800,1.04973248974259,0.783921404024825,"strictly_positive",28.7575,TRUE,NA,"Rdatasets public catalog: psych bfi - 25 Personality items representing 5 factors ; doc=https://vincentarelbundock.github.io/Rdatasets/doc/psych/bfi.html V5 secondary within-dataset depth probe; not independent N.","TAX-Q1R019","original_regime",35,0.15,20,"clustered_upper",1000,1000,"0.15|20|clustered_upper","endogenous",3,500,500,"winsorized_0.2",0.0903621060000001,0.34804025,NA,500,150,150,258,2542,"V5_audit_ready",TRUE,"Pre-registered empirical profile gate: bounded/proportion by hint/domain; zero-inflated/count by hint/domain; normal_like when abs(skew)<=0.50 and excess_kurtosis<=1.00; heavy_tail_symmetric when abs(skew)<=1.00 and excess_kurtosis>3.00; lognormal_like when skew>1.00 with positive support; weibull_like when skew>0.50 with positive support; otherwise empirical_unknown.","profile_preregistered",TRUE,"paired bootstrap aligned to the same reported gain statistic",TRUE,"Benjamini-Hochberg FDR is computed at dataset level on external_dataset_level_decisions.csv for primary eligible in-regime rows only. Primary alpha=0.05; secondary sensitivity alpha=0.1.","01_results_basic contains compact final results; 02_reports contains generated report files; 03_audit_ready contains full provenance, decisions, oracle audit, and split CSVs; 98_discarded_nonfinal is reserved for obsolete or nonfinal byproducts; 99_recovery_logs contains downloads, checkpoints, temporary recovery outputs, and logs.",0.005,10,TRUE,TRUE
"RD_psych_bfi_auto__depth_bootstrap_full","RD_psych_bfi_auto","rdatasets_psych","https://vincentarelbundock.github.io/Rdatasets/csv/psych/bfi.csv","2026-06-16 15:52:34 -0400",NA,NA,"inline_depth_probe","__auto_numeric__","raw","auto_numeric_column; rdatasets_rows=2800; rdatasets_n_numeric=28; depth_probe=bootstrap_full","empirical_public",2800,1.04973248974259,0.783921404024825,"strictly_positive",28.7575,TRUE,NA,"Rdatasets public catalog: psych bfi - 25 Personality items representing 5 factors ; doc=https://vincentarelbundock.github.io/Rdatasets/doc/psych/bfi.html V5 secondary within-dataset depth probe; not independent N.","TAX-Q1R019","original_regime",1,0.15,4.5,"clustered_upper",300,300,"0.15|4.5|clustered_upper","endogenous",3,500,500,"winsorized_0.2",0.294980416666667,1.14867902777779,NA,500,45,45,258,2542,"V5_audit_ready",TRUE,"Pre-registered empirical profile gate: bounded/proportion by hint/domain; zero-inflated/count by hint/domain; normal_like when abs(skew)<=0.50 and excess_kurtosis<=1.00; heavy_tail_symmetric when abs(skew)<=1.00 and excess_kurtosis>3.00; lognormal_like when skew>1.00 with positive support; weibull_like when skew>0.50 with positive support; otherwise empirical_unknown.","profile_preregistered",TRUE,"paired bootstrap aligned to the same reported gain statistic",TRUE,"Benjamini-Hochberg FDR is computed at dataset level on external_dataset_level_decisions.csv for primary eligible in-regime rows only. Primary alpha=0.05; secondary sensitivity alpha=0.1.","01_results_basic contains compact final results; 02_reports contains generated report files; 03_audit_ready contains full provenance, decisions, oracle audit, and split CSVs; 98_discarded_nonfinal is reserved for obsolete or nonfinal byproducts; 99_recovery_logs contains downloads, checkpoints, temporary recovery outputs, and logs.",0.005,10,TRUE,TRUE
"RD_psych_bfi_auto__depth_bootstrap_full","RD_psych_bfi_auto","rdatasets_psych","https://vincentarelbundock.github.io/Rdatasets/csv/psych/bfi.csv","2026-06-16 15:52:34 -0400",NA,NA,"inline_depth_probe","__auto_numeric__","raw","auto_numeric_column; rdatasets_rows=2800; rdatasets_n_numeric=28; depth_probe=bootstrap_full","empirical_public",2800,1.04973248974259,0.783921404024825,"strictly_positive",28.7575,TRUE,NA,"Rdatasets public catalog: psych bfi - 25 Personality items representing 5 factors ; doc=https://vincentarelbundock.github.io/Rdatasets/doc/psych/bfi.html V5 secondary within-dataset depth probe; not independent N.","TAX-Q1R019","original_regime",13,0.15,4.5,"clustered_upper",500,500,"0.15|4.5|clustered_upper","endogenous",3,500,500,"winsorized_0.2",0.191905186,0.730170249999997,NA,500,75,75,258,2542,"V5_audit_ready",TRUE,"Pre-registered empirical profile gate: bounded/proportion by hint/domain; zero-inflated/count by hint/domain; normal_like when abs(skew)<=0.50 and excess_kurtosis<=1.00; heavy_tail_symmetric when abs(skew)<=1.00 and excess_kurtosis>3.00; lognormal_like when skew>1.00 with positive support; weibull_like when skew>0.50 with positive support; otherwise empirical_unknown.","profile_preregistered",TRUE,"paired bootstrap aligned to the same reported gain statistic",TRUE,"Benjamini-Hochberg FDR is computed at dataset level on external_dataset_level_decisions.csv for primary eligible in-regime rows only. Primary alpha=0.05; secondary sensitivity alpha=0.1.","01_results_basic contains compact final results; 02_reports contains generated report files; 03_audit_ready contains full provenance, decisions, oracle audit, and split CSVs; 98_discarded_nonfinal is reserved for obsolete or nonfinal byproducts; 99_recovery_logs contains downloads, checkpoints, temporary recovery outputs, and logs.",0.005,10,TRUE,TRUE
"RD_psych_bfi_auto__depth_bootstrap_full","RD_psych_bfi_auto","rdatasets_psych","https://vincentarelbundock.github.io/Rdatasets/csv/psych/bfi.csv","2026-06-16 15:52:34 -0400",NA,NA,"inline_depth_probe","__auto_numeric__","raw","auto_numeric_column; rdatasets_rows=2800; rdatasets_n_numeric=28; depth_probe=bootstrap_full","empirical_public",2800,1.04973248974259,0.783921404024825,"strictly_positive",28.7575,TRUE,NA,"Rdatasets public catalog: psych bfi - 25 Personality items representing 5 factors ; doc=https://vincentarelbundock.github.io/Rdatasets/doc/psych/bfi.html V5 secondary within-dataset depth probe; not independent N.","TAX-Q1R019","original_regime",25,0.15,4.5,"clustered_upper",1000,1000,"0.15|4.5|clustered_upper","endogenous",3,500,500,"winsorized_0.2",0.0857934940000001,0.32304015,NA,500,150,150,258,2542,"V5_audit_ready",TRUE,"Pre-registered empirical profile gate: bounded/proportion by hint/domain; zero-inflated/count by hint/domain; normal_like when abs(skew)<=0.50 and excess_kurtosis<=1.00; heavy_tail_symmetric when abs(skew)<=1.00 and excess_kurtosis>3.00; lognormal_like when skew>1.00 with positive support; weibull_like when skew>0.50 with positive support; otherwise empirical_unknown.","profile_preregistered",TRUE,"paired bootstrap aligned to the same reported gain statistic",TRUE,"Benjamini-Hochberg FDR is computed at dataset level on external_dataset_level_decisions.csv for primary eligible in-regime rows only. Primary alpha=0.05; secondary sensitivity alpha=0.1.","01_results_basic contains compact final results; 02_reports contains generated report files; 03_audit_ready contains full provenance, decisions, oracle audit, and split CSVs; 98_discarded_nonfinal is reserved for obsolete or nonfinal byproducts; 99_recovery_logs contains downloads, checkpoints, temporary recovery outputs, and logs.",0.005,10,TRUE,TRUE
"RD_psych_bfi_auto__depth_bootstrap_full","RD_psych_bfi_auto","rdatasets_psych","https://vincentarelbundock.github.io/Rdatasets/csv/psych/bfi.csv","2026-06-16 15:52:34 -0400",NA,NA,"inline_depth_probe","__auto_numeric__","raw","auto_numeric_column; rdatasets_rows=2800; rdatasets_n_numeric=28; depth_probe=bootstrap_full","empirical_public",2800,1.04973248974259,0.783921404024825,"strictly_positive",28.7575,TRUE,NA,"Rdatasets public catalog: psych bfi - 25 Personality items representing 5 factors ; doc=https://vincentarelbundock.github.io/Rdatasets/doc/psych/bfi.html V5 secondary within-dataset depth probe; not independent N.","TAX-Q1R019","original_regime",3,0.15,6,"clustered_upper",300,300,"0.15|6|clustered_upper","endogenous",3,500,500,"winsorized_0.2",0.330915950000001,1.20305347222222,NA,500,45,45,258,2542,"V5_audit_ready",TRUE,"Pre-registered empirical profile gate: bounded/proportion by hint/domain; zero-inflated/count by hint/domain; normal_like when abs(skew)<=0.50 and excess_kurtosis<=1.00; heavy_tail_symmetric when abs(skew)<=1.00 and excess_kurtosis>3.00; lognormal_like when skew>1.00 with positive support; weibull_like when skew>0.50 with positive support; otherwise empirical_unknown.","profile_preregistered",TRUE,"paired bootstrap aligned to the same reported gain statistic",TRUE,"Benjamini-Hochberg FDR is computed at dataset level on external_dataset_level_decisions.csv for primary eligible in-regime rows only. Primary alpha=0.05; secondary sensitivity alpha=0.1.","01_results_basic contains compact final results; 02_reports contains generated report files; 03_audit_ready contains full provenance, decisions, oracle audit, and split CSVs; 98_discarded_nonfinal is reserved for obsolete or nonfinal byproducts; 99_recovery_logs contains downloads, checkpoints, temporary recovery outputs, and logs.",0.005,10,TRUE,TRUE
"RD_psych_bfi_auto__depth_bootstrap_full","RD_psych_bfi_auto","rdatasets_psych","https://vincentarelbundock.github.io/Rdatasets/csv/psych/bfi.csv","2026-06-16 15:52:34 -0400",NA,NA,"inline_depth_probe","__auto_numeric__","raw","auto_numeric_column; rdatasets_rows=2800; rdatasets_n_numeric=28; depth_probe=bootstrap_full","empirical_public",2800,1.04973248974259,0.783921404024825,"strictly_positive",28.7575,TRUE,NA,"Rdatasets public catalog: psych bfi - 25 Personality items representing 5 factors ; doc=https://vincentarelbundock.github.io/Rdatasets/doc/psych/bfi.html V5 secondary within-dataset depth probe; not independent N.","TAX-Q1R019","original_regime",15,0.15,6,"clustered_upper",500,500,"0.15|6|clustered_upper","endogenous",3,500,500,"winsorized_0.2",0.148501042,0.576511749999998,NA,500,75,75,258,2542,"V5_audit_ready",TRUE,"Pre-registered empirical profile gate: bounded/proportion by hint/domain; zero-inflated/count by hint/domain; normal_like when abs(skew)<=0.50 and excess_kurtosis<=1.00; heavy_tail_symmetric when abs(skew)<=1.00 and excess_kurtosis>3.00; lognormal_like when skew>1.00 with positive support; weibull_like when skew>0.50 with positive support; otherwise empirical_unknown.","profile_preregistered",TRUE,"paired bootstrap aligned to the same reported gain statistic",TRUE,"Benjamini-Hochberg FDR is computed at dataset level on external_dataset_level_decisions.csv for primary eligible in-regime rows only. Primary alpha=0.05; secondary sensitivity alpha=0.1.","01_results_basic contains compact final results; 02_reports contains generated report files; 03_audit_ready contains full provenance, decisions, oracle audit, and split CSVs; 98_discarded_nonfinal is reserved for obsolete or nonfinal byproducts; 99_recovery_logs contains downloads, checkpoints, temporary recovery outputs, and logs.",0.005,10,TRUE,TRUE
"RD_psych_bfi_auto__depth_bootstrap_full","RD_psych_bfi_auto","rdatasets_psych","https://vincentarelbundock.github.io/Rdatasets/csv/psych/bfi.csv","2026-06-16 15:52:34 -0400",NA,NA,"inline_depth_probe","__auto_numeric__","raw","auto_numeric_column; rdatasets_rows=2800; rdatasets_n_numeric=28; depth_probe=bootstrap_full","empirical_public",2800,1.04973248974259,0.783921404024825,"strictly_positive",28.7575,TRUE,NA,"Rdatasets public catalog: psych bfi - 25 Personality items representing 5 factors ; doc=https://vincentarelbundock.github.io/Rdatasets/doc/psych/bfi.html V5 secondary within-dataset depth probe; not independent N.","TAX-Q1R019","original_regime",27,0.15,6,"clustered_upper",1000,1000,"0.15|6|clustered_upper","endogenous",3,500,500,"winsorized_0.2",0.0976347940000001,0.37761025,NA,500,150,150,258,2542,"V5_audit_ready",TRUE,"Pre-registered empirical profile gate: bounded/proportion by hint/domain; zero-inflated/count by hint/domain; normal_like when abs(skew)<=0.50 and excess_kurtosis<=1.00; heavy_tail_symmetric when abs(skew)<=1.00 and excess_kurtosis>3.00; lognormal_like when skew>1.00 with positive support; weibull_like when skew>0.50 with positive support; otherwise empirical_unknown.","profile_preregistered",TRUE,"paired bootstrap aligned to the same reported gain statistic",TRUE,"Benjamini-Hochberg FDR is computed at dataset level on external_dataset_level_decisions.csv for primary eligible in-regime rows only. Primary alpha=0.05; secondary sensitivity alpha=0.1.","01_results_basic contains compact final results; 02_reports contains generated report files; 03_audit_ready contains full provenance, decisions, oracle audit, and split CSVs; 98_discarded_nonfinal is reserved for obsolete or nonfinal byproducts; 99_recovery_logs contains downloads, checkpoints, temporary recovery outputs, and logs.",0.005,10,TRUE,TRUE
"RD_psych_bfi_auto__depth_bootstrap_full","RD_psych_bfi_auto","rdatasets_psych","https://vincentarelbundock.github.io/Rdatasets/csv/psych/bfi.csv","2026-06-16 15:52:34 -0400",NA,NA,"inline_depth_probe","__auto_numeric__","raw","auto_numeric_column; rdatasets_rows=2800; rdatasets_n_numeric=28; depth_probe=bootstrap_full","empirical_public",2800,1.04973248974259,0.783921404024825,"strictly_positive",28.7575,TRUE,NA,"Rdatasets public catalog: psych bfi - 25 Personality items representing 5 factors ; doc=https://vincentarelbundock.github.io/Rdatasets/doc/psych/bfi.html V5 secondary within-dataset depth probe; not independent N.","TAX-Q1R019","original_regime",5,0.15,9,"clustered_upper",300,300,"0.15|9|clustered_upper","endogenous",3,500,500,"winsorized_0.2",0.28116485,1.03250180555555,NA,500,45,45,258,2542,"V5_audit_ready",TRUE,"Pre-registered empirical profile gate: bounded/proportion by hint/domain; zero-inflated/count by hint/domain; normal_like when abs(skew)<=0.50 and excess_kurtosis<=1.00; heavy_tail_symmetric when abs(skew)<=1.00 and excess_kurtosis>3.00; lognormal_like when skew>1.00 with positive support; weibull_like when skew>0.50 with positive support; otherwise empirical_unknown.","profile_preregistered",TRUE,"paired bootstrap aligned to the same reported gain statistic",TRUE,"Benjamini-Hochberg FDR is computed at dataset level on external_dataset_level_decisions.csv for primary eligible in-regime rows only. Primary alpha=0.05; secondary sensitivity alpha=0.1.","01_results_basic contains compact final results; 02_reports contains generated report files; 03_audit_ready contains full provenance, decisions, oracle audit, and split CSVs; 98_discarded_nonfinal is reserved for obsolete or nonfinal byproducts; 99_recovery_logs contains downloads, checkpoints, temporary recovery outputs, and logs.",0.005,10,TRUE,TRUE
"RD_psych_bfi_auto__depth_bootstrap_full","RD_psych_bfi_auto","rdatasets_psych","https://vincentarelbundock.github.io/Rdatasets/csv/psych/bfi.csv","2026-06-16 15:52:34 -0400",NA,NA,"inline_depth_probe","__auto_numeric__","raw","auto_numeric_column; rdatasets_rows=2800; rdatasets_n_numeric=28; depth_probe=bootstrap_full","empirical_public",2800,1.04973248974259,0.783921404024825,"strictly_positive",28.7575,TRUE,NA,"Rdatasets public catalog: psych bfi - 25 Personality items representing 5 factors ; doc=https://vincentarelbundock.github.io/Rdatasets/doc/psych/bfi.html V5 secondary within-dataset depth probe; not independent N.","TAX-Q1R019","original_regime",17,0.15,9,"clustered_upper",500,500,"0.15|9|clustered_upper","endogenous",3,500,500,"winsorized_0.2",0.192205238,0.836467450000001,NA,500,75,75,258,2542,"V5_audit_ready",TRUE,"Pre-registered empirical profile gate: bounded/proportion by hint/domain; zero-inflated/count by hint/domain; normal_like when abs(skew)<=0.50 and excess_kurtosis<=1.00; heavy_tail_symmetric when abs(skew)<=1.00 and excess_kurtosis>3.00; lognormal_like when skew>1.00 with positive support; weibull_like when skew>0.50 with positive support; otherwise empirical_unknown.","profile_preregistered",TRUE,"paired bootstrap aligned to the same reported gain statistic",TRUE,"Benjamini-Hochberg FDR is computed at dataset level on external_dataset_level_decisions.csv for primary eligible in-regime rows only. Primary alpha=0.05; secondary sensitivity alpha=0.1.","01_results_basic contains compact final results; 02_reports contains generated report files; 03_audit_ready contains full provenance, decisions, oracle audit, and split CSVs; 98_discarded_nonfinal is reserved for obsolete or nonfinal byproducts; 99_recovery_logs contains downloads, checkpoints, temporary recovery outputs, and logs.",0.005,10,TRUE,TRUE
"RD_psych_bfi_auto__depth_bootstrap_full","RD_psych_bfi_auto","rdatasets_psych","https://vincentarelbundock.github.io/Rdatasets/csv/psych/bfi.csv","2026-06-16 15:52:34 -0400",NA,NA,"inline_depth_probe","__auto_numeric__","raw","auto_numeric_column; rdatasets_rows=2800; rdatasets_n_numeric=28; depth_probe=bootstrap_full","empirical_public",2800,1.04973248974259,0.783921404024825,"strictly_positive",28.7575,TRUE,NA,"Rdatasets public catalog: psych bfi - 25 Personality items representing 5 factors ; doc=https://vincentarelbundock.github.io/Rdatasets/doc/psych/bfi.html V5 secondary within-dataset depth probe; not independent N.","TAX-Q1R019","original_regime",29,0.15,9,"clustered_upper",1000,1000,"0.15|9|clustered_upper","endogenous",3,500,500,"winsorized_0.2",0.0918460900000001,0.341231449999999,NA,500,150,150,258,2542,"V5_audit_ready",TRUE,"Pre-registered empirical profile gate: bounded/proportion by hint/domain; zero-inflated/count by hint/domain; normal_like when abs(skew)<=0.50 and excess_kurtosis<=1.00; heavy_tail_symmetric when abs(skew)<=1.00 and excess_kurtosis>3.00; lognormal_like when skew>1.00 with positive support; weibull_like when skew>0.50 with positive support; otherwise empirical_unknown.","profile_preregistered",TRUE,"paired bootstrap aligned to the same reported gain statistic",TRUE,"Benjamini-Hochberg FDR is computed at dataset level on external_dataset_level_decisions.csv for primary eligible in-regime rows only. Primary alpha=0.05; secondary sensitivity alpha=0.1.","01_results_basic contains compact final results; 02_reports contains generated report files; 03_audit_ready contains full provenance, decisions, oracle audit, and split CSVs; 98_discarded_nonfinal is reserved for obsolete or nonfinal byproducts; 99_recovery_logs contains downloads, checkpoints, temporary recovery outputs, and logs.",0.005,10,TRUE,TRUE
"RD_psych_bfi_auto__depth_bootstrap_full","RD_psych_bfi_auto","rdatasets_psych","https://vincentarelbundock.github.io/Rdatasets/csv/psych/bfi.csv","2026-06-16 15:52:34 -0400",NA,NA,"inline_depth_probe","__auto_numeric__","raw","auto_numeric_column; rdatasets_rows=2800; rdatasets_n_numeric=28; depth_probe=bootstrap_full","empirical_public",2800,1.04973248974259,0.783921404024825,"strictly_positive",28.7575,TRUE,NA,"Rdatasets public catalog: psych bfi - 25 Personality items representing 5 factors ; doc=https://vincentarelbundock.github.io/Rdatasets/doc/psych/bfi.html V5 secondary within-dataset depth probe; not independent N.","TAX-Q1R019","original_regime",7,0.15,12,"clustered_upper",300,300,"0.15|12|clustered_upper","endogenous",3,800,500,"winsorized_0.2",0.298903027777779,1.1619201388889,NA,800,45,45,258,2542,"V5_audit_ready",TRUE,"Pre-registered empirical profile gate: bounded/proportion by hint/domain; zero-inflated/count by hint/domain; normal_like when abs(skew)<=0.50 and excess_kurtosis<=1.00; heavy_tail_symmetric when abs(skew)<=1.00 and excess_kurtosis>3.00; lognormal_like when skew>1.00 with positive support; weibull_like when skew>0.50 with positive support; otherwise empirical_unknown.","profile_preregistered",TRUE,"paired bootstrap aligned to the same reported gain statistic",TRUE,"Benjamini-Hochberg FDR is computed at dataset level on external_dataset_level_decisions.csv for primary eligible in-regime rows only. Primary alpha=0.05; secondary sensitivity alpha=0.1.","01_results_basic contains compact final results; 02_reports contains generated report files; 03_audit_ready contains full provenance, decisions, oracle audit, and split CSVs; 98_discarded_nonfinal is reserved for obsolete or nonfinal byproducts; 99_recovery_logs contains downloads, checkpoints, temporary recovery outputs, and logs.",0.005,10,TRUE,TRUE
"RD_psych_bfi_auto__depth_bootstrap_full","RD_psych_bfi_auto","rdatasets_psych","https://vincentarelbundock.github.io/Rdatasets/csv/psych/bfi.csv","2026-06-16 15:52:34 -0400",NA,NA,"inline_depth_probe","__auto_numeric__","raw","auto_numeric_column; rdatasets_rows=2800; rdatasets_n_numeric=28; depth_probe=bootstrap_full","empirical_public",2800,1.04973248974259,0.783921404024825,"strictly_positive",28.7575,TRUE,NA,"Rdatasets public catalog: psych bfi - 25 Personality items representing 5 factors ; doc=https://vincentarelbundock.github.io/Rdatasets/doc/psych/bfi.html V5 secondary within-dataset depth probe; not independent N.","TAX-Q1R019","original_regime",9,0.15,15,"clustered_upper",300,300,"0.15|15|clustered_upper","endogenous",3,800,500,"winsorized_0.2",0.314062055555556,1.16460069444444,NA,800,45,45,258,2542,"V5_audit_ready",TRUE,"Pre-registered empirical profile gate: bounded/proportion by hint/domain; zero-inflated/count by hint/domain; normal_like when abs(skew)<=0.50 and excess_kurtosis<=1.00; heavy_tail_symmetric when abs(skew)<=1.00 and excess_kurtosis>3.00; lognormal_like when skew>1.00 with positive support; weibull_like when skew>0.50 with positive support; otherwise empirical_unknown.","profile_preregistered",TRUE,"paired bootstrap aligned to the same reported gain statistic",TRUE,"Benjamini-Hochberg FDR is computed at dataset level on external_dataset_level_decisions.csv for primary eligible in-regime rows only. Primary alpha=0.05; secondary sensitivity alpha=0.1.","01_results_basic contains compact final results; 02_reports contains generated report files; 03_audit_ready contains full provenance, decisions, oracle audit, and split CSVs; 98_discarded_nonfinal is reserved for obsolete or nonfinal byproducts; 99_recovery_logs contains downloads, checkpoints, temporary recovery outputs, and logs.",0.005,10,TRUE,TRUE
"RD_psych_bfi_auto__depth_bootstrap_full","RD_psych_bfi_auto","rdatasets_psych","https://vincentarelbundock.github.io/Rdatasets/csv/psych/bfi.csv","2026-06-16 15:52:34 -0400",NA,NA,"inline_depth_probe","__auto_numeric__","raw","auto_numeric_column; rdatasets_rows=2800; rdatasets_n_numeric=28; depth_probe=bootstrap_full","empirical_public",2800,1.04973248974259,0.783921404024825,"strictly_positive",28.7575,TRUE,NA,"Rdatasets public catalog: psych bfi - 25 Personality items representing 5 factors ; doc=https://vincentarelbundock.github.io/Rdatasets/doc/psych/bfi.html V5 secondary within-dataset depth probe; not independent N.","TAX-Q1R019","original_regime",8,0.2,12,"clustered_upper",300,300,"0.2|12|clustered_upper","endogenous",3,800,500,"winsorized_0.2",4.42552272222227,7.70525069444449,NA,800,60,60,258,2542,"V5_audit_ready",TRUE,"Pre-registered empirical profile gate: bounded/proportion by hint/domain; zero-inflated/count by hint/domain; normal_like when abs(skew)<=0.50 and excess_kurtosis<=1.00; heavy_tail_symmetric when abs(skew)<=1.00 and excess_kurtosis>3.00; lognormal_like when skew>1.00 with positive support; weibull_like when skew>0.50 with positive support; otherwise empirical_unknown.","profile_preregistered",TRUE,"paired bootstrap aligned to the same reported gain statistic",TRUE,"Benjamini-Hochberg FDR is computed at dataset level on external_dataset_level_decisions.csv for primary eligible in-regime rows only. Primary alpha=0.05; secondary sensitivity alpha=0.1.","01_results_basic contains compact final results; 02_reports contains generated report files; 03_audit_ready contains full provenance, decisions, oracle audit, and split CSVs; 98_discarded_nonfinal is reserved for obsolete or nonfinal byproducts; 99_recovery_logs contains downloads, checkpoints, temporary recovery outputs, and logs.",0.005,10,TRUE,TRUE
"RD_psych_bfi_auto__depth_bootstrap_full","RD_psych_bfi_auto","rdatasets_psych","https://vincentarelbundock.github.io/Rdatasets/csv/psych/bfi.csv","2026-06-16 15:52:34 -0400",NA,NA,"inline_depth_probe","__auto_numeric__","raw","auto_numeric_column; rdatasets_rows=2800; rdatasets_n_numeric=28; depth_probe=bootstrap_full","empirical_public",2800,1.04973248974259,0.783921404024825,"strictly_positive",28.7575,TRUE,NA,"Rdatasets public catalog: psych bfi - 25 Personality items representing 5 factors ; doc=https://vincentarelbundock.github.io/Rdatasets/doc/psych/bfi.html V5 secondary within-dataset depth probe; not independent N.","TAX-Q1R019","original_regime",20,0.2,12,"clustered_upper",500,500,"0.2|12|clustered_upper","endogenous",3,800,500,"winsorized_0.2",4.33578802250002,6.39635045000002,NA,800,100,100,258,2542,"V5_audit_ready",TRUE,"Pre-registered empirical profile gate: bounded/proportion by hint/domain; zero-inflated/count by hint/domain; normal_like when abs(skew)<=0.50 and excess_kurtosis<=1.00; heavy_tail_symmetric when abs(skew)<=1.00 and excess_kurtosis>3.00; lognormal_like when skew>1.00 with positive support; weibull_like when skew>0.50 with positive support; otherwise empirical_unknown.","profile_preregistered",TRUE,"paired bootstrap aligned to the same reported gain statistic",TRUE,"Benjamini-Hochberg FDR is computed at dataset level on external_dataset_level_decisions.csv for primary eligible in-regime rows only. Primary alpha=0.05; secondary sensitivity alpha=0.1.","01_results_basic contains compact final results; 02_reports contains generated report files; 03_audit_ready contains full provenance, decisions, oracle audit, and split CSVs; 98_discarded_nonfinal is reserved for obsolete or nonfinal byproducts; 99_recovery_logs contains downloads, checkpoints, temporary recovery outputs, and logs.",0.005,10,TRUE,TRUE
"RD_psych_bfi_auto__depth_bootstrap_full","RD_psych_bfi_auto","rdatasets_psych","https://vincentarelbundock.github.io/Rdatasets/csv/psych/bfi.csv","2026-06-16 15:52:34 -0400",NA,NA,"inline_depth_probe","__auto_numeric__","raw","auto_numeric_column; rdatasets_rows=2800; rdatasets_n_numeric=28; depth_probe=bootstrap_full","empirical_public",2800,1.04973248974259,0.783921404024825,"strictly_positive",28.7575,TRUE,NA,"Rdatasets public catalog: psych bfi - 25 Personality items representing 5 factors ; doc=https://vincentarelbundock.github.io/Rdatasets/doc/psych/bfi.html V5 secondary within-dataset depth probe; not independent N.","TAX-Q1R019","original_regime",32,0.2,12,"clustered_upper",1000,1000,"0.2|12|clustered_upper","endogenous",3,800,500,"winsorized_0.2",4.39004579000002,5.62852105000002,NA,800,200,200,258,2542,"V5_audit_ready",TRUE,"Pre-registered empirical profile gate: bounded/proportion by hint/domain; zero-inflated/count by hint/domain; normal_like when abs(skew)<=0.50 and excess_kurtosis<=1.00; heavy_tail_symmetric when abs(skew)<=1.00 and excess_kurtosis>3.00; lognormal_like when skew>1.00 with positive support; weibull_like when skew>0.50 with positive support; otherwise empirical_unknown.","profile_preregistered",TRUE,"paired bootstrap aligned to the same reported gain statistic",TRUE,"Benjamini-Hochberg FDR is computed at dataset level on external_dataset_level_decisions.csv for primary eligible in-regime rows only. Primary alpha=0.05; secondary sensitivity alpha=0.1.","01_results_basic contains compact final results; 02_reports contains generated report files; 03_audit_ready contains full provenance, decisions, oracle audit, and split CSVs; 98_discarded_nonfinal is reserved for obsolete or nonfinal byproducts; 99_recovery_logs contains downloads, checkpoints, temporary recovery outputs, and logs.",0.005,10,TRUE,TRUE
"RD_psych_bfi_auto__depth_bootstrap_full","RD_psych_bfi_auto","rdatasets_psych","https://vincentarelbundock.github.io/Rdatasets/csv/psych/bfi.csv","2026-06-16 15:52:34 -0400",NA,NA,"inline_depth_probe","__auto_numeric__","raw","auto_numeric_column; rdatasets_rows=2800; rdatasets_n_numeric=28; depth_probe=bootstrap_full","empirical_public",2800,1.04973248974259,0.783921404024825,"strictly_positive",28.7575,TRUE,NA,"Rdatasets public catalog: psych bfi - 25 Personality items representing 5 factors ; doc=https://vincentarelbundock.github.io/Rdatasets/doc/psych/bfi.html V5 secondary within-dataset depth probe; not independent N.","TAX-Q1R019","original_regime",10,0.2,15,"clustered_upper",300,300,"0.2|15|clustered_upper","endogenous",3,800,500,"winsorized_0.2",4.48017410416671,7.56895847222227,NA,800,60,60,258,2542,"V5_audit_ready",TRUE,"Pre-registered empirical profile gate: bounded/proportion by hint/domain; zero-inflated/count by hint/domain; normal_like when abs(skew)<=0.50 and excess_kurtosis<=1.00; heavy_tail_symmetric when abs(skew)<=1.00 and excess_kurtosis>3.00; lognormal_like when skew>1.00 with positive support; weibull_like when skew>0.50 with positive support; otherwise empirical_unknown.","profile_preregistered",TRUE,"paired bootstrap aligned to the same reported gain statistic",TRUE,"Benjamini-Hochberg FDR is computed at dataset level on external_dataset_level_decisions.csv for primary eligible in-regime rows only. Primary alpha=0.05; secondary sensitivity alpha=0.1.","01_results_basic contains compact final results; 02_reports contains generated report files; 03_audit_ready contains full provenance, decisions, oracle audit, and split CSVs; 98_discarded_nonfinal is reserved for obsolete or nonfinal byproducts; 99_recovery_logs contains downloads, checkpoints, temporary recovery outputs, and logs.",0.005,10,TRUE,TRUE
"RD_psych_bfi_auto__depth_bootstrap_full","RD_psych_bfi_auto","rdatasets_psych","https://vincentarelbundock.github.io/Rdatasets/csv/psych/bfi.csv","2026-06-16 15:52:34 -0400",NA,NA,"inline_depth_probe","__auto_numeric__","raw","auto_numeric_column; rdatasets_rows=2800; rdatasets_n_numeric=28; depth_probe=bootstrap_full","empirical_public",2800,1.04973248974259,0.783921404024825,"strictly_positive",28.7575,TRUE,NA,"Rdatasets public catalog: psych bfi - 25 Personality items representing 5 factors ; doc=https://vincentarelbundock.github.io/Rdatasets/doc/psych/bfi.html V5 secondary within-dataset depth probe; not independent N.","TAX-Q1R019","original_regime",22,0.2,15,"clustered_upper",500,500,"0.2|15|clustered_upper","endogenous",3,800,500,"winsorized_0.2",4.36354393250002,6.36956735000002,NA,800,100,100,258,2542,"V5_audit_ready",TRUE,"Pre-registered empirical profile gate: bounded/proportion by hint/domain; zero-inflated/count by hint/domain; normal_like when abs(skew)<=0.50 and excess_kurtosis<=1.00; heavy_tail_symmetric when abs(skew)<=1.00 and excess_kurtosis>3.00; lognormal_like when skew>1.00 with positive support; weibull_like when skew>0.50 with positive support; otherwise empirical_unknown.","profile_preregistered",TRUE,"paired bootstrap aligned to the same reported gain statistic",TRUE,"Benjamini-Hochberg FDR is computed at dataset level on external_dataset_level_decisions.csv for primary eligible in-regime rows only. Primary alpha=0.05; secondary sensitivity alpha=0.1.","01_results_basic contains compact final results; 02_reports contains generated report files; 03_audit_ready contains full provenance, decisions, oracle audit, and split CSVs; 98_discarded_nonfinal is reserved for obsolete or nonfinal byproducts; 99_recovery_logs contains downloads, checkpoints, temporary recovery outputs, and logs.",0.005,10,TRUE,TRUE
"RD_psych_bfi_auto__depth_bootstrap_full","RD_psych_bfi_auto","rdatasets_psych","https://vincentarelbundock.github.io/Rdatasets/csv/psych/bfi.csv","2026-06-16 15:52:34 -0400",NA,NA,"inline_depth_probe","__auto_numeric__","raw","auto_numeric_column; rdatasets_rows=2800; rdatasets_n_numeric=28; depth_probe=bootstrap_full","empirical_public",2800,1.04973248974259,0.783921404024825,"strictly_positive",28.7575,TRUE,NA,"Rdatasets public catalog: psych bfi - 25 Personality items representing 5 factors ; doc=https://vincentarelbundock.github.io/Rdatasets/doc/psych/bfi.html V5 secondary within-dataset depth probe; not independent N.","TAX-Q1R019","original_regime",34,0.2,15,"clustered_upper",1000,1000,"0.2|15|clustered_upper","endogenous",3,800,500,"winsorized_0.2",4.41015444250002,5.73315955000001,NA,800,200,200,258,2542,"V5_audit_ready",TRUE,"Pre-registered empirical profile gate: bounded/proportion by hint/domain; zero-inflated/count by hint/domain; normal_like when abs(skew)<=0.50 and excess_kurtosis<=1.00; heavy_tail_symmetric when abs(skew)<=1.00 and excess_kurtosis>3.00; lognormal_like when skew>1.00 with positive support; weibull_like when skew>0.50 with positive support; otherwise empirical_unknown.","profile_preregistered",TRUE,"paired bootstrap aligned to the same reported gain statistic",TRUE,"Benjamini-Hochberg FDR is computed at dataset level on external_dataset_level_decisions.csv for primary eligible in-regime rows only. Primary alpha=0.05; secondary sensitivity alpha=0.1.","01_results_basic contains compact final results; 02_reports contains generated report files; 03_audit_ready contains full provenance, decisions, oracle audit, and split CSVs; 98_discarded_nonfinal is reserved for obsolete or nonfinal byproducts; 99_recovery_logs contains downloads, checkpoints, temporary recovery outputs, and logs.",0.005,10,TRUE,TRUE
"RD_psych_bfi_auto__depth_bootstrap_full","RD_psych_bfi_auto","rdatasets_psych","https://vincentarelbundock.github.io/Rdatasets/csv/psych/bfi.csv","2026-06-16 15:52:34 -0400",NA,NA,"inline_depth_probe","__auto_numeric__","raw","auto_numeric_column; rdatasets_rows=2800; rdatasets_n_numeric=28; depth_probe=bootstrap_full","empirical_public",2800,1.04973248974259,0.783921404024825,"strictly_positive",28.7575,TRUE,NA,"Rdatasets public catalog: psych bfi - 25 Personality items representing 5 factors ; doc=https://vincentarelbundock.github.io/Rdatasets/doc/psych/bfi.html V5 secondary within-dataset depth probe; not independent N.","TAX-Q1R019","original_regime",12,0.2,20,"clustered_upper",300,300,"0.2|20|clustered_upper","endogenous",3,800,500,"winsorized_0.2",4.33453997916671,7.52680236111117,NA,800,60,60,258,2542,"V5_audit_ready",TRUE,"Pre-registered empirical profile gate: bounded/proportion by hint/domain; zero-inflated/count by hint/domain; normal_like when abs(skew)<=0.50 and excess_kurtosis<=1.00; heavy_tail_symmetric when abs(skew)<=1.00 and excess_kurtosis>3.00; lognormal_like when skew>1.00 with positive support; weibull_like when skew>0.50 with positive support; otherwise empirical_unknown.","profile_preregistered",TRUE,"paired bootstrap aligned to the same reported gain statistic",TRUE,"Benjamini-Hochberg FDR is computed at dataset level on external_dataset_level_decisions.csv for primary eligible in-regime rows only. Primary alpha=0.05; secondary sensitivity alpha=0.1.","01_results_basic contains compact final results; 02_reports contains generated report files; 03_audit_ready contains full provenance, decisions, oracle audit, and split CSVs; 98_discarded_nonfinal is reserved for obsolete or nonfinal byproducts; 99_recovery_logs contains downloads, checkpoints, temporary recovery outputs, and logs.",0.005,10,TRUE,TRUE
"RD_psych_bfi_auto__depth_bootstrap_full","RD_psych_bfi_auto","rdatasets_psych","https://vincentarelbundock.github.io/Rdatasets/csv/psych/bfi.csv","2026-06-16 15:52:34 -0400",NA,NA,"inline_depth_probe","__auto_numeric__","raw","auto_numeric_column; rdatasets_rows=2800; rdatasets_n_numeric=28; depth_probe=bootstrap_full","empirical_public",2800,1.04973248974259,0.783921404024825,"strictly_positive",28.7575,TRUE,NA,"Rdatasets public catalog: psych bfi - 25 Personality items representing 5 factors ; doc=https://vincentarelbundock.github.io/Rdatasets/doc/psych/bfi.html V5 secondary within-dataset depth probe; not independent N.","TAX-Q1R019","original_regime",24,0.2,20,"clustered_upper",500,500,"0.2|20|clustered_upper","endogenous",3,800,500,"winsorized_0.2",4.31631997250002,6.64047185000002,NA,800,100,100,258,2542,"V5_audit_ready",TRUE,"Pre-registered empirical profile gate: bounded/proportion by hint/domain; zero-inflated/count by hint/domain; normal_like when abs(skew)<=0.50 and excess_kurtosis<=1.00; heavy_tail_symmetric when abs(skew)<=1.00 and excess_kurtosis>3.00; lognormal_like when skew>1.00 with positive support; weibull_like when skew>0.50 with positive support; otherwise empirical_unknown.","profile_preregistered",TRUE,"paired bootstrap aligned to the same reported gain statistic",TRUE,"Benjamini-Hochberg FDR is computed at dataset level on external_dataset_level_decisions.csv for primary eligible in-regime rows only. Primary alpha=0.05; secondary sensitivity alpha=0.1.","01_results_basic contains compact final results; 02_reports contains generated report files; 03_audit_ready contains full provenance, decisions, oracle audit, and split CSVs; 98_discarded_nonfinal is reserved for obsolete or nonfinal byproducts; 99_recovery_logs contains downloads, checkpoints, temporary recovery outputs, and logs.",0.005,10,TRUE,TRUE
"RD_psych_bfi_auto__depth_bootstrap_full","RD_psych_bfi_auto","rdatasets_psych","https://vincentarelbundock.github.io/Rdatasets/csv/psych/bfi.csv","2026-06-16 15:52:34 -0400",NA,NA,"inline_depth_probe","__auto_numeric__","raw","auto_numeric_column; rdatasets_rows=2800; rdatasets_n_numeric=28; depth_probe=bootstrap_full","empirical_public",2800,1.04973248974259,0.783921404024825,"strictly_positive",28.7575,TRUE,NA,"Rdatasets public catalog: psych bfi - 25 Personality items representing 5 factors ; doc=https://vincentarelbundock.github.io/Rdatasets/doc/psych/bfi.html V5 secondary within-dataset depth probe; not independent N.","TAX-Q1R019","original_regime",36,0.2,20,"clustered_upper",1000,1000,"0.2|20|clustered_upper","endogenous",3,800,500,"winsorized_0.2",4.40797277500002,5.68107225000002,NA,800,200,200,258,2542,"V5_audit_ready",TRUE,"Pre-registered empirical profile gate: bounded/proportion by hint/domain; zero-inflated/count by hint/domain; normal_like when abs(skew)<=0.50 and excess_kurtosis<=1.00; heavy_tail_symmetric when abs(skew)<=1.00 and excess_kurtosis>3.00; lognormal_like when skew>1.00 with positive support; weibull_like when skew>0.50 with positive support; otherwise empirical_unknown.","profile_preregistered",TRUE,"paired bootstrap aligned to the same reported gain statistic",TRUE,"Benjamini-Hochberg FDR is computed at dataset level on external_dataset_level_decisions.csv for primary eligible in-regime rows only. Primary alpha=0.05; secondary sensitivity alpha=0.1.","01_results_basic contains compact final results; 02_reports contains generated report files; 03_audit_ready contains full provenance, decisions, oracle audit, and split CSVs; 98_discarded_nonfinal is reserved for obsolete or nonfinal byproducts; 99_recovery_logs contains downloads, checkpoints, temporary recovery outputs, and logs.",0.005,10,TRUE,TRUE
"RD_psych_bfi_auto__depth_bootstrap_full","RD_psych_bfi_auto","rdatasets_psych","https://vincentarelbundock.github.io/Rdatasets/csv/psych/bfi.csv","2026-06-16 15:52:34 -0400",NA,NA,"inline_depth_probe","__auto_numeric__","raw","auto_numeric_column; rdatasets_rows=2800; rdatasets_n_numeric=28; depth_probe=bootstrap_full","empirical_public",2800,1.04973248974259,0.783921404024825,"strictly_positive",28.7575,TRUE,NA,"Rdatasets public catalog: psych bfi - 25 Personality items representing 5 factors ; doc=https://vincentarelbundock.github.io/Rdatasets/doc/psych/bfi.html V5 secondary within-dataset depth probe; not independent N.","TAX-Q1R019","original_regime",2,0.2,4.5,"clustered_upper",300,300,"0.2|4.5|clustered_upper","endogenous",3,800,500,"winsorized_0.2",4.32271431944449,7.18955097222228,NA,800,60,60,258,2542,"V5_audit_ready",TRUE,"Pre-registered empirical profile gate: bounded/proportion by hint/domain; zero-inflated/count by hint/domain; normal_like when abs(skew)<=0.50 and excess_kurtosis<=1.00; heavy_tail_symmetric when abs(skew)<=1.00 and excess_kurtosis>3.00; lognormal_like when skew>1.00 with positive support; weibull_like when skew>0.50 with positive support; otherwise empirical_unknown.","profile_preregistered",TRUE,"paired bootstrap aligned to the same reported gain statistic",TRUE,"Benjamini-Hochberg FDR is computed at dataset level on external_dataset_level_decisions.csv for primary eligible in-regime rows only. Primary alpha=0.05; secondary sensitivity alpha=0.1.","01_results_basic contains compact final results; 02_reports contains generated report files; 03_audit_ready contains full provenance, decisions, oracle audit, and split CSVs; 98_discarded_nonfinal is reserved for obsolete or nonfinal byproducts; 99_recovery_logs contains downloads, checkpoints, temporary recovery outputs, and logs.",0.005,10,TRUE,TRUE
"RD_psych_bfi_auto__depth_bootstrap_full","RD_psych_bfi_auto","rdatasets_psych","https://vincentarelbundock.github.io/Rdatasets/csv/psych/bfi.csv","2026-06-16 15:52:34 -0400",NA,NA,"inline_depth_probe","__auto_numeric__","raw","auto_numeric_column; rdatasets_rows=2800; rdatasets_n_numeric=28; depth_probe=bootstrap_full","empirical_public",2800,1.04973248974259,0.783921404024825,"strictly_positive",28.7575,TRUE,NA,"Rdatasets public catalog: psych bfi - 25 Personality items representing 5 factors ; doc=https://vincentarelbundock.github.io/Rdatasets/doc/psych/bfi.html V5 secondary within-dataset depth probe; not independent N.","TAX-Q1R019","original_regime",14,0.2,4.5,"clustered_upper",500,500,"0.2|4.5|clustered_upper","endogenous",3,800,500,"winsorized_0.2",4.36058763250002,6.54184385000002,NA,800,100,100,258,2542,"V5_audit_ready",TRUE,"Pre-registered empirical profile gate: bounded/proportion by hint/domain; zero-inflated/count by hint/domain; normal_like when abs(skew)<=0.50 and excess_kurtosis<=1.00; heavy_tail_symmetric when abs(skew)<=1.00 and excess_kurtosis>3.00; lognormal_like when skew>1.00 with positive support; weibull_like when skew>0.50 with positive support; otherwise empirical_unknown.","profile_preregistered",TRUE,"paired bootstrap aligned to the same reported gain statistic",TRUE,"Benjamini-Hochberg FDR is computed at dataset level on external_dataset_level_decisions.csv for primary eligible in-regime rows only. Primary alpha=0.05; secondary sensitivity alpha=0.1.","01_results_basic contains compact final results; 02_reports contains generated report files; 03_audit_ready contains full provenance, decisions, oracle audit, and split CSVs; 98_discarded_nonfinal is reserved for obsolete or nonfinal byproducts; 99_recovery_logs contains downloads, checkpoints, temporary recovery outputs, and logs.",0.005,10,TRUE,TRUE
"RD_psych_bfi_auto__depth_bootstrap_full","RD_psych_bfi_auto","rdatasets_psych","https://vincentarelbundock.github.io/Rdatasets/csv/psych/bfi.csv","2026-06-16 15:52:34 -0400",NA,NA,"inline_depth_probe","__auto_numeric__","raw","auto_numeric_column; rdatasets_rows=2800; rdatasets_n_numeric=28; depth_probe=bootstrap_full","empirical_public",2800,1.04973248974259,0.783921404024825,"strictly_positive",28.7575,TRUE,NA,"Rdatasets public catalog: psych bfi - 25 Personality items representing 5 factors ; doc=https://vincentarelbundock.github.io/Rdatasets/doc/psych/bfi.html V5 secondary within-dataset depth probe; not independent N.","TAX-Q1R019","original_regime",26,0.2,4.5,"clustered_upper",1000,1000,"0.2|4.5|clustered_upper","endogenous",3,800,500,"winsorized_0.2",4.40010357000002,5.57810015000002,NA,800,200,200,258,2542,"V5_audit_ready",TRUE,"Pre-registered empirical profile gate: bounded/proportion by hint/domain; zero-inflated/count by hint/domain; normal_like when abs(skew)<=0.50 and excess_kurtosis<=1.00; heavy_tail_symmetric when abs(skew)<=1.00 and excess_kurtosis>3.00; lognormal_like when skew>1.00 with positive support; weibull_like when skew>0.50 with positive support; otherwise empirical_unknown.","profile_preregistered",TRUE,"paired bootstrap aligned to the same reported gain statistic",TRUE,"Benjamini-Hochberg FDR is computed at dataset level on external_dataset_level_decisions.csv for primary eligible in-regime rows only. Primary alpha=0.05; secondary sensitivity alpha=0.1.","01_results_basic contains compact final results; 02_reports contains generated report files; 03_audit_ready contains full provenance, decisions, oracle audit, and split CSVs; 98_discarded_nonfinal is reserved for obsolete or nonfinal byproducts; 99_recovery_logs contains downloads, checkpoints, temporary recovery outputs, and logs.",0.005,10,TRUE,TRUE
"RD_psych_bfi_auto__depth_bootstrap_full","RD_psych_bfi_auto","rdatasets_psych","https://vincentarelbundock.github.io/Rdatasets/csv/psych/bfi.csv","2026-06-16 15:52:34 -0400",NA,NA,"inline_depth_probe","__auto_numeric__","raw","auto_numeric_column; rdatasets_rows=2800; rdatasets_n_numeric=28; depth_probe=bootstrap_full","empirical_public",2800,1.04973248974259,0.783921404024825,"strictly_positive",28.7575,TRUE,NA,"Rdatasets public catalog: psych bfi - 25 Personality items representing 5 factors ; doc=https://vincentarelbundock.github.io/Rdatasets/doc/psych/bfi.html V5 secondary within-dataset depth probe; not independent N.","TAX-Q1R019","original_regime",4,0.2,6,"clustered_upper",300,300,"0.2|6|clustered_upper","endogenous",3,800,500,"winsorized_0.2",4.33791462500005,7.32695680555561,NA,800,60,60,258,2542,"V5_audit_ready",TRUE,"Pre-registered empirical profile gate: bounded/proportion by hint/domain; zero-inflated/count by hint/domain; normal_like when abs(skew)<=0.50 and excess_kurtosis<=1.00; heavy_tail_symmetric when abs(skew)<=1.00 and excess_kurtosis>3.00; lognormal_like when skew>1.00 with positive support; weibull_like when skew>0.50 with positive support; otherwise empirical_unknown.","profile_preregistered",TRUE,"paired bootstrap aligned to the same reported gain statistic",TRUE,"Benjamini-Hochberg FDR is computed at dataset level on external_dataset_level_decisions.csv for primary eligible in-regime rows only. Primary alpha=0.05; secondary sensitivity alpha=0.1.","01_results_basic contains compact final results; 02_reports contains generated report files; 03_audit_ready contains full provenance, decisions, oracle audit, and split CSVs; 98_discarded_nonfinal is reserved for obsolete or nonfinal byproducts; 99_recovery_logs contains downloads, checkpoints, temporary recovery outputs, and logs.",0.005,10,TRUE,TRUE
"RD_psych_bfi_auto__depth_bootstrap_full","RD_psych_bfi_auto","rdatasets_psych","https://vincentarelbundock.github.io/Rdatasets/csv/psych/bfi.csv","2026-06-16 15:52:34 -0400",NA,NA,"inline_depth_probe","__auto_numeric__","raw","auto_numeric_column; rdatasets_rows=2800; rdatasets_n_numeric=28; depth_probe=bootstrap_full","empirical_public",2800,1.04973248974259,0.783921404024825,"strictly_positive",28.7575,TRUE,NA,"Rdatasets public catalog: psych bfi - 25 Personality items representing 5 factors ; doc=https://vincentarelbundock.github.io/Rdatasets/doc/psych/bfi.html V5 secondary within-dataset depth probe; not independent N.","TAX-Q1R019","original_regime",16,0.2,6,"clustered_upper",500,500,"0.2|6|clustered_upper","endogenous",3,800,500,"winsorized_0.2",4.37271754500002,6.50505025000002,NA,800,100,100,258,2542,"V5_audit_ready",TRUE,"Pre-registered empirical profile gate: bounded/proportion by hint/domain; zero-inflated/count by hint/domain; normal_like when abs(skew)<=0.50 and excess_kurtosis<=1.00; heavy_tail_symmetric when abs(skew)<=1.00 and excess_kurtosis>3.00; lognormal_like when skew>1.00 with positive support; weibull_like when skew>0.50 with positive support; otherwise empirical_unknown.","profile_preregistered",TRUE,"paired bootstrap aligned to the same reported gain statistic",TRUE,"Benjamini-Hochberg FDR is computed at dataset level on external_dataset_level_decisions.csv for primary eligible in-regime rows only. Primary alpha=0.05; secondary sensitivity alpha=0.1.","01_results_basic contains compact final results; 02_reports contains generated report files; 03_audit_ready contains full provenance, decisions, oracle audit, and split CSVs; 98_discarded_nonfinal is reserved for obsolete or nonfinal byproducts; 99_recovery_logs contains downloads, checkpoints, temporary recovery outputs, and logs.",0.005,10,TRUE,TRUE
"RD_psych_bfi_auto__depth_bootstrap_full","RD_psych_bfi_auto","rdatasets_psych","https://vincentarelbundock.github.io/Rdatasets/csv/psych/bfi.csv","2026-06-16 15:52:34 -0400",NA,NA,"inline_depth_probe","__auto_numeric__","raw","auto_numeric_column; rdatasets_rows=2800; rdatasets_n_numeric=28; depth_probe=bootstrap_full","empirical_public",2800,1.04973248974259,0.783921404024825,"strictly_positive",28.7575,TRUE,NA,"Rdatasets public catalog: psych bfi - 25 Personality items representing 5 factors ; doc=https://vincentarelbundock.github.io/Rdatasets/doc/psych/bfi.html V5 secondary within-dataset depth probe; not independent N.","TAX-Q1R019","original_regime",28,0.2,6,"clustered_upper",1000,1000,"0.2|6|clustered_upper","endogenous",3,800,500,"winsorized_0.2",4.38067244500002,5.56087165000002,NA,800,200,200,258,2542,"V5_audit_ready",TRUE,"Pre-registered empirical profile gate: bounded/proportion by hint/domain; zero-inflated/count by hint/domain; normal_like when abs(skew)<=0.50 and excess_kurtosis<=1.00; heavy_tail_symmetric when abs(skew)<=1.00 and excess_kurtosis>3.00; lognormal_like when skew>1.00 with positive support; weibull_like when skew>0.50 with positive support; otherwise empirical_unknown.","profile_preregistered",TRUE,"paired bootstrap aligned to the same reported gain statistic",TRUE,"Benjamini-Hochberg FDR is computed at dataset level on external_dataset_level_decisions.csv for primary eligible in-regime rows only. Primary alpha=0.05; secondary sensitivity alpha=0.1.","01_results_basic contains compact final results; 02_reports contains generated report files; 03_audit_ready contains full provenance, decisions, oracle audit, and split CSVs; 98_discarded_nonfinal is reserved for obsolete or nonfinal byproducts; 99_recovery_logs contains downloads, checkpoints, temporary recovery outputs, and logs.",0.005,10,TRUE,TRUE
"RD_psych_bfi_auto__depth_bootstrap_full","RD_psych_bfi_auto","rdatasets_psych","https://vincentarelbundock.github.io/Rdatasets/csv/psych/bfi.csv","2026-06-16 15:52:34 -0400",NA,NA,"inline_depth_probe","__auto_numeric__","raw","auto_numeric_column; rdatasets_rows=2800; rdatasets_n_numeric=28; depth_probe=bootstrap_full","empirical_public",2800,1.04973248974259,0.783921404024825,"strictly_positive",28.7575,TRUE,NA,"Rdatasets public catalog: psych bfi - 25 Personality items representing 5 factors ; doc=https://vincentarelbundock.github.io/Rdatasets/doc/psych/bfi.html V5 secondary within-dataset depth probe; not independent N.","TAX-Q1R019","original_regime",6,0.2,9,"clustered_upper",300,300,"0.2|9|clustered_upper","endogenous",3,800,500,"winsorized_0.2",4.49390662500005,7.51403513888894,NA,800,60,60,258,2542,"V5_audit_ready",TRUE,"Pre-registered empirical profile gate: bounded/proportion by hint/domain; zero-inflated/count by hint/domain; normal_like when abs(skew)<=0.50 and excess_kurtosis<=1.00; heavy_tail_symmetric when abs(skew)<=1.00 and excess_kurtosis>3.00; lognormal_like when skew>1.00 with positive support; weibull_like when skew>0.50 with positive support; otherwise empirical_unknown.","profile_preregistered",TRUE,"paired bootstrap aligned to the same reported gain statistic",TRUE,"Benjamini-Hochberg FDR is computed at dataset level on external_dataset_level_decisions.csv for primary eligible in-regime rows only. Primary alpha=0.05; secondary sensitivity alpha=0.1.","01_results_basic contains compact final results; 02_reports contains generated report files; 03_audit_ready contains full provenance, decisions, oracle audit, and split CSVs; 98_discarded_nonfinal is reserved for obsolete or nonfinal byproducts; 99_recovery_logs contains downloads, checkpoints, temporary recovery outputs, and logs.",0.005,10,TRUE,TRUE
"RD_psych_bfi_auto__depth_bootstrap_full","RD_psych_bfi_auto","rdatasets_psych","https://vincentarelbundock.github.io/Rdatasets/csv/psych/bfi.csv","2026-06-16 15:52:34 -0400",NA,NA,"inline_depth_probe","__auto_numeric__","raw","auto_numeric_column; rdatasets_rows=2800; rdatasets_n_numeric=28; depth_probe=bootstrap_full","empirical_public",2800,1.04973248974259,0.783921404024825,"strictly_positive",28.7575,TRUE,NA,"Rdatasets public catalog: psych bfi - 25 Personality items representing 5 factors ; doc=https://vincentarelbundock.github.io/Rdatasets/doc/psych/bfi.html V5 secondary within-dataset depth probe; not independent N.","TAX-Q1R019","original_regime",18,0.2,9,"clustered_upper",500,500,"0.2|9|clustered_upper","endogenous",3,800,500,"winsorized_0.2",4.38990463750002,6.70033225000002,NA,800,100,100,258,2542,"V5_audit_ready",TRUE,"Pre-registered empirical profile gate: bounded/proportion by hint/domain; zero-inflated/count by hint/domain; normal_like when abs(skew)<=0.50 and excess_kurtosis<=1.00; heavy_tail_symmetric when abs(skew)<=1.00 and excess_kurtosis>3.00; lognormal_like when skew>1.00 with positive support; weibull_like when skew>0.50 with positive support; otherwise empirical_unknown.","profile_preregistered",TRUE,"paired bootstrap aligned to the same reported gain statistic",TRUE,"Benjamini-Hochberg FDR is computed at dataset level on external_dataset_level_decisions.csv for primary eligible in-regime rows only. Primary alpha=0.05; secondary sensitivity alpha=0.1.","01_results_basic contains compact final results; 02_reports contains generated report files; 03_audit_ready contains full provenance, decisions, oracle audit, and split CSVs; 98_discarded_nonfinal is reserved for obsolete or nonfinal byproducts; 99_recovery_logs contains downloads, checkpoints, temporary recovery outputs, and logs.",0.005,10,TRUE,TRUE
"RD_psych_bfi_auto__depth_bootstrap_full","RD_psych_bfi_auto","rdatasets_psych","https://vincentarelbundock.github.io/Rdatasets/csv/psych/bfi.csv","2026-06-16 15:52:34 -0400",NA,NA,"inline_depth_probe","__auto_numeric__","raw","auto_numeric_column; rdatasets_rows=2800; rdatasets_n_numeric=28; depth_probe=bootstrap_full","empirical_public",2800,1.04973248974259,0.783921404024825,"strictly_positive",28.7575,TRUE,NA,"Rdatasets public catalog: psych bfi - 25 Personality items representing 5 factors ; doc=https://vincentarelbundock.github.io/Rdatasets/doc/psych/bfi.html V5 secondary within-dataset depth probe; not independent N.","TAX-Q1R019","original_regime",30,0.2,9,"clustered_upper",1000,1000,"0.2|9|clustered_upper","endogenous",3,800,500,"winsorized_0.2",4.36695108750002,5.61453025000003,NA,800,200,200,258,2542,"V5_audit_ready",TRUE,"Pre-registered empirical profile gate: bounded/proportion by hint/domain; zero-inflated/count by hint/domain; normal_like when abs(skew)<=0.50 and excess_kurtosis<=1.00; heavy_tail_symmetric when abs(skew)<=1.00 and excess_kurtosis>3.00; lognormal_like when skew>1.00 with positive support; weibull_like when skew>0.50 with positive support; otherwise empirical_unknown.","profile_preregistered",TRUE,"paired bootstrap aligned to the same reported gain statistic",TRUE,"Benjamini-Hochberg FDR is computed at dataset level on external_dataset_level_decisions.csv for primary eligible in-regime rows only. Primary alpha=0.05; secondary sensitivity alpha=0.1.","01_results_basic contains compact final results; 02_reports contains generated report files; 03_audit_ready contains full provenance, decisions, oracle audit, and split CSVs; 98_discarded_nonfinal is reserved for obsolete or nonfinal byproducts; 99_recovery_logs contains downloads, checkpoints, temporary recovery outputs, and logs.",0.005,10,TRUE,TRUE
"RD_psych_bfi_auto__depth_bootstrap_full","RD_psych_bfi_auto","rdatasets_psych","https://vincentarelbundock.github.io/Rdatasets/csv/psych/bfi.csv","2026-06-16 15:52:34 -0400",NA,NA,"inline_depth_probe","__auto_numeric__","raw","auto_numeric_column; rdatasets_rows=2800; rdatasets_n_numeric=28; depth_probe=bootstrap_full","empirical_public",2800,1.04973248974259,0.783921404024825,"strictly_positive",28.7575,TRUE,NA,"Rdatasets public catalog: psych bfi - 25 Personality items representing 5 factors ; doc=https://vincentarelbundock.github.io/Rdatasets/doc/psych/bfi.html V5 secondary within-dataset depth probe; not independent N.","TAX-Q1R019","locked_unseen_similar",1,0.1,3,"upper_tail",300,300,"0.1|3|upper_tail","endogenous",3,500,500,"biweight",1.1679850604994,3.68686195266038,NA,500,30,30,258,2542,"V5_audit_ready",TRUE,"Pre-registered empirical profile gate: bounded/proportion by hint/domain; zero-inflated/count by hint/domain; normal_like when abs(skew)<=0.50 and excess_kurtosis<=1.00; heavy_tail_symmetric when abs(skew)<=1.00 and excess_kurtosis>3.00; lognormal_like when skew>1.00 with positive support; weibull_like when skew>0.50 with positive support; otherwise empirical_unknown.","profile_preregistered",TRUE,"paired bootstrap aligned to the same reported gain statistic",TRUE,"Benjamini-Hochberg FDR is computed at dataset level on external_dataset_level_decisions.csv for primary eligible in-regime rows only. Primary alpha=0.05; secondary sensitivity alpha=0.1.","01_results_basic contains compact final results; 02_reports contains generated report files; 03_audit_ready contains full provenance, decisions, oracle audit, and split CSVs; 98_discarded_nonfinal is reserved for obsolete or nonfinal byproducts; 99_recovery_logs contains downloads, checkpoints, temporary recovery outputs, and logs.",0.005,10,TRUE,TRUE
"RD_psych_bfi_auto__depth_bootstrap_full","RD_psych_bfi_auto","rdatasets_psych","https://vincentarelbundock.github.io/Rdatasets/csv/psych/bfi.csv","2026-06-16 15:52:34 -0400",NA,NA,"inline_depth_probe","__auto_numeric__","raw","auto_numeric_column; rdatasets_rows=2800; rdatasets_n_numeric=28; depth_probe=bootstrap_full","empirical_public",2800,1.04973248974259,0.783921404024825,"strictly_positive",28.7575,TRUE,NA,"Rdatasets public catalog: psych bfi - 25 Personality items representing 5 factors ; doc=https://vincentarelbundock.github.io/Rdatasets/doc/psych/bfi.html V5 secondary within-dataset depth probe; not independent N.","TAX-Q1R019","locked_unseen_similar",2,0.1,3,"upper_tail",500,500,"0.1|3|upper_tail","endogenous",3,500,500,"biweight",0.95793202180159,2.68050681204818,NA,500,50,50,258,2542,"V5_audit_ready",TRUE,"Pre-registered empirical profile gate: bounded/proportion by hint/domain; zero-inflated/count by hint/domain; normal_like when abs(skew)<=0.50 and excess_kurtosis<=1.00; heavy_tail_symmetric when abs(skew)<=1.00 and excess_kurtosis>3.00; lognormal_like when skew>1.00 with positive support; weibull_like when skew>0.50 with positive support; otherwise empirical_unknown.","profile_preregistered",TRUE,"paired bootstrap aligned to the same reported gain statistic",TRUE,"Benjamini-Hochberg FDR is computed at dataset level on external_dataset_level_decisions.csv for primary eligible in-regime rows only. Primary alpha=0.05; secondary sensitivity alpha=0.1.","01_results_basic contains compact final results; 02_reports contains generated report files; 03_audit_ready contains full provenance, decisions, oracle audit, and split CSVs; 98_discarded_nonfinal is reserved for obsolete or nonfinal byproducts; 99_recovery_logs contains downloads, checkpoints, temporary recovery outputs, and logs.",0.005,10,TRUE,TRUE
"RD_psych_bfi_auto__depth_bootstrap_full","RD_psych_bfi_auto","rdatasets_psych","https://vincentarelbundock.github.io/Rdatasets/csv/psych/bfi.csv","2026-06-16 15:52:34 -0400",NA,NA,"inline_depth_probe","__auto_numeric__","raw","auto_numeric_column; rdatasets_rows=2800; rdatasets_n_numeric=28; depth_probe=bootstrap_full","empirical_public",2800,1.04973248974259,0.783921404024825,"strictly_positive",28.7575,TRUE,NA,"Rdatasets public catalog: psych bfi - 25 Personality items representing 5 factors ; doc=https://vincentarelbundock.github.io/Rdatasets/doc/psych/bfi.html V5 secondary within-dataset depth probe; not independent N.","TAX-Q1R019","locked_unseen_similar",3,0.1,3,"upper_tail",1000,1000,"0.1|3|upper_tail","endogenous",3,500,500,"biweight",0.791320539922718,1.82582680854032,NA,500,100,100,258,2542,"V5_audit_ready",TRUE,"Pre-registered empirical profile gate: bounded/proportion by hint/domain; zero-inflated/count by hint/domain; normal_like when abs(skew)<=0.50 and excess_kurtosis<=1.00; heavy_tail_symmetric when abs(skew)<=1.00 and excess_kurtosis>3.00; lognormal_like when skew>1.00 with positive support; weibull_like when skew>0.50 with positive support; otherwise empirical_unknown.","profile_preregistered",TRUE,"paired bootstrap aligned to the same reported gain statistic",TRUE,"Benjamini-Hochberg FDR is computed at dataset level on external_dataset_level_decisions.csv for primary eligible in-regime rows only. Primary alpha=0.05; secondary sensitivity alpha=0.1.","01_results_basic contains compact final results; 02_reports contains generated report files; 03_audit_ready contains full provenance, decisions, oracle audit, and split CSVs; 98_discarded_nonfinal is reserved for obsolete or nonfinal byproducts; 99_recovery_logs contains downloads, checkpoints, temporary recovery outputs, and logs.",0.005,10,TRUE,TRUE
"RD_psych_bfi_auto__depth_bootstrap_full","RD_psych_bfi_auto","rdatasets_psych","https://vincentarelbundock.github.io/Rdatasets/csv/psych/bfi.csv","2026-06-16 15:52:34 -0400",NA,NA,"inline_depth_probe","__auto_numeric__","raw","auto_numeric_column; rdatasets_rows=2800; rdatasets_n_numeric=28; depth_probe=bootstrap_full","empirical_public",2800,1.04973248974259,0.783921404024825,"strictly_positive",28.7575,TRUE,NA,"Rdatasets public catalog: psych bfi - 25 Personality items representing 5 factors ; doc=https://vincentarelbundock.github.io/Rdatasets/doc/psych/bfi.html V5 secondary within-dataset depth probe; not independent N.","TAX-Q1R019","locked_unseen_similar",1,0.1,3,"upper_tail",300,300,"0.1|3|upper_tail","endogenous",3,500,500,"catoni_a0.05",0.160064764023246,0.602448222964863,NA,500,30,30,258,2542,"V5_audit_ready",TRUE,"Pre-registered empirical profile gate: bounded/proportion by hint/domain; zero-inflated/count by hint/domain; normal_like when abs(skew)<=0.50 and excess_kurtosis<=1.00; heavy_tail_symmetric when abs(skew)<=1.00 and excess_kurtosis>3.00; lognormal_like when skew>1.00 with positive support; weibull_like when skew>0.50 with positive support; otherwise empirical_unknown.","profile_preregistered",TRUE,"paired bootstrap aligned to the same reported gain statistic",TRUE,"Benjamini-Hochberg FDR is computed at dataset level on external_dataset_level_decisions.csv for primary eligible in-regime rows only. Primary alpha=0.05; secondary sensitivity alpha=0.1.","01_results_basic contains compact final results; 02_reports contains generated report files; 03_audit_ready contains full provenance, decisions, oracle audit, and split CSVs; 98_discarded_nonfinal is reserved for obsolete or nonfinal byproducts; 99_recovery_logs contains downloads, checkpoints, temporary recovery outputs, and logs.",0.005,10,TRUE,TRUE
"RD_psych_bfi_auto__depth_bootstrap_full","RD_psych_bfi_auto","rdatasets_psych","https://vincentarelbundock.github.io/Rdatasets/csv/psych/bfi.csv","2026-06-16 15:52:34 -0400",NA,NA,"inline_depth_probe","__auto_numeric__","raw","auto_numeric_column; rdatasets_rows=2800; rdatasets_n_numeric=28; depth_probe=bootstrap_full","empirical_public",2800,1.04973248974259,0.783921404024825,"strictly_positive",28.7575,TRUE,NA,"Rdatasets public catalog: psych bfi - 25 Personality items representing 5 factors ; doc=https://vincentarelbundock.github.io/Rdatasets/doc/psych/bfi.html V5 secondary within-dataset depth probe; not independent N.","TAX-Q1R019","locked_unseen_similar",2,0.1,3,"upper_tail",500,500,"0.1|3|upper_tail","endogenous",3,500,500,"catoni_a0.05",0.0950748958533946,0.3778972320113,NA,500,50,50,258,2542,"V5_audit_ready",TRUE,"Pre-registered empirical profile gate: bounded/proportion by hint/domain; zero-inflated/count by hint/domain; normal_like when abs(skew)<=0.50 and excess_kurtosis<=1.00; heavy_tail_symmetric when abs(skew)<=1.00 and excess_kurtosis>3.00; lognormal_like when skew>1.00 with positive support; weibull_like when skew>0.50 with positive support; otherwise empirical_unknown.","profile_preregistered",TRUE,"paired bootstrap aligned to the same reported gain statistic",TRUE,"Benjamini-Hochberg FDR is computed at dataset level on external_dataset_level_decisions.csv for primary eligible in-regime rows only. Primary alpha=0.05; secondary sensitivity alpha=0.1.","01_results_basic contains compact final results; 02_reports contains generated report files; 03_audit_ready contains full provenance, decisions, oracle audit, and split CSVs; 98_discarded_nonfinal is reserved for obsolete or nonfinal byproducts; 99_recovery_logs contains downloads, checkpoints, temporary recovery outputs, and logs.",0.005,10,TRUE,TRUE
"RD_psych_bfi_auto__depth_bootstrap_full","RD_psych_bfi_auto","rdatasets_psych","https://vincentarelbundock.github.io/Rdatasets/csv/psych/bfi.csv","2026-06-16 15:52:34 -0400",NA,NA,"inline_depth_probe","__auto_numeric__","raw","auto_numeric_column; rdatasets_rows=2800; rdatasets_n_numeric=28; depth_probe=bootstrap_full","empirical_public",2800,1.04973248974259,0.783921404024825,"strictly_positive",28.7575,TRUE,NA,"Rdatasets public catalog: psych bfi - 25 Personality items representing 5 factors ; doc=https://vincentarelbundock.github.io/Rdatasets/doc/psych/bfi.html V5 secondary within-dataset depth probe; not independent N.","TAX-Q1R019","locked_unseen_similar",3,0.1,3,"upper_tail",1000,1000,"0.1|3|upper_tail","endogenous",3,500,500,"catoni_a0.05",0.0402313154969642,0.156428089592335,NA,500,100,100,258,2542,"V5_audit_ready",TRUE,"Pre-registered empirical profile gate: bounded/proportion by hint/domain; zero-inflated/count by hint/domain; normal_like when abs(skew)<=0.50 and excess_kurtosis<=1.00; heavy_tail_symmetric when abs(skew)<=1.00 and excess_kurtosis>3.00; lognormal_like when skew>1.00 with positive support; weibull_like when skew>0.50 with positive support; otherwise empirical_unknown.","profile_preregistered",TRUE,"paired bootstrap aligned to the same reported gain statistic",TRUE,"Benjamini-Hochberg FDR is computed at dataset level on external_dataset_level_decisions.csv for primary eligible in-regime rows only. Primary alpha=0.05; secondary sensitivity alpha=0.1.","01_results_basic contains compact final results; 02_reports contains generated report files; 03_audit_ready contains full provenance, decisions, oracle audit, and split CSVs; 98_discarded_nonfinal is reserved for obsolete or nonfinal byproducts; 99_recovery_logs contains downloads, checkpoints, temporary recovery outputs, and logs.",0.005,10,TRUE,TRUE
"RD_psych_bfi_auto__depth_bootstrap_full","RD_psych_bfi_auto","rdatasets_psych","https://vincentarelbundock.github.io/Rdatasets/csv/psych/bfi.csv","2026-06-16 15:52:34 -0400",NA,NA,"inline_depth_probe","__auto_numeric__","raw","auto_numeric_column; rdatasets_rows=2800; rdatasets_n_numeric=28; depth_probe=bootstrap_full","empirical_public",2800,1.04973248974259,0.783921404024825,"strictly_positive",28.7575,TRUE,NA,"Rdatasets public catalog: psych bfi - 25 Personality items representing 5 factors ; doc=https://vincentarelbundock.github.io/Rdatasets/doc/psych/bfi.html V5 secondary within-dataset depth probe; not independent N.","TAX-Q1R019","locked_unseen_similar",1,0.1,3,"upper_tail",300,300,"0.1|3|upper_tail","endogenous",3,500,500,"catoni_a0.1",0.248704269230611,0.887264141793094,NA,500,30,30,258,2542,"V5_audit_ready",TRUE,"Pre-registered empirical profile gate: bounded/proportion by hint/domain; zero-inflated/count by hint/domain; normal_like when abs(skew)<=0.50 and excess_kurtosis<=1.00; heavy_tail_symmetric when abs(skew)<=1.00 and excess_kurtosis>3.00; lognormal_like when skew>1.00 with positive support; weibull_like when skew>0.50 with positive support; otherwise empirical_unknown.","profile_preregistered",TRUE,"paired bootstrap aligned to the same reported gain statistic",TRUE,"Benjamini-Hochberg FDR is computed at dataset level on external_dataset_level_decisions.csv for primary eligible in-regime rows only. Primary alpha=0.05; secondary sensitivity alpha=0.1.","01_results_basic contains compact final results; 02_reports contains generated report files; 03_audit_ready contains full provenance, decisions, oracle audit, and split CSVs; 98_discarded_nonfinal is reserved for obsolete or nonfinal byproducts; 99_recovery_logs contains downloads, checkpoints, temporary recovery outputs, and logs.",0.005,10,TRUE,TRUE
"RD_psych_bfi_auto__depth_bootstrap_full","RD_psych_bfi_auto","rdatasets_psych","https://vincentarelbundock.github.io/Rdatasets/csv/psych/bfi.csv","2026-06-16 15:52:34 -0400",NA,NA,"inline_depth_probe","__auto_numeric__","raw","auto_numeric_column; rdatasets_rows=2800; rdatasets_n_numeric=28; depth_probe=bootstrap_full","empirical_public",2800,1.04973248974259,0.783921404024825,"strictly_positive",28.7575,TRUE,NA,"Rdatasets public catalog: psych bfi - 25 Personality items representing 5 factors ; doc=https://vincentarelbundock.github.io/Rdatasets/doc/psych/bfi.html V5 secondary within-dataset depth probe; not independent N.","TAX-Q1R019","locked_unseen_similar",2,0.1,3,"upper_tail",500,500,"0.1|3|upper_tail","endogenous",3,500,500,"catoni_a0.1",0.173621033391948,0.698840584381684,NA,500,50,50,258,2542,"V5_audit_ready",TRUE,"Pre-registered empirical profile gate: bounded/proportion by hint/domain; zero-inflated/count by hint/domain; normal_like when abs(skew)<=0.50 and excess_kurtosis<=1.00; heavy_tail_symmetric when abs(skew)<=1.00 and excess_kurtosis>3.00; lognormal_like when skew>1.00 with positive support; weibull_like when skew>0.50 with positive support; otherwise empirical_unknown.","profile_preregistered",TRUE,"paired bootstrap aligned to the same reported gain statistic",TRUE,"Benjamini-Hochberg FDR is computed at dataset level on external_dataset_level_decisions.csv for primary eligible in-regime rows only. Primary alpha=0.05; secondary sensitivity alpha=0.1.","01_results_basic contains compact final results; 02_reports contains generated report files; 03_audit_ready contains full provenance, decisions, oracle audit, and split CSVs; 98_discarded_nonfinal is reserved for obsolete or nonfinal byproducts; 99_recovery_logs contains downloads, checkpoints, temporary recovery outputs, and logs.",0.005,10,TRUE,TRUE
"RD_psych_bfi_auto__depth_bootstrap_full","RD_psych_bfi_auto","rdatasets_psych","https://vincentarelbundock.github.io/Rdatasets/csv/psych/bfi.csv","2026-06-16 15:52:34 -0400",NA,NA,"inline_depth_probe","__auto_numeric__","raw","auto_numeric_column; rdatasets_rows=2800; rdatasets_n_numeric=28; depth_probe=bootstrap_full","empirical_public",2800,1.04973248974259,0.783921404024825,"strictly_positive",28.7575,TRUE,NA,"Rdatasets public catalog: psych bfi - 25 Personality items representing 5 factors ; doc=https://vincentarelbundock.github.io/Rdatasets/doc/psych/bfi.html V5 secondary within-dataset depth probe; not independent N.","TAX-Q1R019","locked_unseen_similar",3,0.1,3,"upper_tail",1000,1000,"0.1|3|upper_tail","endogenous",3,500,500,"catoni_a0.1",0.116428946357985,0.366240413690761,NA,500,100,100,258,2542,"V5_audit_ready",TRUE,"Pre-registered empirical profile gate: bounded/proportion by hint/domain; zero-inflated/count by hint/domain; normal_like when abs(skew)<=0.50 and excess_kurtosis<=1.00; heavy_tail_symmetric when abs(skew)<=1.00 and excess_kurtosis>3.00; lognormal_like when skew>1.00 with positive support; weibull_like when skew>0.50 with positive support; otherwise empirical_unknown.","profile_preregistered",TRUE,"paired bootstrap aligned to the same reported gain statistic",TRUE,"Benjamini-Hochberg FDR is computed at dataset level on external_dataset_level_decisions.csv for primary eligible in-regime rows only. Primary alpha=0.05; secondary sensitivity alpha=0.1.","01_results_basic contains compact final results; 02_reports contains generated report files; 03_audit_ready contains full provenance, decisions, oracle audit, and split CSVs; 98_discarded_nonfinal is reserved for obsolete or nonfinal byproducts; 99_recovery_logs contains downloads, checkpoints, temporary recovery outputs, and logs.",0.005,10,TRUE,TRUE
"RD_psych_bfi_auto__depth_bootstrap_full","RD_psych_bfi_auto","rdatasets_psych","https://vincentarelbundock.github.io/Rdatasets/csv/psych/bfi.csv","2026-06-16 15:52:34 -0400",NA,NA,"inline_depth_probe","__auto_numeric__","raw","auto_numeric_column; rdatasets_rows=2800; rdatasets_n_numeric=28; depth_probe=bootstrap_full","empirical_public",2800,1.04973248974259,0.783921404024825,"strictly_positive",28.7575,TRUE,NA,"Rdatasets public catalog: psych bfi - 25 Personality items representing 5 factors ; doc=https://vincentarelbundock.github.io/Rdatasets/doc/psych/bfi.html V5 secondary within-dataset depth probe; not independent N.","TAX-Q1R019","locked_unseen_similar",1,0.1,3,"upper_tail",300,300,"0.1|3|upper_tail","endogenous",3,500,500,"catoni_a0.2",0.598186277870364,1.74020384132453,NA,500,30,30,258,2542,"V5_audit_ready",TRUE,"Pre-registered empirical profile gate: bounded/proportion by hint/domain; zero-inflated/count by hint/domain; normal_like when abs(skew)<=0.50 and excess_kurtosis<=1.00; heavy_tail_symmetric when abs(skew)<=1.00 and excess_kurtosis>3.00; lognormal_like when skew>1.00 with positive support; weibull_like when skew>0.50 with positive support; otherwise empirical_unknown.","profile_preregistered",TRUE,"paired bootstrap aligned to the same reported gain statistic",TRUE,"Benjamini-Hochberg FDR is computed at dataset level on external_dataset_level_decisions.csv for primary eligible in-regime rows only. Primary alpha=0.05; secondary sensitivity alpha=0.1.","01_results_basic contains compact final results; 02_reports contains generated report files; 03_audit_ready contains full provenance, decisions, oracle audit, and split CSVs; 98_discarded_nonfinal is reserved for obsolete or nonfinal byproducts; 99_recovery_logs contains downloads, checkpoints, temporary recovery outputs, and logs.",0.005,10,TRUE,TRUE
"RD_psych_bfi_auto__depth_bootstrap_full","RD_psych_bfi_auto","rdatasets_psych","https://vincentarelbundock.github.io/Rdatasets/csv/psych/bfi.csv","2026-06-16 15:52:34 -0400",NA,NA,"inline_depth_probe","__auto_numeric__","raw","auto_numeric_column; rdatasets_rows=2800; rdatasets_n_numeric=28; depth_probe=bootstrap_full","empirical_public",2800,1.04973248974259,0.783921404024825,"strictly_positive",28.7575,TRUE,NA,"Rdatasets public catalog: psych bfi - 25 Personality items representing 5 factors ; doc=https://vincentarelbundock.github.io/Rdatasets/doc/psych/bfi.html V5 secondary within-dataset depth probe; not independent N.","TAX-Q1R019","locked_unseen_similar",2,0.1,3,"upper_tail",500,500,"0.1|3|upper_tail","endogenous",3,500,500,"catoni_a0.2",0.508437906154723,1.45520960213115,NA,500,50,50,258,2542,"V5_audit_ready",TRUE,"Pre-registered empirical profile gate: bounded/proportion by hint/domain; zero-inflated/count by hint/domain; normal_like when abs(skew)<=0.50 and excess_kurtosis<=1.00; heavy_tail_symmetric when abs(skew)<=1.00 and excess_kurtosis>3.00; lognormal_like when skew>1.00 with positive support; weibull_like when skew>0.50 with positive support; otherwise empirical_unknown.","profile_preregistered",TRUE,"paired bootstrap aligned to the same reported gain statistic",TRUE,"Benjamini-Hochberg FDR is computed at dataset level on external_dataset_level_decisions.csv for primary eligible in-regime rows only. Primary alpha=0.05; secondary sensitivity alpha=0.1.","01_results_basic contains compact final results; 02_reports contains generated report files; 03_audit_ready contains full provenance, decisions, oracle audit, and split CSVs; 98_discarded_nonfinal is reserved for obsolete or nonfinal byproducts; 99_recovery_logs contains downloads, checkpoints, temporary recovery outputs, and logs.",0.005,10,TRUE,TRUE
"RD_psych_bfi_auto__depth_bootstrap_full","RD_psych_bfi_auto","rdatasets_psych","https://vincentarelbundock.github.io/Rdatasets/csv/psych/bfi.csv","2026-06-16 15:52:34 -0400",NA,NA,"inline_depth_probe","__auto_numeric__","raw","auto_numeric_column; rdatasets_rows=2800; rdatasets_n_numeric=28; depth_probe=bootstrap_full","empirical_public",2800,1.04973248974259,0.783921404024825,"strictly_positive",28.7575,TRUE,NA,"Rdatasets public catalog: psych bfi - 25 Personality items representing 5 factors ; doc=https://vincentarelbundock.github.io/Rdatasets/doc/psych/bfi.html V5 secondary within-dataset depth probe; not independent N.","TAX-Q1R019","locked_unseen_similar",3,0.1,3,"upper_tail",1000,1000,"0.1|3|upper_tail","endogenous",3,500,500,"catoni_a0.2",0.448909470786784,0.976086191442438,NA,500,100,100,258,2542,"V5_audit_ready",TRUE,"Pre-registered empirical profile gate: bounded/proportion by hint/domain; zero-inflated/count by hint/domain; normal_like when abs(skew)<=0.50 and excess_kurtosis<=1.00; heavy_tail_symmetric when abs(skew)<=1.00 and excess_kurtosis>3.00; lognormal_like when skew>1.00 with positive support; weibull_like when skew>0.50 with positive support; otherwise empirical_unknown.","profile_preregistered",TRUE,"paired bootstrap aligned to the same reported gain statistic",TRUE,"Benjamini-Hochberg FDR is computed at dataset level on external_dataset_level_decisions.csv for primary eligible in-regime rows only. Primary alpha=0.05; secondary sensitivity alpha=0.1.","01_results_basic contains compact final results; 02_reports contains generated report files; 03_audit_ready contains full provenance, decisions, oracle audit, and split CSVs; 98_discarded_nonfinal is reserved for obsolete or nonfinal byproducts; 99_recovery_logs contains downloads, checkpoints, temporary recovery outputs, and logs.",0.005,10,TRUE,TRUE
"RD_psych_bfi_auto__depth_bootstrap_full","RD_psych_bfi_auto","rdatasets_psych","https://vincentarelbundock.github.io/Rdatasets/csv/psych/bfi.csv","2026-06-16 15:52:34 -0400",NA,NA,"inline_depth_probe","__auto_numeric__","raw","auto_numeric_column; rdatasets_rows=2800; rdatasets_n_numeric=28; depth_probe=bootstrap_full","empirical_public",2800,1.04973248974259,0.783921404024825,"strictly_positive",28.7575,TRUE,NA,"Rdatasets public catalog: psych bfi - 25 Personality items representing 5 factors ; doc=https://vincentarelbundock.github.io/Rdatasets/doc/psych/bfi.html V5 secondary within-dataset depth probe; not independent N.","TAX-Q1R019","locked_unseen_similar",1,0.1,3,"upper_tail",300,300,"0.1|3|upper_tail","endogenous",3,500,500,"catoni_a0.35",1.10672384622922,2.67679603390632,NA,500,30,30,258,2542,"V5_audit_ready",TRUE,"Pre-registered empirical profile gate: bounded/proportion by hint/domain; zero-inflated/count by hint/domain; normal_like when abs(skew)<=0.50 and excess_kurtosis<=1.00; heavy_tail_symmetric when abs(skew)<=1.00 and excess_kurtosis>3.00; lognormal_like when skew>1.00 with positive support; weibull_like when skew>0.50 with positive support; otherwise empirical_unknown.","profile_preregistered",TRUE,"paired bootstrap aligned to the same reported gain statistic",TRUE,"Benjamini-Hochberg FDR is computed at dataset level on external_dataset_level_decisions.csv for primary eligible in-regime rows only. Primary alpha=0.05; secondary sensitivity alpha=0.1.","01_results_basic contains compact final results; 02_reports contains generated report files; 03_audit_ready contains full provenance, decisions, oracle audit, and split CSVs; 98_discarded_nonfinal is reserved for obsolete or nonfinal byproducts; 99_recovery_logs contains downloads, checkpoints, temporary recovery outputs, and logs.",0.005,10,TRUE,TRUE
"RD_psych_bfi_auto__depth_bootstrap_full","RD_psych_bfi_auto","rdatasets_psych","https://vincentarelbundock.github.io/Rdatasets/csv/psych/bfi.csv","2026-06-16 15:52:34 -0400",NA,NA,"inline_depth_probe","__auto_numeric__","raw","auto_numeric_column; rdatasets_rows=2800; rdatasets_n_numeric=28; depth_probe=bootstrap_full","empirical_public",2800,1.04973248974259,0.783921404024825,"strictly_positive",28.7575,TRUE,NA,"Rdatasets public catalog: psych bfi - 25 Personality items representing 5 factors ; doc=https://vincentarelbundock.github.io/Rdatasets/doc/psych/bfi.html V5 secondary within-dataset depth probe; not independent N.","TAX-Q1R019","locked_unseen_similar",2,0.1,3,"upper_tail",500,500,"0.1|3|upper_tail","endogenous",3,500,500,"catoni_a0.35",1.00528793124853,2.34896282850265,NA,500,50,50,258,2542,"V5_audit_ready",TRUE,"Pre-registered empirical profile gate: bounded/proportion by hint/domain; zero-inflated/count by hint/domain; normal_like when abs(skew)<=0.50 and excess_kurtosis<=1.00; heavy_tail_symmetric when abs(skew)<=1.00 and excess_kurtosis>3.00; lognormal_like when skew>1.00 with positive support; weibull_like when skew>0.50 with positive support; otherwise empirical_unknown.","profile_preregistered",TRUE,"paired bootstrap aligned to the same reported gain statistic",TRUE,"Benjamini-Hochberg FDR is computed at dataset level on external_dataset_level_decisions.csv for primary eligible in-regime rows only. Primary alpha=0.05; secondary sensitivity alpha=0.1.","01_results_basic contains compact final results; 02_reports contains generated report files; 03_audit_ready contains full provenance, decisions, oracle audit, and split CSVs; 98_discarded_nonfinal is reserved for obsolete or nonfinal byproducts; 99_recovery_logs contains downloads, checkpoints, temporary recovery outputs, and logs.",0.005,10,TRUE,TRUE
"RD_psych_bfi_auto__depth_bootstrap_full","RD_psych_bfi_auto","rdatasets_psych","https://vincentarelbundock.github.io/Rdatasets/csv/psych/bfi.csv","2026-06-16 15:52:34 -0400",NA,NA,"inline_depth_probe","__auto_numeric__","raw","auto_numeric_column; rdatasets_rows=2800; rdatasets_n_numeric=28; depth_probe=bootstrap_full","empirical_public",2800,1.04973248974259,0.783921404024825,"strictly_positive",28.7575,TRUE,NA,"Rdatasets public catalog: psych bfi - 25 Personality items representing 5 factors ; doc=https://vincentarelbundock.github.io/Rdatasets/doc/psych/bfi.html V5 secondary within-dataset depth probe; not independent N.","TAX-Q1R019","locked_unseen_similar",3,0.1,3,"upper_tail",1000,1000,"0.1|3|upper_tail","endogenous",3,500,500,"catoni_a0.35",0.944287728657283,1.7459129162857,NA,500,100,100,258,2542,"V5_audit_ready",TRUE,"Pre-registered empirical profile gate: bounded/proportion by hint/domain; zero-inflated/count by hint/domain; normal_like when abs(skew)<=0.50 and excess_kurtosis<=1.00; heavy_tail_symmetric when abs(skew)<=1.00 and excess_kurtosis>3.00; lognormal_like when skew>1.00 with positive support; weibull_like when skew>0.50 with positive support; otherwise empirical_unknown.","profile_preregistered",TRUE,"paired bootstrap aligned to the same reported gain statistic",TRUE,"Benjamini-Hochberg FDR is computed at dataset level on external_dataset_level_decisions.csv for primary eligible in-regime rows only. Primary alpha=0.05; secondary sensitivity alpha=0.1.","01_results_basic contains compact final results; 02_reports contains generated report files; 03_audit_ready contains full provenance, decisions, oracle audit, and split CSVs; 98_discarded_nonfinal is reserved for obsolete or nonfinal byproducts; 99_recovery_logs contains downloads, checkpoints, temporary recovery outputs, and logs.",0.005,10,TRUE,TRUE
"RD_psych_bfi_auto__depth_bootstrap_full","RD_psych_bfi_auto","rdatasets_psych","https://vincentarelbundock.github.io/Rdatasets/csv/psych/bfi.csv","2026-06-16 15:52:34 -0400",NA,NA,"inline_depth_probe","__auto_numeric__","raw","auto_numeric_column; rdatasets_rows=2800; rdatasets_n_numeric=28; depth_probe=bootstrap_full","empirical_public",2800,1.04973248974259,0.783921404024825,"strictly_positive",28.7575,TRUE,NA,"Rdatasets public catalog: psych bfi - 25 Personality items representing 5 factors ; doc=https://vincentarelbundock.github.io/Rdatasets/doc/psych/bfi.html V5 secondary within-dataset depth probe; not independent N.","TAX-Q1R019","locked_unseen_similar",1,0.1,3,"upper_tail",300,300,"0.1|3|upper_tail","endogenous",3,500,500,"catoni_a0.5",1.50667197690938,3.3766639657588,NA,500,30,30,258,2542,"V5_audit_ready",TRUE,"Pre-registered empirical profile gate: bounded/proportion by hint/domain; zero-inflated/count by hint/domain; normal_like when abs(skew)<=0.50 and excess_kurtosis<=1.00; heavy_tail_symmetric when abs(skew)<=1.00 and excess_kurtosis>3.00; lognormal_like when skew>1.00 with positive support; weibull_like when skew>0.50 with positive support; otherwise empirical_unknown.","profile_preregistered",TRUE,"paired bootstrap aligned to the same reported gain statistic",TRUE,"Benjamini-Hochberg FDR is computed at dataset level on external_dataset_level_decisions.csv for primary eligible in-regime rows only. Primary alpha=0.05; secondary sensitivity alpha=0.1.","01_results_basic contains compact final results; 02_reports contains generated report files; 03_audit_ready contains full provenance, decisions, oracle audit, and split CSVs; 98_discarded_nonfinal is reserved for obsolete or nonfinal byproducts; 99_recovery_logs contains downloads, checkpoints, temporary recovery outputs, and logs.",0.005,10,TRUE,TRUE
"RD_psych_bfi_auto__depth_bootstrap_full","RD_psych_bfi_auto","rdatasets_psych","https://vincentarelbundock.github.io/Rdatasets/csv/psych/bfi.csv","2026-06-16 15:52:34 -0400",NA,NA,"inline_depth_probe","__auto_numeric__","raw","auto_numeric_column; rdatasets_rows=2800; rdatasets_n_numeric=28; depth_probe=bootstrap_full","empirical_public",2800,1.04973248974259,0.783921404024825,"strictly_positive",28.7575,TRUE,NA,"Rdatasets public catalog: psych bfi - 25 Personality items representing 5 factors ; doc=https://vincentarelbundock.github.io/Rdatasets/doc/psych/bfi.html V5 secondary within-dataset depth probe; not independent N.","TAX-Q1R019","locked_unseen_similar",2,0.1,3,"upper_tail",500,500,"0.1|3|upper_tail","endogenous",3,500,500,"catoni_a0.5",1.39898832292891,3.00934178821022,NA,500,50,50,258,2542,"V5_audit_ready",TRUE,"Pre-registered empirical profile gate: bounded/proportion by hint/domain; zero-inflated/count by hint/domain; normal_like when abs(skew)<=0.50 and excess_kurtosis<=1.00; heavy_tail_symmetric when abs(skew)<=1.00 and excess_kurtosis>3.00; lognormal_like when skew>1.00 with positive support; weibull_like when skew>0.50 with positive support; otherwise empirical_unknown.","profile_preregistered",TRUE,"paired bootstrap aligned to the same reported gain statistic",TRUE,"Benjamini-Hochberg FDR is computed at dataset level on external_dataset_level_decisions.csv for primary eligible in-regime rows only. Primary alpha=0.05; secondary sensitivity alpha=0.1.","01_results_basic contains compact final results; 02_reports contains generated report files; 03_audit_ready contains full provenance, decisions, oracle audit, and split CSVs; 98_discarded_nonfinal is reserved for obsolete or nonfinal byproducts; 99_recovery_logs contains downloads, checkpoints, temporary recovery outputs, and logs.",0.005,10,TRUE,TRUE
"RD_psych_bfi_auto__depth_bootstrap_full","RD_psych_bfi_auto","rdatasets_psych","https://vincentarelbundock.github.io/Rdatasets/csv/psych/bfi.csv","2026-06-16 15:52:34 -0400",NA,NA,"inline_depth_probe","__auto_numeric__","raw","auto_numeric_column; rdatasets_rows=2800; rdatasets_n_numeric=28; depth_probe=bootstrap_full","empirical_public",2800,1.04973248974259,0.783921404024825,"strictly_positive",28.7575,TRUE,NA,"Rdatasets public catalog: psych bfi - 25 Personality items representing 5 factors ; doc=https://vincentarelbundock.github.io/Rdatasets/doc/psych/bfi.html V5 secondary within-dataset depth probe; not independent N.","TAX-Q1R019","locked_unseen_similar",3,0.1,3,"upper_tail",1000,1000,"0.1|3|upper_tail","endogenous",3,500,500,"catoni_a0.5",1.3372208314602,2.29905586786715,NA,500,100,100,258,2542,"V5_audit_ready",TRUE,"Pre-registered empirical profile gate: bounded/proportion by hint/domain; zero-inflated/count by hint/domain; normal_like when abs(skew)<=0.50 and excess_kurtosis<=1.00; heavy_tail_symmetric when abs(skew)<=1.00 and excess_kurtosis>3.00; lognormal_like when skew>1.00 with positive support; weibull_like when skew>0.50 with positive support; otherwise empirical_unknown.","profile_preregistered",TRUE,"paired bootstrap aligned to the same reported gain statistic",TRUE,"Benjamini-Hochberg FDR is computed at dataset level on external_dataset_level_decisions.csv for primary eligible in-regime rows only. Primary alpha=0.05; secondary sensitivity alpha=0.1.","01_results_basic contains compact final results; 02_reports contains generated report files; 03_audit_ready contains full provenance, decisions, oracle audit, and split CSVs; 98_discarded_nonfinal is reserved for obsolete or nonfinal byproducts; 99_recovery_logs contains downloads, checkpoints, temporary recovery outputs, and logs.",0.005,10,TRUE,TRUE
"RD_psych_bfi_auto__depth_bootstrap_full","RD_psych_bfi_auto","rdatasets_psych","https://vincentarelbundock.github.io/Rdatasets/csv/psych/bfi.csv","2026-06-16 15:52:34 -0400",NA,NA,"inline_depth_probe","__auto_numeric__","raw","auto_numeric_column; rdatasets_rows=2800; rdatasets_n_numeric=28; depth_probe=bootstrap_full","empirical_public",2800,1.04973248974259,0.783921404024825,"strictly_positive",28.7575,TRUE,NA,"Rdatasets public catalog: psych bfi - 25 Personality items representing 5 factors ; doc=https://vincentarelbundock.github.io/Rdatasets/doc/psych/bfi.html V5 secondary within-dataset depth probe; not independent N.","TAX-Q1R019","locked_unseen_similar",1,0.1,3,"upper_tail",300,300,"0.1|3|upper_tail","endogenous",3,500,500,"equal_weight",3.34155311352923,6.05984354482993,NA,500,30,30,258,2542,"V5_audit_ready",TRUE,"Pre-registered empirical profile gate: bounded/proportion by hint/domain; zero-inflated/count by hint/domain; normal_like when abs(skew)<=0.50 and excess_kurtosis<=1.00; heavy_tail_symmetric when abs(skew)<=1.00 and excess_kurtosis>3.00; lognormal_like when skew>1.00 with positive support; weibull_like when skew>0.50 with positive support; otherwise empirical_unknown.","profile_preregistered",TRUE,"paired bootstrap aligned to the same reported gain statistic",TRUE,"Benjamini-Hochberg FDR is computed at dataset level on external_dataset_level_decisions.csv for primary eligible in-regime rows only. Primary alpha=0.05; secondary sensitivity alpha=0.1.","01_results_basic contains compact final results; 02_reports contains generated report files; 03_audit_ready contains full provenance, decisions, oracle audit, and split CSVs; 98_discarded_nonfinal is reserved for obsolete or nonfinal byproducts; 99_recovery_logs contains downloads, checkpoints, temporary recovery outputs, and logs.",0.005,10,TRUE,TRUE
"RD_psych_bfi_auto__depth_bootstrap_full","RD_psych_bfi_auto","rdatasets_psych","https://vincentarelbundock.github.io/Rdatasets/csv/psych/bfi.csv","2026-06-16 15:52:34 -0400",NA,NA,"inline_depth_probe","__auto_numeric__","raw","auto_numeric_column; rdatasets_rows=2800; rdatasets_n_numeric=28; depth_probe=bootstrap_full","empirical_public",2800,1.04973248974259,0.783921404024825,"strictly_positive",28.7575,TRUE,NA,"Rdatasets public catalog: psych bfi - 25 Personality items representing 5 factors ; doc=https://vincentarelbundock.github.io/Rdatasets/doc/psych/bfi.html V5 secondary within-dataset depth probe; not independent N.","TAX-Q1R019","locked_unseen_similar",2,0.1,3,"upper_tail",500,500,"0.1|3|upper_tail","endogenous",3,500,500,"equal_weight",3.24250429555775,5.34207390970827,NA,500,50,50,258,2542,"V5_audit_ready",TRUE,"Pre-registered empirical profile gate: bounded/proportion by hint/domain; zero-inflated/count by hint/domain; normal_like when abs(skew)<=0.50 and excess_kurtosis<=1.00; heavy_tail_symmetric when abs(skew)<=1.00 and excess_kurtosis>3.00; lognormal_like when skew>1.00 with positive support; weibull_like when skew>0.50 with positive support; otherwise empirical_unknown.","profile_preregistered",TRUE,"paired bootstrap aligned to the same reported gain statistic",TRUE,"Benjamini-Hochberg FDR is computed at dataset level on external_dataset_level_decisions.csv for primary eligible in-regime rows only. Primary alpha=0.05; secondary sensitivity alpha=0.1.","01_results_basic contains compact final results; 02_reports contains generated report files; 03_audit_ready contains full provenance, decisions, oracle audit, and split CSVs; 98_discarded_nonfinal is reserved for obsolete or nonfinal byproducts; 99_recovery_logs contains downloads, checkpoints, temporary recovery outputs, and logs.",0.005,10,TRUE,TRUE
"RD_psych_bfi_auto__depth_bootstrap_full","RD_psych_bfi_auto","rdatasets_psych","https://vincentarelbundock.github.io/Rdatasets/csv/psych/bfi.csv","2026-06-16 15:52:34 -0400",NA,NA,"inline_depth_probe","__auto_numeric__","raw","auto_numeric_column; rdatasets_rows=2800; rdatasets_n_numeric=28; depth_probe=bootstrap_full","empirical_public",2800,1.04973248974259,0.783921404024825,"strictly_positive",28.7575,TRUE,NA,"Rdatasets public catalog: psych bfi - 25 Personality items representing 5 factors ; doc=https://vincentarelbundock.github.io/Rdatasets/doc/psych/bfi.html V5 secondary within-dataset depth probe; not independent N.","TAX-Q1R019","locked_unseen_similar",3,0.1,3,"upper_tail",1000,1000,"0.1|3|upper_tail","endogenous",3,500,500,"equal_weight",3.28206194792806,4.65964122598603,NA,500,100,100,258,2542,"V5_audit_ready",TRUE,"Pre-registered empirical profile gate: bounded/proportion by hint/domain; zero-inflated/count by hint/domain; normal_like when abs(skew)<=0.50 and excess_kurtosis<=1.00; heavy_tail_symmetric when abs(skew)<=1.00 and excess_kurtosis>3.00; lognormal_like when skew>1.00 with positive support; weibull_like when skew>0.50 with positive support; otherwise empirical_unknown.","profile_preregistered",TRUE,"paired bootstrap aligned to the same reported gain statistic",TRUE,"Benjamini-Hochberg FDR is computed at dataset level on external_dataset_level_decisions.csv for primary eligible in-regime rows only. Primary alpha=0.05; secondary sensitivity alpha=0.1.","01_results_basic contains compact final results; 02_reports contains generated report files; 03_audit_ready contains full provenance, decisions, oracle audit, and split CSVs; 98_discarded_nonfinal is reserved for obsolete or nonfinal byproducts; 99_recovery_logs contains downloads, checkpoints, temporary recovery outputs, and logs.",0.005,10,TRUE,TRUE
"RD_psych_bfi_auto__depth_bootstrap_full","RD_psych_bfi_auto","rdatasets_psych","https://vincentarelbundock.github.io/Rdatasets/csv/psych/bfi.csv","2026-06-16 15:52:34 -0400",NA,NA,"inline_depth_probe","__auto_numeric__","raw","auto_numeric_column; rdatasets_rows=2800; rdatasets_n_numeric=28; depth_probe=bootstrap_full","empirical_public",2800,1.04973248974259,0.783921404024825,"strictly_positive",28.7575,TRUE,NA,"Rdatasets public catalog: psych bfi - 25 Personality items representing 5 factors ; doc=https://vincentarelbundock.github.io/Rdatasets/doc/psych/bfi.html V5 secondary within-dataset depth probe; not independent N.","TAX-Q1R019","locked_unseen_similar",1,0.1,3,"upper_tail",300,300,"0.1|3|upper_tail","endogenous",3,500,500,"ga_specialist",3.15324778712114,6.23399674507056,NA,500,30,30,258,2542,"V5_audit_ready",TRUE,"Pre-registered empirical profile gate: bounded/proportion by hint/domain; zero-inflated/count by hint/domain; normal_like when abs(skew)<=0.50 and excess_kurtosis<=1.00; heavy_tail_symmetric when abs(skew)<=1.00 and excess_kurtosis>3.00; lognormal_like when skew>1.00 with positive support; weibull_like when skew>0.50 with positive support; otherwise empirical_unknown.","profile_preregistered",TRUE,"paired bootstrap aligned to the same reported gain statistic",TRUE,"Benjamini-Hochberg FDR is computed at dataset level on external_dataset_level_decisions.csv for primary eligible in-regime rows only. Primary alpha=0.05; secondary sensitivity alpha=0.1.","01_results_basic contains compact final results; 02_reports contains generated report files; 03_audit_ready contains full provenance, decisions, oracle audit, and split CSVs; 98_discarded_nonfinal is reserved for obsolete or nonfinal byproducts; 99_recovery_logs contains downloads, checkpoints, temporary recovery outputs, and logs.",0.005,10,TRUE,TRUE
"RD_psych_bfi_auto__depth_bootstrap_full","RD_psych_bfi_auto","rdatasets_psych","https://vincentarelbundock.github.io/Rdatasets/csv/psych/bfi.csv","2026-06-16 15:52:34 -0400",NA,NA,"inline_depth_probe","__auto_numeric__","raw","auto_numeric_column; rdatasets_rows=2800; rdatasets_n_numeric=28; depth_probe=bootstrap_full","empirical_public",2800,1.04973248974259,0.783921404024825,"strictly_positive",28.7575,TRUE,NA,"Rdatasets public catalog: psych bfi - 25 Personality items representing 5 factors ; doc=https://vincentarelbundock.github.io/Rdatasets/doc/psych/bfi.html V5 secondary within-dataset depth probe; not independent N.","TAX-Q1R019","locked_unseen_similar",2,0.1,3,"upper_tail",500,500,"0.1|3|upper_tail","endogenous",3,500,500,"ga_specialist",3.03463273643414,5.86708036544562,NA,500,50,50,258,2542,"V5_audit_ready",TRUE,"Pre-registered empirical profile gate: bounded/proportion by hint/domain; zero-inflated/count by hint/domain; normal_like when abs(skew)<=0.50 and excess_kurtosis<=1.00; heavy_tail_symmetric when abs(skew)<=1.00 and excess_kurtosis>3.00; lognormal_like when skew>1.00 with positive support; weibull_like when skew>0.50 with positive support; otherwise empirical_unknown.","profile_preregistered",TRUE,"paired bootstrap aligned to the same reported gain statistic",TRUE,"Benjamini-Hochberg FDR is computed at dataset level on external_dataset_level_decisions.csv for primary eligible in-regime rows only. Primary alpha=0.05; secondary sensitivity alpha=0.1.","01_results_basic contains compact final results; 02_reports contains generated report files; 03_audit_ready contains full provenance, decisions, oracle audit, and split CSVs; 98_discarded_nonfinal is reserved for obsolete or nonfinal byproducts; 99_recovery_logs contains downloads, checkpoints, temporary recovery outputs, and logs.",0.005,10,TRUE,TRUE
"RD_psych_bfi_auto__depth_bootstrap_full","RD_psych_bfi_auto","rdatasets_psych","https://vincentarelbundock.github.io/Rdatasets/csv/psych/bfi.csv","2026-06-16 15:52:34 -0400",NA,NA,"inline_depth_probe","__auto_numeric__","raw","auto_numeric_column; rdatasets_rows=2800; rdatasets_n_numeric=28; depth_probe=bootstrap_full","empirical_public",2800,1.04973248974259,0.783921404024825,"strictly_positive",28.7575,TRUE,NA,"Rdatasets public catalog: psych bfi - 25 Personality items representing 5 factors ; doc=https://vincentarelbundock.github.io/Rdatasets/doc/psych/bfi.html V5 secondary within-dataset depth probe; not independent N.","TAX-Q1R019","locked_unseen_similar",3,0.1,3,"upper_tail",1000,1000,"0.1|3|upper_tail","endogenous",3,500,500,"ga_specialist",2.92065642040096,5.1566056612366,NA,500,100,100,258,2542,"V5_audit_ready",TRUE,"Pre-registered empirical profile gate: bounded/proportion by hint/domain; zero-inflated/count by hint/domain; normal_like when abs(skew)<=0.50 and excess_kurtosis<=1.00; heavy_tail_symmetric when abs(skew)<=1.00 and excess_kurtosis>3.00; lognormal_like when skew>1.00 with positive support; weibull_like when skew>0.50 with positive support; otherwise empirical_unknown.","profile_preregistered",TRUE,"paired bootstrap aligned to the same reported gain statistic",TRUE,"Benjamini-Hochberg FDR is computed at dataset level on external_dataset_level_decisions.csv for primary eligible in-regime rows only. Primary alpha=0.05; secondary sensitivity alpha=0.1.","01_results_basic contains compact final results; 02_reports contains generated report files; 03_audit_ready contains full provenance, decisions, oracle audit, and split CSVs; 98_discarded_nonfinal is reserved for obsolete or nonfinal byproducts; 99_recovery_logs contains downloads, checkpoints, temporary recovery outputs, and logs.",0.005,10,TRUE,TRUE
"RD_psych_bfi_auto__depth_bootstrap_full","RD_psych_bfi_auto","rdatasets_psych","https://vincentarelbundock.github.io/Rdatasets/csv/psych/bfi.csv","2026-06-16 15:52:34 -0400",NA,NA,"inline_depth_probe","__auto_numeric__","raw","auto_numeric_column; rdatasets_rows=2800; rdatasets_n_numeric=28; depth_probe=bootstrap_full","empirical_public",2800,1.04973248974259,0.783921404024825,"strictly_positive",28.7575,TRUE,NA,"Rdatasets public catalog: psych bfi - 25 Personality items representing 5 factors ; doc=https://vincentarelbundock.github.io/Rdatasets/doc/psych/bfi.html V5 secondary within-dataset depth probe; not independent N.","TAX-Q1R019","locked_unseen_similar",1,0.1,3,"upper_tail",300,300,"0.1|3|upper_tail","endogenous",3,500,500,"geometric",3.17907676252746,5.57067453112233,NA,500,30,30,258,2542,"V5_audit_ready",TRUE,"Pre-registered empirical profile gate: bounded/proportion by hint/domain; zero-inflated/count by hint/domain; normal_like when abs(skew)<=0.50 and excess_kurtosis<=1.00; heavy_tail_symmetric when abs(skew)<=1.00 and excess_kurtosis>3.00; lognormal_like when skew>1.00 with positive support; weibull_like when skew>0.50 with positive support; otherwise empirical_unknown.","profile_preregistered",TRUE,"paired bootstrap aligned to the same reported gain statistic",TRUE,"Benjamini-Hochberg FDR is computed at dataset level on external_dataset_level_decisions.csv for primary eligible in-regime rows only. Primary alpha=0.05; secondary sensitivity alpha=0.1.","01_results_basic contains compact final results; 02_reports contains generated report files; 03_audit_ready contains full provenance, decisions, oracle audit, and split CSVs; 98_discarded_nonfinal is reserved for obsolete or nonfinal byproducts; 99_recovery_logs contains downloads, checkpoints, temporary recovery outputs, and logs.",0.005,10,TRUE,TRUE
"RD_psych_bfi_auto__depth_bootstrap_full","RD_psych_bfi_auto","rdatasets_psych","https://vincentarelbundock.github.io/Rdatasets/csv/psych/bfi.csv","2026-06-16 15:52:34 -0400",NA,NA,"inline_depth_probe","__auto_numeric__","raw","auto_numeric_column; rdatasets_rows=2800; rdatasets_n_numeric=28; depth_probe=bootstrap_full","empirical_public",2800,1.04973248974259,0.783921404024825,"strictly_positive",28.7575,TRUE,NA,"Rdatasets public catalog: psych bfi - 25 Personality items representing 5 factors ; doc=https://vincentarelbundock.github.io/Rdatasets/doc/psych/bfi.html V5 secondary within-dataset depth probe; not independent N.","TAX-Q1R019","locked_unseen_similar",2,0.1,3,"upper_tail",500,500,"0.1|3|upper_tail","endogenous",3,500,500,"geometric",3.04802507834198,5.04843205451776,NA,500,50,50,258,2542,"V5_audit_ready",TRUE,"Pre-registered empirical profile gate: bounded/proportion by hint/domain; zero-inflated/count by hint/domain; normal_like when abs(skew)<=0.50 and excess_kurtosis<=1.00; heavy_tail_symmetric when abs(skew)<=1.00 and excess_kurtosis>3.00; lognormal_like when skew>1.00 with positive support; weibull_like when skew>0.50 with positive support; otherwise empirical_unknown.","profile_preregistered",TRUE,"paired bootstrap aligned to the same reported gain statistic",TRUE,"Benjamini-Hochberg FDR is computed at dataset level on external_dataset_level_decisions.csv for primary eligible in-regime rows only. Primary alpha=0.05; secondary sensitivity alpha=0.1.","01_results_basic contains compact final results; 02_reports contains generated report files; 03_audit_ready contains full provenance, decisions, oracle audit, and split CSVs; 98_discarded_nonfinal is reserved for obsolete or nonfinal byproducts; 99_recovery_logs contains downloads, checkpoints, temporary recovery outputs, and logs.",0.005,10,TRUE,TRUE
"RD_psych_bfi_auto__depth_bootstrap_full","RD_psych_bfi_auto","rdatasets_psych","https://vincentarelbundock.github.io/Rdatasets/csv/psych/bfi.csv","2026-06-16 15:52:34 -0400",NA,NA,"inline_depth_probe","__auto_numeric__","raw","auto_numeric_column; rdatasets_rows=2800; rdatasets_n_numeric=28; depth_probe=bootstrap_full","empirical_public",2800,1.04973248974259,0.783921404024825,"strictly_positive",28.7575,TRUE,NA,"Rdatasets public catalog: psych bfi - 25 Personality items representing 5 factors ; doc=https://vincentarelbundock.github.io/Rdatasets/doc/psych/bfi.html V5 secondary within-dataset depth probe; not independent N.","TAX-Q1R019","locked_unseen_similar",3,0.1,3,"upper_tail",1000,1000,"0.1|3|upper_tail","endogenous",3,500,500,"geometric",3.01658096506032,4.23595651816353,NA,500,100,100,258,2542,"V5_audit_ready",TRUE,"Pre-registered empirical profile gate: bounded/proportion by hint/domain; zero-inflated/count by hint/domain; normal_like when abs(skew)<=0.50 and excess_kurtosis<=1.00; heavy_tail_symmetric when abs(skew)<=1.00 and excess_kurtosis>3.00; lognormal_like when skew>1.00 with positive support; weibull_like when skew>0.50 with positive support; otherwise empirical_unknown.","profile_preregistered",TRUE,"paired bootstrap aligned to the same reported gain statistic",TRUE,"Benjamini-Hochberg FDR is computed at dataset level on external_dataset_level_decisions.csv for primary eligible in-regime rows only. Primary alpha=0.05; secondary sensitivity alpha=0.1.","01_results_basic contains compact final results; 02_reports contains generated report files; 03_audit_ready contains full provenance, decisions, oracle audit, and split CSVs; 98_discarded_nonfinal is reserved for obsolete or nonfinal byproducts; 99_recovery_logs contains downloads, checkpoints, temporary recovery outputs, and logs.",0.005,10,TRUE,TRUE
"RD_psych_bfi_auto__depth_bootstrap_full","RD_psych_bfi_auto","rdatasets_psych","https://vincentarelbundock.github.io/Rdatasets/csv/psych/bfi.csv","2026-06-16 15:52:34 -0400",NA,NA,"inline_depth_probe","__auto_numeric__","raw","auto_numeric_column; rdatasets_rows=2800; rdatasets_n_numeric=28; depth_probe=bootstrap_full","empirical_public",2800,1.04973248974259,0.783921404024825,"strictly_positive",28.7575,TRUE,NA,"Rdatasets public catalog: psych bfi - 25 Personality items representing 5 factors ; doc=https://vincentarelbundock.github.io/Rdatasets/doc/psych/bfi.html V5 secondary within-dataset depth probe; not independent N.","TAX-Q1R019","locked_unseen_similar",1,0.1,3,"upper_tail",300,300,"0.1|3|upper_tail","endogenous",3,500,500,"harmonic",12.3123868651379,17.6009210490539,NA,500,30,30,258,2542,"V5_audit_ready",TRUE,"Pre-registered empirical profile gate: bounded/proportion by hint/domain; zero-inflated/count by hint/domain; normal_like when abs(skew)<=0.50 and excess_kurtosis<=1.00; heavy_tail_symmetric when abs(skew)<=1.00 and excess_kurtosis>3.00; lognormal_like when skew>1.00 with positive support; weibull_like when skew>0.50 with positive support; otherwise empirical_unknown.","profile_preregistered",TRUE,"paired bootstrap aligned to the same reported gain statistic",TRUE,"Benjamini-Hochberg FDR is computed at dataset level on external_dataset_level_decisions.csv for primary eligible in-regime rows only. Primary alpha=0.05; secondary sensitivity alpha=0.1.","01_results_basic contains compact final results; 02_reports contains generated report files; 03_audit_ready contains full provenance, decisions, oracle audit, and split CSVs; 98_discarded_nonfinal is reserved for obsolete or nonfinal byproducts; 99_recovery_logs contains downloads, checkpoints, temporary recovery outputs, and logs.",0.005,10,TRUE,TRUE
"RD_psych_bfi_auto__depth_bootstrap_full","RD_psych_bfi_auto","rdatasets_psych","https://vincentarelbundock.github.io/Rdatasets/csv/psych/bfi.csv","2026-06-16 15:52:34 -0400",NA,NA,"inline_depth_probe","__auto_numeric__","raw","auto_numeric_column; rdatasets_rows=2800; rdatasets_n_numeric=28; depth_probe=bootstrap_full","empirical_public",2800,1.04973248974259,0.783921404024825,"strictly_positive",28.7575,TRUE,NA,"Rdatasets public catalog: psych bfi - 25 Personality items representing 5 factors ; doc=https://vincentarelbundock.github.io/Rdatasets/doc/psych/bfi.html V5 secondary within-dataset depth probe; not independent N.","TAX-Q1R019","locked_unseen_similar",2,0.1,3,"upper_tail",500,500,"0.1|3|upper_tail","endogenous",3,500,500,"harmonic",12.0839407355947,16.230761477596,NA,500,50,50,258,2542,"V5_audit_ready",TRUE,"Pre-registered empirical profile gate: bounded/proportion by hint/domain; zero-inflated/count by hint/domain; normal_like when abs(skew)<=0.50 and excess_kurtosis<=1.00; heavy_tail_symmetric when abs(skew)<=1.00 and excess_kurtosis>3.00; lognormal_like when skew>1.00 with positive support; weibull_like when skew>0.50 with positive support; otherwise empirical_unknown.","profile_preregistered",TRUE,"paired bootstrap aligned to the same reported gain statistic",TRUE,"Benjamini-Hochberg FDR is computed at dataset level on external_dataset_level_decisions.csv for primary eligible in-regime rows only. Primary alpha=0.05; secondary sensitivity alpha=0.1.","01_results_basic contains compact final results; 02_reports contains generated report files; 03_audit_ready contains full provenance, decisions, oracle audit, and split CSVs; 98_discarded_nonfinal is reserved for obsolete or nonfinal byproducts; 99_recovery_logs contains downloads, checkpoints, temporary recovery outputs, and logs.",0.005,10,TRUE,TRUE
"RD_psych_bfi_auto__depth_bootstrap_full","RD_psych_bfi_auto","rdatasets_psych","https://vincentarelbundock.github.io/Rdatasets/csv/psych/bfi.csv","2026-06-16 15:52:34 -0400",NA,NA,"inline_depth_probe","__auto_numeric__","raw","auto_numeric_column; rdatasets_rows=2800; rdatasets_n_numeric=28; depth_probe=bootstrap_full","empirical_public",2800,1.04973248974259,0.783921404024825,"strictly_positive",28.7575,TRUE,NA,"Rdatasets public catalog: psych bfi - 25 Personality items representing 5 factors ; doc=https://vincentarelbundock.github.io/Rdatasets/doc/psych/bfi.html V5 secondary within-dataset depth probe; not independent N.","TAX-Q1R019","locked_unseen_similar",3,0.1,3,"upper_tail",1000,1000,"0.1|3|upper_tail","endogenous",3,500,500,"harmonic",12.0731843095621,14.7497267635116,NA,500,100,100,258,2542,"V5_audit_ready",TRUE,"Pre-registered empirical profile gate: bounded/proportion by hint/domain; zero-inflated/count by hint/domain; normal_like when abs(skew)<=0.50 and excess_kurtosis<=1.00; heavy_tail_symmetric when abs(skew)<=1.00 and excess_kurtosis>3.00; lognormal_like when skew>1.00 with positive support; weibull_like when skew>0.50 with positive support; otherwise empirical_unknown.","profile_preregistered",TRUE,"paired bootstrap aligned to the same reported gain statistic",TRUE,"Benjamini-Hochberg FDR is computed at dataset level on external_dataset_level_decisions.csv for primary eligible in-regime rows only. Primary alpha=0.05; secondary sensitivity alpha=0.1.","01_results_basic contains compact final results; 02_reports contains generated report files; 03_audit_ready contains full provenance, decisions, oracle audit, and split CSVs; 98_discarded_nonfinal is reserved for obsolete or nonfinal byproducts; 99_recovery_logs contains downloads, checkpoints, temporary recovery outputs, and logs.",0.005,10,TRUE,TRUE
"RD_psych_bfi_auto__depth_bootstrap_full","RD_psych_bfi_auto","rdatasets_psych","https://vincentarelbundock.github.io/Rdatasets/csv/psych/bfi.csv","2026-06-16 15:52:34 -0400",NA,NA,"inline_depth_probe","__auto_numeric__","raw","auto_numeric_column; rdatasets_rows=2800; rdatasets_n_numeric=28; depth_probe=bootstrap_full","empirical_public",2800,1.04973248974259,0.783921404024825,"strictly_positive",28.7575,TRUE,NA,"Rdatasets public catalog: psych bfi - 25 Personality items representing 5 factors ; doc=https://vincentarelbundock.github.io/Rdatasets/doc/psych/bfi.html V5 secondary within-dataset depth probe; not independent N.","TAX-Q1R019","locked_unseen_similar",1,0.1,3,"upper_tail",300,300,"0.1|3|upper_tail","endogenous",3,500,500,"huber",0.957658487414163,2.82356670708084,NA,500,30,30,258,2542,"V5_audit_ready",TRUE,"Pre-registered empirical profile gate: bounded/proportion by hint/domain; zero-inflated/count by hint/domain; normal_like when abs(skew)<=0.50 and excess_kurtosis<=1.00; heavy_tail_symmetric when abs(skew)<=1.00 and excess_kurtosis>3.00; lognormal_like when skew>1.00 with positive support; weibull_like when skew>0.50 with positive support; otherwise empirical_unknown.","profile_preregistered",TRUE,"paired bootstrap aligned to the same reported gain statistic",TRUE,"Benjamini-Hochberg FDR is computed at dataset level on external_dataset_level_decisions.csv for primary eligible in-regime rows only. Primary alpha=0.05; secondary sensitivity alpha=0.1.","01_results_basic contains compact final results; 02_reports contains generated report files; 03_audit_ready contains full provenance, decisions, oracle audit, and split CSVs; 98_discarded_nonfinal is reserved for obsolete or nonfinal byproducts; 99_recovery_logs contains downloads, checkpoints, temporary recovery outputs, and logs.",0.005,10,TRUE,TRUE
"RD_psych_bfi_auto__depth_bootstrap_full","RD_psych_bfi_auto","rdatasets_psych","https://vincentarelbundock.github.io/Rdatasets/csv/psych/bfi.csv","2026-06-16 15:52:34 -0400",NA,NA,"inline_depth_probe","__auto_numeric__","raw","auto_numeric_column; rdatasets_rows=2800; rdatasets_n_numeric=28; depth_probe=bootstrap_full","empirical_public",2800,1.04973248974259,0.783921404024825,"strictly_positive",28.7575,TRUE,NA,"Rdatasets public catalog: psych bfi - 25 Personality items representing 5 factors ; doc=https://vincentarelbundock.github.io/Rdatasets/doc/psych/bfi.html V5 secondary within-dataset depth probe; not independent N.","TAX-Q1R019","locked_unseen_similar",2,0.1,3,"upper_tail",500,500,"0.1|3|upper_tail","endogenous",3,500,500,"huber",0.793535445073941,2.18636374586518,NA,500,50,50,258,2542,"V5_audit_ready",TRUE,"Pre-registered empirical profile gate: bounded/proportion by hint/domain; zero-inflated/count by hint/domain; normal_like when abs(skew)<=0.50 and excess_kurtosis<=1.00; heavy_tail_symmetric when abs(skew)<=1.00 and excess_kurtosis>3.00; lognormal_like when skew>1.00 with positive support; weibull_like when skew>0.50 with positive support; otherwise empirical_unknown.","profile_preregistered",TRUE,"paired bootstrap aligned to the same reported gain statistic",TRUE,"Benjamini-Hochberg FDR is computed at dataset level on external_dataset_level_decisions.csv for primary eligible in-regime rows only. Primary alpha=0.05; secondary sensitivity alpha=0.1.","01_results_basic contains compact final results; 02_reports contains generated report files; 03_audit_ready contains full provenance, decisions, oracle audit, and split CSVs; 98_discarded_nonfinal is reserved for obsolete or nonfinal byproducts; 99_recovery_logs contains downloads, checkpoints, temporary recovery outputs, and logs.",0.005,10,TRUE,TRUE
"RD_psych_bfi_auto__depth_bootstrap_full","RD_psych_bfi_auto","rdatasets_psych","https://vincentarelbundock.github.io/Rdatasets/csv/psych/bfi.csv","2026-06-16 15:52:34 -0400",NA,NA,"inline_depth_probe","__auto_numeric__","raw","auto_numeric_column; rdatasets_rows=2800; rdatasets_n_numeric=28; depth_probe=bootstrap_full","empirical_public",2800,1.04973248974259,0.783921404024825,"strictly_positive",28.7575,TRUE,NA,"Rdatasets public catalog: psych bfi - 25 Personality items representing 5 factors ; doc=https://vincentarelbundock.github.io/Rdatasets/doc/psych/bfi.html V5 secondary within-dataset depth probe; not independent N.","TAX-Q1R019","locked_unseen_similar",3,0.1,3,"upper_tail",1000,1000,"0.1|3|upper_tail","endogenous",3,500,500,"huber",0.655612065628937,1.49200800423678,NA,500,100,100,258,2542,"V5_audit_ready",TRUE,"Pre-registered empirical profile gate: bounded/proportion by hint/domain; zero-inflated/count by hint/domain; normal_like when abs(skew)<=0.50 and excess_kurtosis<=1.00; heavy_tail_symmetric when abs(skew)<=1.00 and excess_kurtosis>3.00; lognormal_like when skew>1.00 with positive support; weibull_like when skew>0.50 with positive support; otherwise empirical_unknown.","profile_preregistered",TRUE,"paired bootstrap aligned to the same reported gain statistic",TRUE,"Benjamini-Hochberg FDR is computed at dataset level on external_dataset_level_decisions.csv for primary eligible in-regime rows only. Primary alpha=0.05; secondary sensitivity alpha=0.1.","01_results_basic contains compact final results; 02_reports contains generated report files; 03_audit_ready contains full provenance, decisions, oracle audit, and split CSVs; 98_discarded_nonfinal is reserved for obsolete or nonfinal byproducts; 99_recovery_logs contains downloads, checkpoints, temporary recovery outputs, and logs.",0.005,10,TRUE,TRUE
"RD_psych_bfi_auto__depth_bootstrap_full","RD_psych_bfi_auto","rdatasets_psych","https://vincentarelbundock.github.io/Rdatasets/csv/psych/bfi.csv","2026-06-16 15:52:34 -0400",NA,NA,"inline_depth_probe","__auto_numeric__","raw","auto_numeric_column; rdatasets_rows=2800; rdatasets_n_numeric=28; depth_probe=bootstrap_full","empirical_public",2800,1.04973248974259,0.783921404024825,"strictly_positive",28.7575,TRUE,NA,"Rdatasets public catalog: psych bfi - 25 Personality items representing 5 factors ; doc=https://vincentarelbundock.github.io/Rdatasets/doc/psych/bfi.html V5 secondary within-dataset depth probe; not independent N.","TAX-Q1R019","locked_unseen_similar",1,0.1,3,"upper_tail",300,300,"0.1|3|upper_tail","endogenous",3,500,500,"huber_k0.75",5.28490423885247,9.59054995275277,NA,500,30,30,258,2542,"V5_audit_ready",TRUE,"Pre-registered empirical profile gate: bounded/proportion by hint/domain; zero-inflated/count by hint/domain; normal_like when abs(skew)<=0.50 and excess_kurtosis<=1.00; heavy_tail_symmetric when abs(skew)<=1.00 and excess_kurtosis>3.00; lognormal_like when skew>1.00 with positive support; weibull_like when skew>0.50 with positive support; otherwise empirical_unknown.","profile_preregistered",TRUE,"paired bootstrap aligned to the same reported gain statistic",TRUE,"Benjamini-Hochberg FDR is computed at dataset level on external_dataset_level_decisions.csv for primary eligible in-regime rows only. Primary alpha=0.05; secondary sensitivity alpha=0.1.","01_results_basic contains compact final results; 02_reports contains generated report files; 03_audit_ready contains full provenance, decisions, oracle audit, and split CSVs; 98_discarded_nonfinal is reserved for obsolete or nonfinal byproducts; 99_recovery_logs contains downloads, checkpoints, temporary recovery outputs, and logs.",0.005,10,TRUE,TRUE
"RD_psych_bfi_auto__depth_bootstrap_full","RD_psych_bfi_auto","rdatasets_psych","https://vincentarelbundock.github.io/Rdatasets/csv/psych/bfi.csv","2026-06-16 15:52:34 -0400",NA,NA,"inline_depth_probe","__auto_numeric__","raw","auto_numeric_column; rdatasets_rows=2800; rdatasets_n_numeric=28; depth_probe=bootstrap_full","empirical_public",2800,1.04973248974259,0.783921404024825,"strictly_positive",28.7575,TRUE,NA,"Rdatasets public catalog: psych bfi - 25 Personality items representing 5 factors ; doc=https://vincentarelbundock.github.io/Rdatasets/doc/psych/bfi.html V5 secondary within-dataset depth probe; not independent N.","TAX-Q1R019","locked_unseen_similar",2,0.1,3,"upper_tail",500,500,"0.1|3|upper_tail","endogenous",3,500,500,"huber_k0.75",5.20968896233822,8.61836063271613,NA,500,50,50,258,2542,"V5_audit_ready",TRUE,"Pre-registered empirical profile gate: bounded/proportion by hint/domain; zero-inflated/count by hint/domain; normal_like when abs(skew)<=0.50 and excess_kurtosis<=1.00; heavy_tail_symmetric when abs(skew)<=1.00 and excess_kurtosis>3.00; lognormal_like when skew>1.00 with positive support; weibull_like when skew>0.50 with positive support; otherwise empirical_unknown.","profile_preregistered",TRUE,"paired bootstrap aligned to the same reported gain statistic",TRUE,"Benjamini-Hochberg FDR is computed at dataset level on external_dataset_level_decisions.csv for primary eligible in-regime rows only. Primary alpha=0.05; secondary sensitivity alpha=0.1.","01_results_basic contains compact final results; 02_reports contains generated report files; 03_audit_ready contains full provenance, decisions, oracle audit, and split CSVs; 98_discarded_nonfinal is reserved for obsolete or nonfinal byproducts; 99_recovery_logs contains downloads, checkpoints, temporary recovery outputs, and logs.",0.005,10,TRUE,TRUE
"RD_psych_bfi_auto__depth_bootstrap_full","RD_psych_bfi_auto","rdatasets_psych","https://vincentarelbundock.github.io/Rdatasets/csv/psych/bfi.csv","2026-06-16 15:52:34 -0400",NA,NA,"inline_depth_probe","__auto_numeric__","raw","auto_numeric_column; rdatasets_rows=2800; rdatasets_n_numeric=28; depth_probe=bootstrap_full","empirical_public",2800,1.04973248974259,0.783921404024825,"strictly_positive",28.7575,TRUE,NA,"Rdatasets public catalog: psych bfi - 25 Personality items representing 5 factors ; doc=https://vincentarelbundock.github.io/Rdatasets/doc/psych/bfi.html V5 secondary within-dataset depth probe; not independent N.","TAX-Q1R019","locked_unseen_similar",3,0.1,3,"upper_tail",1000,1000,"0.1|3|upper_tail","endogenous",3,500,500,"huber_k0.75",5.223451257097,7.16095358830858,NA,500,100,100,258,2542,"V5_audit_ready",TRUE,"Pre-registered empirical profile gate: bounded/proportion by hint/domain; zero-inflated/count by hint/domain; normal_like when abs(skew)<=0.50 and excess_kurtosis<=1.00; heavy_tail_symmetric when abs(skew)<=1.00 and excess_kurtosis>3.00; lognormal_like when skew>1.00 with positive support; weibull_like when skew>0.50 with positive support; otherwise empirical_unknown.","profile_preregistered",TRUE,"paired bootstrap aligned to the same reported gain statistic",TRUE,"Benjamini-Hochberg FDR is computed at dataset level on external_dataset_level_decisions.csv for primary eligible in-regime rows only. Primary alpha=0.05; secondary sensitivity alpha=0.1.","01_results_basic contains compact final results; 02_reports contains generated report files; 03_audit_ready contains full provenance, decisions, oracle audit, and split CSVs; 98_discarded_nonfinal is reserved for obsolete or nonfinal byproducts; 99_recovery_logs contains downloads, checkpoints, temporary recovery outputs, and logs.",0.005,10,TRUE,TRUE
"RD_psych_bfi_auto__depth_bootstrap_full","RD_psych_bfi_auto","rdatasets_psych","https://vincentarelbundock.github.io/Rdatasets/csv/psych/bfi.csv","2026-06-16 15:52:34 -0400",NA,NA,"inline_depth_probe","__auto_numeric__","raw","auto_numeric_column; rdatasets_rows=2800; rdatasets_n_numeric=28; depth_probe=bootstrap_full","empirical_public",2800,1.04973248974259,0.783921404024825,"strictly_positive",28.7575,TRUE,NA,"Rdatasets public catalog: psych bfi - 25 Personality items representing 5 factors ; doc=https://vincentarelbundock.github.io/Rdatasets/doc/psych/bfi.html V5 secondary within-dataset depth probe; not independent N.","TAX-Q1R019","locked_unseen_similar",1,0.1,3,"upper_tail",300,300,"0.1|3|upper_tail","endogenous",3,500,500,"huber_k1",2.98507590639512,6.45130308615635,NA,500,30,30,258,2542,"V5_audit_ready",TRUE,"Pre-registered empirical profile gate: bounded/proportion by hint/domain; zero-inflated/count by hint/domain; normal_like when abs(skew)<=0.50 and excess_kurtosis<=1.00; heavy_tail_symmetric when abs(skew)<=1.00 and excess_kurtosis>3.00; lognormal_like when skew>1.00 with positive support; weibull_like when skew>0.50 with positive support; otherwise empirical_unknown.","profile_preregistered",TRUE,"paired bootstrap aligned to the same reported gain statistic",TRUE,"Benjamini-Hochberg FDR is computed at dataset level on external_dataset_level_decisions.csv for primary eligible in-regime rows only. Primary alpha=0.05; secondary sensitivity alpha=0.1.","01_results_basic contains compact final results; 02_reports contains generated report files; 03_audit_ready contains full provenance, decisions, oracle audit, and split CSVs; 98_discarded_nonfinal is reserved for obsolete or nonfinal byproducts; 99_recovery_logs contains downloads, checkpoints, temporary recovery outputs, and logs.",0.005,10,TRUE,TRUE
"RD_psych_bfi_auto__depth_bootstrap_full","RD_psych_bfi_auto","rdatasets_psych","https://vincentarelbundock.github.io/Rdatasets/csv/psych/bfi.csv","2026-06-16 15:52:34 -0400",NA,NA,"inline_depth_probe","__auto_numeric__","raw","auto_numeric_column; rdatasets_rows=2800; rdatasets_n_numeric=28; depth_probe=bootstrap_full","empirical_public",2800,1.04973248974259,0.783921404024825,"strictly_positive",28.7575,TRUE,NA,"Rdatasets public catalog: psych bfi - 25 Personality items representing 5 factors ; doc=https://vincentarelbundock.github.io/Rdatasets/doc/psych/bfi.html V5 secondary within-dataset depth probe; not independent N.","TAX-Q1R019","locked_unseen_similar",2,0.1,3,"upper_tail",500,500,"0.1|3|upper_tail","endogenous",3,500,500,"huber_k1",2.83176546923416,5.74070371857582,NA,500,50,50,258,2542,"V5_audit_ready",TRUE,"Pre-registered empirical profile gate: bounded/proportion by hint/domain; zero-inflated/count by hint/domain; normal_like when abs(skew)<=0.50 and excess_kurtosis<=1.00; heavy_tail_symmetric when abs(skew)<=1.00 and excess_kurtosis>3.00; lognormal_like when skew>1.00 with positive support; weibull_like when skew>0.50 with positive support; otherwise empirical_unknown.","profile_preregistered",TRUE,"paired bootstrap aligned to the same reported gain statistic",TRUE,"Benjamini-Hochberg FDR is computed at dataset level on external_dataset_level_decisions.csv for primary eligible in-regime rows only. Primary alpha=0.05; secondary sensitivity alpha=0.1.","01_results_basic contains compact final results; 02_reports contains generated report files; 03_audit_ready contains full provenance, decisions, oracle audit, and split CSVs; 98_discarded_nonfinal is reserved for obsolete or nonfinal byproducts; 99_recovery_logs contains downloads, checkpoints, temporary recovery outputs, and logs.",0.005,10,TRUE,TRUE
"RD_psych_bfi_auto__depth_bootstrap_full","RD_psych_bfi_auto","rdatasets_psych","https://vincentarelbundock.github.io/Rdatasets/csv/psych/bfi.csv","2026-06-16 15:52:34 -0400",NA,NA,"inline_depth_probe","__auto_numeric__","raw","auto_numeric_column; rdatasets_rows=2800; rdatasets_n_numeric=28; depth_probe=bootstrap_full","empirical_public",2800,1.04973248974259,0.783921404024825,"strictly_positive",28.7575,TRUE,NA,"Rdatasets public catalog: psych bfi - 25 Personality items representing 5 factors ; doc=https://vincentarelbundock.github.io/Rdatasets/doc/psych/bfi.html V5 secondary within-dataset depth probe; not independent N.","TAX-Q1R019","locked_unseen_similar",3,0.1,3,"upper_tail",1000,1000,"0.1|3|upper_tail","endogenous",3,500,500,"huber_k1",2.77838255037449,4.73919769294363,NA,500,100,100,258,2542,"V5_audit_ready",TRUE,"Pre-registered empirical profile gate: bounded/proportion by hint/domain; zero-inflated/count by hint/domain; normal_like when abs(skew)<=0.50 and excess_kurtosis<=1.00; heavy_tail_symmetric when abs(skew)<=1.00 and excess_kurtosis>3.00; lognormal_like when skew>1.00 with positive support; weibull_like when skew>0.50 with positive support; otherwise empirical_unknown.","profile_preregistered",TRUE,"paired bootstrap aligned to the same reported gain statistic",TRUE,"Benjamini-Hochberg FDR is computed at dataset level on external_dataset_level_decisions.csv for primary eligible in-regime rows only. Primary alpha=0.05; secondary sensitivity alpha=0.1.","01_results_basic contains compact final results; 02_reports contains generated report files; 03_audit_ready contains full provenance, decisions, oracle audit, and split CSVs; 98_discarded_nonfinal is reserved for obsolete or nonfinal byproducts; 99_recovery_logs contains downloads, checkpoints, temporary recovery outputs, and logs.",0.005,10,TRUE,TRUE
"RD_psych_bfi_auto__depth_bootstrap_full","RD_psych_bfi_auto","rdatasets_psych","https://vincentarelbundock.github.io/Rdatasets/csv/psych/bfi.csv","2026-06-16 15:52:34 -0400",NA,NA,"inline_depth_probe","__auto_numeric__","raw","auto_numeric_column; rdatasets_rows=2800; rdatasets_n_numeric=28; depth_probe=bootstrap_full","empirical_public",2800,1.04973248974259,0.783921404024825,"strictly_positive",28.7575,TRUE,NA,"Rdatasets public catalog: psych bfi - 25 Personality items representing 5 factors ; doc=https://vincentarelbundock.github.io/Rdatasets/doc/psych/bfi.html V5 secondary within-dataset depth probe; not independent N.","TAX-Q1R019","locked_unseen_similar",1,0.1,3,"upper_tail",300,300,"0.1|3|upper_tail","endogenous",3,500,500,"huber_k1.345",0.957658487414163,2.82356670708084,NA,500,30,30,258,2542,"V5_audit_ready",TRUE,"Pre-registered empirical profile gate: bounded/proportion by hint/domain; zero-inflated/count by hint/domain; normal_like when abs(skew)<=0.50 and excess_kurtosis<=1.00; heavy_tail_symmetric when abs(skew)<=1.00 and excess_kurtosis>3.00; lognormal_like when skew>1.00 with positive support; weibull_like when skew>0.50 with positive support; otherwise empirical_unknown.","profile_preregistered",TRUE,"paired bootstrap aligned to the same reported gain statistic",TRUE,"Benjamini-Hochberg FDR is computed at dataset level on external_dataset_level_decisions.csv for primary eligible in-regime rows only. Primary alpha=0.05; secondary sensitivity alpha=0.1.","01_results_basic contains compact final results; 02_reports contains generated report files; 03_audit_ready contains full provenance, decisions, oracle audit, and split CSVs; 98_discarded_nonfinal is reserved for obsolete or nonfinal byproducts; 99_recovery_logs contains downloads, checkpoints, temporary recovery outputs, and logs.",0.005,10,TRUE,TRUE
"RD_psych_bfi_auto__depth_bootstrap_full","RD_psych_bfi_auto","rdatasets_psych","https://vincentarelbundock.github.io/Rdatasets/csv/psych/bfi.csv","2026-06-16 15:52:34 -0400",NA,NA,"inline_depth_probe","__auto_numeric__","raw","auto_numeric_column; rdatasets_rows=2800; rdatasets_n_numeric=28; depth_probe=bootstrap_full","empirical_public",2800,1.04973248974259,0.783921404024825,"strictly_positive",28.7575,TRUE,NA,"Rdatasets public catalog: psych bfi - 25 Personality items representing 5 factors ; doc=https://vincentarelbundock.github.io/Rdatasets/doc/psych/bfi.html V5 secondary within-dataset depth probe; not independent N.","TAX-Q1R019","locked_unseen_similar",2,0.1,3,"upper_tail",500,500,"0.1|3|upper_tail","endogenous",3,500,500,"huber_k1.345",0.793535445073941,2.18636374586518,NA,500,50,50,258,2542,"V5_audit_ready",TRUE,"Pre-registered empirical profile gate: bounded/proportion by hint/domain; zero-inflated/count by hint/domain; normal_like when abs(skew)<=0.50 and excess_kurtosis<=1.00; heavy_tail_symmetric when abs(skew)<=1.00 and excess_kurtosis>3.00; lognormal_like when skew>1.00 with positive support; weibull_like when skew>0.50 with positive support; otherwise empirical_unknown.","profile_preregistered",TRUE,"paired bootstrap aligned to the same reported gain statistic",TRUE,"Benjamini-Hochberg FDR is computed at dataset level on external_dataset_level_decisions.csv for primary eligible in-regime rows only. Primary alpha=0.05; secondary sensitivity alpha=0.1.","01_results_basic contains compact final results; 02_reports contains generated report files; 03_audit_ready contains full provenance, decisions, oracle audit, and split CSVs; 98_discarded_nonfinal is reserved for obsolete or nonfinal byproducts; 99_recovery_logs contains downloads, checkpoints, temporary recovery outputs, and logs.",0.005,10,TRUE,TRUE
"RD_psych_bfi_auto__depth_bootstrap_full","RD_psych_bfi_auto","rdatasets_psych","https://vincentarelbundock.github.io/Rdatasets/csv/psych/bfi.csv","2026-06-16 15:52:34 -0400",NA,NA,"inline_depth_probe","__auto_numeric__","raw","auto_numeric_column; rdatasets_rows=2800; rdatasets_n_numeric=28; depth_probe=bootstrap_full","empirical_public",2800,1.04973248974259,0.783921404024825,"strictly_positive",28.7575,TRUE,NA,"Rdatasets public catalog: psych bfi - 25 Personality items representing 5 factors ; doc=https://vincentarelbundock.github.io/Rdatasets/doc/psych/bfi.html V5 secondary within-dataset depth probe; not independent N.","TAX-Q1R019","locked_unseen_similar",3,0.1,3,"upper_tail",1000,1000,"0.1|3|upper_tail","endogenous",3,500,500,"huber_k1.345",0.655612065628937,1.49200800423678,NA,500,100,100,258,2542,"V5_audit_ready",TRUE,"Pre-registered empirical profile gate: bounded/proportion by hint/domain; zero-inflated/count by hint/domain; normal_like when abs(skew)<=0.50 and excess_kurtosis<=1.00; heavy_tail_symmetric when abs(skew)<=1.00 and excess_kurtosis>3.00; lognormal_like when skew>1.00 with positive support; weibull_like when skew>0.50 with positive support; otherwise empirical_unknown.","profile_preregistered",TRUE,"paired bootstrap aligned to the same reported gain statistic",TRUE,"Benjamini-Hochberg FDR is computed at dataset level on external_dataset_level_decisions.csv for primary eligible in-regime rows only. Primary alpha=0.05; secondary sensitivity alpha=0.1.","01_results_basic contains compact final results; 02_reports contains generated report files; 03_audit_ready contains full provenance, decisions, oracle audit, and split CSVs; 98_discarded_nonfinal is reserved for obsolete or nonfinal byproducts; 99_recovery_logs contains downloads, checkpoints, temporary recovery outputs, and logs.",0.005,10,TRUE,TRUE
"RD_psych_bfi_auto__depth_bootstrap_full","RD_psych_bfi_auto","rdatasets_psych","https://vincentarelbundock.github.io/Rdatasets/csv/psych/bfi.csv","2026-06-16 15:52:34 -0400",NA,NA,"inline_depth_probe","__auto_numeric__","raw","auto_numeric_column; rdatasets_rows=2800; rdatasets_n_numeric=28; depth_probe=bootstrap_full","empirical_public",2800,1.04973248974259,0.783921404024825,"strictly_positive",28.7575,TRUE,NA,"Rdatasets public catalog: psych bfi - 25 Personality items representing 5 factors ; doc=https://vincentarelbundock.github.io/Rdatasets/doc/psych/bfi.html V5 secondary within-dataset depth probe; not independent N.","TAX-Q1R019","locked_unseen_similar",1,0.1,3,"upper_tail",300,300,"0.1|3|upper_tail","endogenous",3,500,500,"huber_k1.75",0.26297297114641,1.04262148626133,NA,500,30,30,258,2542,"V5_audit_ready",TRUE,"Pre-registered empirical profile gate: bounded/proportion by hint/domain; zero-inflated/count by hint/domain; normal_like when abs(skew)<=0.50 and excess_kurtosis<=1.00; heavy_tail_symmetric when abs(skew)<=1.00 and excess_kurtosis>3.00; lognormal_like when skew>1.00 with positive support; weibull_like when skew>0.50 with positive support; otherwise empirical_unknown.","profile_preregistered",TRUE,"paired bootstrap aligned to the same reported gain statistic",TRUE,"Benjamini-Hochberg FDR is computed at dataset level on external_dataset_level_decisions.csv for primary eligible in-regime rows only. Primary alpha=0.05; secondary sensitivity alpha=0.1.","01_results_basic contains compact final results; 02_reports contains generated report files; 03_audit_ready contains full provenance, decisions, oracle audit, and split CSVs; 98_discarded_nonfinal is reserved for obsolete or nonfinal byproducts; 99_recovery_logs contains downloads, checkpoints, temporary recovery outputs, and logs.",0.005,10,TRUE,TRUE
"RD_psych_bfi_auto__depth_bootstrap_full","RD_psych_bfi_auto","rdatasets_psych","https://vincentarelbundock.github.io/Rdatasets/csv/psych/bfi.csv","2026-06-16 15:52:34 -0400",NA,NA,"inline_depth_probe","__auto_numeric__","raw","auto_numeric_column; rdatasets_rows=2800; rdatasets_n_numeric=28; depth_probe=bootstrap_full","empirical_public",2800,1.04973248974259,0.783921404024825,"strictly_positive",28.7575,TRUE,NA,"Rdatasets public catalog: psych bfi - 25 Personality items representing 5 factors ; doc=https://vincentarelbundock.github.io/Rdatasets/doc/psych/bfi.html V5 secondary within-dataset depth probe; not independent N.","TAX-Q1R019","locked_unseen_similar",2,0.1,3,"upper_tail",500,500,"0.1|3|upper_tail","endogenous",3,500,500,"huber_k1.75",0.169415983651327,0.723790494191472,NA,500,50,50,258,2542,"V5_audit_ready",TRUE,"Pre-registered empirical profile gate: bounded/proportion by hint/domain; zero-inflated/count by hint/domain; normal_like when abs(skew)<=0.50 and excess_kurtosis<=1.00; heavy_tail_symmetric when abs(skew)<=1.00 and excess_kurtosis>3.00; lognormal_like when skew>1.00 with positive support; weibull_like when skew>0.50 with positive support; otherwise empirical_unknown.","profile_preregistered",TRUE,"paired bootstrap aligned to the same reported gain statistic",TRUE,"Benjamini-Hochberg FDR is computed at dataset level on external_dataset_level_decisions.csv for primary eligible in-regime rows only. Primary alpha=0.05; secondary sensitivity alpha=0.1.","01_results_basic contains compact final results; 02_reports contains generated report files; 03_audit_ready contains full provenance, decisions, oracle audit, and split CSVs; 98_discarded_nonfinal is reserved for obsolete or nonfinal byproducts; 99_recovery_logs contains downloads, checkpoints, temporary recovery outputs, and logs.",0.005,10,TRUE,TRUE
"RD_psych_bfi_auto__depth_bootstrap_full","RD_psych_bfi_auto","rdatasets_psych","https://vincentarelbundock.github.io/Rdatasets/csv/psych/bfi.csv","2026-06-16 15:52:34 -0400",NA,NA,"inline_depth_probe","__auto_numeric__","raw","auto_numeric_column; rdatasets_rows=2800; rdatasets_n_numeric=28; depth_probe=bootstrap_full","empirical_public",2800,1.04973248974259,0.783921404024825,"strictly_positive",28.7575,TRUE,NA,"Rdatasets public catalog: psych bfi - 25 Personality items representing 5 factors ; doc=https://vincentarelbundock.github.io/Rdatasets/doc/psych/bfi.html V5 secondary within-dataset depth probe; not independent N.","TAX-Q1R019","locked_unseen_similar",3,0.1,3,"upper_tail",1000,1000,"0.1|3|upper_tail","endogenous",3,500,500,"huber_k1.75",0.0931950154924894,0.320750252324596,NA,500,100,100,258,2542,"V5_audit_ready",TRUE,"Pre-registered empirical profile gate: bounded/proportion by hint/domain; zero-inflated/count by hint/domain; normal_like when abs(skew)<=0.50 and excess_kurtosis<=1.00; heavy_tail_symmetric when abs(skew)<=1.00 and excess_kurtosis>3.00; lognormal_like when skew>1.00 with positive support; weibull_like when skew>0.50 with positive support; otherwise empirical_unknown.","profile_preregistered",TRUE,"paired bootstrap aligned to the same reported gain statistic",TRUE,"Benjamini-Hochberg FDR is computed at dataset level on external_dataset_level_decisions.csv for primary eligible in-regime rows only. Primary alpha=0.05; secondary sensitivity alpha=0.1.","01_results_basic contains compact final results; 02_reports contains generated report files; 03_audit_ready contains full provenance, decisions, oracle audit, and split CSVs; 98_discarded_nonfinal is reserved for obsolete or nonfinal byproducts; 99_recovery_logs contains downloads, checkpoints, temporary recovery outputs, and logs.",0.005,10,TRUE,TRUE
"RD_psych_bfi_auto__depth_bootstrap_full","RD_psych_bfi_auto","rdatasets_psych","https://vincentarelbundock.github.io/Rdatasets/csv/psych/bfi.csv","2026-06-16 15:52:34 -0400",NA,NA,"inline_depth_probe","__auto_numeric__","raw","auto_numeric_column; rdatasets_rows=2800; rdatasets_n_numeric=28; depth_probe=bootstrap_full","empirical_public",2800,1.04973248974259,0.783921404024825,"strictly_positive",28.7575,TRUE,NA,"Rdatasets public catalog: psych bfi - 25 Personality items representing 5 factors ; doc=https://vincentarelbundock.github.io/Rdatasets/doc/psych/bfi.html V5 secondary within-dataset depth probe; not independent N.","TAX-Q1R019","locked_unseen_similar",1,0.1,3,"upper_tail",300,300,"0.1|3|upper_tail","endogenous",3,500,500,"huber_k2",0.184113078925575,0.666407543647295,NA,500,30,30,258,2542,"V5_audit_ready",TRUE,"Pre-registered empirical profile gate: bounded/proportion by hint/domain; zero-inflated/count by hint/domain; normal_like when abs(skew)<=0.50 and excess_kurtosis<=1.00; heavy_tail_symmetric when abs(skew)<=1.00 and excess_kurtosis>3.00; lognormal_like when skew>1.00 with positive support; weibull_like when skew>0.50 with positive support; otherwise empirical_unknown.","profile_preregistered",TRUE,"paired bootstrap aligned to the same reported gain statistic",TRUE,"Benjamini-Hochberg FDR is computed at dataset level on external_dataset_level_decisions.csv for primary eligible in-regime rows only. Primary alpha=0.05; secondary sensitivity alpha=0.1.","01_results_basic contains compact final results; 02_reports contains generated report files; 03_audit_ready contains full provenance, decisions, oracle audit, and split CSVs; 98_discarded_nonfinal is reserved for obsolete or nonfinal byproducts; 99_recovery_logs contains downloads, checkpoints, temporary recovery outputs, and logs.",0.005,10,TRUE,TRUE
"RD_psych_bfi_auto__depth_bootstrap_full","RD_psych_bfi_auto","rdatasets_psych","https://vincentarelbundock.github.io/Rdatasets/csv/psych/bfi.csv","2026-06-16 15:52:34 -0400",NA,NA,"inline_depth_probe","__auto_numeric__","raw","auto_numeric_column; rdatasets_rows=2800; rdatasets_n_numeric=28; depth_probe=bootstrap_full","empirical_public",2800,1.04973248974259,0.783921404024825,"strictly_positive",28.7575,TRUE,NA,"Rdatasets public catalog: psych bfi - 25 Personality items representing 5 factors ; doc=https://vincentarelbundock.github.io/Rdatasets/doc/psych/bfi.html V5 secondary within-dataset depth probe; not independent N.","TAX-Q1R019","locked_unseen_similar",2,0.1,3,"upper_tail",500,500,"0.1|3|upper_tail","endogenous",3,500,500,"huber_k2",0.109960328802042,0.428554572335506,NA,500,50,50,258,2542,"V5_audit_ready",TRUE,"Pre-registered empirical profile gate: bounded/proportion by hint/domain; zero-inflated/count by hint/domain; normal_like when abs(skew)<=0.50 and excess_kurtosis<=1.00; heavy_tail_symmetric when abs(skew)<=1.00 and excess_kurtosis>3.00; lognormal_like when skew>1.00 with positive support; weibull_like when skew>0.50 with positive support; otherwise empirical_unknown.","profile_preregistered",TRUE,"paired bootstrap aligned to the same reported gain statistic",TRUE,"Benjamini-Hochberg FDR is computed at dataset level on external_dataset_level_decisions.csv for primary eligible in-regime rows only. Primary alpha=0.05; secondary sensitivity alpha=0.1.","01_results_basic contains compact final results; 02_reports contains generated report files; 03_audit_ready contains full provenance, decisions, oracle audit, and split CSVs; 98_discarded_nonfinal is reserved for obsolete or nonfinal byproducts; 99_recovery_logs contains downloads, checkpoints, temporary recovery outputs, and logs.",0.005,10,TRUE,TRUE
"RD_psych_bfi_auto__depth_bootstrap_full","RD_psych_bfi_auto","rdatasets_psych","https://vincentarelbundock.github.io/Rdatasets/csv/psych/bfi.csv","2026-06-16 15:52:34 -0400",NA,NA,"inline_depth_probe","__auto_numeric__","raw","auto_numeric_column; rdatasets_rows=2800; rdatasets_n_numeric=28; depth_probe=bootstrap_full","empirical_public",2800,1.04973248974259,0.783921404024825,"strictly_positive",28.7575,TRUE,NA,"Rdatasets public catalog: psych bfi - 25 Personality items representing 5 factors ; doc=https://vincentarelbundock.github.io/Rdatasets/doc/psych/bfi.html V5 secondary within-dataset depth probe; not independent N.","TAX-Q1R019","locked_unseen_similar",3,0.1,3,"upper_tail",1000,1000,"0.1|3|upper_tail","endogenous",3,500,500,"huber_k2",0.045469931688096,0.169798818569531,NA,500,100,100,258,2542,"V5_audit_ready",TRUE,"Pre-registered empirical profile gate: bounded/proportion by hint/domain; zero-inflated/count by hint/domain; normal_like when abs(skew)<=0.50 and excess_kurtosis<=1.00; heavy_tail_symmetric when abs(skew)<=1.00 and excess_kurtosis>3.00; lognormal_like when skew>1.00 with positive support; weibull_like when skew>0.50 with positive support; otherwise empirical_unknown.","profile_preregistered",TRUE,"paired bootstrap aligned to the same reported gain statistic",TRUE,"Benjamini-Hochberg FDR is computed at dataset level on external_dataset_level_decisions.csv for primary eligible in-regime rows only. Primary alpha=0.05; secondary sensitivity alpha=0.1.","01_results_basic contains compact final results; 02_reports contains generated report files; 03_audit_ready contains full provenance, decisions, oracle audit, and split CSVs; 98_discarded_nonfinal is reserved for obsolete or nonfinal byproducts; 99_recovery_logs contains downloads, checkpoints, temporary recovery outputs, and logs.",0.005,10,TRUE,TRUE
"RD_psych_bfi_auto__depth_bootstrap_full","RD_psych_bfi_auto","rdatasets_psych","https://vincentarelbundock.github.io/Rdatasets/csv/psych/bfi.csv","2026-06-16 15:52:34 -0400",NA,NA,"inline_depth_probe","__auto_numeric__","raw","auto_numeric_column; rdatasets_rows=2800; rdatasets_n_numeric=28; depth_probe=bootstrap_full","empirical_public",2800,1.04973248974259,0.783921404024825,"strictly_positive",28.7575,TRUE,NA,"Rdatasets public catalog: psych bfi - 25 Personality items representing 5 factors ; doc=https://vincentarelbundock.github.io/Rdatasets/doc/psych/bfi.html V5 secondary within-dataset depth probe; not independent N.","TAX-Q1R019","locked_unseen_similar",1,0.1,3,"upper_tail",300,300,"0.1|3|upper_tail","endogenous",3,500,500,"mean",0.204863938888889,0.812141805555554,NA,500,30,30,258,2542,"V5_audit_ready",TRUE,"Pre-registered empirical profile gate: bounded/proportion by hint/domain; zero-inflated/count by hint/domain; normal_like when abs(skew)<=0.50 and excess_kurtosis<=1.00; heavy_tail_symmetric when abs(skew)<=1.00 and excess_kurtosis>3.00; lognormal_like when skew>1.00 with positive support; weibull_like when skew>0.50 with positive support; otherwise empirical_unknown.","profile_preregistered",TRUE,"paired bootstrap aligned to the same reported gain statistic",TRUE,"Benjamini-Hochberg FDR is computed at dataset level on external_dataset_level_decisions.csv for primary eligible in-regime rows only. Primary alpha=0.05; secondary sensitivity alpha=0.1.","01_results_basic contains compact final results; 02_reports contains generated report files; 03_audit_ready contains full provenance, decisions, oracle audit, and split CSVs; 98_discarded_nonfinal is reserved for obsolete or nonfinal byproducts; 99_recovery_logs contains downloads, checkpoints, temporary recovery outputs, and logs.",0.005,10,TRUE,TRUE
"RD_psych_bfi_auto__depth_bootstrap_full","RD_psych_bfi_auto","rdatasets_psych","https://vincentarelbundock.github.io/Rdatasets/csv/psych/bfi.csv","2026-06-16 15:52:34 -0400",NA,NA,"inline_depth_probe","__auto_numeric__","raw","auto_numeric_column; rdatasets_rows=2800; rdatasets_n_numeric=28; depth_probe=bootstrap_full","empirical_public",2800,1.04973248974259,0.783921404024825,"strictly_positive",28.7575,TRUE,NA,"Rdatasets public catalog: psych bfi - 25 Personality items representing 5 factors ; doc=https://vincentarelbundock.github.io/Rdatasets/doc/psych/bfi.html V5 secondary within-dataset depth probe; not independent N.","TAX-Q1R019","locked_unseen_similar",2,0.1,3,"upper_tail",500,500,"0.1|3|upper_tail","endogenous",3,500,500,"mean",0.146230882,0.55608305,NA,500,50,50,258,2542,"V5_audit_ready",TRUE,"Pre-registered empirical profile gate: bounded/proportion by hint/domain; zero-inflated/count by hint/domain; normal_like when abs(skew)<=0.50 and excess_kurtosis<=1.00; heavy_tail_symmetric when abs(skew)<=1.00 and excess_kurtosis>3.00; lognormal_like when skew>1.00 with positive support; weibull_like when skew>0.50 with positive support; otherwise empirical_unknown.","profile_preregistered",TRUE,"paired bootstrap aligned to the same reported gain statistic",TRUE,"Benjamini-Hochberg FDR is computed at dataset level on external_dataset_level_decisions.csv for primary eligible in-regime rows only. Primary alpha=0.05; secondary sensitivity alpha=0.1.","01_results_basic contains compact final results; 02_reports contains generated report files; 03_audit_ready contains full provenance, decisions, oracle audit, and split CSVs; 98_discarded_nonfinal is reserved for obsolete or nonfinal byproducts; 99_recovery_logs contains downloads, checkpoints, temporary recovery outputs, and logs.",0.005,10,TRUE,TRUE
"RD_psych_bfi_auto__depth_bootstrap_full","RD_psych_bfi_auto","rdatasets_psych","https://vincentarelbundock.github.io/Rdatasets/csv/psych/bfi.csv","2026-06-16 15:52:34 -0400",NA,NA,"inline_depth_probe","__auto_numeric__","raw","auto_numeric_column; rdatasets_rows=2800; rdatasets_n_numeric=28; depth_probe=bootstrap_full","empirical_public",2800,1.04973248974259,0.783921404024825,"strictly_positive",28.7575,TRUE,NA,"Rdatasets public catalog: psych bfi - 25 Personality items representing 5 factors ; doc=https://vincentarelbundock.github.io/Rdatasets/doc/psych/bfi.html V5 secondary within-dataset depth probe; not independent N.","TAX-Q1R019","locked_unseen_similar",3,0.1,3,"upper_tail",1000,1000,"0.1|3|upper_tail","endogenous",3,500,500,"mean",0.0939933459999998,0.30693875,NA,500,100,100,258,2542,"V5_audit_ready",TRUE,"Pre-registered empirical profile gate: bounded/proportion by hint/domain; zero-inflated/count by hint/domain; normal_like when abs(skew)<=0.50 and excess_kurtosis<=1.00; heavy_tail_symmetric when abs(skew)<=1.00 and excess_kurtosis>3.00; lognormal_like when skew>1.00 with positive support; weibull_like when skew>0.50 with positive support; otherwise empirical_unknown.","profile_preregistered",TRUE,"paired bootstrap aligned to the same reported gain statistic",TRUE,"Benjamini-Hochberg FDR is computed at dataset level on external_dataset_level_decisions.csv for primary eligible in-regime rows only. Primary alpha=0.05; secondary sensitivity alpha=0.1.","01_results_basic contains compact final results; 02_reports contains generated report files; 03_audit_ready contains full provenance, decisions, oracle audit, and split CSVs; 98_discarded_nonfinal is reserved for obsolete or nonfinal byproducts; 99_recovery_logs contains downloads, checkpoints, temporary recovery outputs, and logs.",0.005,10,TRUE,TRUE
"RD_psych_bfi_auto__depth_bootstrap_full","RD_psych_bfi_auto","rdatasets_psych","https://vincentarelbundock.github.io/Rdatasets/csv/psych/bfi.csv","2026-06-16 15:52:34 -0400",NA,NA,"inline_depth_probe","__auto_numeric__","raw","auto_numeric_column; rdatasets_rows=2800; rdatasets_n_numeric=28; depth_probe=bootstrap_full","empirical_public",2800,1.04973248974259,0.783921404024825,"strictly_positive",28.7575,TRUE,NA,"Rdatasets public catalog: psych bfi - 25 Personality items representing 5 factors ; doc=https://vincentarelbundock.github.io/Rdatasets/doc/psych/bfi.html V5 secondary within-dataset depth probe; not independent N.","TAX-Q1R019","locked_unseen_similar",1,0.1,3,"upper_tail",300,300,"0.1|3|upper_tail","endogenous",3,500,500,"median",8.34264625,14.11880625,NA,500,30,30,258,2542,"V5_audit_ready",TRUE,"Pre-registered empirical profile gate: bounded/proportion by hint/domain; zero-inflated/count by hint/domain; normal_like when abs(skew)<=0.50 and excess_kurtosis<=1.00; heavy_tail_symmetric when abs(skew)<=1.00 and excess_kurtosis>3.00; lognormal_like when skew>1.00 with positive support; weibull_like when skew>0.50 with positive support; otherwise empirical_unknown.","profile_preregistered",TRUE,"paired bootstrap aligned to the same reported gain statistic",TRUE,"Benjamini-Hochberg FDR is computed at dataset level on external_dataset_level_decisions.csv for primary eligible in-regime rows only. Primary alpha=0.05; secondary sensitivity alpha=0.1.","01_results_basic contains compact final results; 02_reports contains generated report files; 03_audit_ready contains full provenance, decisions, oracle audit, and split CSVs; 98_discarded_nonfinal is reserved for obsolete or nonfinal byproducts; 99_recovery_logs contains downloads, checkpoints, temporary recovery outputs, and logs.",0.005,10,TRUE,TRUE
"RD_psych_bfi_auto__depth_bootstrap_full","RD_psych_bfi_auto","rdatasets_psych","https://vincentarelbundock.github.io/Rdatasets/csv/psych/bfi.csv","2026-06-16 15:52:34 -0400",NA,NA,"inline_depth_probe","__auto_numeric__","raw","auto_numeric_column; rdatasets_rows=2800; rdatasets_n_numeric=28; depth_probe=bootstrap_full","empirical_public",2800,1.04973248974259,0.783921404024825,"strictly_positive",28.7575,TRUE,NA,"Rdatasets public catalog: psych bfi - 25 Personality items representing 5 factors ; doc=https://vincentarelbundock.github.io/Rdatasets/doc/psych/bfi.html V5 secondary within-dataset depth probe; not independent N.","TAX-Q1R019","locked_unseen_similar",2,0.1,3,"upper_tail",500,500,"0.1|3|upper_tail","endogenous",3,500,500,"median",8.23770625,14.11880625,NA,500,50,50,258,2542,"V5_audit_ready",TRUE,"Pre-registered empirical profile gate: bounded/proportion by hint/domain; zero-inflated/count by hint/domain; normal_like when abs(skew)<=0.50 and excess_kurtosis<=1.00; heavy_tail_symmetric when abs(skew)<=1.00 and excess_kurtosis>3.00; lognormal_like when skew>1.00 with positive support; weibull_like when skew>0.50 with positive support; otherwise empirical_unknown.","profile_preregistered",TRUE,"paired bootstrap aligned to the same reported gain statistic",TRUE,"Benjamini-Hochberg FDR is computed at dataset level on external_dataset_level_decisions.csv for primary eligible in-regime rows only. Primary alpha=0.05; secondary sensitivity alpha=0.1.","01_results_basic contains compact final results; 02_reports contains generated report files; 03_audit_ready contains full provenance, decisions, oracle audit, and split CSVs; 98_discarded_nonfinal is reserved for obsolete or nonfinal byproducts; 99_recovery_logs contains downloads, checkpoints, temporary recovery outputs, and logs.",0.005,10,TRUE,TRUE
"RD_psych_bfi_auto__depth_bootstrap_full","RD_psych_bfi_auto","rdatasets_psych","https://vincentarelbundock.github.io/Rdatasets/csv/psych/bfi.csv","2026-06-16 15:52:34 -0400",NA,NA,"inline_depth_probe","__auto_numeric__","raw","auto_numeric_column; rdatasets_rows=2800; rdatasets_n_numeric=28; depth_probe=bootstrap_full","empirical_public",2800,1.04973248974259,0.783921404024825,"strictly_positive",28.7575,TRUE,NA,"Rdatasets public catalog: psych bfi - 25 Personality items representing 5 factors ; doc=https://vincentarelbundock.github.io/Rdatasets/doc/psych/bfi.html V5 secondary within-dataset depth probe; not independent N.","TAX-Q1R019","locked_unseen_similar",3,0.1,3,"upper_tail",1000,1000,"0.1|3|upper_tail","endogenous",3,500,500,"median",7.95745125,14.11880625,NA,500,100,100,258,2542,"V5_audit_ready",TRUE,"Pre-registered empirical profile gate: bounded/proportion by hint/domain; zero-inflated/count by hint/domain; normal_like when abs(skew)<=0.50 and excess_kurtosis<=1.00; heavy_tail_symmetric when abs(skew)<=1.00 and excess_kurtosis>3.00; lognormal_like when skew>1.00 with positive support; weibull_like when skew>0.50 with positive support; otherwise empirical_unknown.","profile_preregistered",TRUE,"paired bootstrap aligned to the same reported gain statistic",TRUE,"Benjamini-Hochberg FDR is computed at dataset level on external_dataset_level_decisions.csv for primary eligible in-regime rows only. Primary alpha=0.05; secondary sensitivity alpha=0.1.","01_results_basic contains compact final results; 02_reports contains generated report files; 03_audit_ready contains full provenance, decisions, oracle audit, and split CSVs; 98_discarded_nonfinal is reserved for obsolete or nonfinal byproducts; 99_recovery_logs contains downloads, checkpoints, temporary recovery outputs, and logs.",0.005,10,TRUE,TRUE
"RD_psych_bfi_auto__depth_bootstrap_full","RD_psych_bfi_auto","rdatasets_psych","https://vincentarelbundock.github.io/Rdatasets/csv/psych/bfi.csv","2026-06-16 15:52:34 -0400",NA,NA,"inline_depth_probe","__auto_numeric__","raw","auto_numeric_column; rdatasets_rows=2800; rdatasets_n_numeric=28; depth_probe=bootstrap_full","empirical_public",2800,1.04973248974259,0.783921404024825,"strictly_positive",28.7575,TRUE,NA,"Rdatasets public catalog: psych bfi - 25 Personality items representing 5 factors ; doc=https://vincentarelbundock.github.io/Rdatasets/doc/psych/bfi.html V5 secondary within-dataset depth probe; not independent N.","TAX-Q1R019","locked_unseen_similar",1,0.1,3,"upper_tail",300,300,"0.1|3|upper_tail","endogenous",3,500,500,"mode_hsm",79.91905625,95.20880625,NA,500,30,30,258,2542,"V5_audit_ready",TRUE,"Pre-registered empirical profile gate: bounded/proportion by hint/domain; zero-inflated/count by hint/domain; normal_like when abs(skew)<=0.50 and excess_kurtosis<=1.00; heavy_tail_symmetric when abs(skew)<=1.00 and excess_kurtosis>3.00; lognormal_like when skew>1.00 with positive support; weibull_like when skew>0.50 with positive support; otherwise empirical_unknown.","profile_preregistered",TRUE,"paired bootstrap aligned to the same reported gain statistic",TRUE,"Benjamini-Hochberg FDR is computed at dataset level on external_dataset_level_decisions.csv for primary eligible in-regime rows only. Primary alpha=0.05; secondary sensitivity alpha=0.1.","01_results_basic contains compact final results; 02_reports contains generated report files; 03_audit_ready contains full provenance, decisions, oracle audit, and split CSVs; 98_discarded_nonfinal is reserved for obsolete or nonfinal byproducts; 99_recovery_logs contains downloads, checkpoints, temporary recovery outputs, and logs.",0.005,10,TRUE,TRUE
"RD_psych_bfi_auto__depth_bootstrap_full","RD_psych_bfi_auto","rdatasets_psych","https://vincentarelbundock.github.io/Rdatasets/csv/psych/bfi.csv","2026-06-16 15:52:34 -0400",NA,NA,"inline_depth_probe","__auto_numeric__","raw","auto_numeric_column; rdatasets_rows=2800; rdatasets_n_numeric=28; depth_probe=bootstrap_full","empirical_public",2800,1.04973248974259,0.783921404024825,"strictly_positive",28.7575,TRUE,NA,"Rdatasets public catalog: psych bfi - 25 Personality items representing 5 factors ; doc=https://vincentarelbundock.github.io/Rdatasets/doc/psych/bfi.html V5 secondary within-dataset depth probe; not independent N.","TAX-Q1R019","locked_unseen_similar",2,0.1,3,"upper_tail",500,500,"0.1|3|upper_tail","endogenous",3,500,500,"mode_hsm",78.91041125,95.20880625,NA,500,50,50,258,2542,"V5_audit_ready",TRUE,"Pre-registered empirical profile gate: bounded/proportion by hint/domain; zero-inflated/count by hint/domain; normal_like when abs(skew)<=0.50 and excess_kurtosis<=1.00; heavy_tail_symmetric when abs(skew)<=1.00 and excess_kurtosis>3.00; lognormal_like when skew>1.00 with positive support; weibull_like when skew>0.50 with positive support; otherwise empirical_unknown.","profile_preregistered",TRUE,"paired bootstrap aligned to the same reported gain statistic",TRUE,"Benjamini-Hochberg FDR is computed at dataset level on external_dataset_level_decisions.csv for primary eligible in-regime rows only. Primary alpha=0.05; secondary sensitivity alpha=0.1.","01_results_basic contains compact final results; 02_reports contains generated report files; 03_audit_ready contains full provenance, decisions, oracle audit, and split CSVs; 98_discarded_nonfinal is reserved for obsolete or nonfinal byproducts; 99_recovery_logs contains downloads, checkpoints, temporary recovery outputs, and logs.",0.005,10,TRUE,TRUE
"RD_psych_bfi_auto__depth_bootstrap_full","RD_psych_bfi_auto","rdatasets_psych","https://vincentarelbundock.github.io/Rdatasets/csv/psych/bfi.csv","2026-06-16 15:52:34 -0400",NA,NA,"inline_depth_probe","__auto_numeric__","raw","auto_numeric_column; rdatasets_rows=2800; rdatasets_n_numeric=28; depth_probe=bootstrap_full","empirical_public",2800,1.04973248974259,0.783921404024825,"strictly_positive",28.7575,TRUE,NA,"Rdatasets public catalog: psych bfi - 25 Personality items representing 5 factors ; doc=https://vincentarelbundock.github.io/Rdatasets/doc/psych/bfi.html V5 secondary within-dataset depth probe; not independent N.","TAX-Q1R019","locked_unseen_similar",3,0.1,3,"upper_tail",1000,1000,"0.1|3|upper_tail","endogenous",3,500,500,"mode_hsm",81.53570625,95.20880625,NA,500,100,100,258,2542,"V5_audit_ready",TRUE,"Pre-registered empirical profile gate: bounded/proportion by hint/domain; zero-inflated/count by hint/domain; normal_like when abs(skew)<=0.50 and excess_kurtosis<=1.00; heavy_tail_symmetric when abs(skew)<=1.00 and excess_kurtosis>3.00; lognormal_like when skew>1.00 with positive support; weibull_like when skew>0.50 with positive support; otherwise empirical_unknown.","profile_preregistered",TRUE,"paired bootstrap aligned to the same reported gain statistic",TRUE,"Benjamini-Hochberg FDR is computed at dataset level on external_dataset_level_decisions.csv for primary eligible in-regime rows only. Primary alpha=0.05; secondary sensitivity alpha=0.1.","01_results_basic contains compact final results; 02_reports contains generated report files; 03_audit_ready contains full provenance, decisions, oracle audit, and split CSVs; 98_discarded_nonfinal is reserved for obsolete or nonfinal byproducts; 99_recovery_logs contains downloads, checkpoints, temporary recovery outputs, and logs.",0.005,10,TRUE,TRUE
"RD_psych_bfi_auto__depth_bootstrap_full","RD_psych_bfi_auto","rdatasets_psych","https://vincentarelbundock.github.io/Rdatasets/csv/psych/bfi.csv","2026-06-16 15:52:34 -0400",NA,NA,"inline_depth_probe","__auto_numeric__","raw","auto_numeric_column; rdatasets_rows=2800; rdatasets_n_numeric=28; depth_probe=bootstrap_full","empirical_public",2800,1.04973248974259,0.783921404024825,"strictly_positive",28.7575,TRUE,NA,"Rdatasets public catalog: psych bfi - 25 Personality items representing 5 factors ; doc=https://vincentarelbundock.github.io/Rdatasets/doc/psych/bfi.html V5 secondary within-dataset depth probe; not independent N.","TAX-Q1R019","locked_unseen_similar",1,0.1,3,"upper_tail",300,300,"0.1|3|upper_tail","endogenous",3,500,500,"mode_parzen",59.1345371682319,71.6640256894079,NA,500,30,30,258,2542,"V5_audit_ready",TRUE,"Pre-registered empirical profile gate: bounded/proportion by hint/domain; zero-inflated/count by hint/domain; normal_like when abs(skew)<=0.50 and excess_kurtosis<=1.00; heavy_tail_symmetric when abs(skew)<=1.00 and excess_kurtosis>3.00; lognormal_like when skew>1.00 with positive support; weibull_like when skew>0.50 with positive support; otherwise empirical_unknown.","profile_preregistered",TRUE,"paired bootstrap aligned to the same reported gain statistic",TRUE,"Benjamini-Hochberg FDR is computed at dataset level on external_dataset_level_decisions.csv for primary eligible in-regime rows only. Primary alpha=0.05; secondary sensitivity alpha=0.1.","01_results_basic contains compact final results; 02_reports contains generated report files; 03_audit_ready contains full provenance, decisions, oracle audit, and split CSVs; 98_discarded_nonfinal is reserved for obsolete or nonfinal byproducts; 99_recovery_logs contains downloads, checkpoints, temporary recovery outputs, and logs.",0.005,10,TRUE,TRUE
"RD_psych_bfi_auto__depth_bootstrap_full","RD_psych_bfi_auto","rdatasets_psych","https://vincentarelbundock.github.io/Rdatasets/csv/psych/bfi.csv","2026-06-16 15:52:34 -0400",NA,NA,"inline_depth_probe","__auto_numeric__","raw","auto_numeric_column; rdatasets_rows=2800; rdatasets_n_numeric=28; depth_probe=bootstrap_full","empirical_public",2800,1.04973248974259,0.783921404024825,"strictly_positive",28.7575,TRUE,NA,"Rdatasets public catalog: psych bfi - 25 Personality items representing 5 factors ; doc=https://vincentarelbundock.github.io/Rdatasets/doc/psych/bfi.html V5 secondary within-dataset depth probe; not independent N.","TAX-Q1R019","locked_unseen_similar",2,0.1,3,"upper_tail",500,500,"0.1|3|upper_tail","endogenous",3,500,500,"mode_parzen",62.2940588180609,71.2612225985872,NA,500,50,50,258,2542,"V5_audit_ready",TRUE,"Pre-registered empirical profile gate: bounded/proportion by hint/domain; zero-inflated/count by hint/domain; normal_like when abs(skew)<=0.50 and excess_kurtosis<=1.00; heavy_tail_symmetric when abs(skew)<=1.00 and excess_kurtosis>3.00; lognormal_like when skew>1.00 with positive support; weibull_like when skew>0.50 with positive support; otherwise empirical_unknown.","profile_preregistered",TRUE,"paired bootstrap aligned to the same reported gain statistic",TRUE,"Benjamini-Hochberg FDR is computed at dataset level on external_dataset_level_decisions.csv for primary eligible in-regime rows only. Primary alpha=0.05; secondary sensitivity alpha=0.1.","01_results_basic contains compact final results; 02_reports contains generated report files; 03_audit_ready contains full provenance, decisions, oracle audit, and split CSVs; 98_discarded_nonfinal is reserved for obsolete or nonfinal byproducts; 99_recovery_logs contains downloads, checkpoints, temporary recovery outputs, and logs.",0.005,10,TRUE,TRUE
"RD_psych_bfi_auto__depth_bootstrap_full","RD_psych_bfi_auto","rdatasets_psych","https://vincentarelbundock.github.io/Rdatasets/csv/psych/bfi.csv","2026-06-16 15:52:34 -0400",NA,NA,"inline_depth_probe","__auto_numeric__","raw","auto_numeric_column; rdatasets_rows=2800; rdatasets_n_numeric=28; depth_probe=bootstrap_full","empirical_public",2800,1.04973248974259,0.783921404024825,"strictly_positive",28.7575,TRUE,NA,"Rdatasets public catalog: psych bfi - 25 Personality items representing 5 factors ; doc=https://vincentarelbundock.github.io/Rdatasets/doc/psych/bfi.html V5 secondary within-dataset depth probe; not independent N.","TAX-Q1R019","locked_unseen_similar",3,0.1,3,"upper_tail",1000,1000,"0.1|3|upper_tail","endogenous",3,500,500,"mode_parzen",67.6972882554498,73.5743038695843,NA,500,100,100,258,2542,"V5_audit_ready",TRUE,"Pre-registered empirical profile gate: bounded/proportion by hint/domain; zero-inflated/count by hint/domain; normal_like when abs(skew)<=0.50 and excess_kurtosis<=1.00; heavy_tail_symmetric when abs(skew)<=1.00 and excess_kurtosis>3.00; lognormal_like when skew>1.00 with positive support; weibull_like when skew>0.50 with positive support; otherwise empirical_unknown.","profile_preregistered",TRUE,"paired bootstrap aligned to the same reported gain statistic",TRUE,"Benjamini-Hochberg FDR is computed at dataset level on external_dataset_level_decisions.csv for primary eligible in-regime rows only. Primary alpha=0.05; secondary sensitivity alpha=0.1.","01_results_basic contains compact final results; 02_reports contains generated report files; 03_audit_ready contains full provenance, decisions, oracle audit, and split CSVs; 98_discarded_nonfinal is reserved for obsolete or nonfinal byproducts; 99_recovery_logs contains downloads, checkpoints, temporary recovery outputs, and logs.",0.005,10,TRUE,TRUE
"RD_psych_bfi_auto__depth_bootstrap_full","RD_psych_bfi_auto","rdatasets_psych","https://vincentarelbundock.github.io/Rdatasets/csv/psych/bfi.csv","2026-06-16 15:52:34 -0400",NA,NA,"inline_depth_probe","__auto_numeric__","raw","auto_numeric_column; rdatasets_rows=2800; rdatasets_n_numeric=28; depth_probe=bootstrap_full","empirical_public",2800,1.04973248974259,0.783921404024825,"strictly_positive",28.7575,TRUE,NA,"Rdatasets public catalog: psych bfi - 25 Personality items representing 5 factors ; doc=https://vincentarelbundock.github.io/Rdatasets/doc/psych/bfi.html V5 secondary within-dataset depth probe; not independent N.","TAX-Q1R019","locked_unseen_similar",1,0.1,3,"upper_tail",300,300,"0.1|3|upper_tail","endogenous",3,500,500,"mom_k10",5.66826952777778,9.76041736111112,NA,500,30,30,258,2542,"V5_audit_ready",TRUE,"Pre-registered empirical profile gate: bounded/proportion by hint/domain; zero-inflated/count by hint/domain; normal_like when abs(skew)<=0.50 and excess_kurtosis<=1.00; heavy_tail_symmetric when abs(skew)<=1.00 and excess_kurtosis>3.00; lognormal_like when skew>1.00 with positive support; weibull_like when skew>0.50 with positive support; otherwise empirical_unknown.","profile_preregistered",TRUE,"paired bootstrap aligned to the same reported gain statistic",TRUE,"Benjamini-Hochberg FDR is computed at dataset level on external_dataset_level_decisions.csv for primary eligible in-regime rows only. Primary alpha=0.05; secondary sensitivity alpha=0.1.","01_results_basic contains compact final results; 02_reports contains generated report files; 03_audit_ready contains full provenance, decisions, oracle audit, and split CSVs; 98_discarded_nonfinal is reserved for obsolete or nonfinal byproducts; 99_recovery_logs contains downloads, checkpoints, temporary recovery outputs, and logs.",0.005,10,TRUE,TRUE
"RD_psych_bfi_auto__depth_bootstrap_full","RD_psych_bfi_auto","rdatasets_psych","https://vincentarelbundock.github.io/Rdatasets/csv/psych/bfi.csv","2026-06-16 15:52:34 -0400",NA,NA,"inline_depth_probe","__auto_numeric__","raw","auto_numeric_column; rdatasets_rows=2800; rdatasets_n_numeric=28; depth_probe=bootstrap_full","empirical_public",2800,1.04973248974259,0.783921404024825,"strictly_positive",28.7575,TRUE,NA,"Rdatasets public catalog: psych bfi - 25 Personality items representing 5 factors ; doc=https://vincentarelbundock.github.io/Rdatasets/doc/psych/bfi.html V5 secondary within-dataset depth probe; not independent N.","TAX-Q1R019","locked_unseen_similar",2,0.1,3,"upper_tail",500,500,"0.1|3|upper_tail","endogenous",3,500,500,"mom_k10",5.46341865,8.72613874999999,NA,500,50,50,258,2542,"V5_audit_ready",TRUE,"Pre-registered empirical profile gate: bounded/proportion by hint/domain; zero-inflated/count by hint/domain; normal_like when abs(skew)<=0.50 and excess_kurtosis<=1.00; heavy_tail_symmetric when abs(skew)<=1.00 and excess_kurtosis>3.00; lognormal_like when skew>1.00 with positive support; weibull_like when skew>0.50 with positive support; otherwise empirical_unknown.","profile_preregistered",TRUE,"paired bootstrap aligned to the same reported gain statistic",TRUE,"Benjamini-Hochberg FDR is computed at dataset level on external_dataset_level_decisions.csv for primary eligible in-regime rows only. Primary alpha=0.05; secondary sensitivity alpha=0.1.","01_results_basic contains compact final results; 02_reports contains generated report files; 03_audit_ready contains full provenance, decisions, oracle audit, and split CSVs; 98_discarded_nonfinal is reserved for obsolete or nonfinal byproducts; 99_recovery_logs contains downloads, checkpoints, temporary recovery outputs, and logs.",0.005,10,TRUE,TRUE
"RD_psych_bfi_auto__depth_bootstrap_full","RD_psych_bfi_auto","rdatasets_psych","https://vincentarelbundock.github.io/Rdatasets/csv/psych/bfi.csv","2026-06-16 15:52:34 -0400",NA,NA,"inline_depth_probe","__auto_numeric__","raw","auto_numeric_column; rdatasets_rows=2800; rdatasets_n_numeric=28; depth_probe=bootstrap_full","empirical_public",2800,1.04973248974259,0.783921404024825,"strictly_positive",28.7575,TRUE,NA,"Rdatasets public catalog: psych bfi - 25 Personality items representing 5 factors ; doc=https://vincentarelbundock.github.io/Rdatasets/doc/psych/bfi.html V5 secondary within-dataset depth probe; not independent N.","TAX-Q1R019","locked_unseen_similar",3,0.1,3,"upper_tail",1000,1000,"0.1|3|upper_tail","endogenous",3,500,500,"mom_k10",5.67848785,7.88205625000001,NA,500,100,100,258,2542,"V5_audit_ready",TRUE,"Pre-registered empirical profile gate: bounded/proportion by hint/domain; zero-inflated/count by hint/domain; normal_like when abs(skew)<=0.50 and excess_kurtosis<=1.00; heavy_tail_symmetric when abs(skew)<=1.00 and excess_kurtosis>3.00; lognormal_like when skew>1.00 with positive support; weibull_like when skew>0.50 with positive support; otherwise empirical_unknown.","profile_preregistered",TRUE,"paired bootstrap aligned to the same reported gain statistic",TRUE,"Benjamini-Hochberg FDR is computed at dataset level on external_dataset_level_decisions.csv for primary eligible in-regime rows only. Primary alpha=0.05; secondary sensitivity alpha=0.1.","01_results_basic contains compact final results; 02_reports contains generated report files; 03_audit_ready contains full provenance, decisions, oracle audit, and split CSVs; 98_discarded_nonfinal is reserved for obsolete or nonfinal byproducts; 99_recovery_logs contains downloads, checkpoints, temporary recovery outputs, and logs.",0.005,10,TRUE,TRUE
"RD_psych_bfi_auto__depth_bootstrap_full","RD_psych_bfi_auto","rdatasets_psych","https://vincentarelbundock.github.io/Rdatasets/csv/psych/bfi.csv","2026-06-16 15:52:34 -0400",NA,NA,"inline_depth_probe","__auto_numeric__","raw","auto_numeric_column; rdatasets_rows=2800; rdatasets_n_numeric=28; depth_probe=bootstrap_full","empirical_public",2800,1.04973248974259,0.783921404024825,"strictly_positive",28.7575,TRUE,NA,"Rdatasets public catalog: psych bfi - 25 Personality items representing 5 factors ; doc=https://vincentarelbundock.github.io/Rdatasets/doc/psych/bfi.html V5 secondary within-dataset depth probe; not independent N.","TAX-Q1R019","locked_unseen_similar",1,0.1,3,"upper_tail",300,300,"0.1|3|upper_tail","endogenous",3,500,500,"mom_k20",5.47928925,9.55325069444446,NA,500,30,30,258,2542,"V5_audit_ready",TRUE,"Pre-registered empirical profile gate: bounded/proportion by hint/domain; zero-inflated/count by hint/domain; normal_like when abs(skew)<=0.50 and excess_kurtosis<=1.00; heavy_tail_symmetric when abs(skew)<=1.00 and excess_kurtosis>3.00; lognormal_like when skew>1.00 with positive support; weibull_like when skew>0.50 with positive support; otherwise empirical_unknown.","profile_preregistered",TRUE,"paired bootstrap aligned to the same reported gain statistic",TRUE,"Benjamini-Hochberg FDR is computed at dataset level on external_dataset_level_decisions.csv for primary eligible in-regime rows only. Primary alpha=0.05; secondary sensitivity alpha=0.1.","01_results_basic contains compact final results; 02_reports contains generated report files; 03_audit_ready contains full provenance, decisions, oracle audit, and split CSVs; 98_discarded_nonfinal is reserved for obsolete or nonfinal byproducts; 99_recovery_logs contains downloads, checkpoints, temporary recovery outputs, and logs.",0.005,10,TRUE,TRUE
"RD_psych_bfi_auto__depth_bootstrap_full","RD_psych_bfi_auto","rdatasets_psych","https://vincentarelbundock.github.io/Rdatasets/csv/psych/bfi.csv","2026-06-16 15:52:34 -0400",NA,NA,"inline_depth_probe","__auto_numeric__","raw","auto_numeric_column; rdatasets_rows=2800; rdatasets_n_numeric=28; depth_probe=bootstrap_full","empirical_public",2800,1.04973248974259,0.783921404024825,"strictly_positive",28.7575,TRUE,NA,"Rdatasets public catalog: psych bfi - 25 Personality items representing 5 factors ; doc=https://vincentarelbundock.github.io/Rdatasets/doc/psych/bfi.html V5 secondary within-dataset depth probe; not independent N.","TAX-Q1R019","locked_unseen_similar",2,0.1,3,"upper_tail",500,500,"0.1|3|upper_tail","endogenous",3,500,500,"mom_k20",5.28781025,8.66455624999999,NA,500,50,50,258,2542,"V5_audit_ready",TRUE,"Pre-registered empirical profile gate: bounded/proportion by hint/domain; zero-inflated/count by hint/domain; normal_like when abs(skew)<=0.50 and excess_kurtosis<=1.00; heavy_tail_symmetric when abs(skew)<=1.00 and excess_kurtosis>3.00; lognormal_like when skew>1.00 with positive support; weibull_like when skew>0.50 with positive support; otherwise empirical_unknown.","profile_preregistered",TRUE,"paired bootstrap aligned to the same reported gain statistic",TRUE,"Benjamini-Hochberg FDR is computed at dataset level on external_dataset_level_decisions.csv for primary eligible in-regime rows only. Primary alpha=0.05; secondary sensitivity alpha=0.1.","01_results_basic contains compact final results; 02_reports contains generated report files; 03_audit_ready contains full provenance, decisions, oracle audit, and split CSVs; 98_discarded_nonfinal is reserved for obsolete or nonfinal byproducts; 99_recovery_logs contains downloads, checkpoints, temporary recovery outputs, and logs.",0.005,10,TRUE,TRUE
"RD_psych_bfi_auto__depth_bootstrap_full","RD_psych_bfi_auto","rdatasets_psych","https://vincentarelbundock.github.io/Rdatasets/csv/psych/bfi.csv","2026-06-16 15:52:34 -0400",NA,NA,"inline_depth_probe","__auto_numeric__","raw","auto_numeric_column; rdatasets_rows=2800; rdatasets_n_numeric=28; depth_probe=bootstrap_full","empirical_public",2800,1.04973248974259,0.783921404024825,"strictly_positive",28.7575,TRUE,NA,"Rdatasets public catalog: psych bfi - 25 Personality items representing 5 factors ; doc=https://vincentarelbundock.github.io/Rdatasets/doc/psych/bfi.html V5 secondary within-dataset depth probe; not independent N.","TAX-Q1R019","locked_unseen_similar",3,0.1,3,"upper_tail",1000,1000,"0.1|3|upper_tail","endogenous",3,500,500,"mom_k20",5.53196735,7.71450625,NA,500,100,100,258,2542,"V5_audit_ready",TRUE,"Pre-registered empirical profile gate: bounded/proportion by hint/domain; zero-inflated/count by hint/domain; normal_like when abs(skew)<=0.50 and excess_kurtosis<=1.00; heavy_tail_symmetric when abs(skew)<=1.00 and excess_kurtosis>3.00; lognormal_like when skew>1.00 with positive support; weibull_like when skew>0.50 with positive support; otherwise empirical_unknown.","profile_preregistered",TRUE,"paired bootstrap aligned to the same reported gain statistic",TRUE,"Benjamini-Hochberg FDR is computed at dataset level on external_dataset_level_decisions.csv for primary eligible in-regime rows only. Primary alpha=0.05; secondary sensitivity alpha=0.1.","01_results_basic contains compact final results; 02_reports contains generated report files; 03_audit_ready contains full provenance, decisions, oracle audit, and split CSVs; 98_discarded_nonfinal is reserved for obsolete or nonfinal byproducts; 99_recovery_logs contains downloads, checkpoints, temporary recovery outputs, and logs.",0.005,10,TRUE,TRUE
"RD_psych_bfi_auto__depth_bootstrap_full","RD_psych_bfi_auto","rdatasets_psych","https://vincentarelbundock.github.io/Rdatasets/csv/psych/bfi.csv","2026-06-16 15:52:34 -0400",NA,NA,"inline_depth_probe","__auto_numeric__","raw","auto_numeric_column; rdatasets_rows=2800; rdatasets_n_numeric=28; depth_probe=bootstrap_full","empirical_public",2800,1.04973248974259,0.783921404024825,"strictly_positive",28.7575,TRUE,NA,"Rdatasets public catalog: psych bfi - 25 Personality items representing 5 factors ; doc=https://vincentarelbundock.github.io/Rdatasets/doc/psych/bfi.html V5 secondary within-dataset depth probe; not independent N.","TAX-Q1R019","locked_unseen_similar",1,0.1,3,"upper_tail",300,300,"0.1|3|upper_tail","endogenous",3,500,500,"mom_k5",5.14179475,9.34830625000001,NA,500,30,30,258,2542,"V5_audit_ready",TRUE,"Pre-registered empirical profile gate: bounded/proportion by hint/domain; zero-inflated/count by hint/domain; normal_like when abs(skew)<=0.50 and excess_kurtosis<=1.00; heavy_tail_symmetric when abs(skew)<=1.00 and excess_kurtosis>3.00; lognormal_like when skew>1.00 with positive support; weibull_like when skew>0.50 with positive support; otherwise empirical_unknown.","profile_preregistered",TRUE,"paired bootstrap aligned to the same reported gain statistic",TRUE,"Benjamini-Hochberg FDR is computed at dataset level on external_dataset_level_decisions.csv for primary eligible in-regime rows only. Primary alpha=0.05; secondary sensitivity alpha=0.1.","01_results_basic contains compact final results; 02_reports contains generated report files; 03_audit_ready contains full provenance, decisions, oracle audit, and split CSVs; 98_discarded_nonfinal is reserved for obsolete or nonfinal byproducts; 99_recovery_logs contains downloads, checkpoints, temporary recovery outputs, and logs.",0.005,10,TRUE,TRUE
"RD_psych_bfi_auto__depth_bootstrap_full","RD_psych_bfi_auto","rdatasets_psych","https://vincentarelbundock.github.io/Rdatasets/csv/psych/bfi.csv","2026-06-16 15:52:34 -0400",NA,NA,"inline_depth_probe","__auto_numeric__","raw","auto_numeric_column; rdatasets_rows=2800; rdatasets_n_numeric=28; depth_probe=bootstrap_full","empirical_public",2800,1.04973248974259,0.783921404024825,"strictly_positive",28.7575,TRUE,NA,"Rdatasets public catalog: psych bfi - 25 Personality items representing 5 factors ; doc=https://vincentarelbundock.github.io/Rdatasets/doc/psych/bfi.html V5 secondary within-dataset depth probe; not independent N.","TAX-Q1R019","locked_unseen_similar",2,0.1,3,"upper_tail",500,500,"0.1|3|upper_tail","endogenous",3,500,500,"mom_k5",5.15453545,8.72613875,NA,500,50,50,258,2542,"V5_audit_ready",TRUE,"Pre-registered empirical profile gate: bounded/proportion by hint/domain; zero-inflated/count by hint/domain; normal_like when abs(skew)<=0.50 and excess_kurtosis<=1.00; heavy_tail_symmetric when abs(skew)<=1.00 and excess_kurtosis>3.00; lognormal_like when skew>1.00 with positive support; weibull_like when skew>0.50 with positive support; otherwise empirical_unknown.","profile_preregistered",TRUE,"paired bootstrap aligned to the same reported gain statistic",TRUE,"Benjamini-Hochberg FDR is computed at dataset level on external_dataset_level_decisions.csv for primary eligible in-regime rows only. Primary alpha=0.05; secondary sensitivity alpha=0.1.","01_results_basic contains compact final results; 02_reports contains generated report files; 03_audit_ready contains full provenance, decisions, oracle audit, and split CSVs; 98_discarded_nonfinal is reserved for obsolete or nonfinal byproducts; 99_recovery_logs contains downloads, checkpoints, temporary recovery outputs, and logs.",0.005,10,TRUE,TRUE
"RD_psych_bfi_auto__depth_bootstrap_full","RD_psych_bfi_auto","rdatasets_psych","https://vincentarelbundock.github.io/Rdatasets/csv/psych/bfi.csv","2026-06-16 15:52:34 -0400",NA,NA,"inline_depth_probe","__auto_numeric__","raw","auto_numeric_column; rdatasets_rows=2800; rdatasets_n_numeric=28; depth_probe=bootstrap_full","empirical_public",2800,1.04973248974259,0.783921404024825,"strictly_positive",28.7575,TRUE,NA,"Rdatasets public catalog: psych bfi - 25 Personality items representing 5 factors ; doc=https://vincentarelbundock.github.io/Rdatasets/doc/psych/bfi.html V5 secondary within-dataset depth probe; not independent N.","TAX-Q1R019","locked_unseen_similar",3,0.1,3,"upper_tail",1000,1000,"0.1|3|upper_tail","endogenous",3,500,500,"mom_k5",5.41818145,7.70479375,NA,500,100,100,258,2542,"V5_audit_ready",TRUE,"Pre-registered empirical profile gate: bounded/proportion by hint/domain; zero-inflated/count by hint/domain; normal_like when abs(skew)<=0.50 and excess_kurtosis<=1.00; heavy_tail_symmetric when abs(skew)<=1.00 and excess_kurtosis>3.00; lognormal_like when skew>1.00 with positive support; weibull_like when skew>0.50 with positive support; otherwise empirical_unknown.","profile_preregistered",TRUE,"paired bootstrap aligned to the same reported gain statistic",TRUE,"Benjamini-Hochberg FDR is computed at dataset level on external_dataset_level_decisions.csv for primary eligible in-regime rows only. Primary alpha=0.05; secondary sensitivity alpha=0.1.","01_results_basic contains compact final results; 02_reports contains generated report files; 03_audit_ready contains full provenance, decisions, oracle audit, and split CSVs; 98_discarded_nonfinal is reserved for obsolete or nonfinal byproducts; 99_recovery_logs contains downloads, checkpoints, temporary recovery outputs, and logs.",0.005,10,TRUE,TRUE
"RD_psych_bfi_auto__depth_bootstrap_full","RD_psych_bfi_auto","rdatasets_psych","https://vincentarelbundock.github.io/Rdatasets/csv/psych/bfi.csv","2026-06-16 15:52:34 -0400",NA,NA,"inline_depth_probe","__auto_numeric__","raw","auto_numeric_column; rdatasets_rows=2800; rdatasets_n_numeric=28; depth_probe=bootstrap_full","empirical_public",2800,1.04973248974259,0.783921404024825,"strictly_positive",28.7575,TRUE,NA,"Rdatasets public catalog: psych bfi - 25 Personality items representing 5 factors ; doc=https://vincentarelbundock.github.io/Rdatasets/doc/psych/bfi.html V5 secondary within-dataset depth probe; not independent N.","TAX-Q1R019","locked_unseen_similar",1,0.1,3,"upper_tail",300,300,"0.1|3|upper_tail","endogenous",3,500,500,"trimean",3.98412086805555,7.60380625,NA,500,30,30,258,2542,"V5_audit_ready",TRUE,"Pre-registered empirical profile gate: bounded/proportion by hint/domain; zero-inflated/count by hint/domain; normal_like when abs(skew)<=0.50 and excess_kurtosis<=1.00; heavy_tail_symmetric when abs(skew)<=1.00 and excess_kurtosis>3.00; lognormal_like when skew>1.00 with positive support; weibull_like when skew>0.50 with positive support; otherwise empirical_unknown.","profile_preregistered",TRUE,"paired bootstrap aligned to the same reported gain statistic",TRUE,"Benjamini-Hochberg FDR is computed at dataset level on external_dataset_level_decisions.csv for primary eligible in-regime rows only. Primary alpha=0.05; secondary sensitivity alpha=0.1.","01_results_basic contains compact final results; 02_reports contains generated report files; 03_audit_ready contains full provenance, decisions, oracle audit, and split CSVs; 98_discarded_nonfinal is reserved for obsolete or nonfinal byproducts; 99_recovery_logs contains downloads, checkpoints, temporary recovery outputs, and logs.",0.005,10,TRUE,TRUE
"RD_psych_bfi_auto__depth_bootstrap_full","RD_psych_bfi_auto","rdatasets_psych","https://vincentarelbundock.github.io/Rdatasets/csv/psych/bfi.csv","2026-06-16 15:52:34 -0400",NA,NA,"inline_depth_probe","__auto_numeric__","raw","auto_numeric_column; rdatasets_rows=2800; rdatasets_n_numeric=28; depth_probe=bootstrap_full","empirical_public",2800,1.04973248974259,0.783921404024825,"strictly_positive",28.7575,TRUE,NA,"Rdatasets public catalog: psych bfi - 25 Personality items representing 5 factors ; doc=https://vincentarelbundock.github.io/Rdatasets/doc/psych/bfi.html V5 secondary within-dataset depth probe; not independent N.","TAX-Q1R019","locked_unseen_similar",2,0.1,3,"upper_tail",500,500,"0.1|3|upper_tail","endogenous",3,500,500,"trimean",3.94196850694444,7.60380625,NA,500,50,50,258,2542,"V5_audit_ready",TRUE,"Pre-registered empirical profile gate: bounded/proportion by hint/domain; zero-inflated/count by hint/domain; normal_like when abs(skew)<=0.50 and excess_kurtosis<=1.00; heavy_tail_symmetric when abs(skew)<=1.00 and excess_kurtosis>3.00; lognormal_like when skew>1.00 with positive support; weibull_like when skew>0.50 with positive support; otherwise empirical_unknown.","profile_preregistered",TRUE,"paired bootstrap aligned to the same reported gain statistic",TRUE,"Benjamini-Hochberg FDR is computed at dataset level on external_dataset_level_decisions.csv for primary eligible in-regime rows only. Primary alpha=0.05; secondary sensitivity alpha=0.1.","01_results_basic contains compact final results; 02_reports contains generated report files; 03_audit_ready contains full provenance, decisions, oracle audit, and split CSVs; 98_discarded_nonfinal is reserved for obsolete or nonfinal byproducts; 99_recovery_logs contains downloads, checkpoints, temporary recovery outputs, and logs.",0.005,10,TRUE,TRUE
"RD_psych_bfi_auto__depth_bootstrap_full","RD_psych_bfi_auto","rdatasets_psych","https://vincentarelbundock.github.io/Rdatasets/csv/psych/bfi.csv","2026-06-16 15:52:34 -0400",NA,NA,"inline_depth_probe","__auto_numeric__","raw","auto_numeric_column; rdatasets_rows=2800; rdatasets_n_numeric=28; depth_probe=bootstrap_full","empirical_public",2800,1.04973248974259,0.783921404024825,"strictly_positive",28.7575,TRUE,NA,"Rdatasets public catalog: psych bfi - 25 Personality items representing 5 factors ; doc=https://vincentarelbundock.github.io/Rdatasets/doc/psych/bfi.html V5 secondary within-dataset depth probe; not independent N.","TAX-Q1R019","locked_unseen_similar",3,0.1,3,"upper_tail",1000,1000,"0.1|3|upper_tail","endogenous",3,500,500,"trimean",3.88600079861111,6.28755625,NA,500,100,100,258,2542,"V5_audit_ready",TRUE,"Pre-registered empirical profile gate: bounded/proportion by hint/domain; zero-inflated/count by hint/domain; normal_like when abs(skew)<=0.50 and excess_kurtosis<=1.00; heavy_tail_symmetric when abs(skew)<=1.00 and excess_kurtosis>3.00; lognormal_like when skew>1.00 with positive support; weibull_like when skew>0.50 with positive support; otherwise empirical_unknown.","profile_preregistered",TRUE,"paired bootstrap aligned to the same reported gain statistic",TRUE,"Benjamini-Hochberg FDR is computed at dataset level on external_dataset_level_decisions.csv for primary eligible in-regime rows only. Primary alpha=0.05; secondary sensitivity alpha=0.1.","01_results_basic contains compact final results; 02_reports contains generated report files; 03_audit_ready contains full provenance, decisions, oracle audit, and split CSVs; 98_discarded_nonfinal is reserved for obsolete or nonfinal byproducts; 99_recovery_logs contains downloads, checkpoints, temporary recovery outputs, and logs.",0.005,10,TRUE,TRUE
"RD_psych_bfi_auto__depth_bootstrap_full","RD_psych_bfi_auto","rdatasets_psych","https://vincentarelbundock.github.io/Rdatasets/csv/psych/bfi.csv","2026-06-16 15:52:34 -0400",NA,NA,"inline_depth_probe","__auto_numeric__","raw","auto_numeric_column; rdatasets_rows=2800; rdatasets_n_numeric=28; depth_probe=bootstrap_full","empirical_public",2800,1.04973248974259,0.783921404024825,"strictly_positive",28.7575,TRUE,NA,"Rdatasets public catalog: psych bfi - 25 Personality items representing 5 factors ; doc=https://vincentarelbundock.github.io/Rdatasets/doc/psych/bfi.html V5 secondary within-dataset depth probe; not independent N.","TAX-Q1R019","locked_unseen_similar",1,0.1,3,"upper_tail",300,300,"0.1|3|upper_tail","endogenous",3,500,500,"trimmed20",4.35851397839506,8.0908712191358,NA,500,30,30,258,2542,"V5_audit_ready",TRUE,"Pre-registered empirical profile gate: bounded/proportion by hint/domain; zero-inflated/count by hint/domain; normal_like when abs(skew)<=0.50 and excess_kurtosis<=1.00; heavy_tail_symmetric when abs(skew)<=1.00 and excess_kurtosis>3.00; lognormal_like when skew>1.00 with positive support; weibull_like when skew>0.50 with positive support; otherwise empirical_unknown.","profile_preregistered",TRUE,"paired bootstrap aligned to the same reported gain statistic",TRUE,"Benjamini-Hochberg FDR is computed at dataset level on external_dataset_level_decisions.csv for primary eligible in-regime rows only. Primary alpha=0.05; secondary sensitivity alpha=0.1.","01_results_basic contains compact final results; 02_reports contains generated report files; 03_audit_ready contains full provenance, decisions, oracle audit, and split CSVs; 98_discarded_nonfinal is reserved for obsolete or nonfinal byproducts; 99_recovery_logs contains downloads, checkpoints, temporary recovery outputs, and logs.",0.005,10,TRUE,TRUE
"RD_psych_bfi_auto__depth_bootstrap_full","RD_psych_bfi_auto","rdatasets_psych","https://vincentarelbundock.github.io/Rdatasets/csv/psych/bfi.csv","2026-06-16 15:52:34 -0400",NA,NA,"inline_depth_probe","__auto_numeric__","raw","auto_numeric_column; rdatasets_rows=2800; rdatasets_n_numeric=28; depth_probe=bootstrap_full","empirical_public",2800,1.04973248974259,0.783921404024825,"strictly_positive",28.7575,TRUE,NA,"Rdatasets public catalog: psych bfi - 25 Personality items representing 5 factors ; doc=https://vincentarelbundock.github.io/Rdatasets/doc/psych/bfi.html V5 secondary within-dataset depth probe; not independent N.","TAX-Q1R019","locked_unseen_similar",2,0.1,3,"upper_tail",500,500,"0.1|3|upper_tail","endogenous",3,500,500,"trimmed20",4.19679581666667,7.05610930555555,NA,500,50,50,258,2542,"V5_audit_ready",TRUE,"Pre-registered empirical profile gate: bounded/proportion by hint/domain; zero-inflated/count by hint/domain; normal_like when abs(skew)<=0.50 and excess_kurtosis<=1.00; heavy_tail_symmetric when abs(skew)<=1.00 and excess_kurtosis>3.00; lognormal_like when skew>1.00 with positive support; weibull_like when skew>0.50 with positive support; otherwise empirical_unknown.","profile_preregistered",TRUE,"paired bootstrap aligned to the same reported gain statistic",TRUE,"Benjamini-Hochberg FDR is computed at dataset level on external_dataset_level_decisions.csv for primary eligible in-regime rows only. Primary alpha=0.05; secondary sensitivity alpha=0.1.","01_results_basic contains compact final results; 02_reports contains generated report files; 03_audit_ready contains full provenance, decisions, oracle audit, and split CSVs; 98_discarded_nonfinal is reserved for obsolete or nonfinal byproducts; 99_recovery_logs contains downloads, checkpoints, temporary recovery outputs, and logs.",0.005,10,TRUE,TRUE
"RD_psych_bfi_auto__depth_bootstrap_full","RD_psych_bfi_auto","rdatasets_psych","https://vincentarelbundock.github.io/Rdatasets/csv/psych/bfi.csv","2026-06-16 15:52:34 -0400",NA,NA,"inline_depth_probe","__auto_numeric__","raw","auto_numeric_column; rdatasets_rows=2800; rdatasets_n_numeric=28; depth_probe=bootstrap_full","empirical_public",2800,1.04973248974259,0.783921404024825,"strictly_positive",28.7575,TRUE,NA,"Rdatasets public catalog: psych bfi - 25 Personality items representing 5 factors ; doc=https://vincentarelbundock.github.io/Rdatasets/doc/psych/bfi.html V5 secondary within-dataset depth probe; not independent N.","TAX-Q1R019","locked_unseen_similar",3,0.1,3,"upper_tail",1000,1000,"0.1|3|upper_tail","endogenous",3,500,500,"trimmed20",4.14263427222222,6.00903763888889,NA,500,100,100,258,2542,"V5_audit_ready",TRUE,"Pre-registered empirical profile gate: bounded/proportion by hint/domain; zero-inflated/count by hint/domain; normal_like when abs(skew)<=0.50 and excess_kurtosis<=1.00; heavy_tail_symmetric when abs(skew)<=1.00 and excess_kurtosis>3.00; lognormal_like when skew>1.00 with positive support; weibull_like when skew>0.50 with positive support; otherwise empirical_unknown.","profile_preregistered",TRUE,"paired bootstrap aligned to the same reported gain statistic",TRUE,"Benjamini-Hochberg FDR is computed at dataset level on external_dataset_level_decisions.csv for primary eligible in-regime rows only. Primary alpha=0.05; secondary sensitivity alpha=0.1.","01_results_basic contains compact final results; 02_reports contains generated report files; 03_audit_ready contains full provenance, decisions, oracle audit, and split CSVs; 98_discarded_nonfinal is reserved for obsolete or nonfinal byproducts; 99_recovery_logs contains downloads, checkpoints, temporary recovery outputs, and logs.",0.005,10,TRUE,TRUE
"RD_psych_bfi_auto__depth_bootstrap_full","RD_psych_bfi_auto","rdatasets_psych","https://vincentarelbundock.github.io/Rdatasets/csv/psych/bfi.csv","2026-06-16 15:52:34 -0400",NA,NA,"inline_depth_probe","__auto_numeric__","raw","auto_numeric_column; rdatasets_rows=2800; rdatasets_n_numeric=28; depth_probe=bootstrap_full","empirical_public",2800,1.04973248974259,0.783921404024825,"strictly_positive",28.7575,TRUE,NA,"Rdatasets public catalog: psych bfi - 25 Personality items representing 5 factors ; doc=https://vincentarelbundock.github.io/Rdatasets/doc/psych/bfi.html V5 secondary within-dataset depth probe; not independent N.","TAX-Q1R019","locked_unseen_similar",1,0.1,3,"upper_tail",300,300,"0.1|3|upper_tail","endogenous",3,500,500,"winsorized_0.05",0.153523373611111,0.606976527777779,NA,500,30,30,258,2542,"V5_audit_ready",TRUE,"Pre-registered empirical profile gate: bounded/proportion by hint/domain; zero-inflated/count by hint/domain; normal_like when abs(skew)<=0.50 and excess_kurtosis<=1.00; heavy_tail_symmetric when abs(skew)<=1.00 and excess_kurtosis>3.00; lognormal_like when skew>1.00 with positive support; weibull_like when skew>0.50 with positive support; otherwise empirical_unknown.","profile_preregistered",TRUE,"paired bootstrap aligned to the same reported gain statistic",TRUE,"Benjamini-Hochberg FDR is computed at dataset level on external_dataset_level_decisions.csv for primary eligible in-regime rows only. Primary alpha=0.05; secondary sensitivity alpha=0.1.","01_results_basic contains compact final results; 02_reports contains generated report files; 03_audit_ready contains full provenance, decisions, oracle audit, and split CSVs; 98_discarded_nonfinal is reserved for obsolete or nonfinal byproducts; 99_recovery_logs contains downloads, checkpoints, temporary recovery outputs, and logs.",0.005,10,TRUE,TRUE
"RD_psych_bfi_auto__depth_bootstrap_full","RD_psych_bfi_auto","rdatasets_psych","https://vincentarelbundock.github.io/Rdatasets/csv/psych/bfi.csv","2026-06-16 15:52:34 -0400",NA,NA,"inline_depth_probe","__auto_numeric__","raw","auto_numeric_column; rdatasets_rows=2800; rdatasets_n_numeric=28; depth_probe=bootstrap_full","empirical_public",2800,1.04973248974259,0.783921404024825,"strictly_positive",28.7575,TRUE,NA,"Rdatasets public catalog: psych bfi - 25 Personality items representing 5 factors ; doc=https://vincentarelbundock.github.io/Rdatasets/doc/psych/bfi.html V5 secondary within-dataset depth probe; not independent N.","TAX-Q1R019","locked_unseen_similar",2,0.1,3,"upper_tail",500,500,"0.1|3|upper_tail","endogenous",3,500,500,"winsorized_0.05",0.0968386744999998,0.346714937499999,NA,500,50,50,258,2542,"V5_audit_ready",TRUE,"Pre-registered empirical profile gate: bounded/proportion by hint/domain; zero-inflated/count by hint/domain; normal_like when abs(skew)<=0.50 and excess_kurtosis<=1.00; heavy_tail_symmetric when abs(skew)<=1.00 and excess_kurtosis>3.00; lognormal_like when skew>1.00 with positive support; weibull_like when skew>0.50 with positive support; otherwise empirical_unknown.","profile_preregistered",TRUE,"paired bootstrap aligned to the same reported gain statistic",TRUE,"Benjamini-Hochberg FDR is computed at dataset level on external_dataset_level_decisions.csv for primary eligible in-regime rows only. Primary alpha=0.05; secondary sensitivity alpha=0.1.","01_results_basic contains compact final results; 02_reports contains generated report files; 03_audit_ready contains full provenance, decisions, oracle audit, and split CSVs; 98_discarded_nonfinal is reserved for obsolete or nonfinal byproducts; 99_recovery_logs contains downloads, checkpoints, temporary recovery outputs, and logs.",0.005,10,TRUE,TRUE
"RD_psych_bfi_auto__depth_bootstrap_full","RD_psych_bfi_auto","rdatasets_psych","https://vincentarelbundock.github.io/Rdatasets/csv/psych/bfi.csv","2026-06-16 15:52:34 -0400",NA,NA,"inline_depth_probe","__auto_numeric__","raw","auto_numeric_column; rdatasets_rows=2800; rdatasets_n_numeric=28; depth_probe=bootstrap_full","empirical_public",2800,1.04973248974259,0.783921404024825,"strictly_positive",28.7575,TRUE,NA,"Rdatasets public catalog: psych bfi - 25 Personality items representing 5 factors ; doc=https://vincentarelbundock.github.io/Rdatasets/doc/psych/bfi.html V5 secondary within-dataset depth probe; not independent N.","TAX-Q1R019","locked_unseen_similar",3,0.1,3,"upper_tail",1000,1000,"0.1|3|upper_tail","endogenous",3,500,500,"winsorized_0.05",0.0445962435,0.167690250000001,NA,500,100,100,258,2542,"V5_audit_ready",TRUE,"Pre-registered empirical profile gate: bounded/proportion by hint/domain; zero-inflated/count by hint/domain; normal_like when abs(skew)<=0.50 and excess_kurtosis<=1.00; heavy_tail_symmetric when abs(skew)<=1.00 and excess_kurtosis>3.00; lognormal_like when skew>1.00 with positive support; weibull_like when skew>0.50 with positive support; otherwise empirical_unknown.","profile_preregistered",TRUE,"paired bootstrap aligned to the same reported gain statistic",TRUE,"Benjamini-Hochberg FDR is computed at dataset level on external_dataset_level_decisions.csv for primary eligible in-regime rows only. Primary alpha=0.05; secondary sensitivity alpha=0.1.","01_results_basic contains compact final results; 02_reports contains generated report files; 03_audit_ready contains full provenance, decisions, oracle audit, and split CSVs; 98_discarded_nonfinal is reserved for obsolete or nonfinal byproducts; 99_recovery_logs contains downloads, checkpoints, temporary recovery outputs, and logs.",0.005,10,TRUE,TRUE
"RD_psych_bfi_auto__depth_bootstrap_full","RD_psych_bfi_auto","rdatasets_psych","https://vincentarelbundock.github.io/Rdatasets/csv/psych/bfi.csv","2026-06-16 15:52:34 -0400",NA,NA,"inline_depth_probe","__auto_numeric__","raw","auto_numeric_column; rdatasets_rows=2800; rdatasets_n_numeric=28; depth_probe=bootstrap_full","empirical_public",2800,1.04973248974259,0.783921404024825,"strictly_positive",28.7575,TRUE,NA,"Rdatasets public catalog: psych bfi - 25 Personality items representing 5 factors ; doc=https://vincentarelbundock.github.io/Rdatasets/doc/psych/bfi.html V5 secondary within-dataset depth probe; not independent N.","TAX-Q1R019","locked_unseen_similar",1,0.1,3,"upper_tail",300,300,"0.1|3|upper_tail","endogenous",3,500,500,"winsorized_0.1",0.204088572222219,0.729600694444434,NA,500,30,30,258,2542,"V5_audit_ready",TRUE,"Pre-registered empirical profile gate: bounded/proportion by hint/domain; zero-inflated/count by hint/domain; normal_like when abs(skew)<=0.50 and excess_kurtosis<=1.00; heavy_tail_symmetric when abs(skew)<=1.00 and excess_kurtosis>3.00; lognormal_like when skew>1.00 with positive support; weibull_like when skew>0.50 with positive support; otherwise empirical_unknown.","profile_preregistered",TRUE,"paired bootstrap aligned to the same reported gain statistic",TRUE,"Benjamini-Hochberg FDR is computed at dataset level on external_dataset_level_decisions.csv for primary eligible in-regime rows only. Primary alpha=0.05; secondary sensitivity alpha=0.1.","01_results_basic contains compact final results; 02_reports contains generated report files; 03_audit_ready contains full provenance, decisions, oracle audit, and split CSVs; 98_discarded_nonfinal is reserved for obsolete or nonfinal byproducts; 99_recovery_logs contains downloads, checkpoints, temporary recovery outputs, and logs.",0.005,10,TRUE,TRUE
"RD_psych_bfi_auto__depth_bootstrap_full","RD_psych_bfi_auto","rdatasets_psych","https://vincentarelbundock.github.io/Rdatasets/csv/psych/bfi.csv","2026-06-16 15:52:34 -0400",NA,NA,"inline_depth_probe","__auto_numeric__","raw","auto_numeric_column; rdatasets_rows=2800; rdatasets_n_numeric=28; depth_probe=bootstrap_full","empirical_public",2800,1.04973248974259,0.783921404024825,"strictly_positive",28.7575,TRUE,NA,"Rdatasets public catalog: psych bfi - 25 Personality items representing 5 factors ; doc=https://vincentarelbundock.github.io/Rdatasets/doc/psych/bfi.html V5 secondary within-dataset depth probe; not independent N.","TAX-Q1R019","locked_unseen_similar",2,0.1,3,"upper_tail",500,500,"0.1|3|upper_tail","endogenous",3,500,500,"winsorized_0.1",0.141106759333331,0.549773727777772,NA,500,50,50,258,2542,"V5_audit_ready",TRUE,"Pre-registered empirical profile gate: bounded/proportion by hint/domain; zero-inflated/count by hint/domain; normal_like when abs(skew)<=0.50 and excess_kurtosis<=1.00; heavy_tail_symmetric when abs(skew)<=1.00 and excess_kurtosis>3.00; lognormal_like when skew>1.00 with positive support; weibull_like when skew>0.50 with positive support; otherwise empirical_unknown.","profile_preregistered",TRUE,"paired bootstrap aligned to the same reported gain statistic",TRUE,"Benjamini-Hochberg FDR is computed at dataset level on external_dataset_level_decisions.csv for primary eligible in-regime rows only. Primary alpha=0.05; secondary sensitivity alpha=0.1.","01_results_basic contains compact final results; 02_reports contains generated report files; 03_audit_ready contains full provenance, decisions, oracle audit, and split CSVs; 98_discarded_nonfinal is reserved for obsolete or nonfinal byproducts; 99_recovery_logs contains downloads, checkpoints, temporary recovery outputs, and logs.",0.005,10,TRUE,TRUE
"RD_psych_bfi_auto__depth_bootstrap_full","RD_psych_bfi_auto","rdatasets_psych","https://vincentarelbundock.github.io/Rdatasets/csv/psych/bfi.csv","2026-06-16 15:52:34 -0400",NA,NA,"inline_depth_probe","__auto_numeric__","raw","auto_numeric_column; rdatasets_rows=2800; rdatasets_n_numeric=28; depth_probe=bootstrap_full","empirical_public",2800,1.04973248974259,0.783921404024825,"strictly_positive",28.7575,TRUE,NA,"Rdatasets public catalog: psych bfi - 25 Personality items representing 5 factors ; doc=https://vincentarelbundock.github.io/Rdatasets/doc/psych/bfi.html V5 secondary within-dataset depth probe; not independent N.","TAX-Q1R019","locked_unseen_similar",3,0.1,3,"upper_tail",1000,1000,"0.1|3|upper_tail","endogenous",3,500,500,"winsorized_0.1",0.0922130980000005,0.345528661111111,NA,500,100,100,258,2542,"V5_audit_ready",TRUE,"Pre-registered empirical profile gate: bounded/proportion by hint/domain; zero-inflated/count by hint/domain; normal_like when abs(skew)<=0.50 and excess_kurtosis<=1.00; heavy_tail_symmetric when abs(skew)<=1.00 and excess_kurtosis>3.00; lognormal_like when skew>1.00 with positive support; weibull_like when skew>0.50 with positive support; otherwise empirical_unknown.","profile_preregistered",TRUE,"paired bootstrap aligned to the same reported gain statistic",TRUE,"Benjamini-Hochberg FDR is computed at dataset level on external_dataset_level_decisions.csv for primary eligible in-regime rows only. Primary alpha=0.05; secondary sensitivity alpha=0.1.","01_results_basic contains compact final results; 02_reports contains generated report files; 03_audit_ready contains full provenance, decisions, oracle audit, and split CSVs; 98_discarded_nonfinal is reserved for obsolete or nonfinal byproducts; 99_recovery_logs contains downloads, checkpoints, temporary recovery outputs, and logs.",0.005,10,TRUE,TRUE
"RD_psych_bfi_auto__depth_bootstrap_full","RD_psych_bfi_auto","rdatasets_psych","https://vincentarelbundock.github.io/Rdatasets/csv/psych/bfi.csv","2026-06-16 15:52:34 -0400",NA,NA,"inline_depth_probe","__auto_numeric__","raw","auto_numeric_column; rdatasets_rows=2800; rdatasets_n_numeric=28; depth_probe=bootstrap_full","empirical_public",2800,1.04973248974259,0.783921404024825,"strictly_positive",28.7575,TRUE,NA,"Rdatasets public catalog: psych bfi - 25 Personality items representing 5 factors ; doc=https://vincentarelbundock.github.io/Rdatasets/doc/psych/bfi.html V5 secondary within-dataset depth probe; not independent N.","TAX-Q1R019","locked_unseen_similar",1,0.1,3,"upper_tail",300,300,"0.1|3|upper_tail","endogenous",3,500,500,"winsorized_0.2",1.65293353888888,4.04345069444443,NA,500,30,30,258,2542,"V5_audit_ready",TRUE,"Pre-registered empirical profile gate: bounded/proportion by hint/domain; zero-inflated/count by hint/domain; normal_like when abs(skew)<=0.50 and excess_kurtosis<=1.00; heavy_tail_symmetric when abs(skew)<=1.00 and excess_kurtosis>3.00; lognormal_like when skew>1.00 with positive support; weibull_like when skew>0.50 with positive support; otherwise empirical_unknown.","profile_preregistered",TRUE,"paired bootstrap aligned to the same reported gain statistic",TRUE,"Benjamini-Hochberg FDR is computed at dataset level on external_dataset_level_decisions.csv for primary eligible in-regime rows only. Primary alpha=0.05; secondary sensitivity alpha=0.1.","01_results_basic contains compact final results; 02_reports contains generated report files; 03_audit_ready contains full provenance, decisions, oracle audit, and split CSVs; 98_discarded_nonfinal is reserved for obsolete or nonfinal byproducts; 99_recovery_logs contains downloads, checkpoints, temporary recovery outputs, and logs.",0.005,10,TRUE,TRUE
"RD_psych_bfi_auto__depth_bootstrap_full","RD_psych_bfi_auto","rdatasets_psych","https://vincentarelbundock.github.io/Rdatasets/csv/psych/bfi.csv","2026-06-16 15:52:34 -0400",NA,NA,"inline_depth_probe","__auto_numeric__","raw","auto_numeric_column; rdatasets_rows=2800; rdatasets_n_numeric=28; depth_probe=bootstrap_full","empirical_public",2800,1.04973248974259,0.783921404024825,"strictly_positive",28.7575,TRUE,NA,"Rdatasets public catalog: psych bfi - 25 Personality items representing 5 factors ; doc=https://vincentarelbundock.github.io/Rdatasets/doc/psych/bfi.html V5 secondary within-dataset depth probe; not independent N.","TAX-Q1R019","locked_unseen_similar",2,0.1,3,"upper_tail",500,500,"0.1|3|upper_tail","endogenous",3,500,500,"winsorized_0.2",1.48553991,3.17306244999999,NA,500,50,50,258,2542,"V5_audit_ready",TRUE,"Pre-registered empirical profile gate: bounded/proportion by hint/domain; zero-inflated/count by hint/domain; normal_like when abs(skew)<=0.50 and excess_kurtosis<=1.00; heavy_tail_symmetric when abs(skew)<=1.00 and excess_kurtosis>3.00; lognormal_like when skew>1.00 with positive support; weibull_like when skew>0.50 with positive support; otherwise empirical_unknown.","profile_preregistered",TRUE,"paired bootstrap aligned to the same reported gain statistic",TRUE,"Benjamini-Hochberg FDR is computed at dataset level on external_dataset_level_decisions.csv for primary eligible in-regime rows only. Primary alpha=0.05; secondary sensitivity alpha=0.1.","01_results_basic contains compact final results; 02_reports contains generated report files; 03_audit_ready contains full provenance, decisions, oracle audit, and split CSVs; 98_discarded_nonfinal is reserved for obsolete or nonfinal byproducts; 99_recovery_logs contains downloads, checkpoints, temporary recovery outputs, and logs.",0.005,10,TRUE,TRUE
"RD_psych_bfi_auto__depth_bootstrap_full","RD_psych_bfi_auto","rdatasets_psych","https://vincentarelbundock.github.io/Rdatasets/csv/psych/bfi.csv","2026-06-16 15:52:34 -0400",NA,NA,"inline_depth_probe","__auto_numeric__","raw","auto_numeric_column; rdatasets_rows=2800; rdatasets_n_numeric=28; depth_probe=bootstrap_full","empirical_public",2800,1.04973248974259,0.783921404024825,"strictly_positive",28.7575,TRUE,NA,"Rdatasets public catalog: psych bfi - 25 Personality items representing 5 factors ; doc=https://vincentarelbundock.github.io/Rdatasets/doc/psych/bfi.html V5 secondary within-dataset depth probe; not independent N.","TAX-Q1R019","locked_unseen_similar",3,0.1,3,"upper_tail",1000,1000,"0.1|3|upper_tail","endogenous",3,500,500,"winsorized_0.2",1.443726834,2.55921845,NA,500,100,100,258,2542,"V5_audit_ready",TRUE,"Pre-registered empirical profile gate: bounded/proportion by hint/domain; zero-inflated/count by hint/domain; normal_like when abs(skew)<=0.50 and excess_kurtosis<=1.00; heavy_tail_symmetric when abs(skew)<=1.00 and excess_kurtosis>3.00; lognormal_like when skew>1.00 with positive support; weibull_like when skew>0.50 with positive support; otherwise empirical_unknown.","profile_preregistered",TRUE,"paired bootstrap aligned to the same reported gain statistic",TRUE,"Benjamini-Hochberg FDR is computed at dataset level on external_dataset_level_decisions.csv for primary eligible in-regime rows only. Primary alpha=0.05; secondary sensitivity alpha=0.1.","01_results_basic contains compact final results; 02_reports contains generated report files; 03_audit_ready contains full provenance, decisions, oracle audit, and split CSVs; 98_discarded_nonfinal is reserved for obsolete or nonfinal byproducts; 99_recovery_logs contains downloads, checkpoints, temporary recovery outputs, and logs.",0.005,10,TRUE,TRUE
